function_id,name_for_btxt,n_inputs,t,literal_count,status,runtime_ms,cg,n_transistors,n_transistors_pdn,n_transistors_pun,sat_result,work_dir,stdout_log,stderr_log
3_1,F3_001,3,3,3,SAT,417,"CG(nc=4, r=3, tr=[(0, 1, 3), (2, 3, 4), (1, 2, 5)])",9,3,0,SAT,/Users/fch/Python/MiniTNtk-Extension/dataset/sweep_3input/3_1/t_3,dataset/sweep_3input/3_1/t_3/run_t3.out.log,dataset/sweep_3input/3_1/t_3/run_t3.err.log
3_2,F3_002,3,3,3,SAT,358,"CG(nc=4, r=3, tr=[(0, 1, 0), (2, 3, 4), (1, 2, 5)])",7,3,0,SAT,/Users/fch/Python/MiniTNtk-Extension/dataset/sweep_3input/3_2/t_3,dataset/sweep_3input/3_2/t_3/run_t3.out.log,dataset/sweep_3input/3_2/t_3/run_t3.err.log
3_3,F3_003,3,2,2,SAT,214,"CG(nc=3, r=2, tr=[(1, 2, 2), (0, 1, 3)])",6,2,0,SAT,/Users/fch/Python/MiniTNtk-Extension/dataset/sweep_3input/3_3/t_2,dataset/sweep_3input/3_3/t_2/run_t2.out.log,dataset/sweep_3input/3_3/t_2/run_t2.err.log
3_4,F3_004,3,3,3,SAT,251,"CG(nc=4, r=3, tr=[(1, 2, 1), (2, 3, 3), (0, 1, 5)])",7,3,0,SAT,/Users/fch/Python/MiniTNtk-Extension/dataset/sweep_3input/3_4/t_3,dataset/sweep_3input/3_4/t_3/run_t3.out.log,dataset/sweep_3input/3_4/t_3/run_t3.err.log
3_5,F3_005,3,2,2,SAT,220,"CG(nc=3, r=2, tr=[(1, 2, 2), (0, 1, 3)])",6,2,0,SAT,/Users/fch/Python/MiniTNtk-Extension/dataset/sweep_3input/3_5/t_2,dataset/sweep_3input/3_5/t_2/run_t2.out.log,dataset/sweep_3input/3_5/t_2/run_t2.err.log
3_6,F3_006,3,5,6,SAT,274,"CG(nc=4, r=5, tr=[(0, 1, 0), (0, 1, 1), (2, 3, 3), (2, 3, 4), (1, 2, 5)])",11,5,0,SAT,/Users/fch/Python/MiniTNtk-Extension/dataset/sweep_3input/3_6/t_5,dataset/sweep_3input/3_6/t_5/run_t5.out.log,dataset/sweep_3input/3_6/t_5/run_t5.err.log
3_6,F3_006,3,6,6,SAT,292,"CG(nc=5, r=6, tr=[(0, 1, 0), (0, 1, 1), (2, 4, 3), (2, 4, 4), (1, 2, 5), (0, 3, 0)])",12,6,0,SAT,/Users/fch/Python/MiniTNtk-Extension/dataset/sweep_3input/3_6/t_6,dataset/sweep_3input/3_6/t_6/run_t6.out.log,dataset/sweep_3input/3_6/t_6/run_t6.err.log
3_7,F3_007,3,3,4,SAT,253,"CG(nc=3, r=3, tr=[(1, 2, 3), (1, 2, 4), (0, 1, 5)])",9,3,0,SAT,/Users/fch/Python/MiniTNtk-Extension/dataset/sweep_3input/3_7/t_3,dataset/sweep_3input/3_7/t_3/run_t3.out.log,dataset/sweep_3input/3_7/t_3/run_t3.err.log
3_7,F3_007,3,4,4,SAT,227,"CG(nc=4, r=4, tr=[(1, 3, 3), (1, 3, 4), (0, 1, 5), (1, 2, 3)])",10,4,0,SAT,/Users/fch/Python/MiniTNtk-Extension/dataset/sweep_3input/3_7/t_4,dataset/sweep_3input/3_7/t_4/run_t4.out.log,dataset/sweep_3input/3_7/t_4/run_t4.err.log
3_8,F3_008,3,3,3,SAT,220,"CG(nc=4, r=3, tr=[(0, 1, 0), (2, 3, 1), (1, 2, 5)])",5,3,0,SAT,/Users/fch/Python/MiniTNtk-Extension/dataset/sweep_3input/3_8/t_3,dataset/sweep_3input/3_8/t_3/run_t3.out.log,dataset/sweep_3input/3_8/t_3/run_t3.err.log
3_9,F3_009,3,5,6,SAT,273,"CG(nc=4, r=5, tr=[(0, 1, 0), (2, 3, 1), (2, 3, 3), (0, 1, 4), (1, 2, 5)])",11,5,0,SAT,/Users/fch/Python/MiniTNtk-Extension/dataset/sweep_3input/3_9/t_5,dataset/sweep_3input/3_9/t_5/run_t5.out.log,dataset/sweep_3input/3_9/t_5/run_t5.err.log
3_9,F3_009,3,6,6,SAT,298,"CG(nc=5, r=6, tr=[(2, 4, 0), (2, 3, 1), (0, 1, 3), (3, 4, 4), (1, 3, 5), (0, 1, 1)])",12,6,0,SAT,/Users/fch/Python/MiniTNtk-Extension/dataset/sweep_3input/3_9/t_6,dataset/sweep_3input/3_9/t_6/run_t6.out.log,dataset/sweep_3input/3_9/t_6/run_t6.err.log
3_10,F3_010,3,2,2,SAT,329,"CG(nc=3, r=2, tr=[(1, 2, 0), (0, 1, 3)])",4,2,0,SAT,/Users/fch/Python/MiniTNtk-Extension/dataset/sweep_3input/3_10/t_2,dataset/sweep_3input/3_10/t_2/run_t2.out.log,dataset/sweep_3input/3_10/t_2/run_t2.err.log
3_11,F3_011,3,3,4,SAT,225,"CG(nc=3, r=3, tr=[(1, 2, 0), (1, 2, 4), (0, 1, 5)])",7,3,0,SAT,/Users/fch/Python/MiniTNtk-Extension/dataset/sweep_3input/3_11/t_3,dataset/sweep_3input/3_11/t_3/run_t3.out.log,dataset/sweep_3input/3_11/t_3/run_t3.err.log
3_11,F3_011,3,4,4,SAT,239,"CG(nc=4, r=4, tr=[(1, 3, 0), (1, 3, 4), (0, 1, 5), (1, 2, 5)])",8,4,0,SAT,/Users/fch/Python/MiniTNtk-Extension/dataset/sweep_3input/3_11/t_4,dataset/sweep_3input/3_11/t_4/run_t4.out.log,dataset/sweep_3input/3_11/t_4/run_t4.err.log
3_12,F3_012,3,2,2,SAT,219,"CG(nc=3, r=2, tr=[(1, 2, 0), (0, 1, 3)])",4,2,0,SAT,/Users/fch/Python/MiniTNtk-Extension/dataset/sweep_3input/3_12/t_2,dataset/sweep_3input/3_12/t_2/run_t2.out.log,dataset/sweep_3input/3_12/t_2/run_t2.err.log
3_13,F3_013,3,3,4,SAT,309,"CG(nc=3, r=3, tr=[(1, 2, 1), (1, 2, 3), (0, 1, 5)])",7,3,0,SAT,/Users/fch/Python/MiniTNtk-Extension/dataset/sweep_3input/3_13/t_3,dataset/sweep_3input/3_13/t_3/run_t3.out.log,dataset/sweep_3input/3_13/t_3/run_t3.err.log
3_13,F3_013,3,4,4,SAT,394,"CG(nc=4, r=4, tr=[(1, 3, 1), (1, 3, 3), (0, 1, 5), (1, 2, 5)])",8,4,0,SAT,/Users/fch/Python/MiniTNtk-Extension/dataset/sweep_3input/3_13/t_4,dataset/sweep_3input/3_13/t_4/run_t4.out.log,dataset/sweep_3input/3_13/t_4/run_t4.err.log
3_14,F3_014,3,3,4,SAT,372,"CG(nc=3, r=3, tr=[(1, 2, 0), (1, 2, 1), (0, 1, 5)])",5,3,0,SAT,/Users/fch/Python/MiniTNtk-Extension/dataset/sweep_3input/3_14/t_3,dataset/sweep_3input/3_14/t_3/run_t3.out.log,dataset/sweep_3input/3_14/t_3/run_t3.err.log
3_14,F3_014,3,4,4,SAT,279,"CG(nc=4, r=4, tr=[(1, 3, 0), (1, 3, 1), (0, 1, 5), (1, 2, 5)])",6,4,0,SAT,/Users/fch/Python/MiniTNtk-Extension/dataset/sweep_3input/3_14/t_4,dataset/sweep_3input/3_14/t_4/run_t4.out.log,dataset/sweep_3input/3_14/t_4/run_t4.err.log
3_15,F3_015,3,1,1,SAT,205,"CG(nc=2, r=1, tr=[(0, 1, 1)])",3,1,0,SAT,/Users/fch/Python/MiniTNtk-Extension/dataset/sweep_3input/3_15/t_1,dataset/sweep_3input/3_15/t_1/run_t1.out.log,dataset/sweep_3input/3_15/t_1/run_t1.err.log
3_16,F3_016,3,3,3,SAT,212,"CG(nc=4, r=3, tr=[(2, 3, 2), (1, 2, 3), (0, 1, 4)])",7,3,0,SAT,/Users/fch/Python/MiniTNtk-Extension/dataset/sweep_3input/3_16/t_3,dataset/sweep_3input/3_16/t_3/run_t3.out.log,dataset/sweep_3input/3_16/t_3/run_t3.err.log
3_17,F3_017,3,2,2,SAT,225,"CG(nc=3, r=2, tr=[(1, 2, 2), (0, 1, 3)])",6,2,0,SAT,/Users/fch/Python/MiniTNtk-Extension/dataset/sweep_3input/3_17/t_2,dataset/sweep_3input/3_17/t_2/run_t2.out.log,dataset/sweep_3input/3_17/t_2/run_t2.err.log
3_18,F3_018,3,5,6,SAT,235,"CG(nc=5, r=5, tr=[(2, 4, 0), (3, 4, 2), (1, 3, 3), (0, 1, 4), (1, 2, 5)])",11,5,0,SAT,/Users/fch/Python/MiniTNtk-Extension/dataset/sweep_3input/3_18/t_5,dataset/sweep_3input/3_18/t_5/run_t5.out.log,dataset/sweep_3input/3_18/t_5/run_t5.err.log
3_18,F3_018,3,6,6,SAT,256,"CG(nc=6, r=6, tr=[(1, 2, 0), (3, 5, 2), (2, 3, 3), (0, 2, 4), (1, 5, 5), (3, 4, 3)])",12,6,0,SAT,/Users/fch/Python/MiniTNtk-Extension/dataset/sweep_3input/3_18/t_6,dataset/sweep_3input/3_18/t_6/run_t6.out.log,dataset/sweep_3input/3_18/t_6/run_t6.err.log
3_19,F3_019,3,3,4,SAT,212,"CG(nc=3, r=3, tr=[(0, 1, 3), (1, 2, 4), (0, 1, 5)])",9,3,0,SAT,/Users/fch/Python/MiniTNtk-Extension/dataset/sweep_3input/3_19/t_3,dataset/sweep_3input/3_19/t_3/run_t3.out.log,dataset/sweep_3input/3_19/t_3/run_t3.err.log
3_19,F3_019,3,4,4,SAT,221,"CG(nc=4, r=4, tr=[(0, 1, 3), (1, 3, 4), (0, 1, 5), (0, 2, 5)])",10,4,0,SAT,/Users/fch/Python/MiniTNtk-Extension/dataset/sweep_3input/3_19/t_4,dataset/sweep_3input/3_19/t_4/run_t4.out.log,dataset/sweep_3input/3_19/t_4/run_t4.err.log
3_20,F3_020,3,5,6,SAT,242,"CG(nc=5, r=5, tr=[(2, 4, 1), (3, 4, 2), (0, 1, 3), (1, 3, 4), (1, 2, 5)])",11,5,0,SAT,/Users/fch/Python/MiniTNtk-Extension/dataset/sweep_3input/3_20/t_5,dataset/sweep_3input/3_20/t_5/run_t5.out.log,dataset/sweep_3input/3_20/t_5/run_t5.err.log
3_20,F3_020,3,6,6,SAT,331,"CG(nc=7, r=6, tr=[(0, 1, 1), (0, 2, 2), (4, 6, 3), (3, 5, 4), (1, 4, 5), (2, 4, 4)])",12,6,0,SAT,/Users/fch/Python/MiniTNtk-Extension/dataset/sweep_3input/3_20/t_6,dataset/sweep_3input/3_20/t_6/run_t6.out.log,dataset/sweep_3input/3_20/t_6/run_t6.err.log
3_21,F3_021,3,3,4,SAT,213,"CG(nc=3, r=3, tr=[(1, 2, 3), (0, 1, 4), (0, 1, 5)])",9,3,0,SAT,/Users/fch/Python/MiniTNtk-Extension/dataset/sweep_3input/3_21/t_3,dataset/sweep_3input/3_21/t_3/run_t3.out.log,dataset/sweep_3input/3_21/t_3/run_t3.err.log
3_21,F3_021,3,4,4,SAT,219,"CG(nc=4, r=4, tr=[(1, 3, 3), (0, 1, 4), (0, 1, 5), (1, 2, 4)])",10,4,0,SAT,/Users/fch/Python/MiniTNtk-Extension/dataset/sweep_3input/3_21/t_4,dataset/sweep_3input/3_21/t_4/run_t4.out.log,dataset/sweep_3input/3_21/t_4/run_t4.err.log
3_22,F3_022,3,6,9,UNSAT,651,"CG(nc=5, r=7, tr=[(1, 4, 0), (1, 4, 1), (3, 4, 2), (0, 2, 3), (2, 3, 4), (1, 2, 5), (0, 3, 5)])",13,7,0,SAT,/Users/fch/Python/MiniTNtk-Extension/dataset/sweep_3input/3_22/t_6,dataset/sweep_3input/3_22/t_6/run_t6.out.log,dataset/sweep_3input/3_22/t_6/run_t6.err.log
3_22,F3_022,3,7,9,SAT,322,"CG(nc=5, r=7, tr=[(1, 4, 0), (1, 4, 1), (3, 4, 2), (0, 2, 3), (2, 3, 4), (1, 2, 5), (0, 3, 5)])",13,7,0,SAT,/Users/fch/Python/MiniTNtk-Extension/dataset/sweep_3input/3_22/t_7,dataset/sweep_3input/3_22/t_7/run_t7.out.log,dataset/sweep_3input/3_22/t_7/run_t7.err.log
3_22,F3_022,3,8,9,SAT,407,"CG(nc=6, r=8, tr=[(2, 5, 0), (3, 4, 1), (2, 5, 2), (0, 1, 3), (1, 2, 4), (4, 5, 5), (1, 3, 3), (0, 1, 5)])",14,8,0,SAT,/Users/fch/Python/MiniTNtk-Extension/dataset/sweep_3input/3_22/t_8,dataset/sweep_3input/3_22/t_8/run_t8.out.log,dataset/sweep_3input/3_22/t_8/run_t8.err.log
3_22,F3_022,3,9,9,SAT,521,"CG(nc=6, r=8, tr=[(2, 5, 0), (3, 5, 1), (4, 5, 2), (0, 2, 3), (2, 4, 4), (2, 3, 5), (0, 3, 4), (1, 4, 1)], dropped=[(5, 4)])",14,8,0,SAT,/Users/fch/Python/MiniTNtk-Extension/dataset/sweep_3input/3_22/t_9,dataset/sweep_3input/3_22/t_9/run_t9.out.log,dataset/sweep_3input/3_22/t_9/run_t9.err.log
3_23,F3_023,3,3,6,UNSAT,777,"CG(nc=4, r=5, tr=[(2, 3, 3), (1, 3, 4), (0, 1, 5), (0, 1, 3), (0, 2, 5)])",11,5,0,SAT,/Users/fch/Python/MiniTNtk-Extension/dataset/sweep_3input/3_23/t_3,dataset/sweep_3input/3_23/t_3/run_t3.out.log,dataset/sweep_3input/3_23/t_3/run_t3.err.log
3_23,F3_023,3,4,6,UNSAT,512,"CG(nc=4, r=5, tr=[(2, 3, 3), (1, 3, 4), (0, 1, 5), (0, 1, 3), (0, 2, 5)])",11,5,0,SAT,/Users/fch/Python/MiniTNtk-Extension/dataset/sweep_3input/3_23/t_4,dataset/sweep_3input/3_23/t_4/run_t4.out.log,dataset/sweep_3input/3_23/t_4/run_t4.err.log
3_23,F3_023,3,5,6,SAT,250,"CG(nc=4, r=5, tr=[(2, 3, 3), (1, 3, 4), (0, 1, 5), (0, 1, 3), (0, 2, 5)])",11,5,0,SAT,/Users/fch/Python/MiniTNtk-Extension/dataset/sweep_3input/3_23/t_5,dataset/sweep_3input/3_23/t_5/run_t5.out.log,dataset/sweep_3input/3_23/t_5/run_t5.err.log
3_23,F3_023,3,6,6,SAT,279,"CG(nc=4, r=5, tr=[(0, 1, 3), (2, 3, 4), (1, 3, 5), (0, 1, 4), (1, 2, 3)], dropped=[(0, 5)])",11,5,0,SAT,/Users/fch/Python/MiniTNtk-Extension/dataset/sweep_3input/3_23/t_6,dataset/sweep_3input/3_23/t_6/run_t6.out.log,dataset/sweep_3input/3_23/t_6/run_t6.err.log
3_24,F3_024,3,6,6,SAT,301,"CG(nc=6, r=6, tr=[(0, 1, 0), (2, 5, 1), (3, 4, 2), (3, 5, 3), (0, 4, 4), (1, 2, 5)])",12,6,0,SAT,/Users/fch/Python/MiniTNtk-Extension/dataset/sweep_3input/3_24/t_6,dataset/sweep_3input/3_24/t_6/run_t6.out.log,dataset/sweep_3input/3_24/t_6/run_t6.err.log
3_25,F3_025,3,5,5,SAT,252,"CG(nc=5, r=5, tr=[(1, 2, 0), (1, 4, 1), (3, 4, 3), (0, 3, 4), (0, 2, 5)])",11,5,0,SAT,/Users/fch/Python/MiniTNtk-Extension/dataset/sweep_3input/3_25/t_5,dataset/sweep_3input/3_25/t_5/run_t5.out.log,dataset/sweep_3input/3_25/t_5/run_t5.err.log
3_26,F3_026,3,5,5,SAT,242,"CG(nc=5, r=5, tr=[(2, 4, 0), (1, 3, 2), (3, 4, 3), (0, 1, 4), (0, 2, 5)])",11,5,0,SAT,/Users/fch/Python/MiniTNtk-Extension/dataset/sweep_3input/3_26/t_5,dataset/sweep_3input/3_26/t_5/run_t5.out.log,dataset/sweep_3input/3_26/t_5/run_t5.err.log
3_27,F3_027,3,4,4,SAT,220,"CG(nc=4, r=4, tr=[(1, 3, 0), (2, 3, 3), (0, 2, 4), (0, 1, 5)])",10,4,0,SAT,/Users/fch/Python/MiniTNtk-Extension/dataset/sweep_3input/3_27/t_4,dataset/sweep_3input/3_27/t_4/run_t4.out.log,dataset/sweep_3input/3_27/t_4/run_t4.err.log
3_28,F3_028,3,5,5,SAT,276,"CG(nc=5, r=5, tr=[(2, 4, 1), (3, 4, 2), (1, 3, 3), (0, 1, 4), (0, 2, 5)])",11,5,0,SAT,/Users/fch/Python/MiniTNtk-Extension/dataset/sweep_3input/3_28/t_5,dataset/sweep_3input/3_28/t_5/run_t5.out.log,dataset/sweep_3input/3_28/t_5/run_t5.err.log
3_29,F3_029,3,4,4,SAT,234,"CG(nc=4, r=4, tr=[(2, 3, 1), (1, 3, 3), (0, 1, 4), (0, 2, 5)])",10,4,0,SAT,/Users/fch/Python/MiniTNtk-Extension/dataset/sweep_3input/3_29/t_4,dataset/sweep_3input/3_29/t_4/run_t4.out.log,dataset/sweep_3input/3_29/t_4/run_t4.err.log
3_30,F3_030,3,6,7,SAT,300,"CG(nc=4, r=6, tr=[(2, 3, 0), (1, 3, 1), (1, 3, 2), (0, 2, 3), (1, 2, 4), (0, 1, 5)])",12,6,0,SAT,/Users/fch/Python/MiniTNtk-Extension/dataset/sweep_3input/3_30/t_6,dataset/sweep_3input/3_30/t_6/run_t6.out.log,dataset/sweep_3input/3_30/t_6/run_t6.err.log
3_30,F3_030,3,7,7,SAT,360,"CG(nc=5, r=7, tr=[(2, 4, 0), (2, 4, 1), (2, 4, 2), (2, 3, 3), (0, 3, 4), (0, 2, 5), (0, 1, 5)])",13,7,0,SAT,/Users/fch/Python/MiniTNtk-Extension/dataset/sweep_3input/3_30/t_7,dataset/sweep_3input/3_30/t_7/run_t7.out.log,dataset/sweep_3input/3_30/t_7/run_t7.err.log
3_31,F3_031,3,3,3,SAT,240,"CG(nc=3, r=3, tr=[(1, 2, 3), (0, 1, 4), (0, 2, 5)])",9,3,0,SAT,/Users/fch/Python/MiniTNtk-Extension/dataset/sweep_3input/3_31/t_3,dataset/sweep_3input/3_31/t_3/run_t3.out.log,dataset/sweep_3input/3_31/t_3/run_t3.err.log
3_32,F3_032,3,3,3,SAT,203,"CG(nc=4, r=3, tr=[(0, 1, 0), (2, 3, 2), (1, 2, 4)])",5,3,0,SAT,/Users/fch/Python/MiniTNtk-Extension/dataset/sweep_3input/3_32/t_3,dataset/sweep_3input/3_32/t_3/run_t3.out.log,dataset/sweep_3input/3_32/t_3/run_t3.err.log
3_33,F3_033,3,5,6,SAT,248,"CG(nc=5, r=5, tr=[(1, 2, 0), (0, 2, 2), (1, 3, 3), (1, 4, 4), (0, 3, 5)])",11,5,0,SAT,/Users/fch/Python/MiniTNtk-Extension/dataset/sweep_3input/3_33/t_5,dataset/sweep_3input/3_33/t_5/run_t5.out.log,dataset/sweep_3input/3_33/t_5/run_t5.err.log
3_33,F3_033,3,6,6,SAT,286,"CG(nc=6, r=6, tr=[(1, 2, 0), (0, 1, 2), (0, 1, 3), (2, 5, 4), (3, 4, 5), (1, 2, 5)])",12,6,0,SAT,/Users/fch/Python/MiniTNtk-Extension/dataset/sweep_3input/3_33/t_6,dataset/sweep_3input/3_33/t_6/run_t6.out.log,dataset/sweep_3input/3_33/t_6/run_t6.err.log
3_34,F3_034,3,2,2,SAT,242,"CG(nc=3, r=2, tr=[(1, 2, 0), (0, 1, 3)])",4,2,0,SAT,/Users/fch/Python/MiniTNtk-Extension/dataset/sweep_3input/3_34/t_2,dataset/sweep_3input/3_34/t_2/run_t2.out.log,dataset/sweep_3input/3_34/t_2/run_t2.err.log
3_35,F3_035,3,3,4,SAT,327,"CG(nc=3, r=3, tr=[(0, 1, 0), (1, 2, 4), (0, 1, 5)])",7,3,0,SAT,/Users/fch/Python/MiniTNtk-Extension/dataset/sweep_3input/3_35/t_3,dataset/sweep_3input/3_35/t_3/run_t3.out.log,dataset/sweep_3input/3_35/t_3/run_t3.err.log
3_35,F3_035,3,4,4,SAT,225,"CG(nc=3, r=4, tr=[(0, 1, 0), (1, 2, 4), (0, 1, 5), (0, 1, 0)])",8,4,0,SAT,/Users/fch/Python/MiniTNtk-Extension/dataset/sweep_3input/3_35/t_4,dataset/sweep_3input/3_35/t_4/run_t4.out.log,dataset/sweep_3input/3_35/t_4/run_t4.err.log
3_36,F3_036,3,6,6,SAT,270,"CG(nc=6, r=6, tr=[(1, 2, 0), (3, 4, 1), (1, 5, 2), (4, 5, 3), (0, 2, 4), (0, 3, 5)])",12,6,0,SAT,/Users/fch/Python/MiniTNtk-Extension/dataset/sweep_3input/3_36/t_6,dataset/sweep_3input/3_36/t_6/run_t6.out.log,dataset/sweep_3input/3_36/t_6/run_t6.err.log
3_37,F3_037,3,5,5,SAT,276,"CG(nc=5, r=5, tr=[(0, 1, 0), (1, 2, 2), (3, 4, 3), (2, 4, 4), (0, 3, 5)])",11,5,0,SAT,/Users/fch/Python/MiniTNtk-Extension/dataset/sweep_3input/3_37/t_5,dataset/sweep_3input/3_37/t_5/run_t5.out.log,dataset/sweep_3input/3_37/t_5/run_t5.err.log
3_38,F3_038,3,5,5,SAT,241,"CG(nc=5, r=5, tr=[(1, 4, 0), (3, 4, 1), (2, 3, 3), (0, 1, 4), (0, 2, 5)])",11,5,0,SAT,/Users/fch/Python/MiniTNtk-Extension/dataset/sweep_3input/3_38/t_5,dataset/sweep_3input/3_38/t_5/run_t5.out.log,dataset/sweep_3input/3_38/t_5/run_t5.err.log
3_39,F3_039,3,4,4,SAT,222,"CG(nc=4, r=4, tr=[(1, 3, 0), (2, 3, 3), (0, 1, 4), (0, 2, 5)])",10,4,0,SAT,/Users/fch/Python/MiniTNtk-Extension/dataset/sweep_3input/3_39/t_4,dataset/sweep_3input/3_39/t_4/run_t4.out.log,dataset/sweep_3input/3_39/t_4/run_t4.err.log
3_40,F3_040,3,5,6,SAT,248,"CG(nc=5, r=5, tr=[(2, 4, 0), (2, 3, 1), (0, 1, 2), (1, 2, 4), (0, 3, 5)])",9,5,0,SAT,/Users/fch/Python/MiniTNtk-Extension/dataset/sweep_3input/3_40/t_5,dataset/sweep_3input/3_40/t_5/run_t5.out.log,dataset/sweep_3input/3_40/t_5/run_t5.err.log
3_40,F3_040,3,6,6,SAT,260,"CG(nc=6, r=6, tr=[(0, 1, 0), (3, 5, 1), (4, 5, 2), (0, 2, 4), (1, 3, 5), (1, 4, 4)])",10,6,0,SAT,/Users/fch/Python/MiniTNtk-Extension/dataset/sweep_3input/3_40/t_6,dataset/sweep_3input/3_40/t_6/run_t6.out.log,dataset/sweep_3input/3_40/t_6/run_t6.err.log
3_41,F3_041,3,6,9,UNSAT,632,"CG(nc=5, r=7, tr=[(2, 4, 0), (0, 3, 1), (1, 2, 2), (1, 2, 3), (3, 4, 4), (2, 3, 5), (0, 1, 4)])",13,7,0,SAT,/Users/fch/Python/MiniTNtk-Extension/dataset/sweep_3input/3_41/t_6,dataset/sweep_3input/3_41/t_6/run_t6.out.log,dataset/sweep_3input/3_41/t_6/run_t6.err.log
3_41,F3_041,3,7,9,SAT,332,"CG(nc=5, r=7, tr=[(2, 4, 0), (0, 3, 1), (1, 2, 2), (1, 2, 3), (3, 4, 4), (2, 3, 5), (0, 1, 4)])",13,7,0,SAT,/Users/fch/Python/MiniTNtk-Extension/dataset/sweep_3input/3_41/t_7,dataset/sweep_3input/3_41/t_7/run_t7.out.log,dataset/sweep_3input/3_41/t_7/run_t7.err.log
3_41,F3_041,3,8,9,SAT,455,"CG(nc=5, r=8, tr=[(1, 4, 0), (1, 3, 1), (1, 3, 2), (2, 4, 3), (0, 3, 4), (2, 3, 5), (0, 2, 0), (0, 3, 4)])",14,8,0,SAT,/Users/fch/Python/MiniTNtk-Extension/dataset/sweep_3input/3_41/t_8,dataset/sweep_3input/3_41/t_8/run_t8.out.log,dataset/sweep_3input/3_41/t_8/run_t8.err.log
3_41,F3_041,3,9,9,SAT,464,"CG(nc=7, r=9, tr=[(0, 1, 0), (1, 2, 1), (1, 3, 2), (0, 4, 3), (2, 6, 4), (2, 6, 5), (5, 6, 5), (3, 6, 4), (3, 4, 5)])",15,9,0,SAT,/Users/fch/Python/MiniTNtk-Extension/dataset/sweep_3input/3_41/t_9,dataset/sweep_3input/3_41/t_9/run_t9.out.log,dataset/sweep_3input/3_41/t_9/run_t9.err.log
3_42,F3_042,3,3,4,SAT,208,"CG(nc=3, r=3, tr=[(1, 2, 0), (0, 1, 4), (0, 1, 5)])",7,3,0,SAT,/Users/fch/Python/MiniTNtk-Extension/dataset/sweep_3input/3_42/t_3,dataset/sweep_3input/3_42/t_3/run_t3.out.log,dataset/sweep_3input/3_42/t_3/run_t3.err.log
3_42,F3_042,3,4,4,SAT,220,"CG(nc=4, r=4, tr=[(2, 3, 0), (0, 2, 4), (0, 2, 5), (0, 1, 5)])",8,4,0,SAT,/Users/fch/Python/MiniTNtk-Extension/dataset/sweep_3input/3_42/t_4,dataset/sweep_3input/3_42/t_4/run_t4.out.log,dataset/sweep_3input/3_42/t_4/run_t4.err.log
3_43,F3_043,3,3,6,UNSAT,710,"CG(nc=4, r=5, tr=[(0, 1, 0), (1, 3, 4), (2, 3, 5), (0, 2, 4), (0, 2, 0)])",9,5,0,SAT,/Users/fch/Python/MiniTNtk-Extension/dataset/sweep_3input/3_43/t_3,dataset/sweep_3input/3_43/t_3/run_t3.out.log,dataset/sweep_3input/3_43/t_3/run_t3.err.log
3_43,F3_043,3,4,6,UNSAT,474,"CG(nc=4, r=5, tr=[(0, 1, 0), (1, 3, 4), (2, 3, 5), (0, 2, 4), (0, 2, 0)])",9,5,0,SAT,/Users/fch/Python/MiniTNtk-Extension/dataset/sweep_3input/3_43/t_4,dataset/sweep_3input/3_43/t_4/run_t4.out.log,dataset/sweep_3input/3_43/t_4/run_t4.err.log
3_43,F3_043,3,5,6,SAT,267,"CG(nc=4, r=5, tr=[(0, 1, 0), (1, 3, 4), (2, 3, 5), (0, 2, 4), (0, 2, 0)])",9,5,0,SAT,/Users/fch/Python/MiniTNtk-Extension/dataset/sweep_3input/3_43/t_5,dataset/sweep_3input/3_43/t_5/run_t5.out.log,dataset/sweep_3input/3_43/t_5/run_t5.err.log
3_43,F3_043,3,6,6,SAT,276,"CG(nc=5, r=6, tr=[(1, 4, 0), (0, 1, 4), (3, 4, 5), (2, 4, 0), (2, 4, 4), (0, 2, 5)])",10,6,0,SAT,/Users/fch/Python/MiniTNtk-Extension/dataset/sweep_3input/3_43/t_6,dataset/sweep_3input/3_43/t_6/run_t6.out.log,dataset/sweep_3input/3_43/t_6/run_t6.err.log
3_44,F3_044,3,5,5,SAT,237,"CG(nc=5, r=5, tr=[(0, 1, 0), (3, 4, 1), (1, 2, 2), (2, 4, 4), (0, 3, 5)])",9,5,0,SAT,/Users/fch/Python/MiniTNtk-Extension/dataset/sweep_3input/3_44/t_5,dataset/sweep_3input/3_44/t_5/run_t5.out.log,dataset/sweep_3input/3_44/t_5/run_t5.err.log
3_45,F3_045,3,6,7,SAT,292,"CG(nc=5, r=6, tr=[(1, 4, 0), (1, 3, 1), (0, 2, 2), (3, 4, 3), (1, 2, 4), (0, 3, 5)])",12,6,0,SAT,/Users/fch/Python/MiniTNtk-Extension/dataset/sweep_3input/3_45/t_6,dataset/sweep_3input/3_45/t_6/run_t6.out.log,dataset/sweep_3input/3_45/t_6/run_t6.err.log
3_45,F3_045,3,7,7,SAT,387,"CG(nc=6, r=7, tr=[(1, 2, 0), (3, 5, 1), (0, 2, 2), (1, 4, 3), (1, 5, 4), (0, 3, 5), (0, 4, 5)])",13,7,0,SAT,/Users/fch/Python/MiniTNtk-Extension/dataset/sweep_3input/3_45/t_7,dataset/sweep_3input/3_45/t_7/run_t7.out.log,dataset/sweep_3input/3_45/t_7/run_t7.err.log
3_46,F3_046,3,4,4,SAT,217,"CG(nc=4, r=4, tr=[(0, 1, 0), (2, 3, 1), (1, 3, 4), (0, 2, 5)])",8,4,0,SAT,/Users/fch/Python/MiniTNtk-Extension/dataset/sweep_3input/3_46/t_4,dataset/sweep_3input/3_46/t_4/run_t4.out.log,dataset/sweep_3input/3_46/t_4/run_t4.err.log
3_47,F3_047,3,3,3,SAT,202,"CG(nc=3, r=3, tr=[(1, 2, 0), (0, 1, 4), (0, 2, 5)])",7,3,0,SAT,/Users/fch/Python/MiniTNtk-Extension/dataset/sweep_3input/3_47/t_3,dataset/sweep_3input/3_47/t_3/run_t3.out.log,dataset/sweep_3input/3_47/t_3/run_t3.err.log
3_48,F3_048,3,2,2,SAT,195,"CG(nc=3, r=2, tr=[(1, 2, 1), (0, 1, 2)])",4,2,0,SAT,/Users/fch/Python/MiniTNtk-Extension/dataset/sweep_3input/3_48/t_2,dataset/sweep_3input/3_48/t_2/run_t2.out.log,dataset/sweep_3input/3_48/t_2/run_t2.err.log
3_49,F3_049,3,3,4,SAT,201,"CG(nc=3, r=3, tr=[(1, 2, 2), (1, 2, 3), (0, 1, 4)])",7,3,0,SAT,/Users/fch/Python/MiniTNtk-Extension/dataset/sweep_3input/3_49/t_3,dataset/sweep_3input/3_49/t_3/run_t3.out.log,dataset/sweep_3input/3_49/t_3/run_t3.err.log
3_49,F3_049,3,4,4,SAT,256,"CG(nc=4, r=4, tr=[(1, 3, 2), (1, 3, 3), (0, 1, 4), (0, 2, 4)])",8,4,0,SAT,/Users/fch/Python/MiniTNtk-Extension/dataset/sweep_3input/3_49/t_4,dataset/sweep_3input/3_49/t_4/run_t4.out.log,dataset/sweep_3input/3_49/t_4/run_t4.err.log
3_50,F3_050,3,3,4,SAT,201,"CG(nc=3, r=3, tr=[(1, 2, 0), (1, 2, 2), (0, 1, 4)])",5,3,0,SAT,/Users/fch/Python/MiniTNtk-Extension/dataset/sweep_3input/3_50/t_3,dataset/sweep_3input/3_50/t_3/run_t3.out.log,dataset/sweep_3input/3_50/t_3/run_t3.err.log
3_50,F3_050,3,4,4,SAT,211,"CG(nc=4, r=4, tr=[(1, 3, 0), (1, 3, 2), (0, 1, 4), (0, 2, 4)])",6,4,0,SAT,/Users/fch/Python/MiniTNtk-Extension/dataset/sweep_3input/3_50/t_4,dataset/sweep_3input/3_50/t_4/run_t4.out.log,dataset/sweep_3input/3_50/t_4/run_t4.err.log
3_51,F3_051,3,1,1,SAT,253,"CG(nc=2, r=1, tr=[(0, 1, 1)])",3,1,0,SAT,/Users/fch/Python/MiniTNtk-Extension/dataset/sweep_3input/3_51/t_1,dataset/sweep_3input/3_51/t_1/run_t1.out.log,dataset/sweep_3input/3_51/t_1/run_t1.err.log
3_52,F3_052,3,5,5,SAT,234,"CG(nc=5, r=5, tr=[(1, 2, 1), (3, 4, 2), (1, 4, 3), (0, 3, 4), (0, 2, 5)])",11,5,0,SAT,/Users/fch/Python/MiniTNtk-Extension/dataset/sweep_3input/3_52/t_5,dataset/sweep_3input/3_52/t_5/run_t5.out.log,dataset/sweep_3input/3_52/t_5/run_t5.err.log
3_53,F3_053,3,4,4,SAT,273,"CG(nc=4, r=4, tr=[(0, 1, 2), (2, 3, 3), (1, 3, 4), (0, 2, 5)])",10,4,0,SAT,/Users/fch/Python/MiniTNtk-Extension/dataset/sweep_3input/3_53/t_4,dataset/sweep_3input/3_53/t_4/run_t4.out.log,dataset/sweep_3input/3_53/t_4/run_t4.err.log
3_54,F3_054,3,6,7,SAT,293,"CG(nc=5, r=6, tr=[(1, 4, 0), (3, 4, 1), (1, 4, 2), (0, 2, 3), (0, 1, 4), (2, 3, 5)])",12,6,0,SAT,/Users/fch/Python/MiniTNtk-Extension/dataset/sweep_3input/3_54/t_6,dataset/sweep_3input/3_54/t_6/run_t6.out.log,dataset/sweep_3input/3_54/t_6/run_t6.err.log
3_54,F3_054,3,7,7,SAT,345,"CG(nc=5, r=6, tr=[(1, 2, 0), (2, 3, 1), (1, 4, 2), (0, 1, 4), (2, 4, 5), (0, 3, 3)], dropped=[(0, 3)])",12,6,0,SAT,/Users/fch/Python/MiniTNtk-Extension/dataset/sweep_3input/3_54/t_7,dataset/sweep_3input/3_54/t_7/run_t7.out.log,dataset/sweep_3input/3_54/t_7/run_t7.err.log
3_55,F3_055,3,3,3,SAT,207,"CG(nc=3, r=3, tr=[(1, 2, 3), (0, 2, 4), (0, 1, 5)])",9,3,0,SAT,/Users/fch/Python/MiniTNtk-Extension/dataset/sweep_3input/3_55/t_3,dataset/sweep_3input/3_55/t_3/run_t3.out.log,dataset/sweep_3input/3_55/t_3/run_t3.err.log
3_56,F3_056,3,5,5,SAT,240,"CG(nc=5, r=5, tr=[(0, 1, 0), (3, 4, 1), (2, 4, 2), (0, 2, 4), (1, 3, 5)])",9,5,0,SAT,/Users/fch/Python/MiniTNtk-Extension/dataset/sweep_3input/3_56/t_5,dataset/sweep_3input/3_56/t_5/run_t5.out.log,dataset/sweep_3input/3_56/t_5/run_t5.err.log
3_57,F3_057,3,6,7,SAT,332,"CG(nc=5, r=6, tr=[(2, 4, 0), (0, 3, 1), (1, 4, 2), (1, 4, 3), (0, 1, 4), (2, 3, 5)])",12,6,0,SAT,/Users/fch/Python/MiniTNtk-Extension/dataset/sweep_3input/3_57/t_6,dataset/sweep_3input/3_57/t_6/run_t6.out.log,dataset/sweep_3input/3_57/t_6/run_t6.err.log
3_57,F3_057,3,7,7,SAT,354,"CG(nc=7, r=7, tr=[(2, 6, 0), (0, 3, 1), (4, 6, 2), (4, 6, 3), (0, 4, 4), (1, 5, 5), (2, 3, 5)])",13,7,0,SAT,/Users/fch/Python/MiniTNtk-Extension/dataset/sweep_3input/3_57/t_7,dataset/sweep_3input/3_57/t_7/run_t7.out.log,dataset/sweep_3input/3_57/t_7/run_t7.err.log
3_58,F3_058,3,4,4,SAT,211,"CG(nc=4, r=4, tr=[(2, 3, 0), (1, 3, 2), (0, 1, 4), (0, 2, 5)])",8,4,0,SAT,/Users/fch/Python/MiniTNtk-Extension/dataset/sweep_3input/3_58/t_4,dataset/sweep_3input/3_58/t_4/run_t4.out.log,dataset/sweep_3input/3_58/t_4/run_t4.err.log
3_59,F3_059,3,3,3,SAT,204,"CG(nc=3, r=3, tr=[(1, 2, 0), (0, 2, 4), (0, 1, 5)])",7,3,0,SAT,/Users/fch/Python/MiniTNtk-Extension/dataset/sweep_3input/3_59/t_3,dataset/sweep_3input/3_59/t_3/run_t3.out.log,dataset/sweep_3input/3_59/t_3/run_t3.err.log
3_60,F3_060,3,4,4,SAT,249,"CG(nc=4, r=4, tr=[(2, 3, 0), (1, 3, 1), (0, 1, 2), (0, 2, 3)])",8,4,0,SAT,/Users/fch/Python/MiniTNtk-Extension/dataset/sweep_3input/3_60/t_4,dataset/sweep_3input/3_60/t_4/run_t4.out.log,dataset/sweep_3input/3_60/t_4/run_t4.err.log
3_61,F3_061,3,5,6,SAT,251,"CG(nc=4, r=5, tr=[(2, 3, 1), (1, 3, 2), (1, 3, 3), (0, 1, 4), (0, 2, 5)])",11,5,0,SAT,/Users/fch/Python/MiniTNtk-Extension/dataset/sweep_3input/3_61/t_5,dataset/sweep_3input/3_61/t_5/run_t5.out.log,dataset/sweep_3input/3_61/t_5/run_t5.err.log
3_61,F3_061,3,6,6,SAT,291,"CG(nc=5, r=6, tr=[(1, 4, 1), (3, 4, 2), (3, 4, 3), (0, 3, 4), (0, 1, 5), (2, 4, 4)])",12,6,0,SAT,/Users/fch/Python/MiniTNtk-Extension/dataset/sweep_3input/3_61/t_6,dataset/sweep_3input/3_61/t_6/run_t6.out.log,dataset/sweep_3input/3_61/t_6/run_t6.err.log
3_62,F3_062,3,5,6,SAT,252,"CG(nc=4, r=5, tr=[(1, 3, 0), (2, 3, 1), (1, 3, 2), (0, 1, 4), (0, 2, 5)])",9,5,0,SAT,/Users/fch/Python/MiniTNtk-Extension/dataset/sweep_3input/3_62/t_5,dataset/sweep_3input/3_62/t_5/run_t5.out.log,dataset/sweep_3input/3_62/t_5/run_t5.err.log
3_62,F3_062,3,6,6,SAT,294,"CG(nc=5, r=6, tr=[(1, 4, 0), (3, 4, 1), (1, 4, 2), (0, 1, 4), (0, 3, 5), (2, 3, 0)])",10,6,0,SAT,/Users/fch/Python/MiniTNtk-Extension/dataset/sweep_3input/3_62/t_6,dataset/sweep_3input/3_62/t_6/run_t6.out.log,dataset/sweep_3input/3_62/t_6/run_t6.err.log
3_63,F3_063,3,2,2,SAT,235,"CG(nc=2, r=2, tr=[(0, 1, 2), (0, 1, 3)])",6,2,0,SAT,/Users/fch/Python/MiniTNtk-Extension/dataset/sweep_3input/3_63/t_2,dataset/sweep_3input/3_63/t_2/run_t2.out.log,dataset/sweep_3input/3_63/t_2/run_t2.err.log
3_64,F3_064,3,3,3,SAT,235,"CG(nc=4, r=3, tr=[(2, 3, 1), (1, 2, 2), (0, 1, 3)])",5,3,0,SAT,/Users/fch/Python/MiniTNtk-Extension/dataset/sweep_3input/3_64/t_3,dataset/sweep_3input/3_64/t_3/run_t3.out.log,dataset/sweep_3input/3_64/t_3/run_t3.err.log
3_65,F3_065,3,5,6,SAT,235,"CG(nc=5, r=5, tr=[(2, 4, 1), (2, 3, 2), (0, 3, 3), (1, 4, 4), (1, 3, 5)])",11,5,0,SAT,/Users/fch/Python/MiniTNtk-Extension/dataset/sweep_3input/3_65/t_5,dataset/sweep_3input/3_65/t_5/run_t5.out.log,dataset/sweep_3input/3_65/t_5/run_t5.err.log
3_65,F3_065,3,6,6,SAT,262,"CG(nc=6, r=6, tr=[(1, 2, 1), (3, 5, 2), (3, 4, 3), (4, 5, 4), (0, 3, 5), (0, 4, 1)])",12,6,0,SAT,/Users/fch/Python/MiniTNtk-Extension/dataset/sweep_3input/3_65/t_6,dataset/sweep_3input/3_65/t_6/run_t6.out.log,dataset/sweep_3input/3_65/t_6/run_t6.err.log
3_66,F3_066,3,6,6,SAT,258,"CG(nc=6, r=6, tr=[(0, 1, 0), (0, 2, 1), (4, 5, 2), (2, 4, 3), (3, 5, 4), (1, 3, 5)])",12,6,0,SAT,/Users/fch/Python/MiniTNtk-Extension/dataset/sweep_3input/3_66/t_6,dataset/sweep_3input/3_66/t_6/run_t6.out.log,dataset/sweep_3input/3_66/t_6/run_t6.err.log
3_67,F3_067,3,5,5,SAT,275,"CG(nc=5, r=5, tr=[(0, 1, 1), (1, 2, 2), (2, 4, 3), (3, 4, 4), (0, 3, 5)])",11,5,0,SAT,/Users/fch/Python/MiniTNtk-Extension/dataset/sweep_3input/3_67/t_5,dataset/sweep_3input/3_67/t_5/run_t5.out.log,dataset/sweep_3input/3_67/t_5/run_t5.err.log
3_68,F3_068,3,2,2,SAT,196,"CG(nc=3, r=2, tr=[(1, 2, 1), (0, 1, 2)])",4,2,0,SAT,/Users/fch/Python/MiniTNtk-Extension/dataset/sweep_3input/3_68/t_2,dataset/sweep_3input/3_68/t_2/run_t2.out.log,dataset/sweep_3input/3_68/t_2/run_t2.err.log
3_69,F3_069,3,3,4,SAT,204,"CG(nc=3, r=3, tr=[(0, 1, 1), (1, 2, 3), (0, 1, 5)])",7,3,0,SAT,/Users/fch/Python/MiniTNtk-Extension/dataset/sweep_3input/3_69/t_3,dataset/sweep_3input/3_69/t_3/run_t3.out.log,dataset/sweep_3input/3_69/t_3/run_t3.err.log
3_69,F3_069,3,4,4,SAT,238,"CG(nc=3, r=4, tr=[(0, 1, 1), (1, 2, 3), (0, 1, 5), (0, 1, 1)])",8,4,0,SAT,/Users/fch/Python/MiniTNtk-Extension/dataset/sweep_3input/3_69/t_4,dataset/sweep_3input/3_69/t_4/run_t4.out.log,dataset/sweep_3input/3_69/t_4/run_t4.err.log
3_70,F3_070,3,5,5,SAT,241,"CG(nc=5, r=5, tr=[(1, 2, 0), (3, 4, 1), (0, 3, 3), (2, 4, 4), (0, 1, 5)])",11,5,0,SAT,/Users/fch/Python/MiniTNtk-Extension/dataset/sweep_3input/3_70/t_5,dataset/sweep_3input/3_70/t_5/run_t5.out.log,dataset/sweep_3input/3_70/t_5/run_t5.err.log
3_71,F3_071,3,4,4,SAT,218,"CG(nc=4, r=4, tr=[(1, 3, 1), (0, 1, 3), (2, 3, 4), (0, 2, 5)])",10,4,0,SAT,/Users/fch/Python/MiniTNtk-Extension/dataset/sweep_3input/3_71/t_4,dataset/sweep_3input/3_71/t_4/run_t4.out.log,dataset/sweep_3input/3_71/t_4/run_t4.err.log
3_72,F3_072,3,5,6,SAT,288,"CG(nc=5, r=5, tr=[(1, 4, 0), (0, 3, 1), (2, 4, 2), (2, 3, 3), (1, 3, 5)])",9,5,0,SAT,/Users/fch/Python/MiniTNtk-Extension/dataset/sweep_3input/3_72/t_5,dataset/sweep_3input/3_72/t_5/run_t5.out.log,dataset/sweep_3input/3_72/t_5/run_t5.err.log
3_72,F3_072,3,6,6,SAT,272,"CG(nc=7, r=6, tr=[(1, 2, 0), (1, 6, 1), (0, 4, 2), (3, 5, 3), (0, 2, 5), (1, 4, 3)])",10,6,0,SAT,/Users/fch/Python/MiniTNtk-Extension/dataset/sweep_3input/3_72/t_6,dataset/sweep_3input/3_72/t_6/run_t6.out.log,dataset/sweep_3input/3_72/t_6/run_t6.err.log
3_73,F3_073,3,6,9,UNSAT,607,"CG(nc=6, r=7, tr=[(1, 2, 0), (2, 5, 1), (2, 4, 2), (0, 4, 3), (3, 5, 4), (0, 1, 5), (3, 4, 5)])",13,7,0,SAT,/Users/fch/Python/MiniTNtk-Extension/dataset/sweep_3input/3_73/t_6,dataset/sweep_3input/3_73/t_6/run_t6.out.log,dataset/sweep_3input/3_73/t_6/run_t6.err.log
3_73,F3_073,3,7,9,SAT,365,"CG(nc=6, r=7, tr=[(1, 2, 0), (2, 5, 1), (2, 4, 2), (0, 4, 3), (3, 5, 4), (0, 1, 5), (3, 4, 5)])",13,7,0,SAT,/Users/fch/Python/MiniTNtk-Extension/dataset/sweep_3input/3_73/t_7,dataset/sweep_3input/3_73/t_7/run_t7.out.log,dataset/sweep_3input/3_73/t_7/run_t7.err.log
3_73,F3_073,3,8,9,SAT,385,"CG(nc=8, r=8, tr=[(1, 2, 0), (2, 7, 1), (2, 4, 2), (0, 4, 3), (5, 7, 4), (3, 6, 5), (4, 5, 5), (0, 1, 5)])",14,8,0,SAT,/Users/fch/Python/MiniTNtk-Extension/dataset/sweep_3input/3_73/t_8,dataset/sweep_3input/3_73/t_8/run_t8.out.log,dataset/sweep_3input/3_73/t_8/run_t8.err.log
3_73,F3_073,3,9,9,SAT,457,"CG(nc=6, r=8, tr=[(0, 1, 0), (2, 5, 1), (2, 4, 2), (0, 4, 3), (2, 4, 4), (1, 3, 5), (2, 5, 5), (2, 3, 1)], dropped=[(2, 0)])",14,8,0,SAT,/Users/fch/Python/MiniTNtk-Extension/dataset/sweep_3input/3_73/t_9,dataset/sweep_3input/3_73/t_9/run_t9.out.log,dataset/sweep_3input/3_73/t_9/run_t9.err.log
3_74,F3_074,3,5,5,SAT,238,"CG(nc=5, r=5, tr=[(2, 4, 0), (3, 4, 1), (1, 3, 2), (0, 1, 3), (0, 2, 5)])",9,5,0,SAT,/Users/fch/Python/MiniTNtk-Extension/dataset/sweep_3input/3_74/t_5,dataset/sweep_3input/3_74/t_5/run_t5.out.log,dataset/sweep_3input/3_74/t_5/run_t5.err.log
3_75,F3_075,3,6,7,SAT,333,"CG(nc=5, r=6, tr=[(1, 4, 0), (0, 3, 1), (2, 3, 2), (2, 4, 3), (1, 2, 4), (0, 1, 5)])",12,6,0,SAT,/Users/fch/Python/MiniTNtk-Extension/dataset/sweep_3input/3_75/t_6,dataset/sweep_3input/3_75/t_6/run_t6.out.log,dataset/sweep_3input/3_75/t_6/run_t6.err.log
3_75,F3_075,3,7,7,SAT,382,"CG(nc=5, r=6, tr=[(1, 2, 1), (2, 4, 2), (0, 1, 3), (3, 4, 4), (0, 3, 5), (3, 4, 0)], dropped=[(0, 0)])",12,6,0,SAT,/Users/fch/Python/MiniTNtk-Extension/dataset/sweep_3input/3_75/t_7,dataset/sweep_3input/3_75/t_7/run_t7.out.log,dataset/sweep_3input/3_75/t_7/run_t7.err.log
3_76,F3_076,3,3,4,SAT,212,"CG(nc=3, r=3, tr=[(1, 2, 1), (0, 1, 3), (0, 1, 5)])",7,3,0,SAT,/Users/fch/Python/MiniTNtk-Extension/dataset/sweep_3input/3_76/t_3,dataset/sweep_3input/3_76/t_3/run_t3.out.log,dataset/sweep_3input/3_76/t_3/run_t3.err.log
3_76,F3_076,3,4,4,SAT,220,"CG(nc=4, r=4, tr=[(1, 3, 1), (0, 1, 3), (0, 1, 5), (1, 2, 5)])",8,4,0,SAT,/Users/fch/Python/MiniTNtk-Extension/dataset/sweep_3input/3_76/t_4,dataset/sweep_3input/3_76/t_4/run_t4.out.log,dataset/sweep_3input/3_76/t_4/run_t4.err.log
3_77,F3_077,3,3,6,UNSAT,719,"CG(nc=4, r=5, tr=[(0, 1, 1), (1, 3, 3), (2, 3, 5), (0, 2, 1), (0, 1, 5)])",9,5,0,SAT,/Users/fch/Python/MiniTNtk-Extension/dataset/sweep_3input/3_77/t_3,dataset/sweep_3input/3_77/t_3/run_t3.out.log,dataset/sweep_3input/3_77/t_3/run_t3.err.log
3_77,F3_077,3,4,6,UNSAT,460,"CG(nc=4, r=5, tr=[(0, 1, 1), (1, 3, 3), (2, 3, 5), (0, 2, 1), (0, 1, 5)])",9,5,0,SAT,/Users/fch/Python/MiniTNtk-Extension/dataset/sweep_3input/3_77/t_4,dataset/sweep_3input/3_77/t_4/run_t4.out.log,dataset/sweep_3input/3_77/t_4/run_t4.err.log
3_77,F3_077,3,5,6,SAT,244,"CG(nc=4, r=5, tr=[(0, 1, 1), (1, 3, 3), (2, 3, 5), (0, 2, 1), (0, 1, 5)])",9,5,0,SAT,/Users/fch/Python/MiniTNtk-Extension/dataset/sweep_3input/3_77/t_5,dataset/sweep_3input/3_77/t_5/run_t5.out.log,dataset/sweep_3input/3_77/t_5/run_t5.err.log
3_77,F3_077,3,6,6,SAT,320,"CG(nc=4, r=6, tr=[(0, 1, 1), (1, 3, 3), (1, 3, 5), (0, 2, 5), (2, 3, 3), (1, 2, 3)])",10,6,0,SAT,/Users/fch/Python/MiniTNtk-Extension/dataset/sweep_3input/3_77/t_6,dataset/sweep_3input/3_77/t_6/run_t6.out.log,dataset/sweep_3input/3_77/t_6/run_t6.err.log
3_78,F3_078,3,4,4,SAT,207,"CG(nc=4, r=4, tr=[(2, 3, 0), (1, 3, 1), (0, 1, 3), (0, 2, 5)])",8,4,0,SAT,/Users/fch/Python/MiniTNtk-Extension/dataset/sweep_3input/3_78/t_4,dataset/sweep_3input/3_78/t_4/run_t4.out.log,dataset/sweep_3input/3_78/t_4/run_t4.err.log
3_79,F3_079,3,3,3,SAT,203,"CG(nc=3, r=3, tr=[(1, 2, 1), (0, 1, 3), (0, 2, 5)])",7,3,0,SAT,/Users/fch/Python/MiniTNtk-Extension/dataset/sweep_3input/3_79/t_3,dataset/sweep_3input/3_79/t_3/run_t3.out.log,dataset/sweep_3input/3_79/t_3/run_t3.err.log
3_80,F3_080,3,2,2,SAT,194,"CG(nc=3, r=2, tr=[(1, 2, 1), (0, 1, 2)])",4,2,0,SAT,/Users/fch/Python/MiniTNtk-Extension/dataset/sweep_3input/3_80/t_2,dataset/sweep_3input/3_80/t_2/run_t2.out.log,dataset/sweep_3input/3_80/t_2/run_t2.err.log
3_81,F3_081,3,3,4,SAT,449,"CG(nc=3, r=3, tr=[(0, 1, 2), (1, 2, 3), (0, 1, 4)])",7,3,0,SAT,/Users/fch/Python/MiniTNtk-Extension/dataset/sweep_3input/3_81/t_3,dataset/sweep_3input/3_81/t_3/run_t3.out.log,dataset/sweep_3input/3_81/t_3/run_t3.err.log
3_81,F3_081,3,4,4,SAT,235,"CG(nc=3, r=4, tr=[(0, 1, 2), (1, 2, 3), (0, 1, 4), (0, 1, 2)])",8,4,0,SAT,/Users/fch/Python/MiniTNtk-Extension/dataset/sweep_3input/3_81/t_4,dataset/sweep_3input/3_81/t_4/run_t4.out.log,dataset/sweep_3input/3_81/t_4/run_t4.err.log
3_82,F3_082,3,5,5,SAT,253,"CG(nc=5, r=5, tr=[(1, 2, 0), (3, 4, 2), (0, 3, 3), (2, 4, 4), (0, 1, 5)])",11,5,0,SAT,/Users/fch/Python/MiniTNtk-Extension/dataset/sweep_3input/3_82/t_5,dataset/sweep_3input/3_82/t_5/run_t5.out.log,dataset/sweep_3input/3_82/t_5/run_t5.err.log
3_83,F3_083,3,4,4,SAT,311,"CG(nc=4, r=4, tr=[(1, 3, 2), (0, 1, 3), (2, 3, 4), (0, 2, 5)])",10,4,0,SAT,/Users/fch/Python/MiniTNtk-Extension/dataset/sweep_3input/3_83/t_4,dataset/sweep_3input/3_83/t_4/run_t4.out.log,dataset/sweep_3input/3_83/t_4/run_t4.err.log
3_84,F3_084,3,3,4,SAT,208,"CG(nc=3, r=3, tr=[(1, 2, 1), (1, 2, 2), (0, 1, 3)])",5,3,0,SAT,/Users/fch/Python/MiniTNtk-Extension/dataset/sweep_3input/3_84/t_3,dataset/sweep_3input/3_84/t_3/run_t3.out.log,dataset/sweep_3input/3_84/t_3/run_t3.err.log
3_84,F3_084,3,4,4,SAT,283,"CG(nc=4, r=4, tr=[(1, 3, 1), (1, 3, 2), (0, 1, 3), (1, 2, 3)])",6,4,0,SAT,/Users/fch/Python/MiniTNtk-Extension/dataset/sweep_3input/3_84/t_4,dataset/sweep_3input/3_84/t_4/run_t4.out.log,dataset/sweep_3input/3_84/t_4/run_t4.err.log
3_85,F3_085,3,1,1,SAT,189,"CG(nc=2, r=1, tr=[(0, 1, 1)])",3,1,0,SAT,/Users/fch/Python/MiniTNtk-Extension/dataset/sweep_3input/3_85/t_1,dataset/sweep_3input/3_85/t_1/run_t1.out.log,dataset/sweep_3input/3_85/t_1/run_t1.err.log
3_86,F3_086,3,6,7,SAT,346,"CG(nc=5, r=6, tr=[(0, 1, 0), (3, 4, 1), (3, 4, 2), (0, 3, 3), (2, 4, 4), (1, 2, 5)])",12,6,0,SAT,/Users/fch/Python/MiniTNtk-Extension/dataset/sweep_3input/3_86/t_6,dataset/sweep_3input/3_86/t_6/run_t6.out.log,dataset/sweep_3input/3_86/t_6/run_t6.err.log
3_86,F3_086,3,7,7,SAT,392,"CG(nc=6, r=7, tr=[(1, 5, 0), (3, 5, 1), (3, 5, 2), (0, 3, 3), (0, 4, 4), (0, 2, 5), (1, 4, 5)])",13,7,0,SAT,/Users/fch/Python/MiniTNtk-Extension/dataset/sweep_3input/3_86/t_7,dataset/sweep_3input/3_86/t_7/run_t7.out.log,dataset/sweep_3input/3_86/t_7/run_t7.err.log
3_87,F3_087,3,3,3,SAT,211,"CG(nc=3, r=3, tr=[(0, 2, 3), (1, 2, 4), (0, 1, 5)])",9,3,0,SAT,/Users/fch/Python/MiniTNtk-Extension/dataset/sweep_3input/3_87/t_3,dataset/sweep_3input/3_87/t_3/run_t3.out.log,dataset/sweep_3input/3_87/t_3/run_t3.err.log
3_88,F3_088,3,5,5,SAT,241,"CG(nc=5, r=5, tr=[(1, 4, 0), (0, 3, 1), (2, 4, 2), (0, 2, 3), (1, 3, 5)])",9,5,0,SAT,/Users/fch/Python/MiniTNtk-Extension/dataset/sweep_3input/3_88/t_5,dataset/sweep_3input/3_88/t_5/run_t5.out.log,dataset/sweep_3input/3_88/t_5/run_t5.err.log
3_89,F3_089,3,6,7,SAT,297,"CG(nc=5, r=6, tr=[(0, 1, 0), (3, 4, 1), (0, 2, 2), (2, 4, 3), (0, 2, 4), (1, 3, 5)])",12,6,0,SAT,/Users/fch/Python/MiniTNtk-Extension/dataset/sweep_3input/3_89/t_6,dataset/sweep_3input/3_89/t_6/run_t6.out.log,dataset/sweep_3input/3_89/t_6/run_t6.err.log
3_89,F3_089,3,7,7,SAT,338,"CG(nc=6, r=7, tr=[(1, 5, 0), (0, 3, 1), (3, 4, 2), (4, 5, 3), (0, 4, 4), (0, 2, 5), (1, 3, 5)])",13,7,0,SAT,/Users/fch/Python/MiniTNtk-Extension/dataset/sweep_3input/3_89/t_7,dataset/sweep_3input/3_89/t_7/run_t7.out.log,dataset/sweep_3input/3_89/t_7/run_t7.err.log
3_90,F3_090,3,4,4,SAT,249,"CG(nc=4, r=4, tr=[(2, 3, 0), (1, 3, 1), (0, 1, 2), (0, 2, 3)])",8,4,0,SAT,/Users/fch/Python/MiniTNtk-Extension/dataset/sweep_3input/3_90/t_4,dataset/sweep_3input/3_90/t_4/run_t4.out.log,dataset/sweep_3input/3_90/t_4/run_t4.err.log
3_91,F3_091,3,5,6,SAT,254,"CG(nc=4, r=5, tr=[(2, 3, 0), (0, 1, 2), (1, 3, 3), (0, 1, 4), (0, 2, 5)])",11,5,0,SAT,/Users/fch/Python/MiniTNtk-Extension/dataset/sweep_3input/3_91/t_5,dataset/sweep_3input/3_91/t_5/run_t5.out.log,dataset/sweep_3input/3_91/t_5/run_t5.err.log
3_91,F3_091,3,6,6,SAT,282,"CG(nc=5, r=6, tr=[(2, 4, 0), (0, 3, 2), (3, 4, 3), (0, 3, 4), (0, 2, 5), (1, 2, 5)])",12,6,0,SAT,/Users/fch/Python/MiniTNtk-Extension/dataset/sweep_3input/3_91/t_6,dataset/sweep_3input/3_91/t_6/run_t6.out.log,dataset/sweep_3input/3_91/t_6/run_t6.err.log
3_92,F3_092,3,4,4,SAT,212,"CG(nc=4, r=4, tr=[(2, 3, 1), (1, 3, 2), (0, 1, 3), (0, 2, 5)])",8,4,0,SAT,/Users/fch/Python/MiniTNtk-Extension/dataset/sweep_3input/3_92/t_4,dataset/sweep_3input/3_92/t_4/run_t4.out.log,dataset/sweep_3input/3_92/t_4/run_t4.err.log
3_93,F3_093,3,3,3,SAT,198,"CG(nc=3, r=3, tr=[(1, 2, 1), (0, 2, 3), (0, 1, 5)])",7,3,0,SAT,/Users/fch/Python/MiniTNtk-Extension/dataset/sweep_3input/3_93/t_3,dataset/sweep_3input/3_93/t_3/run_t3.out.log,dataset/sweep_3input/3_93/t_3/run_t3.err.log
3_94,F3_094,3,5,6,SAT,246,"CG(nc=4, r=5, tr=[(1, 3, 0), (0, 2, 1), (0, 2, 2), (2, 3, 3), (0, 1, 5)])",9,5,0,SAT,/Users/fch/Python/MiniTNtk-Extension/dataset/sweep_3input/3_94/t_5,dataset/sweep_3input/3_94/t_5/run_t5.out.log,dataset/sweep_3input/3_94/t_5/run_t5.err.log
3_94,F3_094,3,6,6,SAT,324,"CG(nc=3, r=6, tr=[(1, 2, 0), (1, 2, 1), (1, 2, 2), (0, 1, 3), (0, 1, 5), (0, 1, 3)])",10,6,0,SAT,/Users/fch/Python/MiniTNtk-Extension/dataset/sweep_3input/3_94/t_6,dataset/sweep_3input/3_94/t_6/run_t6.out.log,dataset/sweep_3input/3_94/t_6/run_t6.err.log
3_95,F3_095,3,2,2,SAT,192,"CG(nc=2, r=2, tr=[(0, 1, 2), (0, 1, 3)])",6,2,0,SAT,/Users/fch/Python/MiniTNtk-Extension/dataset/sweep_3input/3_95/t_2,dataset/sweep_3input/3_95/t_2/run_t2.out.log,dataset/sweep_3input/3_95/t_2/run_t2.err.log
3_96,F3_096,3,5,6,SAT,235,"CG(nc=5, r=5, tr=[(1, 2, 0), (0, 3, 1), (1, 4, 2), (1, 3, 3), (0, 2, 4)])",9,5,0,SAT,/Users/fch/Python/MiniTNtk-Extension/dataset/sweep_3input/3_96/t_5,dataset/sweep_3input/3_96/t_5/run_t5.out.log,dataset/sweep_3input/3_96/t_5/run_t5.err.log
3_96,F3_096,3,6,6,SAT,260,"CG(nc=5, r=6, tr=[(0, 1, 0), (2, 3, 1), (2, 4, 2), (0, 3, 3), (1, 2, 4), (0, 3, 4)])",10,6,0,SAT,/Users/fch/Python/MiniTNtk-Extension/dataset/sweep_3input/3_96/t_6,dataset/sweep_3input/3_96/t_6/run_t6.out.log,dataset/sweep_3input/3_96/t_6/run_t6.err.log
3_97,F3_097,3,6,9,UNSAT,594,"CG(nc=6, r=7, tr=[(1, 5, 0), (3, 4, 1), (0, 4, 2), (3, 5, 3), (1, 4, 4), (0, 2, 5), (2, 3, 4)])",13,7,0,SAT,/Users/fch/Python/MiniTNtk-Extension/dataset/sweep_3input/3_97/t_6,dataset/sweep_3input/3_97/t_6/run_t6.out.log,dataset/sweep_3input/3_97/t_6/run_t6.err.log
3_97,F3_097,3,7,9,SAT,400,"CG(nc=6, r=7, tr=[(1, 5, 0), (3, 4, 1), (0, 4, 2), (3, 5, 3), (1, 4, 4), (0, 2, 5), (2, 3, 4)])",13,7,0,SAT,/Users/fch/Python/MiniTNtk-Extension/dataset/sweep_3input/3_97/t_7,dataset/sweep_3input/3_97/t_7/run_t7.out.log,dataset/sweep_3input/3_97/t_7/run_t7.err.log
3_97,F3_097,3,8,9,SAT,377,"CG(nc=7, r=8, tr=[(1, 2, 0), (3, 6, 1), (2, 6, 2), (0, 5, 3), (0, 1, 4), (4, 5, 5), (2, 5, 1), (4, 6, 4)])",14,8,0,SAT,/Users/fch/Python/MiniTNtk-Extension/dataset/sweep_3input/3_97/t_8,dataset/sweep_3input/3_97/t_8/run_t8.out.log,dataset/sweep_3input/3_97/t_8/run_t8.err.log
3_97,F3_097,3,9,9,SAT,451,"CG(nc=9, r=9, tr=[(0, 1, 0), (2, 3, 1), (3, 8, 2), (0, 2, 3), (1, 3, 4), (5, 6, 5), (7, 8, 4), (0, 4, 1), (2, 7, 5)])",15,9,0,SAT,/Users/fch/Python/MiniTNtk-Extension/dataset/sweep_3input/3_97/t_9,dataset/sweep_3input/3_97/t_9/run_t9.out.log,dataset/sweep_3input/3_97/t_9/run_t9.err.log
3_98,F3_098,3,5,5,SAT,230,"CG(nc=5, r=5, tr=[(2, 4, 0), (0, 3, 1), (1, 4, 2), (1, 3, 3), (0, 2, 4)])",9,5,0,SAT,/Users/fch/Python/MiniTNtk-Extension/dataset/sweep_3input/3_98/t_5,dataset/sweep_3input/3_98/t_5/run_t5.out.log,dataset/sweep_3input/3_98/t_5/run_t5.err.log
3_99,F3_099,3,6,7,SAT,324,"CG(nc=4, r=6, tr=[(0, 1, 0), (0, 1, 1), (2, 3, 2), (1, 2, 3), (1, 3, 4), (0, 2, 5)])",12,6,0,SAT,/Users/fch/Python/MiniTNtk-Extension/dataset/sweep_3input/3_99/t_6,dataset/sweep_3input/3_99/t_6/run_t6.out.log,dataset/sweep_3input/3_99/t_6/run_t6.err.log
3_99,F3_099,3,7,7,SAT,341,"CG(nc=5, r=6, tr=[(0, 1, 0), (2, 3, 1), (3, 4, 2), (0, 2, 3), (1, 4, 4), (0, 1, 5)], dropped=[(1, 2)])",12,6,0,SAT,/Users/fch/Python/MiniTNtk-Extension/dataset/sweep_3input/3_99/t_7,dataset/sweep_3input/3_99/t_7/run_t7.out.log,dataset/sweep_3input/3_99/t_7/run_t7.err.log
3_100,F3_100,3,5,5,SAT,229,"CG(nc=5, r=5, tr=[(1, 4, 0), (3, 4, 1), (0, 2, 2), (0, 3, 3), (1, 2, 4)])",9,5,0,SAT,/Users/fch/Python/MiniTNtk-Extension/dataset/sweep_3input/3_100/t_5,dataset/sweep_3input/3_100/t_5/run_t5.out.log,dataset/sweep_3input/3_100/t_5/run_t5.err.log
3_101,F3_101,3,6,7,SAT,289,"CG(nc=5, r=6, tr=[(2, 4, 0), (0, 3, 1), (1, 2, 2), (3, 4, 3), (0, 1, 4), (1, 3, 5)])",12,6,0,SAT,/Users/fch/Python/MiniTNtk-Extension/dataset/sweep_3input/3_101/t_6,dataset/sweep_3input/3_101/t_6/run_t6.out.log,dataset/sweep_3input/3_101/t_6/run_t6.err.log
3_101,F3_101,3,7,7,SAT,342,"CG(nc=5, r=6, tr=[(0, 1, 0), (0, 2, 1), (1, 3, 2), (2, 4, 3), (3, 4, 4), (0, 2, 5)], dropped=[(4, 1)])",12,6,0,SAT,/Users/fch/Python/MiniTNtk-Extension/dataset/sweep_3input/3_101/t_7,dataset/sweep_3input/3_101/t_7/run_t7.out.log,dataset/sweep_3input/3_101/t_7/run_t7.err.log
3_102,F3_102,3,4,4,SAT,268,"CG(nc=4, r=4, tr=[(2, 3, 0), (1, 3, 1), (0, 1, 2), (0, 2, 3)])",8,4,0,SAT,/Users/fch/Python/MiniTNtk-Extension/dataset/sweep_3input/3_102/t_4,dataset/sweep_3input/3_102/t_4/run_t4.out.log,dataset/sweep_3input/3_102/t_4/run_t4.err.log
3_103,F3_103,3,5,6,SAT,272,"CG(nc=4, r=5, tr=[(0, 1, 0), (2, 3, 1), (0, 2, 3), (1, 3, 4), (0, 1, 5)])",11,5,0,SAT,/Users/fch/Python/MiniTNtk-Extension/dataset/sweep_3input/3_103/t_5,dataset/sweep_3input/3_103/t_5/run_t5.out.log,dataset/sweep_3input/3_103/t_5/run_t5.err.log
3_103,F3_103,3,6,6,SAT,294,"CG(nc=4, r=6, tr=[(0, 1, 0), (2, 3, 1), (0, 2, 3), (1, 3, 4), (0, 1, 5), (0, 1, 5)])",12,6,0,SAT,/Users/fch/Python/MiniTNtk-Extension/dataset/sweep_3input/3_103/t_6,dataset/sweep_3input/3_103/t_6/run_t6.out.log,dataset/sweep_3input/3_103/t_6/run_t6.err.log
3_104,F3_104,3,6,9,UNSAT,613,"CG(nc=6, r=7, tr=[(1, 2, 0), (0, 2, 1), (4, 5, 2), (2, 4, 3), (3, 4, 4), (1, 5, 5), (0, 3, 0)])",13,7,0,SAT,/Users/fch/Python/MiniTNtk-Extension/dataset/sweep_3input/3_104/t_6,dataset/sweep_3input/3_104/t_6/run_t6.out.log,dataset/sweep_3input/3_104/t_6/run_t6.err.log
3_104,F3_104,3,7,9,SAT,387,"CG(nc=6, r=7, tr=[(1, 2, 0), (0, 2, 1), (4, 5, 2), (2, 4, 3), (3, 4, 4), (1, 5, 5), (0, 3, 0)])",13,7,0,SAT,/Users/fch/Python/MiniTNtk-Extension/dataset/sweep_3input/3_104/t_7,dataset/sweep_3input/3_104/t_7/run_t7.out.log,dataset/sweep_3input/3_104/t_7/run_t7.err.log
3_104,F3_104,3,8,9,SAT,393,"CG(nc=6, r=8, tr=[(0, 1, 0), (2, 5, 1), (0, 4, 2), (2, 4, 3), (3, 4, 4), (1, 2, 5), (3, 5, 0), (0, 2, 4)])",14,8,0,SAT,/Users/fch/Python/MiniTNtk-Extension/dataset/sweep_3input/3_104/t_8,dataset/sweep_3input/3_104/t_8/run_t8.out.log,dataset/sweep_3input/3_104/t_8/run_t8.err.log
3_104,F3_104,3,9,9,SAT,505,"CG(nc=9, r=9, tr=[(1, 2, 0), (2, 8, 1), (4, 5, 2), (2, 6, 3), (7, 8, 4), (0, 1, 5), (0, 3, 0), (0, 6, 2), (3, 7, 2)])",15,9,0,SAT,/Users/fch/Python/MiniTNtk-Extension/dataset/sweep_3input/3_104/t_9,dataset/sweep_3input/3_104/t_9/run_t9.out.log,dataset/sweep_3input/3_104/t_9/run_t9.err.log
3_105,F3_105,3,6,12,UNSAT,1182,"CG(nc=6, r=8, tr=[(1, 2, 0), (4, 5, 1), (0, 2, 2), (2, 4, 3), (1, 5, 4), (0, 3, 5), (3, 4, 0), (1, 3, 3)])",14,8,0,SAT,/Users/fch/Python/MiniTNtk-Extension/dataset/sweep_3input/3_105/t_6,dataset/sweep_3input/3_105/t_6/run_t6.out.log,dataset/sweep_3input/3_105/t_6/run_t6.err.log
3_105,F3_105,3,7,12,UNSAT,767,"CG(nc=6, r=8, tr=[(1, 2, 0), (4, 5, 1), (0, 2, 2), (2, 4, 3), (1, 5, 4), (0, 3, 5), (3, 4, 0), (1, 3, 3)])",14,8,0,SAT,/Users/fch/Python/MiniTNtk-Extension/dataset/sweep_3input/3_105/t_7,dataset/sweep_3input/3_105/t_7/run_t7.out.log,dataset/sweep_3input/3_105/t_7/run_t7.err.log
3_105,F3_105,3,8,12,SAT,462,"CG(nc=6, r=8, tr=[(1, 2, 0), (4, 5, 1), (0, 2, 2), (2, 4, 3), (1, 5, 4), (0, 3, 5), (3, 4, 0), (1, 3, 3)])",14,8,0,SAT,/Users/fch/Python/MiniTNtk-Extension/dataset/sweep_3input/3_105/t_8,dataset/sweep_3input/3_105/t_8/run_t8.out.log,dataset/sweep_3input/3_105/t_8/run_t8.err.log
3_105,F3_105,3,9,12,SAT,502,"CG(nc=6, r=9, tr=[(0, 1, 0), (0, 2, 1), (4, 5, 2), (1, 5, 3), (1, 4, 4), (0, 4, 5), (2, 4, 3), (3, 4, 1), (3, 5, 0)])",15,9,0,SAT,/Users/fch/Python/MiniTNtk-Extension/dataset/sweep_3input/3_105/t_9,dataset/sweep_3input/3_105/t_9/run_t9.out.log,dataset/sweep_3input/3_105/t_9/run_t9.err.log
3_105,F3_105,3,10,12,SAT,626,"CG(nc=6, r=9, tr=[(0, 1, 0), (2, 5, 1), (1, 4, 2), (1, 5, 3), (1, 2, 5), (4, 5, 4), (0, 3, 1), (0, 4, 1), (0, 2, 4)], dropped=[(4, 4)])",15,9,0,SAT,/Users/fch/Python/MiniTNtk-Extension/dataset/sweep_3input/3_105/t_10,dataset/sweep_3input/3_105/t_10/run_t10.out.log,dataset/sweep_3input/3_105/t_10/run_t10.err.log
3_105,F3_105,3,11,12,SAT,806,"CG(nc=7, r=11, tr=[(0, 1, 0), (2, 6, 1), (4, 6, 2), (0, 5, 3), (1, 3, 4), (4, 5, 5), (4, 5, 1), (3, 4, 4), (1, 4, 5), (3, 6, 3), (2, 5, 0)])",17,11,0,SAT,/Users/fch/Python/MiniTNtk-Extension/dataset/sweep_3input/3_105/t_11,dataset/sweep_3input/3_105/t_11/run_t11.out.log,dataset/sweep_3input/3_105/t_11/run_t11.err.log
3_105,F3_105,3,12,12,SAT,933,"CG(nc=6, r=11, tr=[(0, 1, 0), (0, 1, 2), (1, 2, 3), (0, 2, 4), (1, 3, 5), (2, 3, 0), (3, 5, 1), (2, 3, 1), (2, 4, 4), (3, 5, 2), (3, 5, 3)], dropped=[(0, 1)])",17,11,0,SAT,/Users/fch/Python/MiniTNtk-Extension/dataset/sweep_3input/3_105/t_12,dataset/sweep_3input/3_105/t_12/run_t12.out.log,dataset/sweep_3input/3_105/t_12/run_t12.err.log
3_106,F3_106,3,6,7,SAT,331,"CG(nc=5, r=6, tr=[(0, 1, 0), (2, 3, 1), (2, 4, 2), (0, 3, 3), (1, 4, 4), (1, 4, 5)])",12,6,0,SAT,/Users/fch/Python/MiniTNtk-Extension/dataset/sweep_3input/3_106/t_6,dataset/sweep_3input/3_106/t_6/run_t6.out.log,dataset/sweep_3input/3_106/t_6/run_t6.err.log
3_106,F3_106,3,7,7,SAT,347,"CG(nc=7, r=7, tr=[(1, 6, 0), (0, 3, 1), (4, 6, 2), (2, 5, 3), (0, 1, 4), (0, 1, 5), (3, 4, 3)])",13,7,0,SAT,/Users/fch/Python/MiniTNtk-Extension/dataset/sweep_3input/3_106/t_7,dataset/sweep_3input/3_106/t_7/run_t7.out.log,dataset/sweep_3input/3_106/t_7/run_t7.err.log
3_107,F3_107,3,6,9,UNSAT,652,"CG(nc=5, r=7, tr=[(2, 4, 0), (0, 3, 1), (1, 4, 2), (1, 3, 3), (3, 4, 4), (2, 3, 5), (0, 2, 4)])",13,7,0,SAT,/Users/fch/Python/MiniTNtk-Extension/dataset/sweep_3input/3_107/t_6,dataset/sweep_3input/3_107/t_6/run_t6.out.log,dataset/sweep_3input/3_107/t_6/run_t6.err.log
3_107,F3_107,3,7,9,SAT,368,"CG(nc=5, r=7, tr=[(2, 4, 0), (0, 3, 1), (1, 4, 2), (1, 3, 3), (3, 4, 4), (2, 3, 5), (0, 2, 4)])",13,7,0,SAT,/Users/fch/Python/MiniTNtk-Extension/dataset/sweep_3input/3_107/t_7,dataset/sweep_3input/3_107/t_7/run_t7.out.log,dataset/sweep_3input/3_107/t_7/run_t7.err.log
3_107,F3_107,3,8,9,SAT,476,"CG(nc=5, r=8, tr=[(0, 1, 0), (2, 3, 1), (3, 4, 2), (0, 2, 3), (1, 4, 4), (1, 2, 5), (1, 4, 4), (2, 4, 0)])",14,8,0,SAT,/Users/fch/Python/MiniTNtk-Extension/dataset/sweep_3input/3_107/t_8,dataset/sweep_3input/3_107/t_8/run_t8.out.log,dataset/sweep_3input/3_107/t_8/run_t8.err.log
3_107,F3_107,3,9,9,SAT,530,"CG(nc=6, r=8, tr=[(1, 2, 0), (0, 3, 1), (2, 5, 2), (2, 3, 3), (0, 4, 4), (4, 5, 5), (2, 4, 0), (0, 2, 5)], dropped=[(1, 5)])",14,8,0,SAT,/Users/fch/Python/MiniTNtk-Extension/dataset/sweep_3input/3_107/t_9,dataset/sweep_3input/3_107/t_9/run_t9.out.log,dataset/sweep_3input/3_107/t_9/run_t9.err.log
3_108,F3_108,3,6,7,SAT,284,"CG(nc=5, r=6, tr=[(1, 4, 0), (0, 3, 1), (1, 2, 2), (3, 4, 3), (0, 2, 4), (1, 3, 5)])",12,6,0,SAT,/Users/fch/Python/MiniTNtk-Extension/dataset/sweep_3input/3_108/t_6,dataset/sweep_3input/3_108/t_6/run_t6.out.log,dataset/sweep_3input/3_108/t_6/run_t6.err.log
3_108,F3_108,3,7,7,SAT,367,"CG(nc=5, r=6, tr=[(1, 4, 0), (0, 3, 1), (1, 2, 2), (3, 4, 3), (0, 2, 4), (1, 3, 5)], dropped=[(0, 3)])",12,6,0,SAT,/Users/fch/Python/MiniTNtk-Extension/dataset/sweep_3input/3_108/t_7,dataset/sweep_3input/3_108/t_7/run_t7.out.log,dataset/sweep_3input/3_108/t_7/run_t7.err.log
3_109,F3_109,3,6,9,UNSAT,706,"CG(nc=5, r=7, tr=[(1, 2, 0), (0, 2, 1), (0, 2, 2), (0, 3, 3), (1, 4, 4), (1, 3, 5), (3, 4, 1)])",13,7,0,SAT,/Users/fch/Python/MiniTNtk-Extension/dataset/sweep_3input/3_109/t_6,dataset/sweep_3input/3_109/t_6/run_t6.out.log,dataset/sweep_3input/3_109/t_6/run_t6.err.log
3_109,F3_109,3,7,9,SAT,359,"CG(nc=5, r=7, tr=[(1, 2, 0), (0, 2, 1), (0, 2, 2), (0, 3, 3), (1, 4, 4), (1, 3, 5), (3, 4, 1)])",13,7,0,SAT,/Users/fch/Python/MiniTNtk-Extension/dataset/sweep_3input/3_109/t_7,dataset/sweep_3input/3_109/t_7/run_t7.out.log,dataset/sweep_3input/3_109/t_7/run_t7.err.log
3_109,F3_109,3,8,9,SAT,435,"CG(nc=5, r=8, tr=[(1, 2, 0), (2, 4, 1), (1, 4, 2), (2, 3, 3), (0, 2, 4), (3, 4, 5), (0, 3, 3), (0, 2, 5)])",14,8,0,SAT,/Users/fch/Python/MiniTNtk-Extension/dataset/sweep_3input/3_109/t_8,dataset/sweep_3input/3_109/t_8/run_t8.out.log,dataset/sweep_3input/3_109/t_8/run_t8.err.log
3_109,F3_109,3,9,9,SAT,574,"CG(nc=5, r=9, tr=[(0, 1, 0), (3, 4, 1), (2, 4, 2), (0, 3, 3), (1, 2, 4), (0, 3, 5), (1, 3, 5), (1, 4, 3), (1, 4, 3)])",15,9,0,SAT,/Users/fch/Python/MiniTNtk-Extension/dataset/sweep_3input/3_109/t_9,dataset/sweep_3input/3_109/t_9/run_t9.out.log,dataset/sweep_3input/3_109/t_9/run_t9.err.log
3_110,F3_110,3,5,6,SAT,246,"CG(nc=4, r=5, tr=[(0, 1, 0), (2, 3, 1), (0, 2, 3), (1, 3, 4), (0, 2, 5)])",11,5,0,SAT,/Users/fch/Python/MiniTNtk-Extension/dataset/sweep_3input/3_110/t_5,dataset/sweep_3input/3_110/t_5/run_t5.out.log,dataset/sweep_3input/3_110/t_5/run_t5.err.log
3_110,F3_110,3,6,6,SAT,280,"CG(nc=3, r=6, tr=[(0, 1, 0), (0, 1, 1), (1, 2, 3), (1, 2, 4), (1, 2, 5), (0, 1, 1)])",12,6,0,SAT,/Users/fch/Python/MiniTNtk-Extension/dataset/sweep_3input/3_110/t_6,dataset/sweep_3input/3_110/t_6/run_t6.out.log,dataset/sweep_3input/3_110/t_6/run_t6.err.log
3_111,F3_111,3,5,5,SAT,266,"CG(nc=4, r=5, tr=[(0, 1, 0), (2, 3, 1), (0, 2, 3), (1, 3, 4), (1, 2, 5)])",11,5,0,SAT,/Users/fch/Python/MiniTNtk-Extension/dataset/sweep_3input/3_111/t_5,dataset/sweep_3input/3_111/t_5/run_t5.out.log,dataset/sweep_3input/3_111/t_5/run_t5.err.log
3_112,F3_112,3,3,4,SAT,199,"CG(nc=3, r=3, tr=[(1, 2, 2), (0, 1, 3), (0, 1, 4)])",7,3,0,SAT,/Users/fch/Python/MiniTNtk-Extension/dataset/sweep_3input/3_112/t_3,dataset/sweep_3input/3_112/t_3/run_t3.out.log,dataset/sweep_3input/3_112/t_3/run_t3.err.log
3_112,F3_112,3,4,4,SAT,210,"CG(nc=4, r=4, tr=[(2, 3, 2), (0, 2, 3), (0, 2, 4), (0, 1, 3)])",8,4,0,SAT,/Users/fch/Python/MiniTNtk-Extension/dataset/sweep_3input/3_112/t_4,dataset/sweep_3input/3_112/t_4/run_t4.out.log,dataset/sweep_3input/3_112/t_4/run_t4.err.log
3_113,F3_113,3,3,6,UNSAT,716,"CG(nc=4, r=5, tr=[(0, 1, 2), (1, 3, 3), (1, 2, 4), (0, 1, 4), (2, 3, 2)])",9,5,0,SAT,/Users/fch/Python/MiniTNtk-Extension/dataset/sweep_3input/3_113/t_3,dataset/sweep_3input/3_113/t_3/run_t3.out.log,dataset/sweep_3input/3_113/t_3/run_t3.err.log
3_113,F3_113,3,4,6,UNSAT,464,"CG(nc=4, r=5, tr=[(0, 1, 2), (1, 3, 3), (1, 2, 4), (0, 1, 4), (2, 3, 2)])",9,5,0,SAT,/Users/fch/Python/MiniTNtk-Extension/dataset/sweep_3input/3_113/t_4,dataset/sweep_3input/3_113/t_4/run_t4.out.log,dataset/sweep_3input/3_113/t_4/run_t4.err.log
3_113,F3_113,3,5,6,SAT,301,"CG(nc=4, r=5, tr=[(0, 1, 2), (1, 3, 3), (1, 2, 4), (0, 1, 4), (2, 3, 2)])",9,5,0,SAT,/Users/fch/Python/MiniTNtk-Extension/dataset/sweep_3input/3_113/t_5,dataset/sweep_3input/3_113/t_5/run_t5.out.log,dataset/sweep_3input/3_113/t_5/run_t5.err.log
3_113,F3_113,3,6,6,SAT,272,"CG(nc=5, r=6, tr=[(1, 4, 2), (1, 3, 3), (3, 4, 4), (1, 2, 4), (0, 3, 3), (0, 1, 4)])",10,6,0,SAT,/Users/fch/Python/MiniTNtk-Extension/dataset/sweep_3input/3_113/t_6,dataset/sweep_3input/3_113/t_6/run_t6.out.log,dataset/sweep_3input/3_113/t_6/run_t6.err.log
3_114,F3_114,3,4,4,SAT,270,"CG(nc=4, r=4, tr=[(2, 3, 0), (1, 3, 2), (0, 1, 3), (0, 2, 4)])",8,4,0,SAT,/Users/fch/Python/MiniTNtk-Extension/dataset/sweep_3input/3_114/t_4,dataset/sweep_3input/3_114/t_4/run_t4.out.log,dataset/sweep_3input/3_114/t_4/run_t4.err.log
3_115,F3_115,3,3,3,SAT,202,"CG(nc=3, r=3, tr=[(1, 2, 2), (0, 1, 3), (0, 2, 4)])",7,3,0,SAT,/Users/fch/Python/MiniTNtk-Extension/dataset/sweep_3input/3_115/t_3,dataset/sweep_3input/3_115/t_3/run_t3.out.log,dataset/sweep_3input/3_115/t_3/run_t3.err.log
3_116,F3_116,3,4,4,SAT,211,"CG(nc=4, r=4, tr=[(1, 3, 1), (2, 3, 2), (0, 1, 3), (0, 2, 4)])",8,4,0,SAT,/Users/fch/Python/MiniTNtk-Extension/dataset/sweep_3input/3_116/t_4,dataset/sweep_3input/3_116/t_4/run_t4.out.log,dataset/sweep_3input/3_116/t_4/run_t4.err.log
3_117,F3_117,3,3,3,SAT,275,"CG(nc=3, r=3, tr=[(1, 2, 2), (0, 2, 3), (0, 1, 4)])",7,3,0,SAT,/Users/fch/Python/MiniTNtk-Extension/dataset/sweep_3input/3_117/t_3,dataset/sweep_3input/3_117/t_3/run_t3.out.log,dataset/sweep_3input/3_117/t_3/run_t3.err.log
3_118,F3_118,3,5,6,SAT,253,"CG(nc=4, r=5, tr=[(1, 3, 0), (2, 3, 1), (2, 3, 2), (0, 2, 3), (0, 1, 4)])",9,5,0,SAT,/Users/fch/Python/MiniTNtk-Extension/dataset/sweep_3input/3_118/t_5,dataset/sweep_3input/3_118/t_5/run_t5.out.log,dataset/sweep_3input/3_118/t_5/run_t5.err.log
3_118,F3_118,3,6,6,SAT,287,"CG(nc=5, r=6, tr=[(1, 4, 0), (3, 4, 1), (3, 4, 2), (0, 3, 3), (0, 1, 4), (0, 2, 0)])",10,6,0,SAT,/Users/fch/Python/MiniTNtk-Extension/dataset/sweep_3input/3_118/t_6,dataset/sweep_3input/3_118/t_6/run_t6.out.log,dataset/sweep_3input/3_118/t_6/run_t6.err.log
3_119,F3_119,3,2,2,SAT,202,"CG(nc=2, r=2, tr=[(0, 1, 2), (0, 1, 3)])",6,2,0,SAT,/Users/fch/Python/MiniTNtk-Extension/dataset/sweep_3input/3_119/t_2,dataset/sweep_3input/3_119/t_2/run_t2.out.log,dataset/sweep_3input/3_119/t_2/run_t2.err.log
3_120,F3_120,3,6,7,SAT,352,"CG(nc=5, r=6, tr=[(1, 4, 0), (1, 3, 1), (2, 4, 2), (0, 2, 3), (0, 2, 4), (0, 3, 5)])",12,6,0,SAT,/Users/fch/Python/MiniTNtk-Extension/dataset/sweep_3input/3_120/t_6,dataset/sweep_3input/3_120/t_6/run_t6.out.log,dataset/sweep_3input/3_120/t_6/run_t6.err.log
3_120,F3_120,3,7,7,SAT,338,"CG(nc=5, r=7, tr=[(2, 4, 0), (0, 3, 1), (0, 1, 2), (1, 4, 3), (1, 4, 4), (2, 3, 5), (0, 2, 3)])",13,7,0,SAT,/Users/fch/Python/MiniTNtk-Extension/dataset/sweep_3input/3_120/t_7,dataset/sweep_3input/3_120/t_7/run_t7.out.log,dataset/sweep_3input/3_120/t_7/run_t7.err.log
3_121,F3_121,3,6,9,UNSAT,668,"CG(nc=5, r=7, tr=[(1, 4, 0), (0, 3, 1), (2, 3, 2), (2, 4, 3), (0, 2, 4), (1, 3, 5), (3, 4, 4)])",13,7,0,SAT,/Users/fch/Python/MiniTNtk-Extension/dataset/sweep_3input/3_121/t_6,dataset/sweep_3input/3_121/t_6/run_t6.out.log,dataset/sweep_3input/3_121/t_6/run_t6.err.log
3_121,F3_121,3,7,9,SAT,362,"CG(nc=5, r=7, tr=[(1, 4, 0), (0, 3, 1), (2, 3, 2), (2, 4, 3), (0, 2, 4), (1, 3, 5), (3, 4, 4)])",13,7,0,SAT,/Users/fch/Python/MiniTNtk-Extension/dataset/sweep_3input/3_121/t_7,dataset/sweep_3input/3_121/t_7/run_t7.out.log,dataset/sweep_3input/3_121/t_7/run_t7.err.log
3_121,F3_121,3,8,9,SAT,512,"CG(nc=4, r=8, tr=[(0, 1, 0), (2, 3, 1), (0, 1, 2), (1, 3, 3), (0, 1, 4), (1, 2, 5), (2, 3, 2), (1, 2, 4)])",14,8,0,SAT,/Users/fch/Python/MiniTNtk-Extension/dataset/sweep_3input/3_121/t_8,dataset/sweep_3input/3_121/t_8/run_t8.out.log,dataset/sweep_3input/3_121/t_8/run_t8.err.log
3_121,F3_121,3,9,9,SAT,575,"CG(nc=5, r=7, tr=[(2, 4, 0), (2, 3, 1), (0, 1, 2), (1, 3, 3), (1, 4, 4), (0, 3, 5), (2, 4, 2)], dropped=[(2, 5), (2, 5)])",13,7,0,SAT,/Users/fch/Python/MiniTNtk-Extension/dataset/sweep_3input/3_121/t_9,dataset/sweep_3input/3_121/t_9/run_t9.out.log,dataset/sweep_3input/3_121/t_9/run_t9.err.log
3_122,F3_122,3,5,6,SAT,266,"CG(nc=4, r=5, tr=[(2, 3, 0), (1, 3, 2), (0, 1, 3), (0, 1, 4), (0, 2, 5)])",11,5,0,SAT,/Users/fch/Python/MiniTNtk-Extension/dataset/sweep_3input/3_122/t_5,dataset/sweep_3input/3_122/t_5/run_t5.out.log,dataset/sweep_3input/3_122/t_5/run_t5.err.log
3_122,F3_122,3,6,6,SAT,299,"CG(nc=4, r=6, tr=[(1, 3, 0), (2, 3, 2), (0, 2, 3), (0, 2, 4), (0, 1, 5), (0, 2, 5)])",12,6,0,SAT,/Users/fch/Python/MiniTNtk-Extension/dataset/sweep_3input/3_122/t_6,dataset/sweep_3input/3_122/t_6/run_t6.out.log,dataset/sweep_3input/3_122/t_6/run_t6.err.log
3_123,F3_123,3,5,5,SAT,277,"CG(nc=4, r=5, tr=[(1, 3, 0), (0, 2, 2), (2, 3, 3), (0, 3, 4), (0, 1, 5)])",11,5,0,SAT,/Users/fch/Python/MiniTNtk-Extension/dataset/sweep_3input/3_123/t_5,dataset/sweep_3input/3_123/t_5/run_t5.out.log,dataset/sweep_3input/3_123/t_5/run_t5.err.log
3_124,F3_124,3,5,6,SAT,255,"CG(nc=4, r=5, tr=[(2, 3, 1), (1, 3, 2), (0, 1, 3), (0, 1, 4), (0, 2, 5)])",11,5,0,SAT,/Users/fch/Python/MiniTNtk-Extension/dataset/sweep_3input/3_124/t_5,dataset/sweep_3input/3_124/t_5/run_t5.out.log,dataset/sweep_3input/3_124/t_5/run_t5.err.log
3_124,F3_124,3,6,6,SAT,401,"CG(nc=3, r=6, tr=[(1, 2, 1), (1, 2, 2), (0, 1, 3), (0, 1, 4), (0, 1, 5), (0, 1, 3)])",12,6,0,SAT,/Users/fch/Python/MiniTNtk-Extension/dataset/sweep_3input/3_124/t_6,dataset/sweep_3input/3_124/t_6/run_t6.out.log,dataset/sweep_3input/3_124/t_6/run_t6.err.log
3_125,F3_125,3,5,5,SAT,276,"CG(nc=4, r=5, tr=[(1, 3, 1), (2, 3, 2), (0, 3, 3), (0, 2, 4), (0, 1, 5)])",11,5,0,SAT,/Users/fch/Python/MiniTNtk-Extension/dataset/sweep_3input/3_125/t_5,dataset/sweep_3input/3_125/t_5/run_t5.out.log,dataset/sweep_3input/3_125/t_5/run_t5.err.log
3_126,F3_126,3,6,6,SAT,406,"CG(nc=4, r=6, tr=[(1, 3, 0), (0, 2, 1), (0, 2, 2), (2, 3, 3), (2, 3, 4), (0, 1, 5)])",12,6,0,SAT,/Users/fch/Python/MiniTNtk-Extension/dataset/sweep_3input/3_126/t_6,dataset/sweep_3input/3_126/t_6/run_t6.out.log,dataset/sweep_3input/3_126/t_6/run_t6.err.log
3_127,F3_127,3,3,3,SAT,207,"CG(nc=2, r=3, tr=[(0, 1, 3), (0, 1, 4), (0, 1, 5)])",9,3,0,SAT,/Users/fch/Python/MiniTNtk-Extension/dataset/sweep_3input/3_127/t_3,dataset/sweep_3input/3_127/t_3/run_t3.out.log,dataset/sweep_3input/3_127/t_3/run_t3.err.log
3_128,F3_128,3,3,3,SAT,216,"CG(nc=4, r=3, tr=[(0, 1, 0), (2, 3, 1), (1, 2, 2)])",3,3,0,SAT,/Users/fch/Python/MiniTNtk-Extension/dataset/sweep_3input/3_128/t_3,dataset/sweep_3input/3_128/t_3/run_t3.out.log,dataset/sweep_3input/3_128/t_3/run_t3.err.log
3_129,F3_129,3,6,6,SAT,325,"CG(nc=6, r=6, tr=[(2, 5, 0), (0, 3, 1), (2, 3, 2), (4, 5, 3), (1, 4, 4), (0, 1, 5)])",12,6,0,SAT,/Users/fch/Python/MiniTNtk-Extension/dataset/sweep_3input/3_129/t_6,dataset/sweep_3input/3_129/t_6/run_t6.out.log,dataset/sweep_3input/3_129/t_6/run_t6.err.log
3_130,F3_130,3,5,6,SAT,258,"CG(nc=4, r=5, tr=[(1, 2, 0), (0, 2, 1), (1, 3, 2), (1, 3, 4), (0, 2, 5)])",9,5,0,SAT,/Users/fch/Python/MiniTNtk-Extension/dataset/sweep_3input/3_130/t_5,dataset/sweep_3input/3_130/t_5/run_t5.out.log,dataset/sweep_3input/3_130/t_5/run_t5.err.log
3_130,F3_130,3,6,6,SAT,355,"CG(nc=6, r=6, tr=[(2, 5, 0), (2, 3, 1), (0, 3, 2), (2, 4, 4), (0, 4, 5), (1, 4, 1)])",10,6,0,SAT,/Users/fch/Python/MiniTNtk-Extension/dataset/sweep_3input/3_130/t_6,dataset/sweep_3input/3_130/t_6/run_t6.out.log,dataset/sweep_3input/3_130/t_6/run_t6.err.log
3_131,F3_131,3,5,5,SAT,241,"CG(nc=5, r=5, tr=[(0, 1, 0), (1, 2, 1), (2, 4, 2), (3, 4, 4), (0, 3, 5)])",9,5,0,SAT,/Users/fch/Python/MiniTNtk-Extension/dataset/sweep_3input/3_131/t_5,dataset/sweep_3input/3_131/t_5/run_t5.out.log,dataset/sweep_3input/3_131/t_5/run_t5.err.log
3_132,F3_132,3,5,6,SAT,374,"CG(nc=5, r=5, tr=[(1, 4, 0), (0, 3, 1), (1, 3, 2), (2, 4, 3), (2, 3, 5)])",9,5,0,SAT,/Users/fch/Python/MiniTNtk-Extension/dataset/sweep_3input/3_132/t_5,dataset/sweep_3input/3_132/t_5/run_t5.out.log,dataset/sweep_3input/3_132/t_5/run_t5.err.log
3_132,F3_132,3,6,6,SAT,279,"CG(nc=5, r=6, tr=[(0, 1, 0), (2, 4, 1), (1, 2, 2), (1, 2, 3), (1, 3, 5), (0, 1, 5)])",10,6,0,SAT,/Users/fch/Python/MiniTNtk-Extension/dataset/sweep_3input/3_132/t_6,dataset/sweep_3input/3_132/t_6/run_t6.out.log,dataset/sweep_3input/3_132/t_6/run_t6.err.log
3_133,F3_133,3,5,5,SAT,238,"CG(nc=5, r=5, tr=[(0, 1, 0), (1, 2, 1), (2, 4, 2), (3, 4, 3), (0, 3, 5)])",9,5,0,SAT,/Users/fch/Python/MiniTNtk-Extension/dataset/sweep_3input/3_133/t_5,dataset/sweep_3input/3_133/t_5/run_t5.out.log,dataset/sweep_3input/3_133/t_5/run_t5.err.log
3_134,F3_134,3,6,9,UNSAT,646,"CG(nc=5, r=7, tr=[(2, 4, 0), (2, 3, 1), (0, 3, 2), (1, 2, 3), (1, 2, 4), (3, 4, 5), (0, 1, 5)])",13,7,0,SAT,/Users/fch/Python/MiniTNtk-Extension/dataset/sweep_3input/3_134/t_6,dataset/sweep_3input/3_134/t_6/run_t6.out.log,dataset/sweep_3input/3_134/t_6/run_t6.err.log
3_134,F3_134,3,7,9,SAT,353,"CG(nc=5, r=7, tr=[(2, 4, 0), (2, 3, 1), (0, 3, 2), (1, 2, 3), (1, 2, 4), (3, 4, 5), (0, 1, 5)])",13,7,0,SAT,/Users/fch/Python/MiniTNtk-Extension/dataset/sweep_3input/3_134/t_7,dataset/sweep_3input/3_134/t_7/run_t7.out.log,dataset/sweep_3input/3_134/t_7/run_t7.err.log
3_134,F3_134,3,8,9,SAT,376,"CG(nc=6, r=8, tr=[(1, 5, 0), (3, 4, 1), (1, 4, 2), (3, 5, 3), (1, 4, 4), (0, 4, 5), (0, 3, 0), (0, 2, 5)])",14,8,0,SAT,/Users/fch/Python/MiniTNtk-Extension/dataset/sweep_3input/3_134/t_8,dataset/sweep_3input/3_134/t_8/run_t8.out.log,dataset/sweep_3input/3_134/t_8/run_t8.err.log
3_134,F3_134,3,9,9,SAT,454,"CG(nc=6, r=8, tr=[(0, 2, 1), (2, 3, 2), (2, 3, 3), (0, 4, 4), (3, 4, 5), (4, 5, 1), (3, 5, 0), (0, 1, 3)], dropped=[(5, 0)])",14,8,0,SAT,/Users/fch/Python/MiniTNtk-Extension/dataset/sweep_3input/3_134/t_9,dataset/sweep_3input/3_134/t_9/run_t9.out.log,dataset/sweep_3input/3_134/t_9/run_t9.err.log
3_135,F3_135,3,6,7,SAT,284,"CG(nc=4, r=6, tr=[(0, 1, 0), (1, 2, 1), (2, 3, 2), (2, 3, 3), (2, 3, 4), (0, 2, 5)])",12,6,0,SAT,/Users/fch/Python/MiniTNtk-Extension/dataset/sweep_3input/3_135/t_6,dataset/sweep_3input/3_135/t_6/run_t6.out.log,dataset/sweep_3input/3_135/t_6/run_t6.err.log
3_135,F3_135,3,7,7,SAT,339,"CG(nc=6, r=7, tr=[(0, 1, 0), (1, 2, 1), (2, 5, 2), (0, 4, 3), (3, 5, 4), (0, 3, 5), (4, 5, 5)])",13,7,0,SAT,/Users/fch/Python/MiniTNtk-Extension/dataset/sweep_3input/3_135/t_7,dataset/sweep_3input/3_135/t_7/run_t7.out.log,dataset/sweep_3input/3_135/t_7/run_t7.err.log
3_136,F3_136,3,2,2,SAT,256,"CG(nc=3, r=2, tr=[(1, 2, 0), (0, 1, 1)])",2,2,0,SAT,/Users/fch/Python/MiniTNtk-Extension/dataset/sweep_3input/3_136/t_2,dataset/sweep_3input/3_136/t_2/run_t2.out.log,dataset/sweep_3input/3_136/t_2/run_t2.err.log
3_137,F3_137,3,5,5,SAT,299,"CG(nc=5, r=5, tr=[(0, 1, 0), (1, 4, 1), (2, 3, 3), (3, 4, 4), (0, 2, 5)])",11,5,0,SAT,/Users/fch/Python/MiniTNtk-Extension/dataset/sweep_3input/3_137/t_5,dataset/sweep_3input/3_137/t_5/run_t5.out.log,dataset/sweep_3input/3_137/t_5/run_t5.err.log
3_138,F3_138,3,3,4,SAT,200,"CG(nc=3, r=3, tr=[(1, 2, 0), (0, 1, 1), (0, 1, 5)])",5,3,0,SAT,/Users/fch/Python/MiniTNtk-Extension/dataset/sweep_3input/3_138/t_3,dataset/sweep_3input/3_138/t_3/run_t3.out.log,dataset/sweep_3input/3_138/t_3/run_t3.err.log
3_138,F3_138,3,4,4,SAT,209,"CG(nc=4, r=4, tr=[(1, 3, 0), (0, 1, 1), (0, 1, 5), (0, 2, 0)])",6,4,0,SAT,/Users/fch/Python/MiniTNtk-Extension/dataset/sweep_3input/3_138/t_4,dataset/sweep_3input/3_138/t_4/run_t4.out.log,dataset/sweep_3input/3_138/t_4/run_t4.err.log
3_139,F3_139,3,4,4,SAT,230,"CG(nc=4, r=4, tr=[(1, 3, 0), (0, 1, 1), (2, 3, 4), (0, 2, 5)])",8,4,0,SAT,/Users/fch/Python/MiniTNtk-Extension/dataset/sweep_3input/3_139/t_4,dataset/sweep_3input/3_139/t_4/run_t4.out.log,dataset/sweep_3input/3_139/t_4/run_t4.err.log
3_140,F3_140,3,3,4,SAT,223,"CG(nc=3, r=3, tr=[(0, 1, 0), (1, 2, 1), (0, 1, 5)])",5,3,0,SAT,/Users/fch/Python/MiniTNtk-Extension/dataset/sweep_3input/3_140/t_3,dataset/sweep_3input/3_140/t_3/run_t3.out.log,dataset/sweep_3input/3_140/t_3/run_t3.err.log
3_140,F3_140,3,4,4,SAT,285,"CG(nc=3, r=4, tr=[(0, 1, 0), (1, 2, 1), (0, 1, 5), (0, 1, 0)])",6,4,0,SAT,/Users/fch/Python/MiniTNtk-Extension/dataset/sweep_3input/3_140/t_4,dataset/sweep_3input/3_140/t_4/run_t4.out.log,dataset/sweep_3input/3_140/t_4/run_t4.err.log
3_141,F3_141,3,4,4,SAT,316,"CG(nc=4, r=4, tr=[(1, 3, 0), (0, 1, 1), (2, 3, 3), (0, 2, 5)])",8,4,0,SAT,/Users/fch/Python/MiniTNtk-Extension/dataset/sweep_3input/3_141/t_4,dataset/sweep_3input/3_141/t_4/run_t4.out.log,dataset/sweep_3input/3_141/t_4/run_t4.err.log
3_142,F3_142,3,3,6,UNSAT,885,"CG(nc=4, r=5, tr=[(1, 2, 0), (2, 3, 1), (1, 3, 5), (0, 1, 1), (0, 1, 0)])",7,5,0,SAT,/Users/fch/Python/MiniTNtk-Extension/dataset/sweep_3input/3_142/t_3,dataset/sweep_3input/3_142/t_3/run_t3.out.log,dataset/sweep_3input/3_142/t_3/run_t3.err.log
3_142,F3_142,3,4,6,UNSAT,493,"CG(nc=4, r=5, tr=[(1, 2, 0), (2, 3, 1), (1, 3, 5), (0, 1, 1), (0, 1, 0)])",7,5,0,SAT,/Users/fch/Python/MiniTNtk-Extension/dataset/sweep_3input/3_142/t_4,dataset/sweep_3input/3_142/t_4/run_t4.out.log,dataset/sweep_3input/3_142/t_4/run_t4.err.log
3_142,F3_142,3,5,6,SAT,289,"CG(nc=4, r=5, tr=[(1, 2, 0), (2, 3, 1), (1, 3, 5), (0, 1, 1), (0, 1, 0)])",7,5,0,SAT,/Users/fch/Python/MiniTNtk-Extension/dataset/sweep_3input/3_142/t_5,dataset/sweep_3input/3_142/t_5/run_t5.out.log,dataset/sweep_3input/3_142/t_5/run_t5.err.log
3_142,F3_142,3,6,6,SAT,285,"CG(nc=4, r=5, tr=[(1, 2, 0), (1, 3, 1), (2, 3, 5), (0, 1, 5), (0, 2, 1)], dropped=[(0, 1)])",7,5,0,SAT,/Users/fch/Python/MiniTNtk-Extension/dataset/sweep_3input/3_142/t_6,dataset/sweep_3input/3_142/t_6/run_t6.out.log,dataset/sweep_3input/3_142/t_6/run_t6.err.log
3_143,F3_143,3,3,3,SAT,211,"CG(nc=3, r=3, tr=[(1, 2, 0), (0, 1, 1), (0, 2, 5)])",5,3,0,SAT,/Users/fch/Python/MiniTNtk-Extension/dataset/sweep_3input/3_143/t_3,dataset/sweep_3input/3_143/t_3/run_t3.out.log,dataset/sweep_3input/3_143/t_3/run_t3.err.log
3_144,F3_144,3,5,6,SAT,246,"CG(nc=5, r=5, tr=[(1, 2, 0), (0, 2, 1), (1, 4, 2), (1, 3, 3), (0, 3, 4)])",9,5,0,SAT,/Users/fch/Python/MiniTNtk-Extension/dataset/sweep_3input/3_144/t_5,dataset/sweep_3input/3_144/t_5/run_t5.out.log,dataset/sweep_3input/3_144/t_5/run_t5.err.log
3_144,F3_144,3,6,6,SAT,351,"CG(nc=6, r=6, tr=[(0, 1, 0), (1, 2, 1), (2, 5, 2), (2, 4, 3), (3, 4, 4), (0, 4, 4)])",10,6,0,SAT,/Users/fch/Python/MiniTNtk-Extension/dataset/sweep_3input/3_144/t_6,dataset/sweep_3input/3_144/t_6/run_t6.out.log,dataset/sweep_3input/3_144/t_6/run_t6.err.log
3_145,F3_145,3,5,5,SAT,233,"CG(nc=5, r=5, tr=[(0, 1, 0), (1, 2, 1), (2, 4, 2), (3, 4, 3), (0, 3, 4)])",9,5,0,SAT,/Users/fch/Python/MiniTNtk-Extension/dataset/sweep_3input/3_145/t_5,dataset/sweep_3input/3_145/t_5/run_t5.out.log,dataset/sweep_3input/3_145/t_5/run_t5.err.log
3_146,F3_146,3,6,9,UNSAT,595,"CG(nc=6, r=7, tr=[(0, 1, 0), (1, 2, 1), (2, 5, 2), (2, 4, 3), (3, 5, 4), (1, 3, 5), (0, 4, 4)])",13,7,0,SAT,/Users/fch/Python/MiniTNtk-Extension/dataset/sweep_3input/3_146/t_6,dataset/sweep_3input/3_146/t_6/run_t6.out.log,dataset/sweep_3input/3_146/t_6/run_t6.err.log
3_146,F3_146,3,7,9,SAT,319,"CG(nc=6, r=7, tr=[(0, 1, 0), (1, 2, 1), (2, 5, 2), (2, 4, 3), (3, 5, 4), (1, 3, 5), (0, 4, 4)])",13,7,0,SAT,/Users/fch/Python/MiniTNtk-Extension/dataset/sweep_3input/3_146/t_7,dataset/sweep_3input/3_146/t_7/run_t7.out.log,dataset/sweep_3input/3_146/t_7/run_t7.err.log
3_146,F3_146,3,8,9,SAT,383,"CG(nc=6, r=8, tr=[(2, 5, 0), (3, 5, 1), (1, 4, 2), (1, 5, 3), (0, 3, 4), (2, 3, 5), (0, 1, 0), (1, 3, 2)])",14,8,0,SAT,/Users/fch/Python/MiniTNtk-Extension/dataset/sweep_3input/3_146/t_8,dataset/sweep_3input/3_146/t_8/run_t8.out.log,dataset/sweep_3input/3_146/t_8/run_t8.err.log
3_146,F3_146,3,9,9,SAT,512,"CG(nc=5, r=9, tr=[(0, 1, 0), (3, 4, 1), (1, 3, 2), (1, 4, 3), (1, 2, 4), (2, 4, 5), (0, 3, 4), (1, 3, 2), (1, 3, 2)])",15,9,0,SAT,/Users/fch/Python/MiniTNtk-Extension/dataset/sweep_3input/3_146/t_9,dataset/sweep_3input/3_146/t_9/run_t9.out.log,dataset/sweep_3input/3_146/t_9/run_t9.err.log
3_147,F3_147,3,6,7,SAT,291,"CG(nc=5, r=6, tr=[(2, 4, 0), (2, 3, 1), (0, 3, 2), (0, 1, 3), (1, 4, 4), (0, 1, 5)])",12,6,0,SAT,/Users/fch/Python/MiniTNtk-Extension/dataset/sweep_3input/3_147/t_6,dataset/sweep_3input/3_147/t_6/run_t6.out.log,dataset/sweep_3input/3_147/t_6/run_t6.err.log
3_147,F3_147,3,7,7,SAT,352,"CG(nc=6, r=7, tr=[(1, 5, 0), (0, 3, 1), (1, 3, 2), (4, 5, 3), (0, 4, 4), (4, 5, 5), (0, 2, 4)])",13,7,0,SAT,/Users/fch/Python/MiniTNtk-Extension/dataset/sweep_3input/3_147/t_7,dataset/sweep_3input/3_147/t_7/run_t7.out.log,dataset/sweep_3input/3_147/t_7/run_t7.err.log
3_148,F3_148,3,6,9,UNSAT,763,"CG(nc=6, r=7, tr=[(1, 2, 0), (2, 5, 1), (0, 1, 2), (0, 4, 3), (1, 3, 4), (2, 4, 5), (3, 5, 3)])",13,7,0,SAT,/Users/fch/Python/MiniTNtk-Extension/dataset/sweep_3input/3_148/t_6,dataset/sweep_3input/3_148/t_6/run_t6.out.log,dataset/sweep_3input/3_148/t_6/run_t6.err.log
3_148,F3_148,3,7,9,SAT,330,"CG(nc=6, r=7, tr=[(1, 2, 0), (2, 5, 1), (0, 1, 2), (0, 4, 3), (1, 3, 4), (2, 4, 5), (3, 5, 3)])",13,7,0,SAT,/Users/fch/Python/MiniTNtk-Extension/dataset/sweep_3input/3_148/t_7,dataset/sweep_3input/3_148/t_7/run_t7.out.log,dataset/sweep_3input/3_148/t_7/run_t7.err.log
3_148,F3_148,3,8,9,SAT,512,"CG(nc=6, r=8, tr=[(1, 2, 0), (4, 5, 1), (1, 5, 2), (1, 4, 3), (0, 4, 4), (3, 5, 5), (1, 2, 5), (0, 2, 1)])",14,8,0,SAT,/Users/fch/Python/MiniTNtk-Extension/dataset/sweep_3input/3_148/t_8,dataset/sweep_3input/3_148/t_8/run_t8.out.log,dataset/sweep_3input/3_148/t_8/run_t8.err.log
3_148,F3_148,3,9,9,SAT,493,"CG(nc=5, r=8, tr=[(0, 1, 0), (1, 2, 1), (2, 4, 2), (1, 4, 3), (0, 3, 4), (1, 4, 3), (0, 2, 5), (1, 3, 2)], dropped=[(1, 5)])",14,8,0,SAT,/Users/fch/Python/MiniTNtk-Extension/dataset/sweep_3input/3_148/t_9,dataset/sweep_3input/3_148/t_9/run_t9.out.log,dataset/sweep_3input/3_148/t_9/run_t9.err.log
3_149,F3_149,3,6,7,SAT,299,"CG(nc=5, r=6, tr=[(0, 1, 0), (2, 4, 1), (1, 2, 2), (0, 3, 3), (3, 4, 4), (3, 4, 5)])",12,6,0,SAT,/Users/fch/Python/MiniTNtk-Extension/dataset/sweep_3input/3_149/t_6,dataset/sweep_3input/3_149/t_6/run_t6.out.log,dataset/sweep_3input/3_149/t_6/run_t6.err.log
3_149,F3_149,3,7,7,SAT,350,"CG(nc=5, r=7, tr=[(1, 2, 0), (1, 4, 1), (0, 2, 2), (0, 3, 3), (3, 4, 4), (1, 4, 5), (1, 3, 5)])",13,7,0,SAT,/Users/fch/Python/MiniTNtk-Extension/dataset/sweep_3input/3_149/t_7,dataset/sweep_3input/3_149/t_7/run_t7.out.log,dataset/sweep_3input/3_149/t_7/run_t7.err.log
3_150,F3_150,3,6,12,UNSAT,1145,"CG(nc=6, r=8, tr=[(1, 2, 0), (0, 3, 1), (2, 3, 2), (3, 4, 3), (0, 2, 4), (1, 4, 5), (1, 5, 1), (4, 5, 4)])",14,8,0,SAT,/Users/fch/Python/MiniTNtk-Extension/dataset/sweep_3input/3_150/t_6,dataset/sweep_3input/3_150/t_6/run_t6.out.log,dataset/sweep_3input/3_150/t_6/run_t6.err.log
3_150,F3_150,3,7,12,UNSAT,792,"CG(nc=6, r=8, tr=[(1, 2, 0), (0, 3, 1), (2, 3, 2), (3, 4, 3), (0, 2, 4), (1, 4, 5), (1, 5, 1), (4, 5, 4)])",14,8,0,SAT,/Users/fch/Python/MiniTNtk-Extension/dataset/sweep_3input/3_150/t_7,dataset/sweep_3input/3_150/t_7/run_t7.out.log,dataset/sweep_3input/3_150/t_7/run_t7.err.log
3_150,F3_150,3,8,12,SAT,430,"CG(nc=6, r=8, tr=[(1, 2, 0), (0, 3, 1), (2, 3, 2), (3, 4, 3), (0, 2, 4), (1, 4, 5), (1, 5, 1), (4, 5, 4)])",14,8,0,SAT,/Users/fch/Python/MiniTNtk-Extension/dataset/sweep_3input/3_150/t_8,dataset/sweep_3input/3_150/t_8/run_t8.out.log,dataset/sweep_3input/3_150/t_8/run_t8.err.log
3_150,F3_150,3,9,12,SAT,552,"CG(nc=5, r=9, tr=[(0, 1, 0), (1, 2, 1), (0, 3, 2), (1, 4, 3), (1, 3, 4), (0, 2, 5), (2, 4, 2), (3, 4, 5), (1, 4, 3)])",15,9,0,SAT,/Users/fch/Python/MiniTNtk-Extension/dataset/sweep_3input/3_150/t_9,dataset/sweep_3input/3_150/t_9/run_t9.out.log,dataset/sweep_3input/3_150/t_9/run_t9.err.log
3_150,F3_150,3,10,12,SAT,694,"CG(nc=7, r=10, tr=[(2, 6, 0), (2, 3, 1), (4, 6, 2), (4, 5, 3), (0, 5, 4), (3, 6, 5), (0, 3, 2), (1, 3, 4), (0, 2, 3), (0, 1, 0)])",16,10,0,SAT,/Users/fch/Python/MiniTNtk-Extension/dataset/sweep_3input/3_150/t_10,dataset/sweep_3input/3_150/t_10/run_t10.out.log,dataset/sweep_3input/3_150/t_10/run_t10.err.log
3_150,F3_150,3,11,12,SAT,773,"CG(nc=8, r=10, tr=[(0, 1, 0), (2, 7, 1), (4, 5, 3), (5, 7, 4), (0, 6, 5), (2, 6, 3), (3, 5, 4), (5, 6, 0), (0, 4, 2), (2, 4, 0)], dropped=[(1, 2)])",16,10,0,SAT,/Users/fch/Python/MiniTNtk-Extension/dataset/sweep_3input/3_150/t_11,dataset/sweep_3input/3_150/t_11/run_t11.out.log,dataset/sweep_3input/3_150/t_11/run_t11.err.log
3_150,F3_150,3,12,12,SAT,994,"CG(nc=8, r=12, tr=[(2, 7, 0), (0, 3, 1), (2, 3, 2), (4, 7, 3), (5, 6, 4), (1, 5, 5), (1, 7, 0), (1, 7, 1), (4, 5, 2), (0, 5, 4), (2, 5, 5), (2, 3, 3)])",18,12,0,SAT,/Users/fch/Python/MiniTNtk-Extension/dataset/sweep_3input/3_150/t_12,dataset/sweep_3input/3_150/t_12/run_t12.out.log,dataset/sweep_3input/3_150/t_12/run_t12.err.log
3_151,F3_151,3,6,9,UNSAT,724,"CG(nc=5, r=7, tr=[(1, 2, 0), (2, 4, 1), (0, 1, 2), (1, 3, 3), (3, 4, 4), (1, 4, 5), (0, 3, 5)])",13,7,0,SAT,/Users/fch/Python/MiniTNtk-Extension/dataset/sweep_3input/3_151/t_6,dataset/sweep_3input/3_151/t_6/run_t6.out.log,dataset/sweep_3input/3_151/t_6/run_t6.err.log
3_151,F3_151,3,7,9,SAT,371,"CG(nc=5, r=7, tr=[(1, 2, 0), (2, 4, 1), (0, 1, 2), (1, 3, 3), (3, 4, 4), (1, 4, 5), (0, 3, 5)])",13,7,0,SAT,/Users/fch/Python/MiniTNtk-Extension/dataset/sweep_3input/3_151/t_7,dataset/sweep_3input/3_151/t_7/run_t7.out.log,dataset/sweep_3input/3_151/t_7/run_t7.err.log
3_151,F3_151,3,8,9,SAT,435,"CG(nc=6, r=8, tr=[(1, 2, 0), (2, 5, 1), (0, 1, 2), (4, 5, 3), (3, 5, 4), (0, 3, 5), (0, 4, 5), (0, 4, 4)])",14,8,0,SAT,/Users/fch/Python/MiniTNtk-Extension/dataset/sweep_3input/3_151/t_8,dataset/sweep_3input/3_151/t_8/run_t8.out.log,dataset/sweep_3input/3_151/t_8/run_t8.err.log
3_151,F3_151,3,9,9,SAT,577,"CG(nc=6, r=8, tr=[(2, 5, 0), (3, 4, 1), (0, 1, 3), (1, 5, 4), (1, 3, 5), (0, 3, 0), (4, 5, 3), (4, 5, 2)], dropped=[(2, 2)])",14,8,0,SAT,/Users/fch/Python/MiniTNtk-Extension/dataset/sweep_3input/3_151/t_9,dataset/sweep_3input/3_151/t_9/run_t9.out.log,dataset/sweep_3input/3_151/t_9/run_t9.err.log
3_152,F3_152,3,5,5,SAT,241,"CG(nc=5, r=5, tr=[(0, 1, 0), (1, 4, 1), (0, 3, 2), (2, 4, 3), (2, 3, 4)])",9,5,0,SAT,/Users/fch/Python/MiniTNtk-Extension/dataset/sweep_3input/3_152/t_5,dataset/sweep_3input/3_152/t_5/run_t5.out.log,dataset/sweep_3input/3_152/t_5/run_t5.err.log
3_153,F3_153,3,4,4,SAT,215,"CG(nc=4, r=4, tr=[(1, 3, 0), (0, 1, 1), (2, 3, 2), (0, 2, 3)])",8,4,0,SAT,/Users/fch/Python/MiniTNtk-Extension/dataset/sweep_3input/3_153/t_4,dataset/sweep_3input/3_153/t_4/run_t4.out.log,dataset/sweep_3input/3_153/t_4/run_t4.err.log
3_154,F3_154,3,6,7,SAT,307,"CG(nc=5, r=6, tr=[(2, 4, 0), (0, 2, 1), (1, 3, 2), (3, 4, 3), (0, 1, 4), (0, 2, 5)])",12,6,0,SAT,/Users/fch/Python/MiniTNtk-Extension/dataset/sweep_3input/3_154/t_6,dataset/sweep_3input/3_154/t_6/run_t6.out.log,dataset/sweep_3input/3_154/t_6/run_t6.err.log
3_154,F3_154,3,7,7,SAT,340,"CG(nc=5, r=7, tr=[(1, 4, 0), (0, 1, 1), (2, 3, 2), (2, 4, 3), (0, 3, 4), (2, 4, 5), (0, 2, 0)])",13,7,0,SAT,/Users/fch/Python/MiniTNtk-Extension/dataset/sweep_3input/3_154/t_7,dataset/sweep_3input/3_154/t_7/run_t7.out.log,dataset/sweep_3input/3_154/t_7/run_t7.err.log
3_155,F3_155,3,5,6,SAT,252,"CG(nc=3, r=5, tr=[(1, 2, 0), (0, 1, 1), (0, 1, 3), (1, 2, 4), (0, 1, 5)])",11,5,0,SAT,/Users/fch/Python/MiniTNtk-Extension/dataset/sweep_3input/3_155/t_5,dataset/sweep_3input/3_155/t_5/run_t5.out.log,dataset/sweep_3input/3_155/t_5/run_t5.err.log
3_155,F3_155,3,6,6,SAT,289,"CG(nc=5, r=6, tr=[(0, 1, 0), (1, 4, 1), (0, 3, 3), (3, 4, 4), (1, 4, 5), (0, 2, 5)])",12,6,0,SAT,/Users/fch/Python/MiniTNtk-Extension/dataset/sweep_3input/3_155/t_6,dataset/sweep_3input/3_155/t_6/run_t6.out.log,dataset/sweep_3input/3_155/t_6/run_t6.err.log
3_156,F3_156,3,6,7,SAT,290,"CG(nc=5, r=6, tr=[(0, 1, 0), (1, 4, 1), (0, 3, 2), (2, 4, 3), (2, 3, 4), (0, 1, 5)])",12,6,0,SAT,/Users/fch/Python/MiniTNtk-Extension/dataset/sweep_3input/3_156/t_6,dataset/sweep_3input/3_156/t_6/run_t6.out.log,dataset/sweep_3input/3_156/t_6/run_t6.err.log
3_156,F3_156,3,7,7,SAT,635,"CG(nc=6, r=7, tr=[(1, 5, 0), (0, 1, 1), (3, 5, 2), (0, 4, 3), (0, 2, 4), (1, 5, 5), (3, 4, 4)])",13,7,0,SAT,/Users/fch/Python/MiniTNtk-Extension/dataset/sweep_3input/3_156/t_7,dataset/sweep_3input/3_156/t_7/run_t7.out.log,dataset/sweep_3input/3_156/t_7/run_t7.err.log
3_157,F3_157,3,5,6,SAT,325,"CG(nc=4, r=5, tr=[(2, 3, 0), (0, 2, 1), (1, 3, 3), (0, 1, 4), (0, 1, 5)])",11,5,0,SAT,/Users/fch/Python/MiniTNtk-Extension/dataset/sweep_3input/3_157/t_5,dataset/sweep_3input/3_157/t_5/run_t5.out.log,dataset/sweep_3input/3_157/t_5/run_t5.err.log
3_157,F3_157,3,6,6,SAT,304,"CG(nc=4, r=5, tr=[(0, 1, 0), (1, 3, 1), (0, 2, 3), (2, 3, 4), (0, 1, 5)], dropped=[(0, 5)])",11,5,0,SAT,/Users/fch/Python/MiniTNtk-Extension/dataset/sweep_3input/3_157/t_6,dataset/sweep_3input/3_157/t_6/run_t6.out.log,dataset/sweep_3input/3_157/t_6/run_t6.err.log
3_158,F3_158,3,6,9,UNSAT,716,"CG(nc=4, r=7, tr=[(0, 1, 0), (2, 3, 1), (1, 2, 2), (1, 3, 3), (0, 2, 4), (1, 3, 5), (0, 2, 5)])",13,7,0,SAT,/Users/fch/Python/MiniTNtk-Extension/dataset/sweep_3input/3_158/t_6,dataset/sweep_3input/3_158/t_6/run_t6.out.log,dataset/sweep_3input/3_158/t_6/run_t6.err.log
3_158,F3_158,3,7,9,SAT,426,"CG(nc=4, r=7, tr=[(0, 1, 0), (2, 3, 1), (1, 2, 2), (1, 3, 3), (0, 2, 4), (1, 3, 5), (0, 2, 5)])",13,7,0,SAT,/Users/fch/Python/MiniTNtk-Extension/dataset/sweep_3input/3_158/t_7,dataset/sweep_3input/3_158/t_7/run_t7.out.log,dataset/sweep_3input/3_158/t_7/run_t7.err.log
3_158,F3_158,3,8,9,SAT,472,"CG(nc=6, r=8, tr=[(0, 1, 0), (1, 5, 1), (3, 4, 2), (1, 2, 3), (3, 5, 4), (0, 2, 5), (2, 5, 0), (0, 4, 3)])",14,8,0,SAT,/Users/fch/Python/MiniTNtk-Extension/dataset/sweep_3input/3_158/t_8,dataset/sweep_3input/3_158/t_8/run_t8.out.log,dataset/sweep_3input/3_158/t_8/run_t8.err.log
3_158,F3_158,3,9,9,SAT,643,"CG(nc=6, r=9, tr=[(1, 5, 0), (1, 3, 1), (0, 4, 2), (3, 5, 3), (3, 4, 4), (0, 1, 5), (3, 4, 4), (0, 3, 0), (2, 5, 5)])",15,9,0,SAT,/Users/fch/Python/MiniTNtk-Extension/dataset/sweep_3input/3_158/t_9,dataset/sweep_3input/3_158/t_9/run_t9.out.log,dataset/sweep_3input/3_158/t_9/run_t9.err.log
3_159,F3_159,3,5,5,SAT,290,"CG(nc=4, r=5, tr=[(0, 1, 0), (1, 3, 1), (0, 2, 3), (2, 3, 4), (0, 3, 5)])",11,5,0,SAT,/Users/fch/Python/MiniTNtk-Extension/dataset/sweep_3input/3_159/t_5,dataset/sweep_3input/3_159/t_5/run_t5.out.log,dataset/sweep_3input/3_159/t_5/run_t5.err.log
3_160,F3_160,3,2,2,SAT,196,"CG(nc=3, r=2, tr=[(1, 2, 0), (0, 1, 1)])",2,2,0,SAT,/Users/fch/Python/MiniTNtk-Extension/dataset/sweep_3input/3_160/t_2,dataset/sweep_3input/3_160/t_2/run_t2.out.log,dataset/sweep_3input/3_160/t_2/run_t2.err.log
3_161,F3_161,3,5,5,SAT,244,"CG(nc=5, r=5, tr=[(2, 4, 0), (0, 2, 2), (0, 3, 3), (1, 4, 4), (1, 3, 5)])",11,5,0,SAT,/Users/fch/Python/MiniTNtk-Extension/dataset/sweep_3input/3_161/t_5,dataset/sweep_3input/3_161/t_5/run_t5.out.log,dataset/sweep_3input/3_161/t_5/run_t5.err.log
3_162,F3_162,3,3,4,SAT,203,"CG(nc=3, r=3, tr=[(1, 2, 0), (0, 1, 2), (0, 1, 4)])",5,3,0,SAT,/Users/fch/Python/MiniTNtk-Extension/dataset/sweep_3input/3_162/t_3,dataset/sweep_3input/3_162/t_3/run_t3.out.log,dataset/sweep_3input/3_162/t_3/run_t3.err.log
3_162,F3_162,3,4,4,SAT,213,"CG(nc=4, r=4, tr=[(1, 3, 0), (0, 1, 2), (0, 1, 4), (0, 2, 4)])",6,4,0,SAT,/Users/fch/Python/MiniTNtk-Extension/dataset/sweep_3input/3_162/t_4,dataset/sweep_3input/3_162/t_4/run_t4.out.log,dataset/sweep_3input/3_162/t_4/run_t4.err.log
3_163,F3_163,3,4,4,SAT,214,"CG(nc=4, r=4, tr=[(1, 3, 0), (0, 1, 2), (2, 3, 4), (0, 2, 5)])",8,4,0,SAT,/Users/fch/Python/MiniTNtk-Extension/dataset/sweep_3input/3_163/t_4,dataset/sweep_3input/3_163/t_4/run_t4.out.log,dataset/sweep_3input/3_163/t_4/run_t4.err.log
3_164,F3_164,3,5,5,SAT,231,"CG(nc=5, r=5, tr=[(0, 1, 0), (0, 2, 1), (1, 4, 2), (3, 4, 3), (2, 3, 5)])",9,5,0,SAT,/Users/fch/Python/MiniTNtk-Extension/dataset/sweep_3input/3_164/t_5,dataset/sweep_3input/3_164/t_5/run_t5.out.log,dataset/sweep_3input/3_164/t_5/run_t5.err.log
3_165,F3_165,3,4,4,SAT,215,"CG(nc=4, r=4, tr=[(1, 3, 0), (0, 1, 1), (2, 3, 2), (0, 2, 3)])",8,4,0,SAT,/Users/fch/Python/MiniTNtk-Extension/dataset/sweep_3input/3_165/t_4,dataset/sweep_3input/3_165/t_4/run_t4.out.log,dataset/sweep_3input/3_165/t_4/run_t4.err.log
3_166,F3_166,3,6,7,SAT,380,"CG(nc=5, r=6, tr=[(0, 1, 0), (3, 4, 1), (1, 4, 2), (2, 3, 3), (1, 4, 4), (0, 2, 5)])",12,6,0,SAT,/Users/fch/Python/MiniTNtk-Extension/dataset/sweep_3input/3_166/t_6,dataset/sweep_3input/3_166/t_6/run_t6.out.log,dataset/sweep_3input/3_166/t_6/run_t6.err.log
3_166,F3_166,3,7,7,SAT,358,"CG(nc=6, r=7, tr=[(2, 5, 0), (3, 5, 1), (0, 2, 2), (3, 4, 3), (0, 2, 4), (0, 4, 5), (1, 3, 4)])",13,7,0,SAT,/Users/fch/Python/MiniTNtk-Extension/dataset/sweep_3input/3_166/t_7,dataset/sweep_3input/3_166/t_7/run_t7.out.log,dataset/sweep_3input/3_166/t_7/run_t7.err.log
3_167,F3_167,3,5,6,SAT,264,"CG(nc=4, r=5, tr=[(2, 3, 0), (0, 2, 2), (1, 3, 3), (0, 2, 4), (0, 1, 5)])",11,5,0,SAT,/Users/fch/Python/MiniTNtk-Extension/dataset/sweep_3input/3_167/t_5,dataset/sweep_3input/3_167/t_5/run_t5.out.log,dataset/sweep_3input/3_167/t_5/run_t5.err.log
3_167,F3_167,3,6,6,SAT,286,"CG(nc=3, r=6, tr=[(0, 1, 0), (1, 2, 2), (1, 2, 3), (1, 2, 4), (0, 1, 5), (0, 1, 0)])",12,6,0,SAT,/Users/fch/Python/MiniTNtk-Extension/dataset/sweep_3input/3_167/t_6,dataset/sweep_3input/3_167/t_6/run_t6.out.log,dataset/sweep_3input/3_167/t_6/run_t6.err.log
3_168,F3_168,3,3,4,SAT,216,"CG(nc=3, r=3, tr=[(1, 2, 0), (0, 1, 1), (0, 1, 2)])",3,3,0,SAT,/Users/fch/Python/MiniTNtk-Extension/dataset/sweep_3input/3_168/t_3,dataset/sweep_3input/3_168/t_3/run_t3.out.log,dataset/sweep_3input/3_168/t_3/run_t3.err.log
3_168,F3_168,3,4,4,SAT,233,"CG(nc=4, r=4, tr=[(2, 3, 0), (0, 2, 1), (0, 2, 2), (0, 1, 2)])",4,4,0,SAT,/Users/fch/Python/MiniTNtk-Extension/dataset/sweep_3input/3_168/t_4,dataset/sweep_3input/3_168/t_4/run_t4.out.log,dataset/sweep_3input/3_168/t_4/run_t4.err.log
3_169,F3_169,3,6,7,SAT,398,"CG(nc=4, r=6, tr=[(0, 1, 0), (1, 3, 1), (1, 3, 2), (1, 3, 3), (1, 2, 4), (0, 2, 5)])",12,6,0,SAT,/Users/fch/Python/MiniTNtk-Extension/dataset/sweep_3input/3_169/t_6,dataset/sweep_3input/3_169/t_6/run_t6.out.log,dataset/sweep_3input/3_169/t_6/run_t6.err.log
3_169,F3_169,3,7,7,SAT,395,"CG(nc=5, r=6, tr=[(1, 4, 0), (0, 1, 1), (0, 1, 2), (3, 4, 3), (2, 3, 4), (0, 2, 5)], dropped=[(0, 5)])",12,6,0,SAT,/Users/fch/Python/MiniTNtk-Extension/dataset/sweep_3input/3_169/t_7,dataset/sweep_3input/3_169/t_7/run_t7.out.log,dataset/sweep_3input/3_169/t_7/run_t7.err.log
3_170,F3_170,3,1,1,SAT,315,"CG(nc=2, r=1, tr=[(0, 1, 0)])",1,1,0,SAT,/Users/fch/Python/MiniTNtk-Extension/dataset/sweep_3input/3_170/t_1,dataset/sweep_3input/3_170/t_1/run_t1.out.log,dataset/sweep_3input/3_170/t_1/run_t1.err.log
3_171,F3_171,3,3,3,SAT,227,"CG(nc=3, r=3, tr=[(0, 2, 0), (1, 2, 4), (0, 1, 5)])",7,3,0,SAT,/Users/fch/Python/MiniTNtk-Extension/dataset/sweep_3input/3_171/t_3,dataset/sweep_3input/3_171/t_3/run_t3.out.log,dataset/sweep_3input/3_171/t_3/run_t3.err.log
3_172,F3_172,3,4,4,SAT,218,"CG(nc=4, r=4, tr=[(0, 1, 0), (2, 3, 1), (1, 3, 2), (0, 2, 5)])",6,4,0,SAT,/Users/fch/Python/MiniTNtk-Extension/dataset/sweep_3input/3_172/t_4,dataset/sweep_3input/3_172/t_4/run_t4.out.log,dataset/sweep_3input/3_172/t_4/run_t4.err.log
3_173,F3_173,3,5,6,SAT,261,"CG(nc=4, r=5, tr=[(2, 3, 0), (0, 2, 1), (0, 2, 2), (1, 3, 3), (0, 1, 5)])",9,5,0,SAT,/Users/fch/Python/MiniTNtk-Extension/dataset/sweep_3input/3_173/t_5,dataset/sweep_3input/3_173/t_5/run_t5.out.log,dataset/sweep_3input/3_173/t_5/run_t5.err.log
3_173,F3_173,3,6,6,SAT,295,"CG(nc=5, r=6, tr=[(1, 4, 0), (3, 4, 1), (0, 1, 2), (3, 4, 3), (0, 3, 5), (2, 3, 1)])",10,6,0,SAT,/Users/fch/Python/MiniTNtk-Extension/dataset/sweep_3input/3_173/t_6,dataset/sweep_3input/3_173/t_6/run_t6.out.log,dataset/sweep_3input/3_173/t_6/run_t6.err.log
3_174,F3_174,3,3,3,SAT,208,"CG(nc=3, r=3, tr=[(0, 2, 0), (1, 2, 1), (0, 1, 5)])",5,3,0,SAT,/Users/fch/Python/MiniTNtk-Extension/dataset/sweep_3input/3_174/t_3,dataset/sweep_3input/3_174/t_3/run_t3.out.log,dataset/sweep_3input/3_174/t_3/run_t3.err.log
3_175,F3_175,3,2,2,SAT,202,"CG(nc=2, r=2, tr=[(0, 1, 0), (0, 1, 3)])",4,2,0,SAT,/Users/fch/Python/MiniTNtk-Extension/dataset/sweep_3input/3_175/t_2,dataset/sweep_3input/3_175/t_2/run_t2.out.log,dataset/sweep_3input/3_175/t_2/run_t2.err.log
3_176,F3_176,3,3,4,SAT,205,"CG(nc=3, r=3, tr=[(0, 1, 0), (1, 2, 2), (0, 1, 4)])",5,3,0,SAT,/Users/fch/Python/MiniTNtk-Extension/dataset/sweep_3input/3_176/t_3,dataset/sweep_3input/3_176/t_3/run_t3.out.log,dataset/sweep_3input/3_176/t_3/run_t3.err.log
3_176,F3_176,3,4,4,SAT,218,"CG(nc=3, r=4, tr=[(0, 1, 0), (1, 2, 2), (0, 1, 4), (0, 1, 4)])",6,4,0,SAT,/Users/fch/Python/MiniTNtk-Extension/dataset/sweep_3input/3_176/t_4,dataset/sweep_3input/3_176/t_4/run_t4.out.log,dataset/sweep_3input/3_176/t_4/run_t4.err.log
3_177,F3_177,3,4,4,SAT,218,"CG(nc=4, r=4, tr=[(1, 3, 0), (0, 1, 2), (2, 3, 3), (0, 2, 4)])",8,4,0,SAT,/Users/fch/Python/MiniTNtk-Extension/dataset/sweep_3input/3_177/t_4,dataset/sweep_3input/3_177/t_4/run_t4.out.log,dataset/sweep_3input/3_177/t_4/run_t4.err.log
3_178,F3_178,3,3,6,UNSAT,784,"CG(nc=4, r=5, tr=[(0, 1, 0), (2, 3, 2), (1, 3, 4), (1, 2, 0), (0, 2, 4)])",7,5,0,SAT,/Users/fch/Python/MiniTNtk-Extension/dataset/sweep_3input/3_178/t_3,dataset/sweep_3input/3_178/t_3/run_t3.out.log,dataset/sweep_3input/3_178/t_3/run_t3.err.log
3_178,F3_178,3,4,6,UNSAT,469,"CG(nc=4, r=5, tr=[(0, 1, 0), (2, 3, 2), (1, 3, 4), (1, 2, 0), (0, 2, 4)])",7,5,0,SAT,/Users/fch/Python/MiniTNtk-Extension/dataset/sweep_3input/3_178/t_4,dataset/sweep_3input/3_178/t_4/run_t4.out.log,dataset/sweep_3input/3_178/t_4/run_t4.err.log
3_178,F3_178,3,5,6,SAT,240,"CG(nc=4, r=5, tr=[(0, 1, 0), (2, 3, 2), (1, 3, 4), (1, 2, 0), (0, 2, 4)])",7,5,0,SAT,/Users/fch/Python/MiniTNtk-Extension/dataset/sweep_3input/3_178/t_5,dataset/sweep_3input/3_178/t_5/run_t5.out.log,dataset/sweep_3input/3_178/t_5/run_t5.err.log
3_178,F3_178,3,6,6,SAT,274,"CG(nc=5, r=6, tr=[(0, 1, 0), (3, 4, 2), (1, 4, 4), (1, 3, 0), (0, 2, 0), (0, 3, 4)])",8,6,0,SAT,/Users/fch/Python/MiniTNtk-Extension/dataset/sweep_3input/3_178/t_6,dataset/sweep_3input/3_178/t_6/run_t6.out.log,dataset/sweep_3input/3_178/t_6/run_t6.err.log
3_179,F3_179,3,3,3,SAT,217,"CG(nc=3, r=3, tr=[(1, 2, 0), (0, 1, 2), (0, 2, 4)])",5,3,0,SAT,/Users/fch/Python/MiniTNtk-Extension/dataset/sweep_3input/3_179/t_3,dataset/sweep_3input/3_179/t_3/run_t3.out.log,dataset/sweep_3input/3_179/t_3/run_t3.err.log
3_180,F3_180,3,6,7,SAT,360,"CG(nc=5, r=6, tr=[(0, 1, 0), (2, 3, 1), (1, 4, 2), (2, 4, 3), (0, 1, 4), (0, 3, 5)])",12,6,0,SAT,/Users/fch/Python/MiniTNtk-Extension/dataset/sweep_3input/3_180/t_6,dataset/sweep_3input/3_180/t_6/run_t6.out.log,dataset/sweep_3input/3_180/t_6/run_t6.err.log
3_180,F3_180,3,7,7,SAT,444,"CG(nc=5, r=6, tr=[(0, 1, 0), (0, 2, 1), (1, 4, 2), (3, 4, 3), (2, 3, 5), (0, 1, 4)], dropped=[(0, 4)])",12,6,0,SAT,/Users/fch/Python/MiniTNtk-Extension/dataset/sweep_3input/3_180/t_7,dataset/sweep_3input/3_180/t_7/run_t7.out.log,dataset/sweep_3input/3_180/t_7/run_t7.err.log
3_181,F3_181,3,5,6,SAT,268,"CG(nc=4, r=5, tr=[(1, 3, 0), (0, 1, 2), (2, 3, 3), (0, 2, 4), (0, 2, 5)])",11,5,0,SAT,/Users/fch/Python/MiniTNtk-Extension/dataset/sweep_3input/3_181/t_5,dataset/sweep_3input/3_181/t_5/run_t5.out.log,dataset/sweep_3input/3_181/t_5/run_t5.err.log
3_181,F3_181,3,6,6,SAT,295,"CG(nc=5, r=6, tr=[(2, 4, 0), (0, 2, 2), (3, 4, 3), (2, 4, 4), (0, 3, 5), (0, 1, 0)])",12,6,0,SAT,/Users/fch/Python/MiniTNtk-Extension/dataset/sweep_3input/3_181/t_6,dataset/sweep_3input/3_181/t_6/run_t6.out.log,dataset/sweep_3input/3_181/t_6/run_t6.err.log
3_182,F3_182,3,6,9,UNSAT,658,"CG(nc=5, r=7, tr=[(1, 2, 0), (0, 2, 1), (1, 4, 2), (3, 4, 3), (2, 4, 4), (2, 3, 5), (0, 1, 4)])",13,7,0,SAT,/Users/fch/Python/MiniTNtk-Extension/dataset/sweep_3input/3_182/t_6,dataset/sweep_3input/3_182/t_6/run_t6.out.log,dataset/sweep_3input/3_182/t_6/run_t6.err.log
3_182,F3_182,3,7,9,SAT,435,"CG(nc=5, r=7, tr=[(1, 2, 0), (0, 2, 1), (1, 4, 2), (3, 4, 3), (2, 4, 4), (2, 3, 5), (0, 1, 4)])",13,7,0,SAT,/Users/fch/Python/MiniTNtk-Extension/dataset/sweep_3input/3_182/t_7,dataset/sweep_3input/3_182/t_7/run_t7.out.log,dataset/sweep_3input/3_182/t_7/run_t7.err.log
3_182,F3_182,3,8,9,SAT,500,"CG(nc=4, r=8, tr=[(0, 1, 0), (0, 2, 1), (0, 2, 2), (1, 3, 3), (2, 3, 4), (1, 2, 5), (1, 3, 2), (1, 3, 3)])",14,8,0,SAT,/Users/fch/Python/MiniTNtk-Extension/dataset/sweep_3input/3_182/t_8,dataset/sweep_3input/3_182/t_8/run_t8.out.log,dataset/sweep_3input/3_182/t_8/run_t8.err.log
3_182,F3_182,3,9,9,SAT,580,"CG(nc=5, r=8, tr=[(0, 2, 1), (3, 4, 2), (1, 2, 3), (0, 3, 4), (1, 4, 5), (0, 1, 2), (2, 3, 0), (2, 4, 4)], dropped=[(1, 0)])",14,8,0,SAT,/Users/fch/Python/MiniTNtk-Extension/dataset/sweep_3input/3_182/t_9,dataset/sweep_3input/3_182/t_9/run_t9.out.log,dataset/sweep_3input/3_182/t_9/run_t9.err.log
3_183,F3_183,3,5,5,SAT,271,"CG(nc=4, r=5, tr=[(2, 3, 0), (0, 2, 2), (1, 3, 3), (0, 3, 4), (0, 1, 5)])",11,5,0,SAT,/Users/fch/Python/MiniTNtk-Extension/dataset/sweep_3input/3_183/t_5,dataset/sweep_3input/3_183/t_5/run_t5.out.log,dataset/sweep_3input/3_183/t_5/run_t5.err.log
3_184,F3_184,3,4,4,SAT,223,"CG(nc=4, r=4, tr=[(1, 3, 0), (0, 1, 1), (2, 3, 2), (0, 2, 4)])",6,4,0,SAT,/Users/fch/Python/MiniTNtk-Extension/dataset/sweep_3input/3_184/t_4,dataset/sweep_3input/3_184/t_4/run_t4.out.log,dataset/sweep_3input/3_184/t_4/run_t4.err.log
3_185,F3_185,3,5,6,SAT,265,"CG(nc=4, r=5, tr=[(1, 3, 0), (0, 1, 1), (0, 1, 2), (2, 3, 3), (0, 2, 4)])",9,5,0,SAT,/Users/fch/Python/MiniTNtk-Extension/dataset/sweep_3input/3_185/t_5,dataset/sweep_3input/3_185/t_5/run_t5.out.log,dataset/sweep_3input/3_185/t_5/run_t5.err.log
3_185,F3_185,3,6,6,SAT,322,"CG(nc=4, r=5, tr=[(2, 3, 0), (0, 2, 1), (0, 2, 2), (1, 3, 3), (0, 1, 4)], dropped=[(1, 3)])",9,5,0,SAT,/Users/fch/Python/MiniTNtk-Extension/dataset/sweep_3input/3_185/t_6,dataset/sweep_3input/3_185/t_6/run_t6.out.log,dataset/sweep_3input/3_185/t_6/run_t6.err.log
3_186,F3_186,3,3,3,SAT,207,"CG(nc=3, r=3, tr=[(0, 2, 0), (1, 2, 2), (0, 1, 4)])",5,3,0,SAT,/Users/fch/Python/MiniTNtk-Extension/dataset/sweep_3input/3_186/t_3,dataset/sweep_3input/3_186/t_3/run_t3.out.log,dataset/sweep_3input/3_186/t_3/run_t3.err.log
3_187,F3_187,3,2,2,SAT,199,"CG(nc=2, r=2, tr=[(0, 1, 0), (0, 1, 3)])",4,2,0,SAT,/Users/fch/Python/MiniTNtk-Extension/dataset/sweep_3input/3_187/t_2,dataset/sweep_3input/3_187/t_2/run_t2.out.log,dataset/sweep_3input/3_187/t_2/run_t2.err.log
3_188,F3_188,3,5,6,SAT,254,"CG(nc=4, r=5, tr=[(0, 1, 0), (2, 3, 1), (1, 3, 2), (0, 1, 4), (0, 2, 5)])",9,5,0,SAT,/Users/fch/Python/MiniTNtk-Extension/dataset/sweep_3input/3_188/t_5,dataset/sweep_3input/3_188/t_5/run_t5.out.log,dataset/sweep_3input/3_188/t_5/run_t5.err.log
3_188,F3_188,3,6,6,SAT,467,"CG(nc=5, r=6, tr=[(0, 1, 0), (2, 4, 1), (1, 4, 2), (0, 1, 4), (0, 2, 5), (2, 3, 4)])",10,6,0,SAT,/Users/fch/Python/MiniTNtk-Extension/dataset/sweep_3input/3_188/t_6,dataset/sweep_3input/3_188/t_6/run_t6.out.log,dataset/sweep_3input/3_188/t_6/run_t6.err.log
3_189,F3_189,3,6,6,SAT,425,"CG(nc=4, r=6, tr=[(0, 1, 0), (1, 3, 1), (0, 2, 2), (0, 2, 3), (2, 3, 4), (0, 1, 5)])",12,6,0,SAT,/Users/fch/Python/MiniTNtk-Extension/dataset/sweep_3input/3_189/t_6,dataset/sweep_3input/3_189/t_6/run_t6.out.log,dataset/sweep_3input/3_189/t_6/run_t6.err.log
3_190,F3_190,3,5,5,SAT,309,"CG(nc=4, r=5, tr=[(0, 3, 0), (2, 3, 1), (1, 3, 2), (0, 1, 4), (0, 2, 5)])",9,5,0,SAT,/Users/fch/Python/MiniTNtk-Extension/dataset/sweep_3input/3_190/t_5,dataset/sweep_3input/3_190/t_5/run_t5.out.log,dataset/sweep_3input/3_190/t_5/run_t5.err.log
3_191,F3_191,3,3,3,SAT,228,"CG(nc=2, r=3, tr=[(0, 1, 0), (0, 1, 4), (0, 1, 5)])",7,3,0,SAT,/Users/fch/Python/MiniTNtk-Extension/dataset/sweep_3input/3_191/t_3,dataset/sweep_3input/3_191/t_3/run_t3.out.log,dataset/sweep_3input/3_191/t_3/run_t3.err.log
3_192,F3_192,3,2,2,SAT,197,"CG(nc=3, r=2, tr=[(1, 2, 0), (0, 1, 1)])",2,2,0,SAT,/Users/fch/Python/MiniTNtk-Extension/dataset/sweep_3input/3_192/t_2,dataset/sweep_3input/3_192/t_2/run_t2.out.log,dataset/sweep_3input/3_192/t_2/run_t2.err.log
3_193,F3_193,3,5,5,SAT,232,"CG(nc=5, r=5, tr=[(0, 1, 1), (1, 4, 2), (3, 4, 3), (2, 3, 4), (0, 2, 5)])",11,5,0,SAT,/Users/fch/Python/MiniTNtk-Extension/dataset/sweep_3input/3_193/t_5,dataset/sweep_3input/3_193/t_5/run_t5.out.log,dataset/sweep_3input/3_193/t_5/run_t5.err.log
3_194,F3_194,3,5,5,SAT,234,"CG(nc=5, r=5, tr=[(1, 2, 0), (3, 4, 1), (0, 3, 2), (2, 4, 4), (0, 1, 5)])",9,5,0,SAT,/Users/fch/Python/MiniTNtk-Extension/dataset/sweep_3input/3_194/t_5,dataset/sweep_3input/3_194/t_5/run_t5.out.log,dataset/sweep_3input/3_194/t_5/run_t5.err.log
3_195,F3_195,3,4,4,SAT,215,"CG(nc=4, r=4, tr=[(1, 3, 0), (0, 1, 1), (2, 3, 2), (0, 2, 3)])",8,4,0,SAT,/Users/fch/Python/MiniTNtk-Extension/dataset/sweep_3input/3_195/t_4,dataset/sweep_3input/3_195/t_4/run_t4.out.log,dataset/sweep_3input/3_195/t_4/run_t4.err.log
3_196,F3_196,3,3,4,SAT,201,"CG(nc=3, r=3, tr=[(1, 2, 1), (0, 1, 2), (0, 1, 3)])",5,3,0,SAT,/Users/fch/Python/MiniTNtk-Extension/dataset/sweep_3input/3_196/t_3,dataset/sweep_3input/3_196/t_3/run_t3.out.log,dataset/sweep_3input/3_196/t_3/run_t3.err.log
3_196,F3_196,3,4,4,SAT,213,"CG(nc=4, r=4, tr=[(1, 3, 1), (0, 1, 2), (0, 1, 3), (0, 2, 3)])",6,4,0,SAT,/Users/fch/Python/MiniTNtk-Extension/dataset/sweep_3input/3_196/t_4,dataset/sweep_3input/3_196/t_4/run_t4.out.log,dataset/sweep_3input/3_196/t_4/run_t4.err.log
3_197,F3_197,3,4,4,SAT,333,"CG(nc=4, r=4, tr=[(1, 3, 1), (0, 1, 2), (2, 3, 3), (0, 2, 5)])",8,4,0,SAT,/Users/fch/Python/MiniTNtk-Extension/dataset/sweep_3input/3_197/t_4,dataset/sweep_3input/3_197/t_4/run_t4.out.log,dataset/sweep_3input/3_197/t_4/run_t4.err.log
3_198,F3_198,3,6,7,SAT,295,"CG(nc=5, r=6, tr=[(2, 4, 0), (3, 4, 1), (0, 3, 2), (0, 3, 3), (1, 2, 4), (0, 1, 5)])",12,6,0,SAT,/Users/fch/Python/MiniTNtk-Extension/dataset/sweep_3input/3_198/t_6,dataset/sweep_3input/3_198/t_6/run_t6.out.log,dataset/sweep_3input/3_198/t_6/run_t6.err.log
3_198,F3_198,3,7,7,SAT,342,"CG(nc=5, r=6, tr=[(0, 1, 0), (2, 4, 1), (0, 2, 2), (0, 2, 3), (3, 4, 4), (1, 3, 5)], dropped=[(0, 5)])",12,6,0,SAT,/Users/fch/Python/MiniTNtk-Extension/dataset/sweep_3input/3_198/t_7,dataset/sweep_3input/3_198/t_7/run_t7.out.log,dataset/sweep_3input/3_198/t_7/run_t7.err.log
3_199,F3_199,3,5,6,SAT,254,"CG(nc=4, r=5, tr=[(2, 3, 1), (0, 2, 2), (1, 3, 3), (1, 3, 4), (0, 1, 5)])",11,5,0,SAT,/Users/fch/Python/MiniTNtk-Extension/dataset/sweep_3input/3_199/t_5,dataset/sweep_3input/3_199/t_5/run_t5.out.log,dataset/sweep_3input/3_199/t_5/run_t5.err.log
3_199,F3_199,3,6,6,SAT,284,"CG(nc=4, r=6, tr=[(2, 3, 1), (0, 2, 2), (1, 3, 3), (1, 3, 4), (0, 1, 5), (0, 1, 1)])",12,6,0,SAT,/Users/fch/Python/MiniTNtk-Extension/dataset/sweep_3input/3_199/t_6,dataset/sweep_3input/3_199/t_6/run_t6.out.log,dataset/sweep_3input/3_199/t_6/run_t6.err.log
3_200,F3_200,3,3,4,SAT,259,"CG(nc=3, r=3, tr=[(0, 1, 0), (1, 2, 1), (0, 1, 2)])",3,3,0,SAT,/Users/fch/Python/MiniTNtk-Extension/dataset/sweep_3input/3_200/t_3,dataset/sweep_3input/3_200/t_3/run_t3.out.log,dataset/sweep_3input/3_200/t_3/run_t3.err.log
3_200,F3_200,3,4,4,SAT,224,"CG(nc=3, r=4, tr=[(0, 1, 0), (1, 2, 1), (0, 1, 2), (0, 1, 2)])",4,4,0,SAT,/Users/fch/Python/MiniTNtk-Extension/dataset/sweep_3input/3_200/t_4,dataset/sweep_3input/3_200/t_4/run_t4.out.log,dataset/sweep_3input/3_200/t_4/run_t4.err.log
3_201,F3_201,3,6,7,SAT,293,"CG(nc=5, r=6, tr=[(2, 4, 0), (0, 2, 1), (2, 3, 2), (3, 4, 3), (1, 3, 4), (0, 1, 5)])",12,6,0,SAT,/Users/fch/Python/MiniTNtk-Extension/dataset/sweep_3input/3_201/t_6,dataset/sweep_3input/3_201/t_6/run_t6.out.log,dataset/sweep_3input/3_201/t_6/run_t6.err.log
3_201,F3_201,3,7,7,SAT,504,"CG(nc=5, r=6, tr=[(0, 1, 0), (1, 4, 1), (0, 1, 2), (3, 4, 3), (0, 2, 4), (2, 3, 5)], dropped=[(0, 5)])",12,6,0,SAT,/Users/fch/Python/MiniTNtk-Extension/dataset/sweep_3input/3_201/t_7,dataset/sweep_3input/3_201/t_7/run_t7.out.log,dataset/sweep_3input/3_201/t_7/run_t7.err.log
3_202,F3_202,3,4,4,SAT,230,"CG(nc=4, r=4, tr=[(1, 3, 0), (2, 3, 1), (0, 2, 2), (0, 1, 5)])",6,4,0,SAT,/Users/fch/Python/MiniTNtk-Extension/dataset/sweep_3input/3_202/t_4,dataset/sweep_3input/3_202/t_4/run_t4.out.log,dataset/sweep_3input/3_202/t_4/run_t4.err.log
3_203,F3_203,3,5,6,SAT,257,"CG(nc=4, r=5, tr=[(2, 3, 0), (1, 3, 1), (0, 1, 2), (2, 3, 4), (0, 2, 5)])",9,5,0,SAT,/Users/fch/Python/MiniTNtk-Extension/dataset/sweep_3input/3_203/t_5,dataset/sweep_3input/3_203/t_5/run_t5.out.log,dataset/sweep_3input/3_203/t_5/run_t5.err.log
3_203,F3_203,3,6,6,SAT,282,"CG(nc=5, r=6, tr=[(0, 1, 0), (1, 4, 1), (0, 1, 2), (3, 4, 4), (0, 3, 5), (0, 2, 5)])",10,6,0,SAT,/Users/fch/Python/MiniTNtk-Extension/dataset/sweep_3input/3_203/t_6,dataset/sweep_3input/3_203/t_6/run_t6.out.log,dataset/sweep_3input/3_203/t_6/run_t6.err.log
3_204,F3_204,3,1,1,SAT,189,"CG(nc=2, r=1, tr=[(0, 1, 0)])",1,1,0,SAT,/Users/fch/Python/MiniTNtk-Extension/dataset/sweep_3input/3_204/t_1,dataset/sweep_3input/3_204/t_1/run_t1.out.log,dataset/sweep_3input/3_204/t_1/run_t1.err.log
3_205,F3_205,3,3,3,SAT,208,"CG(nc=3, r=3, tr=[(0, 2, 1), (1, 2, 3), (0, 1, 5)])",7,3,0,SAT,/Users/fch/Python/MiniTNtk-Extension/dataset/sweep_3input/3_205/t_3,dataset/sweep_3input/3_205/t_3/run_t3.out.log,dataset/sweep_3input/3_205/t_3/run_t3.err.log
3_206,F3_206,3,3,3,SAT,216,"CG(nc=3, r=3, tr=[(1, 2, 0), (0, 2, 1), (0, 1, 5)])",5,3,0,SAT,/Users/fch/Python/MiniTNtk-Extension/dataset/sweep_3input/3_206/t_3,dataset/sweep_3input/3_206/t_3/run_t3.out.log,dataset/sweep_3input/3_206/t_3/run_t3.err.log
3_207,F3_207,3,2,2,SAT,200,"CG(nc=2, r=2, tr=[(0, 1, 0), (0, 1, 3)])",4,2,0,SAT,/Users/fch/Python/MiniTNtk-Extension/dataset/sweep_3input/3_207/t_2,dataset/sweep_3input/3_207/t_2/run_t2.out.log,dataset/sweep_3input/3_207/t_2/run_t2.err.log
3_208,F3_208,3,3,4,SAT,200,"CG(nc=3, r=3, tr=[(0, 1, 1), (1, 2, 2), (0, 1, 3)])",5,3,0,SAT,/Users/fch/Python/MiniTNtk-Extension/dataset/sweep_3input/3_208/t_3,dataset/sweep_3input/3_208/t_3/run_t3.out.log,dataset/sweep_3input/3_208/t_3/run_t3.err.log
3_208,F3_208,3,4,4,SAT,211,"CG(nc=4, r=4, tr=[(0, 1, 1), (1, 3, 2), (0, 1, 3), (0, 2, 3)])",6,4,0,SAT,/Users/fch/Python/MiniTNtk-Extension/dataset/sweep_3input/3_208/t_4,dataset/sweep_3input/3_208/t_4/run_t4.out.log,dataset/sweep_3input/3_208/t_4/run_t4.err.log
3_209,F3_209,3,4,4,SAT,212,"CG(nc=4, r=4, tr=[(1, 3, 1), (0, 1, 2), (2, 3, 3), (0, 2, 4)])",8,4,0,SAT,/Users/fch/Python/MiniTNtk-Extension/dataset/sweep_3input/3_209/t_4,dataset/sweep_3input/3_209/t_4/run_t4.out.log,dataset/sweep_3input/3_209/t_4/run_t4.err.log
3_210,F3_210,3,6,7,SAT,346,"CG(nc=5, r=6, tr=[(1, 2, 0), (0, 3, 1), (3, 4, 2), (0, 3, 3), (1, 4, 4), (0, 2, 5)])",12,6,0,SAT,/Users/fch/Python/MiniTNtk-Extension/dataset/sweep_3input/3_210/t_6,dataset/sweep_3input/3_210/t_6/run_t6.out.log,dataset/sweep_3input/3_210/t_6/run_t6.err.log
3_210,F3_210,3,7,7,SAT,426,"CG(nc=7, r=7, tr=[(1, 2, 0), (0, 3, 1), (3, 6, 2), (0, 3, 3), (2, 6, 4), (4, 5, 5), (0, 1, 5)])",13,7,0,SAT,/Users/fch/Python/MiniTNtk-Extension/dataset/sweep_3input/3_210/t_7,dataset/sweep_3input/3_210/t_7/run_t7.out.log,dataset/sweep_3input/3_210/t_7/run_t7.err.log
3_211,F3_211,3,5,6,SAT,259,"CG(nc=4, r=5, tr=[(2, 3, 1), (0, 2, 2), (2, 3, 3), (1, 3, 4), (0, 1, 5)])",11,5,0,SAT,/Users/fch/Python/MiniTNtk-Extension/dataset/sweep_3input/3_211/t_5,dataset/sweep_3input/3_211/t_5/run_t5.out.log,dataset/sweep_3input/3_211/t_5/run_t5.err.log
3_211,F3_211,3,6,6,SAT,286,"CG(nc=5, r=6, tr=[(0, 1, 1), (1, 4, 2), (0, 1, 3), (3, 4, 4), (0, 3, 5), (0, 2, 5)])",12,6,0,SAT,/Users/fch/Python/MiniTNtk-Extension/dataset/sweep_3input/3_211/t_6,dataset/sweep_3input/3_211/t_6/run_t6.out.log,dataset/sweep_3input/3_211/t_6/run_t6.err.log
3_212,F3_212,3,3,6,UNSAT,718,"CG(nc=4, r=5, tr=[(2, 3, 1), (2, 3, 2), (0, 2, 3), (0, 1, 2), (1, 2, 1)])",7,5,0,SAT,/Users/fch/Python/MiniTNtk-Extension/dataset/sweep_3input/3_212/t_3,dataset/sweep_3input/3_212/t_3/run_t3.out.log,dataset/sweep_3input/3_212/t_3/run_t3.err.log
3_212,F3_212,3,4,6,UNSAT,478,"CG(nc=4, r=5, tr=[(2, 3, 1), (2, 3, 2), (0, 2, 3), (0, 1, 2), (1, 2, 1)])",7,5,0,SAT,/Users/fch/Python/MiniTNtk-Extension/dataset/sweep_3input/3_212/t_4,dataset/sweep_3input/3_212/t_4/run_t4.out.log,dataset/sweep_3input/3_212/t_4/run_t4.err.log
3_212,F3_212,3,5,6,SAT,400,"CG(nc=4, r=5, tr=[(2, 3, 1), (2, 3, 2), (0, 2, 3), (0, 1, 2), (1, 2, 1)])",7,5,0,SAT,/Users/fch/Python/MiniTNtk-Extension/dataset/sweep_3input/3_212/t_5,dataset/sweep_3input/3_212/t_5/run_t5.out.log,dataset/sweep_3input/3_212/t_5/run_t5.err.log
3_212,F3_212,3,6,6,SAT,286,"CG(nc=4, r=6, tr=[(1, 3, 1), (2, 3, 2), (0, 1, 3), (1, 2, 3), (0, 1, 2), (0, 2, 1)])",8,6,0,SAT,/Users/fch/Python/MiniTNtk-Extension/dataset/sweep_3input/3_212/t_6,dataset/sweep_3input/3_212/t_6/run_t6.out.log,dataset/sweep_3input/3_212/t_6/run_t6.err.log
3_213,F3_213,3,3,3,SAT,204,"CG(nc=3, r=3, tr=[(1, 2, 1), (0, 1, 2), (0, 2, 3)])",5,3,0,SAT,/Users/fch/Python/MiniTNtk-Extension/dataset/sweep_3input/3_213/t_3,dataset/sweep_3input/3_213/t_3/run_t3.out.log,dataset/sweep_3input/3_213/t_3/run_t3.err.log
3_214,F3_214,3,6,9,UNSAT,674,"CG(nc=5, r=7, tr=[(1, 4, 0), (1, 3, 1), (2, 3, 2), (2, 4, 3), (0, 3, 4), (1, 3, 5), (0, 2, 1)])",13,7,0,SAT,/Users/fch/Python/MiniTNtk-Extension/dataset/sweep_3input/3_214/t_6,dataset/sweep_3input/3_214/t_6/run_t6.out.log,dataset/sweep_3input/3_214/t_6/run_t6.err.log
3_214,F3_214,3,7,9,SAT,367,"CG(nc=5, r=7, tr=[(1, 4, 0), (1, 3, 1), (2, 3, 2), (2, 4, 3), (0, 3, 4), (1, 3, 5), (0, 2, 1)])",13,7,0,SAT,/Users/fch/Python/MiniTNtk-Extension/dataset/sweep_3input/3_214/t_7,dataset/sweep_3input/3_214/t_7/run_t7.out.log,dataset/sweep_3input/3_214/t_7/run_t7.err.log
3_214,F3_214,3,8,9,SAT,473,"CG(nc=5, r=7, tr=[(1, 2, 0), (2, 4, 2), (3, 4, 3), (2, 4, 4), (0, 1, 5), (1, 3, 1), (0, 3, 2)], dropped=[(3, 1)])",13,7,0,SAT,/Users/fch/Python/MiniTNtk-Extension/dataset/sweep_3input/3_214/t_8,dataset/sweep_3input/3_214/t_8/run_t8.out.log,dataset/sweep_3input/3_214/t_8/run_t8.err.log
3_214,F3_214,3,9,9,SAT,675,"CG(nc=5, r=9, tr=[(0, 1, 0), (2, 4, 1), (0, 1, 2), (1, 4, 3), (3, 4, 4), (1, 3, 5), (1, 2, 2), (1, 2, 2), (0, 1, 1)])",15,9,0,SAT,/Users/fch/Python/MiniTNtk-Extension/dataset/sweep_3input/3_214/t_9,dataset/sweep_3input/3_214/t_9/run_t9.out.log,dataset/sweep_3input/3_214/t_9/run_t9.err.log
3_215,F3_215,3,5,5,SAT,303,"CG(nc=4, r=5, tr=[(1, 3, 1), (0, 1, 2), (0, 3, 3), (2, 3, 4), (0, 2, 5)])",11,5,0,SAT,/Users/fch/Python/MiniTNtk-Extension/dataset/sweep_3input/3_215/t_5,dataset/sweep_3input/3_215/t_5/run_t5.out.log,dataset/sweep_3input/3_215/t_5/run_t5.err.log
3_216,F3_216,3,4,4,SAT,226,"CG(nc=4, r=4, tr=[(1, 3, 0), (0, 1, 1), (2, 3, 2), (0, 2, 3)])",6,4,0,SAT,/Users/fch/Python/MiniTNtk-Extension/dataset/sweep_3input/3_216/t_4,dataset/sweep_3input/3_216/t_4/run_t4.out.log,dataset/sweep_3input/3_216/t_4/run_t4.err.log
3_217,F3_217,3,5,6,SAT,263,"CG(nc=4, r=5, tr=[(1, 3, 0), (0, 1, 1), (0, 2, 2), (2, 3, 3), (0, 2, 4)])",9,5,0,SAT,/Users/fch/Python/MiniTNtk-Extension/dataset/sweep_3input/3_217/t_5,dataset/sweep_3input/3_217/t_5/run_t5.out.log,dataset/sweep_3input/3_217/t_5/run_t5.err.log
3_217,F3_217,3,6,6,SAT,288,"CG(nc=4, r=6, tr=[(0, 1, 0), (1, 3, 1), (0, 1, 2), (1, 3, 3), (0, 1, 4), (2, 3, 1)])",10,6,0,SAT,/Users/fch/Python/MiniTNtk-Extension/dataset/sweep_3input/3_217/t_6,dataset/sweep_3input/3_217/t_6/run_t6.out.log,dataset/sweep_3input/3_217/t_6/run_t6.err.log
3_218,F3_218,3,5,6,SAT,258,"CG(nc=4, r=5, tr=[(2, 3, 0), (0, 1, 1), (1, 3, 2), (0, 1, 3), (0, 2, 5)])",9,5,0,SAT,/Users/fch/Python/MiniTNtk-Extension/dataset/sweep_3input/3_218/t_5,dataset/sweep_3input/3_218/t_5/run_t5.out.log,dataset/sweep_3input/3_218/t_5/run_t5.err.log
3_218,F3_218,3,6,6,SAT,280,"CG(nc=3, r=6, tr=[(1, 2, 0), (0, 1, 1), (1, 2, 2), (0, 1, 3), (0, 1, 5), (0, 1, 5)])",10,6,0,SAT,/Users/fch/Python/MiniTNtk-Extension/dataset/sweep_3input/3_218/t_6,dataset/sweep_3input/3_218/t_6/run_t6.out.log,dataset/sweep_3input/3_218/t_6/run_t6.err.log
3_219,F3_219,3,6,6,SAT,314,"CG(nc=4, r=6, tr=[(1, 3, 0), (0, 1, 1), (0, 2, 2), (2, 3, 3), (1, 3, 4), (0, 1, 5)])",12,6,0,SAT,/Users/fch/Python/MiniTNtk-Extension/dataset/sweep_3input/3_219/t_6,dataset/sweep_3input/3_219/t_6/run_t6.out.log,dataset/sweep_3input/3_219/t_6/run_t6.err.log
3_220,F3_220,3,3,3,SAT,280,"CG(nc=3, r=3, tr=[(0, 2, 1), (1, 2, 2), (0, 1, 3)])",5,3,0,SAT,/Users/fch/Python/MiniTNtk-Extension/dataset/sweep_3input/3_220/t_3,dataset/sweep_3input/3_220/t_3/run_t3.out.log,dataset/sweep_3input/3_220/t_3/run_t3.err.log
3_221,F3_221,3,2,2,SAT,218,"CG(nc=2, r=2, tr=[(0, 1, 1), (0, 1, 2)])",4,2,0,SAT,/Users/fch/Python/MiniTNtk-Extension/dataset/sweep_3input/3_221/t_2,dataset/sweep_3input/3_221/t_2/run_t2.out.log,dataset/sweep_3input/3_221/t_2/run_t2.err.log
3_222,F3_222,3,5,5,SAT,282,"CG(nc=4, r=5, tr=[(2, 3, 0), (0, 3, 1), (1, 3, 2), (0, 1, 3), (0, 2, 5)])",9,5,0,SAT,/Users/fch/Python/MiniTNtk-Extension/dataset/sweep_3input/3_222/t_5,dataset/sweep_3input/3_222/t_5/run_t5.out.log,dataset/sweep_3input/3_222/t_5/run_t5.err.log
3_223,F3_223,3,3,3,SAT,278,"CG(nc=2, r=3, tr=[(0, 1, 1), (0, 1, 3), (0, 1, 5)])",7,3,0,SAT,/Users/fch/Python/MiniTNtk-Extension/dataset/sweep_3input/3_223/t_3,dataset/sweep_3input/3_223/t_3/run_t3.out.log,dataset/sweep_3input/3_223/t_3/run_t3.err.log
3_224,F3_224,3,3,4,SAT,203,"CG(nc=3, r=3, tr=[(1, 2, 0), (1, 2, 1), (0, 1, 2)])",3,3,0,SAT,/Users/fch/Python/MiniTNtk-Extension/dataset/sweep_3input/3_224/t_3,dataset/sweep_3input/3_224/t_3/run_t3.out.log,dataset/sweep_3input/3_224/t_3/run_t3.err.log
3_224,F3_224,3,4,4,SAT,215,"CG(nc=4, r=4, tr=[(1, 3, 0), (1, 3, 1), (0, 1, 2), (1, 2, 2)])",4,4,0,SAT,/Users/fch/Python/MiniTNtk-Extension/dataset/sweep_3input/3_224/t_4,dataset/sweep_3input/3_224/t_4/run_t4.out.log,dataset/sweep_3input/3_224/t_4/run_t4.err.log
3_225,F3_225,3,6,7,SAT,287,"CG(nc=5, r=6, tr=[(0, 1, 0), (0, 1, 1), (1, 4, 2), (0, 3, 3), (2, 4, 4), (2, 3, 5)])",12,6,0,SAT,/Users/fch/Python/MiniTNtk-Extension/dataset/sweep_3input/3_225/t_6,dataset/sweep_3input/3_225/t_6/run_t6.out.log,dataset/sweep_3input/3_225/t_6/run_t6.err.log
3_225,F3_225,3,7,7,SAT,374,"CG(nc=6, r=7, tr=[(1, 5, 0), (1, 5, 1), (0, 1, 2), (3, 5, 3), (0, 4, 4), (2, 3, 5), (3, 4, 5)])",13,7,0,SAT,/Users/fch/Python/MiniTNtk-Extension/dataset/sweep_3input/3_225/t_7,dataset/sweep_3input/3_225/t_7/run_t7.out.log,dataset/sweep_3input/3_225/t_7/run_t7.err.log
3_226,F3_226,3,4,4,SAT,241,"CG(nc=4, r=4, tr=[(2, 3, 0), (1, 3, 1), (0, 1, 2), (0, 2, 4)])",6,4,0,SAT,/Users/fch/Python/MiniTNtk-Extension/dataset/sweep_3input/3_226/t_4,dataset/sweep_3input/3_226/t_4/run_t4.out.log,dataset/sweep_3input/3_226/t_4/run_t4.err.log
3_227,F3_227,3,5,6,SAT,265,"CG(nc=4, r=5, tr=[(1, 3, 0), (1, 3, 1), (0, 1, 2), (2, 3, 4), (0, 2, 5)])",9,5,0,SAT,/Users/fch/Python/MiniTNtk-Extension/dataset/sweep_3input/3_227/t_5,dataset/sweep_3input/3_227/t_5/run_t5.out.log,dataset/sweep_3input/3_227/t_5/run_t5.err.log
3_227,F3_227,3,6,6,SAT,376,"CG(nc=5, r=6, tr=[(0, 1, 0), (3, 4, 1), (0, 3, 2), (1, 4, 4), (0, 1, 5), (0, 2, 4)])",10,6,0,SAT,/Users/fch/Python/MiniTNtk-Extension/dataset/sweep_3input/3_227/t_6,dataset/sweep_3input/3_227/t_6/run_t6.out.log,dataset/sweep_3input/3_227/t_6/run_t6.err.log
3_228,F3_228,3,4,4,SAT,228,"CG(nc=4, r=4, tr=[(0, 1, 0), (2, 3, 1), (1, 3, 2), (0, 2, 3)])",6,4,0,SAT,/Users/fch/Python/MiniTNtk-Extension/dataset/sweep_3input/3_228/t_4,dataset/sweep_3input/3_228/t_4/run_t4.out.log,dataset/sweep_3input/3_228/t_4/run_t4.err.log
3_229,F3_229,3,5,6,SAT,285,"CG(nc=4, r=5, tr=[(2, 3, 0), (2, 3, 1), (0, 2, 2), (1, 3, 3), (0, 1, 5)])",9,5,0,SAT,/Users/fch/Python/MiniTNtk-Extension/dataset/sweep_3input/3_229/t_5,dataset/sweep_3input/3_229/t_5/run_t5.out.log,dataset/sweep_3input/3_229/t_5/run_t5.err.log
3_229,F3_229,3,6,6,SAT,287,"CG(nc=5, r=6, tr=[(1, 4, 0), (0, 3, 1), (0, 1, 2), (3, 4, 3), (0, 3, 5), (0, 2, 2)])",10,6,0,SAT,/Users/fch/Python/MiniTNtk-Extension/dataset/sweep_3input/3_229/t_6,dataset/sweep_3input/3_229/t_6/run_t6.out.log,dataset/sweep_3input/3_229/t_6/run_t6.err.log
3_230,F3_230,3,5,6,SAT,256,"CG(nc=4, r=5, tr=[(1, 3, 0), (2, 3, 1), (0, 1, 2), (0, 2, 3), (0, 1, 4)])",9,5,0,SAT,/Users/fch/Python/MiniTNtk-Extension/dataset/sweep_3input/3_230/t_5,dataset/sweep_3input/3_230/t_5/run_t5.out.log,dataset/sweep_3input/3_230/t_5/run_t5.err.log
3_230,F3_230,3,6,6,SAT,297,"CG(nc=4, r=6, tr=[(2, 3, 0), (2, 3, 1), (0, 2, 2), (0, 2, 3), (0, 2, 4), (0, 1, 2)])",10,6,0,SAT,/Users/fch/Python/MiniTNtk-Extension/dataset/sweep_3input/3_230/t_6,dataset/sweep_3input/3_230/t_6/run_t6.out.log,dataset/sweep_3input/3_230/t_6/run_t6.err.log
3_231,F3_231,3,6,6,SAT,314,"CG(nc=4, r=6, tr=[(0, 1, 0), (2, 3, 1), (0, 2, 2), (0, 2, 3), (1, 3, 4), (0, 1, 5)])",12,6,0,SAT,/Users/fch/Python/MiniTNtk-Extension/dataset/sweep_3input/3_231/t_6,dataset/sweep_3input/3_231/t_6/run_t6.out.log,dataset/sweep_3input/3_231/t_6/run_t6.err.log
3_232,F3_232,3,3,6,UNSAT,732,"CG(nc=4, r=5, tr=[(0, 1, 0), (2, 3, 1), (1, 3, 2), (0, 2, 0), (0, 1, 1)])",5,5,0,SAT,/Users/fch/Python/MiniTNtk-Extension/dataset/sweep_3input/3_232/t_3,dataset/sweep_3input/3_232/t_3/run_t3.out.log,dataset/sweep_3input/3_232/t_3/run_t3.err.log
3_232,F3_232,3,4,6,UNSAT,542,"CG(nc=4, r=5, tr=[(0, 1, 0), (2, 3, 1), (1, 3, 2), (0, 2, 0), (0, 1, 1)])",5,5,0,SAT,/Users/fch/Python/MiniTNtk-Extension/dataset/sweep_3input/3_232/t_4,dataset/sweep_3input/3_232/t_4/run_t4.out.log,dataset/sweep_3input/3_232/t_4/run_t4.err.log
3_232,F3_232,3,5,6,SAT,254,"CG(nc=4, r=5, tr=[(0, 1, 0), (2, 3, 1), (1, 3, 2), (0, 2, 0), (0, 1, 1)])",5,5,0,SAT,/Users/fch/Python/MiniTNtk-Extension/dataset/sweep_3input/3_232/t_5,dataset/sweep_3input/3_232/t_5/run_t5.out.log,dataset/sweep_3input/3_232/t_5/run_t5.err.log
3_232,F3_232,3,6,6,SAT,357,"CG(nc=5, r=6, tr=[(0, 1, 0), (3, 4, 1), (1, 4, 2), (0, 3, 0), (0, 2, 1), (0, 1, 1)])",6,6,0,SAT,/Users/fch/Python/MiniTNtk-Extension/dataset/sweep_3input/3_232/t_6,dataset/sweep_3input/3_232/t_6/run_t6.out.log,dataset/sweep_3input/3_232/t_6/run_t6.err.log
3_233,F3_233,3,6,9,UNSAT,777,"CG(nc=5, r=7, tr=[(1, 4, 0), (2, 3, 1), (1, 2, 2), (3, 4, 3), (0, 2, 4), (2, 3, 5), (0, 1, 1)])",13,7,0,SAT,/Users/fch/Python/MiniTNtk-Extension/dataset/sweep_3input/3_233/t_6,dataset/sweep_3input/3_233/t_6/run_t6.out.log,dataset/sweep_3input/3_233/t_6/run_t6.err.log
3_233,F3_233,3,7,9,SAT,381,"CG(nc=5, r=7, tr=[(1, 4, 0), (2, 3, 1), (1, 2, 2), (3, 4, 3), (0, 2, 4), (2, 3, 5), (0, 1, 1)])",13,7,0,SAT,/Users/fch/Python/MiniTNtk-Extension/dataset/sweep_3input/3_233/t_7,dataset/sweep_3input/3_233/t_7/run_t7.out.log,dataset/sweep_3input/3_233/t_7/run_t7.err.log
3_233,F3_233,3,8,9,SAT,548,"CG(nc=5, r=8, tr=[(2, 4, 0), (2, 3, 1), (0, 2, 2), (3, 4, 3), (0, 1, 4), (1, 3, 5), (0, 3, 0), (0, 1, 4)])",14,8,0,SAT,/Users/fch/Python/MiniTNtk-Extension/dataset/sweep_3input/3_233/t_8,dataset/sweep_3input/3_233/t_8/run_t8.out.log,dataset/sweep_3input/3_233/t_8/run_t8.err.log
3_233,F3_233,3,9,9,SAT,696,"CG(nc=5, r=8, tr=[(1, 4, 0), (3, 4, 1), (1, 3, 2), (0, 1, 3), (2, 4, 4), (1, 2, 5), (0, 1, 1), (0, 1, 2)], dropped=[(1, 5)])",14,8,0,SAT,/Users/fch/Python/MiniTNtk-Extension/dataset/sweep_3input/3_233/t_9,dataset/sweep_3input/3_233/t_9/run_t9.out.log,dataset/sweep_3input/3_233/t_9/run_t9.err.log
3_234,F3_234,3,3,3,SAT,238,"CG(nc=3, r=3, tr=[(0, 2, 0), (1, 2, 1), (0, 1, 2)])",3,3,0,SAT,/Users/fch/Python/MiniTNtk-Extension/dataset/sweep_3input/3_234/t_3,dataset/sweep_3input/3_234/t_3/run_t3.out.log,dataset/sweep_3input/3_234/t_3/run_t3.err.log
3_235,F3_235,3,5,5,SAT,286,"CG(nc=4, r=5, tr=[(0, 3, 0), (2, 3, 1), (0, 2, 2), (1, 3, 4), (0, 1, 5)])",9,5,0,SAT,/Users/fch/Python/MiniTNtk-Extension/dataset/sweep_3input/3_235/t_5,dataset/sweep_3input/3_235/t_5/run_t5.out.log,dataset/sweep_3input/3_235/t_5/run_t5.err.log
3_236,F3_236,3,3,3,SAT,304,"CG(nc=3, r=3, tr=[(1, 2, 0), (0, 2, 1), (0, 1, 2)])",3,3,0,SAT,/Users/fch/Python/MiniTNtk-Extension/dataset/sweep_3input/3_236/t_3,dataset/sweep_3input/3_236/t_3/run_t3.out.log,dataset/sweep_3input/3_236/t_3/run_t3.err.log
3_237,F3_237,3,5,5,SAT,282,"CG(nc=4, r=5, tr=[(2, 3, 0), (0, 3, 1), (0, 2, 2), (1, 3, 3), (0, 1, 5)])",9,5,0,SAT,/Users/fch/Python/MiniTNtk-Extension/dataset/sweep_3input/3_237/t_5,dataset/sweep_3input/3_237/t_5/run_t5.out.log,dataset/sweep_3input/3_237/t_5/run_t5.err.log
3_238,F3_238,3,2,2,SAT,204,"CG(nc=2, r=2, tr=[(0, 1, 0), (0, 1, 1)])",2,2,0,SAT,/Users/fch/Python/MiniTNtk-Extension/dataset/sweep_3input/3_238/t_2,dataset/sweep_3input/3_238/t_2/run_t2.out.log,dataset/sweep_3input/3_238/t_2/run_t2.err.log
3_239,F3_239,3,3,3,SAT,227,"CG(nc=2, r=3, tr=[(0, 1, 0), (0, 1, 1), (0, 1, 5)])",5,3,0,SAT,/Users/fch/Python/MiniTNtk-Extension/dataset/sweep_3input/3_239/t_3,dataset/sweep_3input/3_239/t_3/run_t3.out.log,dataset/sweep_3input/3_239/t_3/run_t3.err.log
3_240,F3_240,3,1,1,SAT,202,"CG(nc=2, r=1, tr=[(0, 1, 0)])",1,1,0,SAT,/Users/fch/Python/MiniTNtk-Extension/dataset/sweep_3input/3_240/t_1,dataset/sweep_3input/3_240/t_1/run_t1.out.log,dataset/sweep_3input/3_240/t_1/run_t1.err.log
3_241,F3_241,3,3,3,SAT,212,"CG(nc=3, r=3, tr=[(0, 2, 2), (1, 2, 3), (0, 1, 4)])",7,3,0,SAT,/Users/fch/Python/MiniTNtk-Extension/dataset/sweep_3input/3_241/t_3,dataset/sweep_3input/3_241/t_3/run_t3.out.log,dataset/sweep_3input/3_241/t_3/run_t3.err.log
3_242,F3_242,3,3,3,SAT,213,"CG(nc=3, r=3, tr=[(1, 2, 0), (0, 2, 2), (0, 1, 4)])",5,3,0,SAT,/Users/fch/Python/MiniTNtk-Extension/dataset/sweep_3input/3_242/t_3,dataset/sweep_3input/3_242/t_3/run_t3.out.log,dataset/sweep_3input/3_242/t_3/run_t3.err.log
3_243,F3_243,3,2,2,SAT,331,"CG(nc=2, r=2, tr=[(0, 1, 1), (0, 1, 2)])",4,2,0,SAT,/Users/fch/Python/MiniTNtk-Extension/dataset/sweep_3input/3_243/t_2,dataset/sweep_3input/3_243/t_2/run_t2.out.log,dataset/sweep_3input/3_243/t_2/run_t2.err.log
3_244,F3_244,3,3,3,SAT,89,"CG(nc=3, r=3, tr=[(1, 2, 1), (0, 2, 2), (0, 1, 3)])",5,3,0,SAT,/Users/fch/Python/MiniTNtk-Extension/dataset/sweep_3input/3_244/t_3,dataset/sweep_3input/3_244/t_3/run_t3.out.log,dataset/sweep_3input/3_244/t_3/run_t3.err.log
3_245,F3_245,3,2,2,SAT,79,"CG(nc=2, r=2, tr=[(0, 1, 1), (0, 1, 2)])",4,2,0,SAT,/Users/fch/Python/MiniTNtk-Extension/dataset/sweep_3input/3_245/t_2,dataset/sweep_3input/3_245/t_2/run_t2.out.log,dataset/sweep_3input/3_245/t_2/run_t2.err.log
3_246,F3_246,3,5,5,SAT,180,"CG(nc=4, r=5, tr=[(1, 3, 0), (2, 3, 1), (0, 3, 2), (0, 2, 3), (0, 1, 4)])",9,5,0,SAT,/Users/fch/Python/MiniTNtk-Extension/dataset/sweep_3input/3_246/t_5,dataset/sweep_3input/3_246/t_5/run_t5.out.log,dataset/sweep_3input/3_246/t_5/run_t5.err.log
3_247,F3_247,3,3,3,SAT,96,"CG(nc=2, r=3, tr=[(0, 1, 2), (0, 1, 3), (0, 1, 4)])",7,3,0,SAT,/Users/fch/Python/MiniTNtk-Extension/dataset/sweep_3input/3_247/t_3,dataset/sweep_3input/3_247/t_3/run_t3.out.log,dataset/sweep_3input/3_247/t_3/run_t3.err.log
3_248,F3_248,3,3,3,SAT,90,"CG(nc=3, r=3, tr=[(1, 2, 0), (0, 1, 1), (0, 2, 2)])",3,3,0,SAT,/Users/fch/Python/MiniTNtk-Extension/dataset/sweep_3input/3_248/t_3,dataset/sweep_3input/3_248/t_3/run_t3.out.log,dataset/sweep_3input/3_248/t_3/run_t3.err.log
3_249,F3_249,3,5,5,SAT,155,"CG(nc=4, r=5, tr=[(1, 3, 0), (0, 1, 1), (0, 3, 2), (2, 3, 3), (0, 2, 4)])",9,5,0,SAT,/Users/fch/Python/MiniTNtk-Extension/dataset/sweep_3input/3_249/t_5,dataset/sweep_3input/3_249/t_5/run_t5.out.log,dataset/sweep_3input/3_249/t_5/run_t5.err.log
3_250,F3_250,3,2,2,SAT,94,"CG(nc=2, r=2, tr=[(0, 1, 0), (0, 1, 1)])",2,2,0,SAT,/Users/fch/Python/MiniTNtk-Extension/dataset/sweep_3input/3_250/t_2,dataset/sweep_3input/3_250/t_2/run_t2.out.log,dataset/sweep_3input/3_250/t_2/run_t2.err.log
3_251,F3_251,3,3,3,SAT,94,"CG(nc=2, r=3, tr=[(0, 1, 0), (0, 1, 2), (0, 1, 4)])",5,3,0,SAT,/Users/fch/Python/MiniTNtk-Extension/dataset/sweep_3input/3_251/t_3,dataset/sweep_3input/3_251/t_3/run_t3.out.log,dataset/sweep_3input/3_251/t_3/run_t3.err.log
3_252,F3_252,3,2,2,SAT,84,"CG(nc=2, r=2, tr=[(0, 1, 0), (0, 1, 1)])",2,2,0,SAT,/Users/fch/Python/MiniTNtk-Extension/dataset/sweep_3input/3_252/t_2,dataset/sweep_3input/3_252/t_2/run_t2.out.log,dataset/sweep_3input/3_252/t_2/run_t2.err.log
3_253,F3_253,3,3,3,SAT,95,"CG(nc=2, r=3, tr=[(0, 1, 1), (0, 1, 2), (0, 1, 3)])",5,3,0,SAT,/Users/fch/Python/MiniTNtk-Extension/dataset/sweep_3input/3_253/t_3,dataset/sweep_3input/3_253/t_3/run_t3.out.log,dataset/sweep_3input/3_253/t_3/run_t3.err.log
3_254,F3_254,3,3,3,SAT,95,"CG(nc=2, r=3, tr=[(0, 1, 0), (0, 1, 1), (0, 1, 2)])",3,3,0,SAT,/Users/fch/Python/MiniTNtk-Extension/dataset/sweep_3input/3_254/t_3,dataset/sweep_3input/3_254/t_3/run_t3.out.log,dataset/sweep_3input/3_254/t_3/run_t3.err.log
