Boolean Func,#Transistors,#Transistors_PDN,#Transistors_PUN,PDN-CG,PUN-CG,Runtime(ms),SatResult
P1,8,4,4,CG(nc=2, r=4, tr=[(1, 0, 0), (1, 0, 1), (1, 0, 2), (1, 0, 3)]),CG(nc=5, r=4, tr=[(1, 4, 0), (3, 0, 1), (1, 2, 2), (3, 2, 3)]),3314,SAT
P2,10,4,4,CG(nc=2, r=4, tr=[(1, 0, 1), (1, 0, 2), (0, 1, 3), (1, 0, 4)]),CG(nc=5, r=4, tr=[(1, 0, 1), (4, 3, 2), (2, 3, 3), (1, 2, 4)]),1551,SAT
P3,6,3,3,CG(nc=2, r=3, tr=[(1, 0, 0), (0, 1, 1), (1, 0, 2)]),CG(nc=4, r=3, tr=[(1, 0, 0), (2, 3, 1), (1, 2, 2)]),1974,SAT
P10,8,3,3,CG(nc=2, r=3, tr=[(1, 0, 1), (0, 1, 2), (1, 0, 3)]),CG(nc=4, r=3, tr=[(3, 2, 1), (2, 1, 2), (0, 1, 3)]),1555,SAT
P11,10,4,4,CG(nc=3, r=4, tr=[(2, 1, 1), (2, 0, 2), (2, 0, 3), (0, 1, 4)]),CG(nc=4, r=4, tr=[(1, 2, 1), (2, 0, 2), (3, 1, 3), (2, 1, 4)]),1963,SAT
P14,12,4,4,CG(nc=3, r=4, tr=[(0, 2, 2), (0, 2, 3), (2, 1, 4), (0, 1, 5)]),CG(nc=4, r=4, tr=[(1, 0, 2), (2, 3, 3), (2, 1, 4), (1, 2, 5)]),1330,SAT
P15,4,2,2,CG(nc=2, r=2, tr=[(0, 1, 0), (1, 0, 1)]),CG(nc=3, r=2, tr=[(2, 1, 0), (0, 1, 1)]),1426,SAT
P22,22,8,8,CG(nc=5, r=8, tr=[(1, 4, 0), (3, 1, 1), (0, 1, 2), (0, 4, 3), (3, 4, 4), (2, 0, 5), (3, 2, 6), (0, 3, 0)]),CG(nc=6, r=8, tr=[(1, 0, 0), (1, 2, 1), (0, 2, 2), (3, 5, 3), (1, 4, 4), (1, 4, 5), (3, 2, 6), (4, 3, 2)]),3175,SAT
P23,12,6,6,CG(nc=4, r=6, tr=[(0, 1, 0), (3, 2, 1), (1, 3, 2), (3, 0, 3), (1, 0, 1), (0, 2, 0)]),CG(nc=5, r=6, tr=[(4, 2, 0), (3, 4, 1), (0, 1, 2), (1, 3, 3), (2, 3, 2), (0, 1, 0)]),4287,SAT
P24,20,7,7,CG(nc=4, r=7, tr=[(1, 0, 0), (2, 3, 1), (1, 3, 2), (3, 0, 3), (2, 0, 4), (3, 1, 5), (0, 1, 6)]),CG(nc=6, r=7, tr=[(1, 2, 0), (2, 0, 1), (0, 3, 2), (1, 4, 3), (4, 5, 4), (1, 3, 5), (4, 5, 6)]),1640,SAT
P25,16,6,6,CG(nc=4, r=6, tr=[(1, 3, 0), (2, 3, 1), (0, 2, 2), (3, 0, 3), (2, 0, 4), (1, 0, 5)]),CG(nc=5, r=6, tr=[(4, 2, 0), (3, 0, 1), (0, 1, 2), (2, 3, 3), (3, 1, 4), (2, 4, 5)]),1427,SAT
P26,16,6,6,CG(nc=4, r=6, tr=[(1, 3, 0), (0, 2, 1), (0, 1, 2), (3, 0, 3), (3, 2, 4), (0, 2, 6)]),CG(nc=5, r=6, tr=[(4, 2, 0), (3, 0, 1), (4, 2, 2), (1, 2, 3), (0, 1, 4), (3, 1, 6)]),1784,SAT
P27,12,5,5,CG(nc=4, r=5, tr=[(0, 1, 0), (3, 2, 1), (1, 3, 2), (3, 0, 3), (0, 2, 4)]),CG(nc=5, r=5, tr=[(1, 2, 0), (0, 1, 1), (0, 3, 2), (4, 2, 3), (3, 2, 4)]),2573,SAT
P30,20,7,7,CG(nc=5, r=7, tr=[(4, 2, 0), (4, 2, 1), (2, 0, 2), (4, 0, 3), (0, 3, 4), (1, 4, 5), (3, 1, 6)]),CG(nc=6, r=7, tr=[(1, 5, 0), (3, 4, 1), (5, 2, 2), (0, 3, 3), (2, 4, 4), (3, 2, 5), (1, 4, 6)]),2569,SAT
P31,8,4,4,CG(nc=3, r=4, tr=[(2, 1, 0), (2, 1, 1), (0, 1, 2), (2, 0, 3)]),CG(nc=4, r=4, tr=[(1, 3, 0), (2, 1, 1), (2, 3, 2), (0, 2, 3)]),1812,SAT
P104,22,8,8,CG(nc=4, r=8, tr=[(1, 0, 0), (2, 1, 1), (3, 2, 2), (0, 3, 3), (1, 3, 4), (2, 3, 5), (0, 2, 6), (1, 0, 5)]),CG(nc=6, r=8, tr=[(5, 2, 0), (3, 5, 1), (5, 4, 2), (2, 1, 3), (0, 2, 4), (0, 3, 5), (1, 3, 6), (4, 1, 5)]),3968,SAT
P105,24,9,9,CG(nc=6, r=9, tr=[(1, 2, 0), (3, 0, 1), (2, 3, 2), (5, 0, 3), (3, 4, 4), (2, 0, 5), (4, 1, 6), (5, 4, 5), (1, 5, 1)]),CG(nc=7, r=9, tr=[(1, 2, 0), (3, 2, 1), (4, 3, 2), (0, 1, 3), (1, 5, 4), (4, 5, 5), (2, 5, 6), (3, 6, 4), (4, 6, 0)]),6128,SAT
P106,20,7,7,CG(nc=5, r=7, tr=[(1, 4, 0), (0, 3, 1), (1, 3, 2), (4, 0, 3), (2, 4, 4), (0, 2, 5), (0, 2, 6)]),CG(nc=5, r=7, tr=[(4, 2, 0), (2, 4, 1), (2, 4, 2), (2, 3, 3), (0, 3, 4), (3, 1, 5), (1, 0, 6)]),1906,SAT
P107,22,8,8,CG(nc=5, r=8, tr=[(1, 0, 0), (1, 2, 1), (2, 4, 2), (4, 0, 3), (4, 1, 4), (3, 0, 5), (2, 0, 6), (2, 3, 4)]),CG(nc=6, r=8, tr=[(1, 2, 0), (1, 0, 1), (0, 3, 2), (4, 5, 3), (1, 3, 4), (4, 1, 5), (2, 0, 6), (3, 4, 1)]),3250,SAT
P110,16,6,6,CG(nc=5, r=6, tr=[(1, 2, 0), (2, 4, 1), (0, 1, 2), (0, 4, 3), (4, 3, 4), (0, 3, 5)]),CG(nc=5, r=6, tr=[(1, 2, 0), (0, 3, 1), (3, 0, 2), (4, 1, 3), (1, 3, 4), (0, 2, 5)]),2189,SAT
P111,16,6,6,CG(nc=5, r=6, tr=[(1, 2, 0), (0, 1, 1), (2, 4, 2), (4, 0, 3), (0, 3, 4), (3, 2, 5)]),CG(nc=4, r=6, tr=[(1, 2, 0), (2, 1, 1), (2, 0, 2), (2, 3, 3), (1, 0, 4), (0, 1, 5)]),1924,SAT
P126,20,7,7,CG(nc=6, r=7, tr=[(1, 0, 0), (5, 3, 1), (3, 1, 2), (5, 0, 3), (0, 4, 4), (5, 2, 5), (4, 2, 6)]),CG(nc=5, r=7, tr=[(1, 2, 0), (3, 4, 1), (3, 4, 2), (0, 1, 3), (3, 1, 4), (4, 2, 5), (2, 4, 6)]),1502,SAT
P127,8,4,4,CG(nc=4, r=4, tr=[(3, 2, 0), (2, 1, 1), (0, 1, 2), (3, 0, 3)]),CG(nc=3, r=4, tr=[(2, 1, 0), (2, 1, 1), (2, 1, 2), (0, 1, 3)]),1384,SAT
P128,14,4,4,CG(nc=2, r=4, tr=[(1, 0, 3), (1, 0, 4), (0, 1, 5), (0, 1, 6)]),CG(nc=5, r=4, tr=[(4, 2, 3), (0, 3, 4), (1, 3, 5), (1, 2, 6)]),1381,SAT
P129,20,7,7,CG(nc=4, r=7, tr=[(1, 0, 0), (3, 2, 1), (0, 1, 2), (3, 0, 3), (2, 0, 4), (1, 3, 5), (1, 3, 6)]),CG(nc=6, r=7, tr=[(1, 5, 0), (3, 1, 1), (4, 0, 2), (4, 3, 3), (2, 5, 4), (4, 0, 5), (2, 3, 6)]),1525,SAT
P130,18,6,6,CG(nc=4, r=6, tr=[(3, 2, 1), (3, 1, 2), (3, 0, 3), (0, 3, 4), (1, 0, 5), (0, 2, 6)]),CG(nc=5, r=6, tr=[(0, 1, 1), (2, 3, 2), (2, 1, 3), (3, 4, 4), (2, 3, 5), (0, 1, 6)]),1614,SAT
P131,18,6,6,CG(nc=3, r=6, tr=[(1, 2, 1), (2, 1, 2), (0, 2, 3), (1, 0, 4), (1, 0, 5), (1, 0, 6)]),CG(nc=5, r=6, tr=[(4, 2, 1), (3, 0, 2), (3, 2, 3), (1, 4, 4), (2, 0, 5), (3, 1, 6)]),1627,SAT
P134,22,8,8,CG(nc=5, r=8, tr=[(1, 2, 0), (1, 0, 1), (4, 3, 2), (4, 0, 3), (3, 2, 4), (0, 3, 5), (2, 4, 6), (1, 2, 2)]),CG(nc=7, r=8, tr=[(1, 6, 0), (3, 4, 1), (4, 5, 2), (0, 5, 3), (3, 6, 4), (3, 2, 5), (5, 2, 6), (1, 4, 5)]),2795,SAT
P135,20,7,7,CG(nc=5, r=7, tr=[(4, 2, 0), (2, 3, 1), (0, 1, 2), (4, 0, 3), (4, 1, 4), (1, 2, 5), (3, 0, 6)]),CG(nc=5, r=7, tr=[(1, 2, 0), (1, 3, 1), (0, 2, 2), (1, 4, 3), (2, 3, 4), (3, 0, 5), (2, 1, 6)]),1639,SAT
P136,10,3,3,CG(nc=2, r=3, tr=[(0, 1, 2), (1, 0, 3), (1, 0, 4)]),CG(nc=4, r=3, tr=[(3, 2, 2), (2, 1, 3), (0, 1, 4)]),1393,SAT
P137,16,6,6,CG(nc=3, r=6, tr=[(2, 1, 0), (1, 2, 1), (2, 1, 2), (2, 0, 3), (0, 1, 4), (0, 1, 5)]),CG(nc=6, r=6, tr=[(1, 2, 0), (2, 3, 1), (0, 3, 2), (1, 5, 3), (0, 4, 4), (4, 1, 5)]),1436,SAT
P138,12,4,4,CG(nc=3, r=4, tr=[(2, 1, 2), (0, 2, 3), (2, 0, 4), (0, 1, 5)]),CG(nc=4, r=4, tr=[(0, 1, 2), (1, 2, 3), (2, 3, 4), (0, 1, 5)]),1370,SAT
P139,14,5,5,CG(nc=4, r=5, tr=[(0, 1, 1), (3, 2, 2), (3, 0, 3), (1, 3, 4), (0, 2, 5)]),CG(nc=5, r=5, tr=[(1, 0, 1), (1, 2, 2), (2, 4, 3), (3, 2, 4), (0, 3, 5)]),1341,SAT
P142,16,6,6,CG(nc=4, r=6, tr=[(1, 0, 2), (0, 3, 3), (3, 1, 4), (2, 3, 5), (2, 0, 2), (0, 2, 4)]),CG(nc=5, r=6, tr=[(0, 1, 2), (2, 4, 3), (1, 2, 4), (0, 1, 5), (3, 0, 5), (2, 3, 2)]),4198,SAT
P143,12,4,4,CG(nc=3, r=4, tr=[(2, 1, 2), (0, 2, 3), (1, 0, 4), (1, 0, 5)]),CG(nc=4, r=4, tr=[(3, 2, 2), (2, 0, 3), (3, 1, 4), (2, 1, 5)]),1410,SAT
P150,24,9,9,CG(nc=6, r=9, tr=[(5, 2, 0), (2, 3, 1), (4, 2, 2), (0, 5, 3), (0, 3, 4), (4, 1, 5), (1, 3, 6), (4, 5, 4), (0, 1, 0)]),CG(nc=6, r=9, tr=[(1, 2, 0), (0, 3, 1), (5, 4, 2), (1, 4, 3), (3, 1, 4), (3, 5, 5), (4, 0, 6), (2, 5, 1), (2, 0, 5)]),5427,SAT
P151,22,8,8,CG(nc=5, r=8, tr=[(1, 0, 0), (2, 0, 1), (1, 2, 2), (4, 0, 3), (4, 1, 4), (2, 4, 5), (3, 4, 6), (2, 3, 0)]),CG(nc=6, r=8, tr=[(1, 2, 0), (3, 1, 1), (5, 1, 2), (3, 0, 3), (3, 4, 4), (2, 4, 5), (2, 5, 6), (3, 4, 2)]),3333,SAT
P152,18,6,6,CG(nc=4, r=6, tr=[(1, 0, 0), (2, 3, 1), (0, 3, 3), (0, 2, 4), (1, 3, 5), (2, 3, 6)]),CG(nc=5, r=6, tr=[(1, 4, 0), (3, 2, 1), (2, 1, 3), (0, 2, 4), (4, 1, 5), (3, 0, 6)]),1590,SAT
P153,14,5,5,CG(nc=4, r=5, tr=[(1, 3, 0), (3, 2, 1), (3, 0, 2), (2, 0, 3), (0, 1, 4)]),CG(nc=5, r=5, tr=[(1, 2, 0), (2, 0, 1), (1, 4, 2), (1, 3, 3), (0, 3, 4)]),1523,SAT
P154,20,7,7,CG(nc=4, r=7, tr=[(1, 0, 0), (1, 0, 1), (3, 2, 2), (3, 0, 3), (1, 3, 4), (1, 2, 5), (0, 1, 6)]),CG(nc=5, r=7, tr=[(1, 0, 0), (2, 3, 1), (3, 0, 2), (1, 3, 3), (1, 4, 4), (3, 0, 5), (2, 4, 6)]),1861,SAT
P155,16,6,6,CG(nc=5, r=6, tr=[(1, 4, 0), (4, 3, 1), (0, 2, 2), (4, 0, 3), (3, 0, 4), (2, 1, 5)]),CG(nc=5, r=6, tr=[(1, 0, 0), (2, 1, 1), (1, 0, 2), (4, 2, 3), (3, 0, 4), (2, 3, 5)]),1451,SAT
P158,22,8,8,CG(nc=6, r=8, tr=[(5, 2, 0), (3, 4, 1), (0, 4, 2), (5, 0, 3), (3, 5, 4), (1, 0, 5), (3, 1, 6), (2, 1, 2)]),CG(nc=6, r=8, tr=[(1, 2, 0), (3, 2, 1), (5, 4, 2), (3, 0, 3), (2, 4, 4), (5, 2, 5), (5, 1, 6), (3, 4, 5)]),3103,SAT
P159,16,6,6,CG(nc=5, r=6, tr=[(1, 4, 0), (3, 2, 1), (0, 3, 2), (4, 0, 3), (4, 2, 4), (3, 1, 5)]),CG(nc=5, r=6, tr=[(1, 0, 0), (2, 1, 1), (0, 2, 2), (4, 2, 3), (3, 0, 4), (3, 2, 5)]),1494,SAT
P168,14,4,4,CG(nc=3, r=4, tr=[(0, 2, 3), (2, 0, 4), (2, 1, 5), (0, 1, 6)]),CG(nc=4, r=4, tr=[(1, 3, 3), (2, 0, 4), (1, 2, 5), (2, 1, 6)]),1484,SAT
P169,20,7,7,CG(nc=5, r=7, tr=[(1, 2, 0), (4, 3, 1), (4, 3, 2), (4, 0, 3), (3, 0, 4), (1, 4, 5), (0, 2, 6)]),CG(nc=5, r=7, tr=[(1, 0, 0), (4, 3, 1), (2, 3, 2), (2, 1, 3), (4, 2, 4), (0, 1, 5), (0, 1, 6)]),1862,SAT
P170,6,2,2,CG(nc=2, r=2, tr=[(0, 1, 1), (1, 0, 2)]),CG(nc=3, r=2, tr=[(2, 1, 1), (0, 1, 2)]),1466,SAT
P171,10,4,4,CG(nc=3, r=4, tr=[(1, 2, 1), (2, 1, 2), (0, 2, 3), (0, 1, 4)]),CG(nc=4, r=4, tr=[(1, 0, 1), (2, 1, 2), (3, 2, 3), (0, 2, 4)]),1662,SAT
P172,16,5,5,CG(nc=4, r=5, tr=[(1, 3, 2), (0, 3, 3), (0, 1, 4), (3, 2, 5), (0, 2, 6)]),CG(nc=4, r=5, tr=[(3, 2, 2), (2, 1, 3), (2, 3, 4), (0, 1, 5), (0, 1, 6)]),1707,SAT
P173,18,6,6,CG(nc=5, r=6, tr=[(1, 4, 0), (3, 4, 2), (0, 4, 3), (0, 3, 4), (0, 2, 5), (2, 1, 6)]),CG(nc=4, r=6, tr=[(1, 0, 0), (2, 3, 2), (1, 2, 3), (2, 3, 4), (1, 0, 5), (0, 1, 6)]),1564,SAT
P174,12,4,4,CG(nc=3, r=4, tr=[(1, 0, 2), (0, 2, 3), (2, 1, 4), (0, 1, 5)]),CG(nc=4, r=4, tr=[(1, 2, 2), (3, 1, 3), (0, 1, 4), (0, 2, 5)]),1519,SAT
P175,8,3,3,CG(nc=3, r=3, tr=[(2, 1, 1), (2, 0, 2), (0, 1, 3)]),CG(nc=3, r=3, tr=[(0, 1, 1), (2, 1, 2), (0, 1, 3)]),1439,SAT
P188,18,6,6,CG(nc=5, r=6, tr=[(1, 2, 1), (0, 1, 2), (0, 4, 3), (2, 4, 4), (4, 3, 5), (0, 3, 6)]),CG(nc=5, r=6, tr=[(1, 4, 1), (3, 4, 2), (0, 2, 3), (4, 1, 4), (3, 2, 5), (2, 1, 6)]),1763,SAT
P189,20,7,7,CG(nc=6, r=7, tr=[(1, 0, 0), (0, 2, 1), (5, 4, 2), (5, 0, 3), (2, 4, 4), (3, 5, 5), (3, 1, 6)]),CG(nc=5, r=7, tr=[(1, 4, 0), (1, 3, 1), (3, 1, 2), (3, 0, 3), (4, 2, 4), (2, 3, 5), (3, 2, 6)]),1753,SAT
P190,18,6,6,CG(nc=5, r=6, tr=[(1, 0, 1), (2, 1, 2), (4, 0, 3), (4, 2, 4), (0, 3, 5), (3, 2, 6)]),CG(nc=5, r=6, tr=[(4, 2, 1), (4, 3, 2), (1, 0, 3), (4, 1, 4), (1, 3, 5), (1, 2, 6)]),1670,SAT
P191,10,4,4,CG(nc=4, r=4, tr=[(0, 1, 1), (3, 2, 2), (3, 0, 3), (1, 2, 4)]),CG(nc=3, r=4, tr=[(0, 1, 1), (0, 1, 2), (2, 1, 3), (0, 1, 4)]),1921,SAT
P232,18,6,6,CG(nc=4, r=6, tr=[(0, 3, 3), (3, 2, 4), (1, 3, 5), (1, 0, 6), (2, 0, 5), (3, 1, 4)]),CG(nc=5, r=6, tr=[(1, 2, 3), (1, 0, 4), (1, 3, 5), (2, 4, 6), (3, 0, 6), (2, 4, 5)]),3901,SAT
P233,22,8,8,CG(nc=5, r=8, tr=[(1, 2, 0), (3, 0, 1), (1, 2, 2), (4, 0, 3), (4, 2, 4), (4, 3, 5), (3, 2, 6), (1, 0, 5)]),CG(nc=5, r=8, tr=[(1, 2, 0), (4, 3, 1), (3, 1, 2), (2, 0, 3), (4, 1, 4), (3, 2, 5), (4, 3, 6), (1, 2, 6)]),3392,SAT
P234,14,4,4,CG(nc=3, r=4, tr=[(2, 0, 3), (1, 2, 4), (0, 1, 5), (1, 0, 6)]),CG(nc=4, r=4, tr=[(1, 3, 3), (0, 1, 4), (1, 2, 5), (0, 2, 6)]),1520,SAT
P235,18,6,6,CG(nc=5, r=6, tr=[(1, 0, 1), (0, 2, 2), (4, 0, 3), (4, 3, 4), (3, 2, 5), (1, 3, 6)]),CG(nc=5, r=6, tr=[(1, 2, 1), (4, 2, 2), (0, 1, 3), (4, 1, 4), (3, 4, 5), (1, 3, 6)]),1529,SAT
P238,10,3,3,CG(nc=3, r=3, tr=[(2, 0, 2), (2, 1, 3), (0, 1, 4)]),CG(nc=3, r=3, tr=[(1, 2, 2), (0, 1, 3), (1, 0, 4)]),1577,SAT
P239,12,4,4,CG(nc=4, r=4, tr=[(1, 2, 2), (3, 0, 3), (2, 3, 4), (0, 1, 5)]),CG(nc=3, r=4, tr=[(0, 1, 2), (2, 1, 3), (1, 0, 4), (0, 1, 5)]),1499,SAT
P254,14,4,4,CG(nc=4, r=4, tr=[(3, 0, 3), (2, 0, 4), (1, 3, 5), (2, 1, 6)]),CG(nc=3, r=4, tr=[(2, 1, 3), (0, 1, 4), (0, 1, 5), (1, 0, 6)]),1701,SAT
P255,2,1,1,CG(nc=2, r=1, tr=[(1, 0, 0)]),CG(nc=2, r=1, tr=[(1, 0, 0)]),1396,SAT
P278,28,10,10,CG(nc=6, r=10, tr=[(1, 0, 0), (2, 3, 1), (0, 3, 2), (4, 3, 3), (5, 4, 4), (1, 4, 5), (0, 2, 6), (1, 2, 7), (3, 5, 0), (1, 4, 2)]),CG(nc=7, r=10, tr=[(6, 2, 0), (3, 4, 1), (5, 6, 2), (3, 1, 3), (6, 4, 4), (2, 3, 5), (2, 1, 6), (5, 3, 7), (4, 0, 0), (0, 1, 2)]),13527,SAT
P279,16,8,8,CG(nc=5, r=8, tr=[(0, 1, 0), (2, 4, 1), (3, 0, 2), (1, 4, 3), (0, 2, 3), (4, 2, 2), (2, 0, 0), (4, 3, 1)]),CG(nc=6, r=8, tr=[(1, 0, 0), (2, 0, 1), (3, 2, 2), (4, 5, 3), (3, 5, 0), (4, 1, 1), (2, 0, 3), (0, 1, 2)]),427823,SAT
P280,26,9,9,CG(nc=6, r=9, tr=[(0, 1, 0), (5, 3, 1), (4, 3, 2), (5, 4, 3), (2, 4, 4), (1, 5, 5), (2, 5, 6), (4, 0, 7), (0, 3, 3)]),CG(nc=6, r=9, tr=[(1, 2, 0), (2, 0, 1), (2, 3, 2), (3, 1, 3), (1, 0, 4), (5, 2, 5), (3, 4, 6), (4, 3, 7), (4, 5, 0)]),5179,SAT
P281,18,7,7,CG(nc=5, r=7, tr=[(4, 2, 0), (3, 0, 1), (3, 2, 2), (0, 2, 3), (3, 4, 4), (2, 1, 5), (1, 0, 0)]),CG(nc=5, r=7, tr=[(4, 2, 0), (0, 3, 1), (1, 2, 2), (3, 2, 3), (3, 0, 4), (1, 4, 5), (1, 0, 1)]),3934,SAT
P282,22,8,8,CG(nc=5, r=8, tr=[(1, 2, 0), (2, 1, 1), (4, 2, 2), (0, 2, 3), (1, 3, 4), (4, 1, 6), (3, 0, 7), (0, 1, 2)]),CG(nc=6, r=8, tr=[(1, 2, 0), (1, 5, 1), (4, 0, 2), (3, 2, 3), (2, 4, 4), (3, 0, 6), (4, 2, 7), (3, 5, 2)]),4079,SAT
P283,14,6,6,CG(nc=4, r=6, tr=[(1, 0, 0), (2, 3, 1), (3, 1, 2), (2, 1, 3), (0, 2, 4), (3, 2, 0)]),CG(nc=5, r=6, tr=[(1, 4, 0), (3, 1, 1), (3, 2, 2), (3, 0, 3), (4, 2, 4), (2, 0, 0)]),3639,SAT
P286,26,9,9,CG(nc=6, r=9, tr=[(1, 2, 0), (1, 2, 1), (1, 0, 2), (5, 1, 3), (4, 0, 4), (4, 3, 5), (3, 2, 6), (2, 5, 7), (3, 0, 3)]),CG(nc=6, r=9, tr=[(1, 2, 0), (3, 1, 1), (4, 0, 2), (2, 5, 3), (2, 4, 4), (2, 4, 5), (0, 3, 6), (2, 0, 7), (3, 5, 2)]),4628,SAT
P287,12,6,6,CG(nc=4, r=6, tr=[(3, 2, 0), (2, 3, 1), (2, 0, 2), (2, 0, 3), (1, 0, 2), (1, 3, 3)]),CG(nc=5, r=6, tr=[(1, 2, 0), (2, 4, 1), (4, 3, 2), (1, 3, 3), (0, 3, 3), (0, 1, 2)]),5634,SAT
P296,26,9,9,CG(nc=5, r=9, tr=[(1, 4, 0), (3, 2, 1), (1, 2, 2), (1, 0, 3), (4, 3, 4), (1, 2, 5), (0, 2, 6), (3, 0, 7), (4, 2, 2)]),CG(nc=6, r=9, tr=[(1, 0, 0), (2, 3, 1), (3, 1, 2), (1, 2, 3), (1, 4, 4), (4, 5, 5), (4, 5, 6), (5, 2, 7), (3, 0, 3)]),4800,SAT
P297,22,8,8,CG(nc=5, r=8, tr=[(1, 0, 0), (4, 3, 1), (0, 3, 2), (4, 1, 3), (3, 2, 4), (2, 4, 5), (1, 2, 6), (0, 2, 1)]),CG(nc=6, r=8, tr=[(5, 2, 0), (3, 0, 1), (3, 2, 2), (4, 5, 3), (2, 0, 4), (4, 1, 5), (1, 4, 6), (3, 1, 4)]),5003,SAT
P298,18,7,7,CG(nc=5, r=7, tr=[(1, 0, 0), (2, 4, 1), (1, 2, 2), (4, 1, 3), (4, 3, 4), (3, 2, 7), (0, 2, 4)]),CG(nc=5, r=7, tr=[(1, 4, 0), (1, 3, 1), (2, 3, 2), (3, 4, 3), (2, 0, 4), (2, 0, 7), (1, 0, 4)]),4248,SAT
P299,14,6,6,CG(nc=4, r=6, tr=[(0, 1, 0), (2, 1, 1), (2, 3, 2), (1, 3, 3), (3, 1, 4), (2, 0, 4)]),CG(nc=5, r=6, tr=[(0, 1, 0), (1, 2, 1), (2, 4, 2), (3, 0, 3), (1, 4, 4), (2, 3, 4)]),3757,SAT
P300,24,8,8,CG(nc=6, r=8, tr=[(5, 2, 0), (2, 3, 1), (3, 0, 2), (2, 0, 3), (3, 5, 4), (4, 5, 5), (1, 4, 6), (1, 0, 7)]),CG(nc=6, r=8, tr=[(5, 2, 0), (2, 3, 1), (4, 0, 2), (5, 3, 3), (1, 2, 4), (4, 3, 5), (0, 1, 6), (4, 3, 7)]),2739,SAT
P301,20,7,7,CG(nc=5, r=7, tr=[(4, 2, 0), (3, 2, 1), (0, 3, 2), (0, 2, 3), (3, 4, 4), (2, 1, 5), (1, 0, 6)]),CG(nc=5, r=7, tr=[(1, 0, 0), (2, 1, 1), (2, 4, 2), (3, 2, 3), (1, 4, 4), (0, 3, 5), (3, 0, 6)]),2440,SAT
P302,20,7,7,CG(nc=5, r=7, tr=[(4, 2, 0), (2, 3, 1), (3, 0, 2), (2, 0, 3), (3, 4, 4), (3, 1, 5), (0, 1, 7)]),CG(nc=5, r=7, tr=[(0, 1, 0), (2, 1, 1), (3, 2, 2), (0, 2, 3), (1, 4, 4), (4, 3, 5), (3, 4, 7)]),2212,SAT
P303,12,5,5,CG(nc=4, r=5, tr=[(1, 0, 0), (1, 2, 1), (2, 3, 2), (3, 1, 3), (2, 0, 4)]),CG(nc=4, r=5, tr=[(3, 2, 0), (1, 2, 1), (1, 0, 2), (3, 1, 3), (0, 2, 4)]),2579,SAT
P316,22,8,8,CG(nc=5, r=8, tr=[(1, 4, 0), (3, 1, 1), (0, 3, 2), (3, 4, 3), (0, 2, 5), (2, 1, 6), (1, 4, 7), (2, 0, 3)]),CG(nc=7, r=8, tr=[(1, 2, 0), (3, 6, 1), (0, 2, 2), (5, 6, 3), (5, 2, 5), (4, 0, 6), (1, 3, 7), (4, 5, 1)]),4394,SAT
P317,18,7,7,CG(nc=4, r=7, tr=[(3, 2, 0), (1, 3, 1), (2, 3, 2), (2, 0, 3), (1, 0, 5), (2, 1, 6), (1, 0, 2)]),CG(nc=6, r=7, tr=[(0, 1, 0), (5, 3, 1), (4, 2, 2), (0, 2, 3), (4, 5, 5), (2, 3, 6), (1, 3, 2)]),4467,SAT
P318,26,9,9,CG(nc=6, r=9, tr=[(0, 1, 0), (1, 0, 1), (2, 1, 2), (5, 1, 3), (4, 5, 4), (0, 2, 5), (4, 3, 6), (2, 3, 7), (5, 3, 1)]),CG(nc=6, r=9, tr=[(5, 2, 0), (3, 0, 1), (4, 1, 2), (5, 4, 3), (0, 1, 4), (0, 1, 5), (4, 3, 6), (3, 4, 7), (1, 2, 1)]),4815,SAT
P319,12,6,6,CG(nc=4, r=6, tr=[(0, 1, 0), (0, 2, 1), (3, 2, 2), (1, 3, 3), (1, 2, 1), (0, 1, 2)]),CG(nc=5, r=6, tr=[(1, 2, 0), (1, 0, 1), (2, 3, 2), (3, 0, 3), (4, 3, 1), (4, 2, 3)]),5078,SAT
P360,28,10,10,CG(nc=6, r=10, tr=[(1, 2, 0), (0, 2, 1), (1, 5, 2), (2, 5, 3), (4, 2, 4), (2, 5, 5), (4, 5, 6), (3, 4, 7), (3, 1, 3), (0, 3, 5)]),CG(nc=6, r=10, tr=[(1, 5, 0), (3, 4, 1), (1, 3, 2), (5, 3, 3), (2, 0, 4), (0, 4, 5), (4, 2, 6), (4, 0, 7), (2, 3, 0), (1, 4, 4)]),11148,SAT
P361,24,9,9,CG(nc=6, r=9, tr=[(1, 2, 0), (3, 2, 1), (3, 5, 2), (5, 1, 3), (3, 4, 4), (4, 1, 5), (4, 5, 6), (1, 0, 2), (2, 0, 6)]),CG(nc=6, r=9, tr=[(1, 0, 0), (5, 3, 1), (1, 3, 2), (5, 4, 3), (4, 1, 4), (2, 4, 5), (1, 2, 6), (0, 2, 1), (3, 0, 5)]),6997,SAT
P362,26,9,9,CG(nc=5, r=9, tr=[(0, 1, 0), (2, 1, 1), (4, 2, 2), (4, 1, 3), (4, 1, 4), (0, 3, 5), (2, 0, 6), (1, 3, 7), (2, 0, 3)]),CG(nc=6, r=9, tr=[(1, 2, 0), (0, 2, 1), (1, 3, 2), (1, 0, 3), (5, 3, 4), (5, 4, 5), (3, 4, 6), (3, 5, 7), (2, 3, 3)]),4257,SAT
P363,24,9,9,CG(nc=6, r=9, tr=[(1, 2, 0), (3, 4, 1), (5, 2, 2), (0, 2, 3), (0, 3, 4), (3, 2, 5), (5, 4, 6), (1, 5, 3), (1, 0, 1)]),CG(nc=6, r=9, tr=[(1, 2, 0), (1, 5, 1), (0, 2, 2), (1, 4, 3), (3, 5, 4), (0, 1, 5), (5, 3, 6), (0, 4, 4), (3, 2, 3)]),7928,SAT
P366,22,8,8,CG(nc=6, r=8, tr=[(1, 2, 0), (1, 0, 1), (2, 5, 2), (5, 1, 3), (5, 4, 4), (3, 0, 5), (3, 4, 7), (0, 2, 3)]),CG(nc=5, r=8, tr=[(1, 0, 0), (2, 3, 1), (1, 3, 2), (0, 3, 3), (2, 4, 4), (2, 4, 5), (2, 4, 7), (2, 1, 3)]),4098,SAT
P367,18,7,7,CG(nc=4, r=7, tr=[(1, 3, 0), (0, 2, 1), (1, 2, 2), (1, 0, 3), (1, 0, 4), (2, 3, 5), (2, 3, 3)]),CG(nc=5, r=7, tr=[(1, 2, 0), (0, 2, 1), (1, 4, 2), (1, 0, 3), (4, 3, 4), (4, 2, 5), (3, 2, 3)]),3921,SAT
P382,26,9,9,CG(nc=7, r=9, tr=[(6, 2, 0), (2, 3, 1), (3, 0, 2), (6, 3, 3), (4, 6, 4), (0, 5, 5), (4, 1, 6), (5, 1, 7), (2, 0, 3)]),CG(nc=5, r=9, tr=[(1, 2, 0), (4, 3, 1), (3, 1, 2), (1, 4, 3), (2, 0, 4), (3, 0, 5), (0, 2, 6), (0, 2, 7), (2, 3, 3)]),4729,SAT
P383,10,5,5,CG(nc=4, r=5, tr=[(1, 0, 0), (3, 2, 1), (1, 2, 2), (1, 3, 3), (0, 2, 3)]),CG(nc=4, r=5, tr=[(1, 0, 0), (3, 2, 1), (1, 2, 2), (1, 3, 3), (0, 2, 3)]),3946,SAT
P384,24,8,8,CG(nc=4, r=8, tr=[(1, 0, 0), (3, 2, 1), (1, 0, 2), (2, 0, 3), (3, 1, 4), (1, 3, 5), (0, 2, 6), (0, 1, 7)]),CG(nc=8, r=8, tr=[(0, 1, 0), (2, 3, 1), (1, 2, 2), (7, 5, 3), (6, 4, 4), (4, 0, 5), (5, 6, 6), (3, 7, 7)]),2222,SAT
P385,20,7,7,CG(nc=4, r=7, tr=[(1, 0, 0), (2, 3, 1), (1, 0, 2), (3, 1, 3), (0, 2, 4), (3, 1, 5), (0, 2, 6)]),CG(nc=7, r=7, tr=[(1, 6, 0), (0, 3, 1), (3, 1, 2), (4, 6, 3), (5, 0, 4), (2, 5, 5), (2, 4, 6)]),2190,SAT
P1000,26,9,9,CG(nc=5, r=9, tr=[(1, 4, 1), (4, 1, 2), (0, 1, 3), (3, 1, 4), (2, 1, 5), (0, 2, 6), (4, 1, 7), (0, 3, 6), (2, 0, 4)]),CG(nc=6, r=9, tr=[(1, 2, 1), (1, 5, 2), (5, 4, 3), (4, 2, 4), (3, 4, 5), (2, 0, 6), (2, 0, 7), (0, 3, 4), (0, 3, 6)]),7718,SAT
P1001,26,9,9,CG(nc=6, r=9, tr=[(0, 1, 0), (2, 0, 1), (2, 0, 2), (2, 5, 3), (4, 2, 4), (1, 3, 5), (4, 5, 6), (3, 4, 7), (5, 1, 4)]),CG(nc=6, r=9, tr=[(1, 0, 0), (2, 5, 1), (2, 1, 2), (4, 5, 3), (4, 1, 4), (4, 3, 5), (3, 1, 6), (1, 0, 7), (0, 3, 4)]),3645,SAT
P1002,22,7,7,CG(nc=5, r=7, tr=[(1, 0, 1), (0, 1, 2), (4, 1, 3), (3, 4, 4), (2, 0, 5), (1, 3, 6), (2, 3, 7)]),CG(nc=6, r=7, tr=[(5, 2, 1), (0, 3, 2), (0, 4, 3), (4, 5, 4), (1, 5, 5), (4, 1, 6), (3, 2, 7)]),1536,SAT
P1003,18,6,6,CG(nc=4, r=6, tr=[(0, 1, 1), (0, 1, 2), (3, 1, 3), (2, 3, 4), (2, 1, 5), (1, 2, 6)]),CG(nc=5, r=6, tr=[(4, 2, 1), (0, 2, 2), (0, 3, 3), (3, 4, 4), (1, 4, 5), (3, 1, 6)]),1533,SAT
P1004,22,7,7,CG(nc=5, r=7, tr=[(1, 4, 1), (1, 4, 2), (1, 0, 3), (3, 1, 4), (0, 3, 5), (4, 2, 6), (3, 2, 7)]),CG(nc=6, r=7, tr=[(1, 5, 1), (3, 1, 2), (0, 4, 3), (2, 5, 4), (5, 4, 5), (4, 2, 6), (3, 0, 7)]),1657,SAT
P1005,24,8,8,CG(nc=6, r=8, tr=[(1, 2, 0), (3, 5, 1), (3, 5, 2), (3, 0, 3), (2, 3, 4), (0, 2, 5), (4, 1, 6), (5, 4, 7)]),CG(nc=6, r=8, tr=[(1, 2, 0), (2, 3, 1), (0, 2, 2), (5, 1, 3), (4, 1, 4), (0, 1, 5), (0, 4, 6), (3, 5, 7)]),2037,SAT
P1006,18,6,6,CG(nc=5, r=6, tr=[(1, 0, 1), (0, 1, 2), (1, 4, 3), (3, 4, 4), (3, 2, 5), (0, 2, 7)]),CG(nc=5, r=6, tr=[(1, 4, 1), (3, 0, 2), (4, 2, 3), (2, 0, 4), (0, 2, 5), (3, 1, 7)]),1407,SAT
P1007,14,5,5,CG(nc=4, r=5, tr=[(1, 0, 1), (1, 0, 2), (3, 1, 3), (3, 2, 4), (1, 2, 5)]),CG(nc=4, r=5, tr=[(1, 0, 1), (3, 1, 2), (3, 2, 3), (0, 2, 4), (0, 2, 5)]),1887,SAT
P1020,18,6,6,CG(nc=5, r=6, tr=[(1, 0, 0), (0, 1, 1), (4, 1, 2), (3, 0, 3), (4, 2, 4), (3, 2, 5)]),CG(nc=5, r=6, tr=[(1, 4, 0), (3, 1, 1), (2, 4, 2), (2, 0, 3), (0, 2, 4), (0, 3, 5)]),1578,SAT
P1021,20,7,7,CG(nc=6, r=7, tr=[(1, 2, 0), (0, 3, 1), (3, 0, 2), (5, 3, 3), (5, 1, 5), (4, 0, 6), (4, 2, 7)]),CG(nc=5, r=7, tr=[(0, 1, 0), (0, 2, 1), (3, 4, 2), (1, 4, 3), (0, 1, 5), (0, 1, 6), (3, 2, 7)]),1637,SAT
P1022,22,7,7,CG(nc=6, r=7, tr=[(0, 1, 1), (0, 1, 2), (1, 5, 3), (3, 5, 4), (4, 0, 5), (3, 2, 6), (4, 2, 7)]),CG(nc=5, r=7, tr=[(4, 2, 1), (0, 3, 2), (4, 1, 3), (0, 1, 4), (1, 0, 5), (0, 1, 6), (2, 3, 7)]),1670,SAT
P1023,6,3,3,CG(nc=3, r=3, tr=[(1, 2, 0), (2, 1, 1), (0, 1, 2)]),CG(nc=3, r=3, tr=[(2, 1, 0), (0, 1, 1), (2, 0, 2)]),1412,SAT
P1632,24,8,8,CG(nc=5, r=8, tr=[(4, 2, 0), (0, 2, 1), (3, 4, 2), (3, 0, 3), (0, 2, 4), (4, 2, 5), (0, 1, 6), (4, 1, 7)]),CG(nc=7, r=8, tr=[(1, 0, 0), (2, 3, 1), (6, 5, 2), (4, 2, 3), (0, 3, 4), (2, 1, 5), (6, 4, 6), (2, 5, 7)]),2027,SAT
P1633,28,10,10,CG(nc=6, r=10, tr=[(1, 2, 0), (3, 1, 1), (0, 3, 2), (3, 5, 3), (1, 3, 4), (4, 1, 5), (2, 0, 6), (5, 4, 7), (4, 2, 3), (4, 2, 1)]),CG(nc=7, r=10, tr=[(1, 2, 0), (2, 3, 1), (1, 6, 2), (5, 3, 3), (2, 0, 4), (4, 0, 5), (5, 6, 6), (1, 3, 7), (0, 5, 2), (3, 4, 0)]),9316,SAT
P1634,24,8,8,CG(nc=6, r=8, tr=[(0, 1, 0), (1, 5, 1), (0, 3, 2), (3, 5, 3), (0, 4, 4), (5, 4, 5), (5, 2, 6), (2, 4, 7)]),CG(nc=6, r=8, tr=[(1, 2, 0), (3, 0, 1), (5, 4, 2), (4, 5, 3), (3, 4, 4), (0, 2, 5), (4, 1, 6), (4, 1, 7)]),1663,SAT
P1635,26,9,9,CG(nc=6, r=9, tr=[(5, 2, 0), (0, 2, 1), (0, 3, 2), (4, 0, 3), (1, 3, 4), (1, 4, 5), (3, 5, 6), (2, 1, 7), (5, 4, 2)]),CG(nc=7, r=9, tr=[(1, 2, 0), (3, 0, 1), (4, 6, 2), (4, 3, 3), (3, 1, 4), (2, 0, 5), (6, 5, 6), (4, 1, 7), (1, 5, 3)]),3403,SAT
P1638,16,6,6,CG(nc=5, r=6, tr=[(1, 0, 0), (1, 4, 1), (3, 4, 2), (0, 3, 3), (4, 2, 4), (0, 2, 5)]),CG(nc=5, r=6, tr=[(1, 2, 0), (1, 3, 1), (1, 4, 2), (4, 1, 3), (0, 3, 4), (0, 2, 5)]),1426,SAT
P1639,20,8,8,CG(nc=5, r=8, tr=[(4, 2, 0), (2, 0, 1), (3, 4, 2), (2, 1, 3), (0, 1, 4), (4, 2, 5), (1, 2, 2), (0, 3, 3)]),CG(nc=6, r=8, tr=[(0, 1, 0), (0, 2, 1), (3, 5, 2), (2, 3, 3), (4, 2, 4), (1, 4, 5), (4, 5, 2), (4, 5, 3)]),4413,SAT
P1640,28,10,10,CG(nc=6, r=10, tr=[(1, 5, 0), (0, 3, 1), (4, 1, 2), (1, 3, 3), (5, 2, 4), (3, 5, 5), (4, 2, 6), (3, 4, 7), (0, 2, 5), (2, 4, 3)]),CG(nc=8, r=10, tr=[(7, 2, 0), (3, 4, 1), (0, 5, 2), (6, 4, 3), (7, 4, 4), (2, 3, 5), (1, 3, 6), (5, 3, 7), (5, 6, 5), (0, 1, 3)]),8329,SAT
P1641,30,11,11,CG(nc=7, r=11, tr=[(1, 2, 0), (3, 1, 1), (6, 3, 2), (0, 3, 3), (5, 2, 4), (5, 3, 5), (2, 6, 6), (0, 4, 7), (2, 4, 2), (1, 4, 5), (5, 4, 1)]),CG(nc=7, r=11, tr=[(1, 2, 0), (1, 0, 1), (6, 4, 2), (2, 4, 3), (5, 2, 4), (5, 3, 5), (4, 0, 6), (3, 2, 7), (6, 5, 1), (3, 0, 2), (6, 1, 5)]),3226392,SAT
P1642,26,9,9,CG(nc=6, r=9, tr=[(1, 2, 0), (2, 3, 1), (1, 0, 2), (5, 1, 3), (4, 5, 4), (4, 0, 5), (3, 0, 6), (2, 4, 7), (3, 5, 2)]),CG(nc=7, r=9, tr=[(0, 1, 0), (2, 3, 1), (6, 5, 2), (2, 5, 3), (2, 0, 4), (1, 3, 5), (4, 6, 6), (5, 3, 7), (3, 4, 3)]),3683,SAT
P1643,28,10,10,CG(nc=6, r=10, tr=[(5, 2, 0), (2, 3, 1), (4, 1, 2), (5, 4, 3), (2, 0, 4), (4, 2, 5), (3, 1, 6), (5, 1, 7), (3, 0, 2), (1, 0, 3)]),CG(nc=7, r=10, tr=[(1, 2, 0), (3, 6, 1), (0, 5, 2), (3, 5, 3), (3, 1, 4), (1, 6, 5), (4, 0, 6), (2, 5, 7), (2, 4, 3), (1, 2, 1)]),8568,SAT
P1646,20,8,8,CG(nc=6, r=8, tr=[(1, 2, 0), (3, 2, 1), (5, 3, 2), (5, 1, 3), (5, 4, 4), (4, 0, 5), (0, 1, 2), (0, 3, 3)]),CG(nc=6, r=8, tr=[(5, 2, 0), (3, 4, 1), (0, 1, 2), (1, 4, 3), (5, 4, 4), (3, 2, 5), (3, 0, 2), (0, 3, 3)]),4628,SAT
P1647,20,8,8,CG(nc=6, r=8, tr=[(5, 2, 0), (3, 2, 1), (5, 4, 2), (4, 3, 3), (1, 3, 4), (5, 1, 5), (0, 3, 3), (3, 0, 2)]),CG(nc=6, r=8, tr=[(1, 2, 0), (3, 2, 1), (2, 0, 2), (0, 2, 3), (3, 5, 4), (1, 5, 5), (4, 0, 3), (5, 4, 2)]),4763,SAT
P1650,24,8,8,CG(nc=6, r=8, tr=[(0, 1, 0), (5, 1, 1), (5, 3, 2), (3, 0, 3), (5, 4, 4), (4, 3, 5), (4, 2, 6), (0, 2, 7)]),CG(nc=6, r=8, tr=[(5, 2, 0), (2, 5, 1), (3, 0, 2), (0, 4, 3), (2, 3, 4), (1, 2, 5), (2, 4, 6), (3, 1, 7)]),1653,SAT
P1651,24,8,8,CG(nc=6, r=8, tr=[(0, 1, 0), (5, 1, 1), (5, 3, 2), (0, 3, 3), (5, 4, 4), (3, 4, 5), (2, 0, 6), (2, 1, 7)]),CG(nc=5, r=8, tr=[(4, 2, 0), (4, 3, 1), (0, 1, 2), (0, 3, 3), (3, 1, 4), (3, 1, 5), (2, 3, 6), (3, 2, 7)]),1900,SAT
P1654,20,7,7,CG(nc=5, r=7, tr=[(4, 2, 0), (0, 2, 1), (3, 0, 2), (3, 4, 3), (1, 2, 4), (2, 4, 5), (1, 0, 6)]),CG(nc=5, r=7, tr=[(1, 4, 0), (4, 1, 1), (3, 1, 2), (2, 0, 3), (3, 0, 4), (0, 3, 5), (2, 1, 6)]),1591,SAT
P1655,16,6,6,CG(nc=5, r=6, tr=[(1, 4, 0), (1, 0, 1), (4, 3, 2), (0, 3, 3), (2, 4, 4), (3, 2, 5)]),CG(nc=4, r=6, tr=[(1, 0, 0), (1, 0, 1), (2, 3, 2), (1, 3, 3), (1, 2, 4), (1, 2, 5)]),1482,SAT
P1656,28,10,10,CG(nc=7, r=10, tr=[(1, 2, 0), (2, 3, 1), (1, 6, 2), (1, 0, 3), (5, 0, 4), (3, 5, 5), (6, 4, 6), (3, 0, 7), (4, 3, 3), (5, 4, 7)]),CG(nc=7, r=10, tr=[(6, 2, 0), (6, 2, 1), (3, 0, 2), (4, 6, 3), (5, 4, 4), (3, 5, 5), (1, 0, 6), (5, 2, 7), (4, 3, 7), (1, 2, 3)]),11364,SAT
P1657,30,11,11,CG(nc=7, r=11, tr=[(1, 2, 0), (3, 2, 1), (4, 6, 2), (4, 0, 3), (3, 5, 4), (3, 4, 5), (5, 6, 6), (0, 2, 7), (2, 5, 3), (4, 3, 0), (1, 5, 5)]),CG(nc=7, r=11, tr=[(1, 2, 0), (2, 3, 1), (6, 5, 2), (6, 1, 3), (4, 5, 4), (5, 2, 5), (0, 5, 6), (1, 0, 7), (1, 4, 1), (0, 3, 3), (3, 2, 4)]),3210486,SAT
P1658,26,9,9,CG(nc=6, r=9, tr=[(1, 2, 0), (2, 3, 1), (0, 1, 2), (1, 5, 3), (4, 3, 4), (4, 5, 5), (0, 3, 6), (5, 4, 7), (5, 3, 2)]),CG(nc=6, r=9, tr=[(1, 2, 0), (1, 2, 1), (0, 3, 2), (5, 1, 3), (3, 1, 4), (1, 4, 5), (0, 2, 6), (4, 0, 7), (2, 5, 2)]),3459,SAT
P1659,26,9,9,CG(nc=6, r=9, tr=[(1, 2, 0), (3, 2, 1), (1, 5, 2), (3, 5, 3), (4, 5, 4), (4, 1, 5), (2, 4, 6), (0, 3, 7), (1, 0, 3)]),CG(nc=6, r=9, tr=[(1, 2, 0), (5, 4, 1), (1, 3, 2), (4, 0, 3), (4, 1, 4), (5, 2, 5), (1, 4, 6), (0, 3, 7), (3, 5, 3)]),3280,SAT
P1662,22,8,8,CG(nc=6, r=8, tr=[(1, 5, 0), (3, 1, 1), (4, 5, 2), (4, 3, 3), (2, 4, 4), (2, 5, 5), (4, 0, 6), (0, 3, 2)]),CG(nc=5, r=8, tr=[(1, 2, 0), (2, 1, 1), (0, 3, 2), (4, 1, 3), (1, 3, 4), (3, 1, 5), (0, 2, 6), (2, 4, 2)]),2986,SAT
P1663,20,8,8,CG(nc=6, r=8, tr=[(1, 2, 0), (2, 5, 1), (5, 4, 2), (1, 4, 3), (4, 3, 4), (5, 3, 5), (1, 0, 2), (4, 0, 3)]),CG(nc=5, r=8, tr=[(1, 4, 0), (1, 4, 1), (3, 0, 2), (2, 4, 3), (2, 3, 4), (2, 3, 5), (1, 2, 2), (0, 1, 3)]),4784,SAT
P1664,26,9,9,CG(nc=5, r=9, tr=[(1, 2, 0), (2, 0, 1), (3, 4, 2), (3, 0, 3), (3, 2, 4), (4, 2, 5), (4, 1, 6), (2, 0, 7), (1, 0, 7)]),CG(nc=7, r=9, tr=[(1, 2, 0), (3, 2, 1), (6, 5, 2), (6, 3, 3), (3, 5, 4), (4, 5, 5), (0, 4, 6), (0, 2, 7), (1, 4, 7)]),3158,SAT
P1665,28,10,10,CG(nc=6, r=10, tr=[(1, 2, 0), (3, 4, 1), (5, 1, 2), (0, 1, 3), (2, 4, 4), (3, 1, 5), (4, 5, 6), (5, 2, 7), (3, 0, 7), (2, 3, 3)]),CG(nc=7, r=10, tr=[(1, 2, 0), (1, 3, 1), (0, 2, 2), (4, 5, 3), (1, 6, 4), (5, 1, 5), (4, 0, 6), (2, 3, 7), (3, 6, 3), (6, 5, 7)]),10139,SAT
P1666,24,8,8,CG(nc=6, r=8, tr=[(1, 0, 0), (2, 5, 1), (0, 4, 2), (5, 4, 3), (0, 3, 4), (3, 4, 5), (1, 2, 6), (5, 3, 7)]),CG(nc=6, r=8, tr=[(1, 0, 0), (1, 0, 1), (2, 1, 2), (0, 3, 3), (5, 2, 4), (2, 4, 5), (3, 4, 6), (4, 5, 7)]),1672,SAT
P1667,26,9,9,CG(nc=5, r=9, tr=[(1, 0, 0), (2, 4, 1), (0, 3, 2), (2, 3, 3), (3, 4, 4), (0, 2, 5), (1, 2, 6), (0, 1, 7), (4, 2, 2)]),CG(nc=7, r=9, tr=[(1, 2, 0), (3, 4, 1), (6, 1, 2), (2, 4, 3), (4, 6, 4), (5, 2, 5), (0, 5, 6), (0, 5, 7), (0, 3, 2)]),3303,SAT
P1670,22,8,8,CG(nc=4, r=8, tr=[(1, 2, 0), (0, 2, 1), (0, 1, 2), (3, 1, 3), (1, 3, 4), (3, 2, 5), (1, 3, 6), (0, 2, 4)]),CG(nc=6, r=8, tr=[(1, 2, 0), (5, 4, 1), (0, 1, 2), (3, 0, 3), (4, 1, 4), (4, 3, 5), (1, 2, 6), (5, 2, 5)]),3415,SAT
P1671,22,8,8,CG(nc=5, r=8, tr=[(0, 1, 0), (2, 4, 1), (3, 4, 2), (3, 0, 3), (4, 1, 4), (3, 1, 5), (1, 2, 6), (0, 1, 2)]),CG(nc=5, r=8, tr=[(0, 1, 0), (1, 0, 1), (2, 4, 2), (4, 3, 3), (2, 1, 4), (2, 3, 5), (0, 1, 6), (1, 3, 2)]),2987,SAT
P1672,22,8,8,CG(nc=5, r=8, tr=[(4, 2, 0), (3, 2, 1), (3, 4, 2), (0, 3, 3), (1, 4, 4), (1, 0, 5), (1, 2, 7), (2, 0, 4)]),CG(nc=6, r=8, tr=[(5, 2, 0), (5, 3, 1), (4, 3, 2), (1, 5, 3), (0, 2, 4), (3, 0, 5), (4, 2, 7), (3, 1, 4)]),2966,SAT
P1673,24,9,9,CG(nc=6, r=9, tr=[(1, 0, 0), (2, 3, 1), (4, 5, 2), (1, 3, 3), (0, 4, 4), (4, 1, 5), (4, 2, 7), (5, 2, 0), (5, 3, 4)]),CG(nc=6, r=9, tr=[(1, 5, 0), (3, 4, 1), (2, 0, 2), (4, 5, 3), (1, 0, 4), (4, 1, 5), (2, 4, 7), (2, 3, 0), (5, 3, 4)]),5224,SAT
P1674,20,7,7,CG(nc=5, r=7, tr=[(0, 1, 0), (2, 1, 1), (2, 0, 2), (4, 2, 3), (3, 0, 4), (2, 3, 5), (4, 3, 7)]),CG(nc=5, r=7, tr=[(1, 2, 0), (1, 2, 1), (2, 0, 2), (3, 0, 3), (1, 4, 4), (1, 3, 5), (4, 3, 7)]),1538,SAT
P1675,24,9,9,CG(nc=5, r=9, tr=[(1, 2, 0), (2, 4, 1), (4, 1, 2), (0, 1, 3), (2, 3, 4), (2, 0, 5), (3, 0, 7), (3, 4, 3), (1, 2, 2)]),CG(nc=6, r=9, tr=[(5, 2, 0), (3, 4, 1), (1, 4, 2), (5, 4, 3), (3, 5, 4), (4, 2, 5), (1, 0, 7), (1, 0, 1), (0, 2, 4)]),5548,SAT
P1678,18,7,7,CG(nc=5, r=7, tr=[(1, 4, 0), (3, 0, 1), (3, 2, 2), (1, 3, 3), (4, 2, 4), (3, 1, 5), (0, 2, 5)]),CG(nc=5, r=7, tr=[(1, 4, 0), (4, 3, 1), (1, 3, 2), (2, 4, 3), (0, 1, 4), (0, 3, 5), (1, 2, 5)]),2743,SAT
P1679,18,7,7,CG(nc=5, r=7, tr=[(1, 4, 0), (3, 0, 1), (2, 4, 2), (1, 3, 3), (2, 3, 4), (1, 4, 5), (0, 2, 5)]),CG(nc=5, r=7, tr=[(1, 2, 0), (3, 0, 1), (2, 4, 2), (2, 0, 3), (2, 3, 4), (4, 3, 5), (0, 1, 5)]),3204,SAT
P1680,24,8,8,CG(nc=5, r=8, tr=[(1, 0, 0), (1, 2, 1), (2, 0, 2), (4, 2, 3), (4, 1, 4), (3, 1, 5), (0, 3, 6), (3, 4, 7)]),CG(nc=6, r=8, tr=[(1, 2, 0), (3, 2, 1), (5, 4, 2), (5, 3, 3), (4, 3, 4), (1, 4, 5), (0, 1, 6), (2, 0, 7)]),1632,SAT
P1681,26,9,9,CG(nc=6, r=9, tr=[(5, 2, 0), (0, 3, 1), (4, 5, 2), (4, 0, 3), (5, 1, 4), (1, 4, 5), (3, 2, 6), (1, 3, 7), (0, 1, 0)]),CG(nc=6, r=9, tr=[(1, 5, 0), (5, 3, 1), (4, 0, 2), (2, 0, 3), (2, 4, 4), (3, 4, 5), (5, 3, 6), (3, 1, 7), (2, 1, 1)]),3297,SAT
P1682,26,9,9,CG(nc=6, r=9, tr=[(1, 2, 0), (0, 3, 1), (5, 2, 2), (0, 2, 3), (4, 1, 4), (1, 0, 5), (5, 4, 6), (4, 3, 7), (5, 1, 1)]),CG(nc=6, r=9, tr=[(1, 2, 0), (3, 0, 1), (5, 2, 2), (5, 1, 3), (4, 0, 4), (1, 3, 5), (3, 4, 6), (0, 3, 7), (2, 4, 1)]),3742,SAT
P1683,26,9,9,CG(nc=6, r=9, tr=[(1, 5, 0), (3, 4, 1), (0, 2, 2), (5, 2, 3), (0, 1, 4), (1, 2, 5), (4, 0, 6), (3, 5, 7), (4, 1, 1)]),CG(nc=6, r=9, tr=[(1, 2, 0), (3, 1, 1), (1, 0, 2), (3, 5, 3), (4, 2, 4), (4, 3, 5), (2, 0, 6), (2, 3, 7), (5, 4, 2)]),3380,SAT
P1686,24,9,9,CG(nc=5, r=9, tr=[(4, 2, 0), (3, 4, 1), (3, 2, 2), (3, 1, 3), (4, 1, 4), (0, 3, 5), (1, 3, 6), (0, 1, 0), (2, 0, 4)]),CG(nc=6, r=9, tr=[(1, 0, 0), (2, 3, 1), (5, 4, 2), (2, 1, 3), (2, 5, 4), (1, 4, 5), (0, 4, 6), (5, 3, 6), (3, 0, 2)]),5115,SAT
P1687,22,8,8,CG(nc=5, r=8, tr=[(1, 2, 0), (1, 4, 1), (2, 4, 2), (3, 4, 3), (1, 3, 4), (1, 0, 5), (0, 2, 6), (3, 0, 2)]),CG(nc=6, r=8, tr=[(1, 2, 0), (2, 3, 1), (0, 2, 2), (5, 1, 3), (4, 3, 4), (4, 1, 5), (0, 3, 6), (4, 5, 2)]),3189,SAT
P1688,26,9,9,CG(nc=6, r=9, tr=[(1, 0, 0), (2, 1, 1), (0, 2, 2), (5, 2, 3), (5, 1, 4), (1, 4, 5), (3, 0, 6), (5, 4, 7), (3, 4, 4)]),CG(nc=6, r=9, tr=[(1, 2, 0), (1, 3, 1), (5, 1, 2), (5, 2, 3), (4, 0, 4), (2, 4, 5), (3, 0, 6), (3, 4, 7), (0, 3, 5)]),3855,SAT
P1689,24,9,9,CG(nc=5, r=9, tr=[(0, 1, 0), (4, 3, 1), (3, 2, 2), (1, 3, 3), (1, 4, 4), (0, 3, 5), (3, 2, 7), (2, 4, 0), (0, 2, 4)]),CG(nc=7, r=9, tr=[(1, 0, 0), (2, 1, 1), (6, 4, 2), (2, 6, 3), (5, 0, 4), (1, 3, 5), (3, 4, 7), (3, 5, 1), (5, 2, 5)]),5697,SAT
P1690,26,9,9,CG(nc=6, r=9, tr=[(1, 2, 0), (0, 1, 1), (2, 0, 2), (5, 2, 3), (4, 1, 4), (1, 5, 5), (0, 4, 6), (3, 1, 7), (3, 5, 4)]),CG(nc=6, r=9, tr=[(1, 2, 0), (1, 3, 1), (1, 0, 2), (2, 0, 3), (5, 4, 4), (4, 2, 5), (3, 5, 6), (5, 4, 7), (3, 5, 4)]),4209,SAT
P1691,22,8,8,CG(nc=5, r=8, tr=[(0, 1, 0), (1, 2, 1), (4, 3, 2), (0, 3, 3), (1, 4, 4), (3, 1, 5), (2, 0, 7), (4, 2, 3)]),CG(nc=6, r=8, tr=[(1, 2, 0), (1, 3, 1), (5, 4, 2), (2, 5, 3), (3, 4, 4), (2, 4, 5), (1, 0, 7), (0, 3, 3)]),3698,SAT
P1694,22,8,8,CG(nc=5, r=8, tr=[(1, 2, 0), (4, 2, 1), (1, 4, 2), (1, 0, 3), (2, 3, 4), (2, 0, 5), (4, 3, 6), (0, 3, 2)]),CG(nc=6, r=8, tr=[(1, 2, 0), (1, 3, 1), (1, 5, 2), (5, 3, 3), (3, 4, 4), (4, 2, 5), (2, 0, 6), (4, 0, 2)]),3231,SAT
P1695,20,8,8,CG(nc=5, r=8, tr=[(1, 2, 0), (2, 0, 1), (3, 4, 2), (4, 1, 3), (2, 3, 4), (4, 2, 5), (0, 1, 2), (3, 0, 3)]),CG(nc=5, r=8, tr=[(1, 2, 0), (2, 0, 1), (3, 4, 2), (4, 1, 3), (2, 3, 4), (4, 2, 5), (0, 1, 2), (3, 0, 3)]),4620,SAT
P1696,24,8,8,CG(nc=5, r=8, tr=[(1, 0, 0), (1, 2, 1), (0, 2, 2), (4, 2, 3), (1, 4, 4), (1, 0, 5), (0, 3, 6), (3, 4, 7)]),CG(nc=7, r=8, tr=[(6, 2, 0), (3, 4, 1), (4, 5, 2), (3, 1, 3), (6, 3, 4), (2, 4, 5), (0, 1, 6), (0, 5, 7)]),1708,SAT
P1697,28,10,10,CG(nc=6, r=10, tr=[(1, 5, 0), (1, 3, 1), (1, 4, 2), (4, 0, 3), (0, 2, 4), (4, 3, 5), (2, 0, 6), (2, 1, 7), (3, 2, 0), (5, 3, 4)]),CG(nc=8, r=10, tr=[(0, 1, 0), (2, 1, 1), (2, 3, 2), (3, 7, 3), (5, 0, 4), (1, 6, 5), (5, 3, 6), (4, 6, 7), (7, 4, 2), (6, 5, 1)]),9236,SAT
P1698,24,8,8,CG(nc=6, r=8, tr=[(1, 0, 0), (1, 2, 1), (0, 3, 2), (3, 5, 3), (5, 4, 4), (4, 0, 5), (5, 2, 6), (0, 4, 7)]),CG(nc=6, r=8, tr=[(1, 2, 0), (0, 3, 1), (5, 4, 2), (5, 4, 3), (3, 4, 4), (1, 0, 5), (3, 0, 6), (2, 4, 7)]),1787,SAT
P1699,26,9,9,CG(nc=6, r=9, tr=[(1, 5, 0), (3, 1, 1), (4, 5, 2), (5, 2, 3), (2, 4, 4), (3, 4, 5), (0, 3, 6), (1, 5, 7), (0, 2, 2)]),CG(nc=7, r=9, tr=[(1, 2, 0), (3, 4, 1), (3, 0, 2), (4, 6, 3), (5, 4, 4), (1, 6, 5), (0, 5, 6), (3, 2, 7), (6, 5, 2)]),3260,SAT
P1700,24,8,8,CG(nc=5, r=8, tr=[(1, 2, 0), (0, 2, 1), (0, 1, 2), (4, 1, 3), (4, 3, 4), (0, 3, 5), (1, 4, 6), (1, 3, 7)]),CG(nc=6, r=8, tr=[(0, 1, 0), (2, 0, 1), (1, 2, 2), (3, 4, 3), (5, 3, 4), (5, 2, 5), (0, 4, 6), (3, 1, 7)]),1644,SAT
P1701,26,9,9,CG(nc=5, r=9, tr=[(1, 4, 0), (1, 3, 1), (4, 3, 2), (0, 3, 3), (0, 1, 4), (1, 2, 5), (0, 3, 6), (1, 3, 7), (4, 2, 3)]),CG(nc=7, r=9, tr=[(0, 1, 0), (2, 3, 1), (4, 6, 2), (6, 5, 3), (2, 0, 4), (3, 5, 5), (5, 2, 6), (3, 4, 7), (1, 5, 2)]),3319,SAT
P1702,20,7,7,CG(nc=5, r=7, tr=[(4, 2, 0), (3, 0, 1), (1, 3, 2), (3, 2, 3), (1, 4, 4), (0, 1, 5), (3, 2, 6)]),CG(nc=5, r=7, tr=[(1, 4, 0), (4, 3, 1), (1, 3, 2), (2, 1, 3), (1, 0, 4), (0, 3, 5), (4, 2, 6)]),1564,SAT
P1703,22,8,8,CG(nc=5, r=8, tr=[(1, 2, 0), (1, 0, 1), (3, 4, 2), (0, 3, 3), (1, 3, 4), (2, 1, 5), (4, 2, 6), (2, 0, 2)]),CG(nc=5, r=8, tr=[(1, 0, 0), (0, 1, 1), (2, 1, 2), (2, 4, 3), (3, 2, 4), (1, 3, 5), (0, 3, 6), (3, 4, 2)]),3205,SAT
P1704,26,9,9,CG(nc=6, r=9, tr=[(1, 5, 0), (0, 3, 1), (3, 4, 2), (3, 1, 3), (5, 4, 4), (2, 1, 5), (3, 2, 6), (3, 4, 7), (4, 0, 5)]),CG(nc=6, r=9, tr=[(1, 5, 0), (5, 3, 1), (3, 4, 2), (2, 5, 3), (1, 0, 4), (2, 1, 5), (1, 2, 6), (1, 4, 7), (0, 3, 5)]),3143,SAT
P1705,28,10,10,CG(nc=6, r=10, tr=[(0, 1, 0), (2, 1, 1), (2, 3, 2), (5, 2, 3), (1, 5, 4), (3, 1, 5), (4, 5, 6), (4, 3, 7), (0, 3, 3), (2, 0, 7)]),CG(nc=6, r=10, tr=[(1, 2, 0), (3, 1, 1), (5, 3, 2), (2, 0, 3), (4, 1, 4), (0, 1, 5), (0, 1, 6), (4, 0, 7), (4, 5, 3), (3, 2, 7)]),8947,SAT
P1706,20,7,7,CG(nc=5, r=7, tr=[(1, 0, 0), (2, 4, 1), (2, 3, 2), (1, 2, 3), (0, 3, 4), (4, 3, 5), (3, 4, 7)]),CG(nc=6, r=7, tr=[(1, 2, 0), (3, 1, 1), (1, 5, 2), (5, 3, 3), (0, 3, 4), (2, 4, 5), (0, 4, 7)]),1641,SAT
P1707,22,8,8,CG(nc=6, r=8, tr=[(1, 0, 0), (5, 3, 1), (3, 4, 2), (3, 1, 3), (0, 2, 4), (5, 4, 5), (3, 2, 7), (2, 4, 3)]),CG(nc=6, r=8, tr=[(1, 2, 0), (3, 2, 1), (0, 2, 2), (3, 5, 3), (4, 3, 4), (1, 4, 5), (4, 5, 7), (4, 0, 3)]),2973,SAT
P1708,24,8,8,CG(nc=6, r=8, tr=[(1, 2, 0), (5, 2, 1), (5, 1, 2), (1, 0, 3), (1, 4, 4), (4, 3, 5), (3, 5, 6), (4, 0, 7)]),CG(nc=5, r=8, tr=[(4, 2, 0), (4, 3, 1), (3, 2, 2), (2, 4, 3), (2, 1, 4), (0, 3, 5), (1, 0, 6), (0, 1, 7)]),1858,SAT
P1709,28,10,10,CG(nc=6, r=10, tr=[(0, 1, 0), (0, 2, 1), (5, 4, 2), (4, 2, 3), (4, 0, 4), (3, 2, 5), (3, 5, 6), (1, 2, 7), (2, 1, 2), (4, 5, 0)]),CG(nc=7, r=10, tr=[(1, 2, 0), (2, 3, 1), (2, 0, 2), (6, 1, 3), (0, 5, 4), (1, 4, 5), (3, 6, 6), (6, 4, 7), (5, 3, 3), (4, 3, 4)]),8935,SAT
P1710,16,6,6,CG(nc=5, r=6, tr=[(4, 2, 0), (3, 0, 1), (3, 1, 2), (3, 2, 3), (1, 4, 4), (1, 0, 5)]),CG(nc=5, r=6, tr=[(1, 4, 0), (3, 2, 1), (0, 3, 2), (2, 0, 3), (4, 2, 4), (1, 3, 5)]),2023,SAT
P1711,18,7,7,CG(nc=5, r=7, tr=[(1, 4, 0), (0, 3, 1), (0, 2, 2), (1, 3, 3), (2, 4, 4), (2, 3, 5), (0, 1, 4)]),CG(nc=5, r=7, tr=[(4, 2, 0), (3, 1, 1), (0, 1, 2), (3, 2, 3), (3, 4, 4), (2, 1, 5), (0, 2, 4)]),3569,SAT
P1712,26,9,9,CG(nc=6, r=9, tr=[(1, 2, 0), (0, 1, 1), (3, 2, 2), (2, 5, 3), (4, 1, 4), (1, 2, 5), (0, 4, 6), (4, 5, 7), (0, 3, 3)]),CG(nc=6, r=9, tr=[(1, 2, 0), (1, 3, 1), (0, 1, 2), (4, 0, 3), (5, 2, 4), (5, 3, 5), (5, 3, 6), (3, 2, 7), (2, 4, 6)]),3962,SAT
P1713,26,9,9,CG(nc=6, r=9, tr=[(1, 2, 0), (5, 2, 1), (0, 4, 2), (5, 4, 3), (4, 2, 4), (2, 3, 5), (3, 0, 6), (1, 5, 7), (3, 1, 1)]),CG(nc=7, r=9, tr=[(1, 6, 0), (1, 3, 1), (4, 0, 2), (3, 0, 3), (6, 5, 4), (1, 2, 5), (5, 3, 6), (4, 2, 7), (2, 5, 1)]),4237,SAT
P1714,26,9,9,CG(nc=6, r=9, tr=[(5, 2, 0), (2, 3, 1), (4, 0, 2), (4, 5, 3), (1, 3, 4), (1, 5, 5), (0, 3, 6), (5, 1, 7), (2, 0, 4)]),CG(nc=6, r=9, tr=[(1, 2, 0), (2, 3, 1), (4, 5, 2), (5, 3, 3), (3, 4, 4), (1, 4, 5), (1, 0, 6), (2, 0, 7), (0, 2, 4)]),3583,SAT
P1715,24,8,8,CG(nc=6, r=8, tr=[(1, 2, 0), (1, 5, 1), (0, 4, 2), (5, 4, 3), (0, 3, 4), (4, 3, 5), (0, 2, 6), (1, 3, 7)]),CG(nc=6, r=8, tr=[(1, 0, 0), (2, 0, 1), (3, 4, 2), (5, 2, 3), (2, 4, 4), (4, 1, 5), (0, 4, 6), (3, 5, 7)]),2039,SAT
P1716,26,9,9,CG(nc=6, r=9, tr=[(5, 2, 0), (3, 2, 1), (5, 3, 2), (3, 0, 3), (0, 2, 4), (2, 4, 5), (4, 5, 6), (0, 1, 7), (2, 1, 6)]),CG(nc=7, r=9, tr=[(1, 2, 0), (6, 4, 1), (0, 1, 2), (4, 5, 3), (3, 4, 4), (6, 2, 5), (5, 0, 6), (1, 3, 7), (3, 6, 6)]),3343,SAT
P1717,26,9,9,CG(nc=6, r=9, tr=[(5, 2, 0), (2, 3, 1), (3, 5, 2), (3, 0, 3), (4, 3, 4), (4, 5, 5), (2, 1, 6), (0, 1, 7), (0, 2, 4)]),CG(nc=6, r=9, tr=[(5, 2, 0), (2, 3, 1), (2, 4, 2), (0, 3, 3), (1, 5, 4), (0, 4, 5), (3, 1, 6), (5, 3, 7), (4, 0, 4)]),3251,SAT
P1718,22,8,8,CG(nc=5, r=8, tr=[(1, 4, 0), (3, 1, 1), (3, 4, 2), (3, 0, 3), (4, 2, 4), (3, 2, 5), (0, 3, 6), (1, 0, 4)]),CG(nc=6, r=8, tr=[(1, 5, 0), (3, 4, 1), (2, 0, 2), (3, 0, 3), (5, 4, 4), (2, 1, 5), (1, 4, 6), (3, 2, 4)]),3079,SAT
P1719,20,7,7,CG(nc=5, r=7, tr=[(1, 2, 0), (1, 4, 1), (0, 3, 2), (4, 3, 3), (3, 1, 4), (1, 0, 5), (0, 2, 6)]),CG(nc=5, r=7, tr=[(1, 2, 0), (4, 3, 1), (1, 0, 2), (0, 3, 3), (1, 3, 4), (4, 2, 5), (2, 1, 6)]),1696,SAT
P1720,26,9,9,CG(nc=6, r=9, tr=[(1, 2, 0), (2, 3, 1), (0, 3, 2), (5, 3, 3), (5, 2, 4), (2, 4, 5), (0, 1, 6), (5, 4, 7), (1, 4, 4)]),CG(nc=6, r=9, tr=[(1, 2, 0), (3, 4, 1), (2, 0, 2), (4, 0, 3), (5, 1, 4), (4, 1, 5), (5, 3, 6), (4, 5, 7), (3, 2, 4)]),3599,SAT
P1721,28,10,10,CG(nc=6, r=10, tr=[(1, 5, 0), (3, 0, 1), (4, 2, 2), (3, 2, 3), (0, 2, 4), (5, 3, 5), (1, 2, 6), (2, 4, 7), (0, 4, 5), (4, 5, 1)]),CG(nc=6, r=10, tr=[(5, 2, 0), (3, 2, 1), (4, 2, 2), (0, 3, 3), (0, 4, 4), (4, 1, 5), (2, 5, 6), (3, 5, 7), (1, 0, 7), (1, 5, 3)]),6955,SAT
P1722,24,8,8,CG(nc=5, r=8, tr=[(1, 4, 0), (3, 1, 1), (3, 4, 2), (0, 3, 3), (1, 0, 4), (4, 2, 5), (1, 2, 6), (3, 4, 7)]),CG(nc=6, r=8, tr=[(1, 2, 0), (3, 4, 1), (5, 3, 2), (4, 5, 3), (4, 0, 4), (3, 2, 5), (3, 0, 6), (1, 0, 7)]),1769,SAT
P1723,22,8,8,CG(nc=6, r=8, tr=[(1, 5, 0), (0, 3, 1), (4, 3, 2), (3, 1, 3), (5, 4, 4), (2, 0, 5), (4, 3, 7), (4, 2, 3)]),CG(nc=5, r=8, tr=[(1, 2, 0), (0, 2, 1), (4, 3, 2), (1, 4, 3), (3, 2, 4), (3, 2, 5), (0, 1, 7), (1, 0, 4)]),2962,SAT
P1724,26,9,9,CG(nc=6, r=9, tr=[(1, 2, 0), (0, 1, 1), (3, 5, 2), (5, 2, 3), (1, 3, 4), (5, 1, 5), (4, 1, 6), (4, 0, 7), (3, 0, 3)]),CG(nc=6, r=9, tr=[(5, 2, 0), (3, 5, 1), (4, 0, 2), (0, 1, 3), (1, 4, 4), (4, 2, 5), (3, 1, 6), (1, 3, 7), (5, 2, 3)]),3277,SAT
P1725,26,9,9,CG(nc=6, r=9, tr=[(1, 2, 0), (2, 5, 1), (4, 0, 2), (1, 0, 3), (2, 4, 4), (0, 2, 5), (3, 5, 6), (1, 3, 7), (5, 4, 3)]),CG(nc=6, r=9, tr=[(1, 2, 0), (2, 3, 1), (0, 4, 2), (0, 3, 3), (4, 3, 4), (1, 4, 5), (1, 2, 6), (5, 2, 7), (5, 1, 3)]),3538,SAT
P1726,20,7,7,CG(nc=5, r=7, tr=[(0, 1, 0), (2, 1, 1), (2, 0, 2), (4, 2, 3), (4, 1, 4), (3, 0, 5), (1, 3, 6)]),CG(nc=5, r=7, tr=[(1, 2, 0), (1, 3, 1), (1, 0, 2), (0, 3, 3), (4, 3, 4), (4, 2, 5), (2, 4, 6)]),1671,SAT
P1727,18,7,7,CG(nc=5, r=7, tr=[(4, 2, 0), (2, 3, 1), (3, 4, 2), (1, 4, 3), (2, 0, 4), (2, 1, 5), (3, 0, 3)]),CG(nc=5, r=7, tr=[(1, 2, 0), (3, 1, 1), (1, 4, 2), (4, 3, 3), (0, 3, 4), (2, 0, 5), (0, 1, 3)]),3124,SAT
P1760,24,8,8,CG(nc=6, r=8, tr=[(1, 2, 0), (1, 5, 1), (4, 0, 2), (4, 5, 3), (3, 4, 4), (2, 3, 5), (2, 0, 6), (5, 2, 7)]),CG(nc=6, r=8, tr=[(5, 2, 0), (2, 5, 1), (3, 2, 2), (5, 4, 3), (0, 1, 4), (1, 0, 5), (1, 4, 6), (3, 1, 7)]),1685,SAT
P1761,28,10,10,CG(nc=7, r=10, tr=[(1, 2, 0), (0, 2, 1), (3, 1, 2), (3, 0, 3), (4, 3, 4), (6, 4, 5), (6, 5, 6), (5, 2, 7), (6, 1, 3), (1, 0, 7)]),CG(nc=7, r=10, tr=[(1, 2, 0), (1, 3, 1), (3, 6, 2), (2, 0, 3), (5, 0, 4), (5, 0, 5), (4, 5, 6), (5, 1, 7), (4, 6, 3), (2, 3, 7)]),12636,SAT
P1762,24,8,8,CG(nc=5, r=8, tr=[(1, 2, 0), (2, 4, 1), (3, 0, 2), (3, 4, 3), (2, 4, 4), (0, 2, 5), (1, 0, 6), (2, 1, 7)]),CG(nc=5, r=8, tr=[(1, 2, 0), (4, 2, 1), (2, 3, 2), (3, 2, 3), (3, 0, 4), (3, 0, 5), (2, 4, 6), (1, 4, 7)]),1705,SAT
P1763,26,9,9,CG(nc=6, r=9, tr=[(1, 2, 0), (1, 0, 1), (5, 4, 2), (2, 4, 3), (3, 0, 4), (4, 3, 5), (5, 2, 6), (2, 1, 7), (2, 0, 2)]),CG(nc=6, r=9, tr=[(1, 2, 0), (0, 3, 1), (1, 3, 2), (5, 1, 3), (1, 4, 4), (4, 1, 5), (4, 0, 6), (0, 2, 7), (4, 5, 2)]),3832,SAT
P1766,20,7,7,CG(nc=6, r=7, tr=[(1, 0, 0), (2, 5, 1), (0, 4, 2), (5, 4, 3), (5, 3, 4), (0, 3, 5), (2, 1, 6)]),CG(nc=5, r=7, tr=[(1, 0, 0), (0, 1, 1), (2, 1, 2), (0, 3, 3), (4, 2, 4), (4, 2, 5), (3, 2, 6)]),1589,SAT
P1767,22,8,8,CG(nc=6, r=8, tr=[(1, 2, 0), (0, 1, 1), (0, 2, 2), (0, 3, 3), (2, 4, 4), (4, 3, 5), (2, 5, 6), (3, 5, 2)]),CG(nc=5, r=8, tr=[(4, 2, 0), (2, 4, 1), (2, 3, 2), (3, 1, 3), (3, 0, 4), (0, 3, 5), (1, 4, 6), (1, 0, 2)]),3014,SAT
P1768,26,9,9,CG(nc=5, r=9, tr=[(1, 2, 0), (4, 2, 1), (3, 4, 2), (3, 0, 3), (2, 4, 4), (2, 0, 5), (3, 1, 6), (4, 3, 7), (1, 0, 4)]),CG(nc=6, r=9, tr=[(1, 2, 0), (3, 4, 1), (0, 1, 2), (3, 0, 3), (5, 2, 4), (2, 3, 5), (5, 1, 6), (3, 5, 7), (4, 1, 4)]),3348,SAT
P1769,30,11,11,CG(nc=6, r=11, tr=[(1, 2, 0), (3, 0, 1), (0, 4, 2), (2, 0, 3), (2, 3, 4), (0, 1, 5), (5, 4, 6), (2, 4, 7), (4, 1, 1), (5, 3, 5), (5, 4, 3)]),CG(nc=7, r=11, tr=[(1, 2, 0), (3, 4, 1), (0, 2, 2), (5, 6, 3), (4, 2, 4), (1, 3, 5), (2, 6, 6), (6, 3, 7), (1, 5, 1), (0, 3, 3), (1, 5, 4)]),3253653,SAT
P1770,24,8,8,CG(nc=6, r=8, tr=[(1, 2, 0), (0, 2, 1), (0, 1, 2), (1, 5, 3), (5, 4, 4), (4, 0, 5), (0, 3, 6), (3, 4, 7)]),CG(nc=5, r=8, tr=[(1, 2, 0), (1, 2, 1), (2, 4, 2), (1, 4, 3), (0, 1, 4), (3, 1, 5), (0, 3, 6), (0, 3, 7)]),2234,SAT
P1771,26,9,9,CG(nc=6, r=9, tr=[(0, 1, 0), (2, 3, 1), (4, 2, 2), (4, 0, 3), (1, 5, 4), (1, 4, 5), (1, 3, 6), (2, 0, 7), (5, 2, 3)]),CG(nc=6, r=9, tr=[(1, 2, 0), (1, 3, 1), (1, 5, 2), (3, 0, 3), (4, 3, 4), (4, 2, 5), (2, 0, 6), (4, 0, 7), (5, 4, 3)]),4076,SAT
P1774,16,6,6,CG(nc=5, r=6, tr=[(0, 1, 0), (1, 2, 1), (2, 0, 2), (2, 4, 3), (3, 0, 4), (3, 4, 5)]),CG(nc=4, r=6, tr=[(1, 2, 0), (1, 2, 1), (3, 1, 2), (2, 3, 3), (0, 2, 4), (0, 2, 5)]),1743,SAT
P1775,20,8,8,CG(nc=6, r=8, tr=[(1, 2, 0), (1, 3, 1), (2, 0, 2), (5, 2, 3), (3, 4, 4), (4, 5, 5), (3, 0, 3), (3, 0, 2)]),CG(nc=5, r=8, tr=[(1, 2, 0), (2, 1, 1), (4, 2, 2), (2, 0, 3), (0, 3, 4), (3, 0, 5), (3, 1, 2), (3, 4, 3)]),4977,SAT
P1776,24,8,8,CG(nc=5, r=8, tr=[(4, 2, 0), (3, 2, 1), (4, 3, 2), (3, 0, 3), (3, 2, 4), (4, 2, 5), (1, 4, 6), (1, 0, 7)]),CG(nc=6, r=8, tr=[(1, 2, 0), (2, 1, 1), (3, 2, 2), (4, 5, 3), (0, 1, 4), (1, 0, 5), (0, 4, 6), (3, 5, 7)]),1838,SAT
P1777,26,9,9,CG(nc=6, r=9, tr=[(1, 2, 0), (5, 2, 1), (4, 2, 2), (0, 4, 3), (4, 1, 4), (1, 5, 5), (3, 2, 6), (0, 3, 7), (1, 4, 1)]),CG(nc=6, r=9, tr=[(1, 2, 0), (3, 1, 1), (5, 4, 2), (1, 5, 3), (4, 3, 4), (2, 4, 5), (1, 0, 6), (0, 1, 7), (0, 3, 0)]),3436,SAT
P1778,24,8,8,CG(nc=5, r=8, tr=[(1, 2, 0), (0, 1, 1), (3, 1, 2), (4, 2, 3), (3, 2, 4), (0, 3, 5), (2, 4, 6), (2, 1, 7)]),CG(nc=6, r=8, tr=[(1, 2, 0), (3, 2, 1), (2, 0, 2), (2, 0, 3), (5, 3, 4), (1, 4, 5), (5, 2, 6), (5, 4, 7)]),1841,SAT
P1779,24,8,8,CG(nc=6, r=8, tr=[(1, 2, 0), (1, 0, 1), (0, 2, 2), (2, 5, 3), (4, 2, 4), (0, 4, 5), (3, 5, 6), (1, 3, 7)]),CG(nc=6, r=8, tr=[(1, 2, 0), (3, 0, 1), (5, 1, 2), (5, 3, 3), (3, 1, 4), (2, 4, 5), (0, 3, 6), (4, 0, 7)]),1771,SAT
P1782,20,7,7,CG(nc=6, r=7, tr=[(5, 2, 0), (2, 3, 1), (0, 4, 2), (5, 4, 3), (1, 5, 4), (3, 1, 5), (3, 0, 6)]),CG(nc=5, r=7, tr=[(1, 0, 0), (1, 0, 1), (4, 3, 2), (0, 2, 3), (1, 3, 4), (3, 1, 5), (2, 4, 6)]),1645,SAT
P1783,20,7,7,CG(nc=6, r=7, tr=[(5, 2, 0), (3, 0, 1), (0, 4, 2), (5, 4, 3), (4, 1, 4), (0, 1, 5), (2, 3, 6)]),CG(nc=5, r=7, tr=[(4, 2, 0), (3, 1, 1), (0, 3, 2), (0, 2, 3), (4, 1, 4), (3, 2, 5), (2, 1, 6)]),2046,SAT
P1784,26,9,9,CG(nc=6, r=9, tr=[(1, 2, 0), (2, 5, 1), (1, 5, 2), (1, 0, 3), (4, 5, 4), (1, 4, 5), (0, 3, 6), (3, 4, 7), (2, 5, 7)]),CG(nc=6, r=9, tr=[(1, 2, 0), (2, 1, 1), (1, 3, 2), (5, 4, 3), (0, 3, 4), (3, 4, 5), (0, 4, 6), (4, 0, 7), (2, 5, 7)]),3307,SAT
P1785,28,10,10,CG(nc=7, r=10, tr=[(1, 0, 0), (2, 3, 1), (4, 2, 2), (4, 6, 3), (0, 3, 4), (3, 4, 5), (2, 5, 6), (6, 5, 7), (1, 2, 5), (1, 4, 1)]),CG(nc=6, r=10, tr=[(0, 1, 0), (2, 3, 1), (1, 2, 2), (5, 3, 3), (1, 5, 4), (2, 4, 5), (4, 5, 6), (4, 5, 7), (3, 0, 7), (0, 4, 3)]),7230,SAT
P1786,24,8,8,CG(nc=5, r=8, tr=[(4, 2, 0), (3, 2, 1), (3, 4, 2), (3, 0, 3), (0, 1, 4), (4, 2, 5), (2, 1, 6), (4, 2, 7)]),CG(nc=6, r=8, tr=[(1, 5, 0), (3, 4, 1), (2, 4, 2), (3, 0, 3), (5, 3, 4), (4, 1, 5), (1, 3, 6), (0, 2, 7)]),1649,SAT
P1787,26,9,9,CG(nc=7, r=9, tr=[(6, 2, 0), (3, 4, 1), (6, 5, 2), (5, 0, 3), (1, 6, 4), (5, 1, 5), (3, 1, 6), (0, 4, 7), (2, 5, 1)]),CG(nc=6, r=9, tr=[(5, 2, 0), (0, 3, 1), (4, 1, 2), (3, 5, 3), (4, 3, 4), (0, 4, 5), (3, 0, 6), (1, 2, 7), (1, 5, 1)]),3352,SAT
P1790,20,7,7,CG(nc=6, r=7, tr=[(1, 0, 0), (1, 2, 1), (2, 0, 2), (2, 5, 3), (4, 3, 4), (5, 4, 5), (3, 0, 6)]),CG(nc=5, r=7, tr=[(0, 1, 0), (2, 3, 1), (4, 2, 2), (3, 4, 3), (3, 0, 4), (1, 2, 5), (1, 3, 6)]),1618,SAT
P1791,16,6,6,CG(nc=5, r=6, tr=[(1, 0, 0), (2, 1, 1), (0, 2, 2), (4, 2, 3), (3, 0, 4), (3, 2, 5)]),CG(nc=5, r=6, tr=[(1, 4, 0), (3, 2, 1), (0, 3, 2), (4, 0, 3), (4, 2, 4), (3, 1, 5)]),1693,SAT
P1910,24,8,8,CG(nc=7, r=8, tr=[(0, 1, 0), (6, 1, 1), (3, 0, 2), (3, 6, 3), (0, 4, 4), (5, 4, 5), (2, 5, 6), (2, 6, 7)]),CG(nc=5, r=8, tr=[(0, 1, 0), (2, 3, 1), (4, 2, 2), (4, 2, 3), (0, 3, 4), (1, 2, 5), (1, 2, 6), (1, 2, 7)]),2068,SAT
P1911,8,4,4,CG(nc=4, r=4, tr=[(0, 1, 0), (3, 1, 1), (3, 2, 2), (0, 2, 3)]),CG(nc=3, r=4, tr=[(2, 1, 0), (2, 1, 1), (0, 1, 2), (1, 0, 3)]),1739,SAT
P1912,26,9,9,CG(nc=6, r=9, tr=[(1, 5, 0), (1, 3, 1), (0, 3, 2), (3, 4, 3), (5, 2, 4), (2, 5, 5), (0, 4, 6), (4, 2, 7), (2, 4, 2)]),CG(nc=6, r=9, tr=[(1, 5, 0), (5, 1, 1), (1, 3, 2), (1, 4, 3), (2, 1, 4), (2, 0, 5), (0, 4, 6), (3, 0, 7), (3, 5, 3)]),3897,SAT
P1913,28,10,10,CG(nc=6, r=10, tr=[(1, 2, 0), (3, 5, 1), (4, 0, 2), (5, 4, 3), (1, 3, 4), (2, 5, 5), (1, 4, 6), (0, 4, 7), (1, 5, 2), (2, 0, 1)]),CG(nc=7, r=10, tr=[(1, 6, 0), (3, 1, 1), (3, 4, 2), (5, 0, 3), (3, 6, 4), (4, 5, 5), (1, 5, 6), (1, 2, 7), (0, 2, 2), (4, 2, 0)]),8754,SAT
P1914,22,8,8,CG(nc=5, r=8, tr=[(4, 2, 0), (3, 2, 1), (1, 0, 2), (1, 4, 3), (0, 3, 4), (1, 4, 6), (1, 3, 7), (3, 0, 3)]),CG(nc=6, r=8, tr=[(0, 1, 0), (1, 0, 1), (2, 0, 2), (5, 4, 3), (4, 2, 4), (4, 1, 6), (5, 3, 7), (1, 3, 2)]),3552,SAT
P1915,22,8,8,CG(nc=6, r=8, tr=[(1, 2, 0), (3, 2, 1), (5, 1, 2), (0, 1, 3), (0, 4, 4), (3, 5, 6), (4, 2, 7), (3, 0, 2)]),CG(nc=6, r=8, tr=[(1, 5, 0), (3, 1, 1), (4, 3, 2), (0, 4, 3), (3, 5, 4), (4, 1, 6), (2, 1, 7), (2, 0, 2)]),3272,SAT
P1918,26,9,9,CG(nc=6, r=9, tr=[(1, 2, 0), (1, 5, 1), (4, 5, 2), (4, 0, 3), (5, 3, 4), (0, 2, 5), (2, 4, 6), (4, 3, 7), (0, 2, 2)]),CG(nc=6, r=9, tr=[(1, 5, 0), (5, 1, 1), (3, 0, 2), (5, 4, 3), (1, 2, 4), (3, 4, 5), (1, 2, 6), (1, 3, 7), (2, 0, 3)]),3267,SAT
P1919,12,6,6,CG(nc=5, r=6, tr=[(1, 2, 0), (2, 4, 1), (4, 3, 2), (1, 3, 3), (0, 3, 3), (0, 1, 2)]),CG(nc=4, r=6, tr=[(3, 2, 0), (2, 3, 1), (2, 0, 2), (2, 0, 3), (1, 0, 2), (1, 3, 3)]),4711,SAT
P1920,24,8,8,CG(nc=5, r=8, tr=[(1, 0, 0), (2, 1, 1), (3, 4, 2), (0, 3, 3), (4, 2, 4), (0, 3, 5), (4, 2, 6), (0, 2, 7)]),CG(nc=7, r=8, tr=[(1, 0, 0), (0, 1, 1), (1, 2, 2), (3, 0, 3), (4, 5, 4), (5, 3, 5), (6, 4, 6), (6, 2, 7)]),2128,SAT
P1921,26,9,9,CG(nc=5, r=9, tr=[(0, 1, 0), (2, 0, 1), (3, 0, 2), (4, 3, 3), (3, 4, 4), (4, 2, 5), (4, 3, 6), (1, 2, 7), (1, 3, 1)]),CG(nc=7, r=9, tr=[(1, 2, 0), (3, 2, 1), (1, 6, 2), (0, 3, 3), (5, 3, 4), (4, 5, 5), (4, 6, 6), (0, 2, 7), (1, 3, 7)]),3571,SAT
P1922,24,8,8,CG(nc=6, r=8, tr=[(0, 1, 0), (2, 1, 1), (3, 0, 2), (3, 5, 3), (0, 4, 4), (3, 5, 5), (2, 5, 6), (4, 5, 7)]),CG(nc=7, r=8, tr=[(0, 1, 0), (2, 3, 1), (3, 6, 2), (5, 4, 3), (2, 0, 4), (6, 5, 5), (2, 4, 6), (3, 1, 7)]),1723,SAT
P1923,24,8,8,CG(nc=5, r=8, tr=[(4, 2, 0), (2, 3, 1), (0, 1, 2), (3, 0, 3), (4, 1, 4), (4, 1, 5), (0, 3, 6), (4, 2, 7)]),CG(nc=7, r=8, tr=[(6, 2, 0), (6, 3, 1), (0, 3, 2), (4, 5, 3), (1, 0, 4), (1, 4, 5), (5, 6, 6), (3, 2, 7)]),1766,SAT
P1926,26,9,9,CG(nc=6, r=9, tr=[(1, 2, 0), (2, 0, 1), (5, 4, 2), (5, 1, 3), (4, 3, 4), (0, 4, 5), (5, 1, 6), (1, 3, 7), (1, 2, 2)]),CG(nc=6, r=9, tr=[(1, 2, 0), (0, 3, 1), (5, 2, 2), (5, 4, 3), (3, 2, 4), (4, 3, 5), (2, 0, 6), (0, 1, 7), (0, 1, 5)]),3476,SAT
P1927,20,7,7,CG(nc=5, r=7, tr=[(1, 4, 0), (3, 0, 1), (2, 4, 2), (3, 1, 3), (0, 2, 4), (0, 2, 5), (3, 1, 6)]),CG(nc=6, r=7, tr=[(0, 1, 0), (0, 1, 1), (1, 5, 2), (5, 3, 3), (4, 2, 4), (3, 4, 5), (0, 2, 6)]),1588,SAT
P1928,20,7,7,CG(nc=5, r=7, tr=[(0, 1, 0), (4, 3, 1), (2, 4, 2), (3, 1, 3), (0, 2, 4), (0, 2, 5), (4, 2, 7)]),CG(nc=5, r=7, tr=[(1, 2, 0), (3, 2, 1), (4, 2, 2), (1, 4, 3), (1, 3, 4), (3, 0, 5), (0, 1, 7)]),1746,SAT
P1929,22,8,8,CG(nc=5, r=8, tr=[(4, 2, 0), (4, 3, 1), (1, 4, 2), (0, 1, 3), (2, 0, 4), (0, 1, 5), (2, 3, 7), (3, 1, 0)]),CG(nc=6, r=8, tr=[(1, 2, 0), (0, 2, 1), (5, 1, 2), (4, 5, 3), (4, 3, 4), (3, 0, 5), (2, 3, 7), (3, 1, 1)]),3259,SAT
P1930,20,7,7,CG(nc=5, r=7, tr=[(1, 2, 0), (4, 2, 1), (4, 1, 2), (1, 0, 3), (4, 3, 4), (3, 2, 5), (3, 0, 7)]),CG(nc=5, r=7, tr=[(1, 2, 0), (2, 3, 1), (0, 2, 2), (1, 0, 3), (3, 4, 4), (3, 1, 5), (4, 3, 7)]),1627,SAT
P1931,20,7,7,CG(nc=4, r=7, tr=[(3, 2, 0), (1, 2, 1), (1, 3, 2), (1, 0, 3), (0, 1, 4), (0, 1, 5), (3, 2, 7)]),CG(nc=6, r=7, tr=[(1, 2, 0), (1, 0, 1), (1, 5, 2), (4, 0, 3), (3, 5, 4), (3, 4, 5), (2, 0, 7)]),1709,SAT
P1934,22,8,8,CG(nc=5, r=8, tr=[(1, 2, 0), (0, 1, 1), (0, 2, 2), (4, 2, 3), (4, 2, 4), (1, 3, 5), (3, 4, 7), (1, 0, 4)]),CG(nc=5, r=8, tr=[(1, 2, 0), (0, 3, 1), (1, 4, 2), (2, 1, 3), (3, 1, 4), (3, 4, 5), (0, 2, 7), (0, 2, 5)]),3274,SAT
P1935,16,6,6,CG(nc=5, r=6, tr=[(1, 4, 0), (3, 0, 1), (0, 2, 2), (1, 3, 3), (4, 2, 4), (2, 4, 5)]),CG(nc=5, r=6, tr=[(1, 0, 0), (0, 1, 1), (4, 1, 2), (3, 0, 3), (2, 4, 4), (3, 2, 5)]),1507,SAT
P1936,26,9,9,CG(nc=6, r=9, tr=[(1, 2, 0), (0, 2, 1), (0, 3, 2), (3, 5, 3), (4, 2, 4), (1, 5, 5), (0, 4, 6), (4, 5, 7), (3, 2, 0)]),CG(nc=6, r=9, tr=[(1, 2, 0), (3, 1, 1), (1, 5, 2), (3, 5, 3), (4, 3, 4), (2, 4, 5), (0, 2, 6), (0, 3, 7), (0, 2, 7)]),3430,SAT
P1937,26,9,9,CG(nc=6, r=9, tr=[(1, 5, 0), (3, 0, 1), (5, 4, 2), (4, 0, 3), (3, 4, 4), (4, 2, 5), (1, 3, 6), (5, 4, 7), (0, 2, 0)]),CG(nc=5, r=9, tr=[(4, 2, 0), (3, 4, 1), (0, 1, 2), (0, 1, 3), (1, 2, 4), (2, 3, 5), (4, 3, 6), (3, 1, 7), (2, 1, 1)]),3589,SAT
P1938,26,9,9,CG(nc=6, r=9, tr=[(1, 2, 0), (5, 1, 1), (5, 2, 2), (0, 2, 3), (4, 5, 4), (3, 1, 5), (4, 1, 6), (0, 3, 7), (3, 4, 1)]),CG(nc=7, r=9, tr=[(1, 6, 0), (3, 1, 1), (0, 4, 2), (5, 0, 3), (6, 2, 4), (3, 2, 5), (3, 5, 6), (1, 4, 7), (4, 2, 1)]),3835,SAT
P1939,24,8,8,CG(nc=5, r=8, tr=[(1, 2, 0), (4, 2, 1), (4, 1, 2), (0, 1, 3), (3, 2, 4), (3, 2, 5), (1, 0, 6), (0, 3, 7)]),CG(nc=6, r=8, tr=[(1, 2, 0), (0, 2, 1), (2, 5, 2), (5, 1, 3), (4, 3, 4), (3, 0, 5), (4, 1, 6), (1, 0, 7)]),1966,SAT
P1942,28,10,10,CG(nc=6, r=10, tr=[(5, 2, 0), (3, 0, 1), (4, 3, 2), (3, 2, 3), (5, 4, 4), (3, 1, 5), (3, 2, 6), (1, 5, 7), (4, 0, 0), (2, 0, 4)]),CG(nc=7, r=10, tr=[(1, 0, 0), (2, 3, 1), (3, 6, 2), (5, 4, 3), (0, 2, 4), (5, 2, 5), (4, 6, 6), (1, 3, 7), (5, 1, 1), (1, 3, 5)]),9737,SAT
P1943,22,8,8,CG(nc=5, r=8, tr=[(1, 0, 0), (2, 1, 1), (0, 2, 2), (2, 4, 3), (1, 3, 4), (1, 3, 5), (4, 2, 6), (3, 4, 2)]),CG(nc=5, r=8, tr=[(1, 4, 0), (3, 4, 1), (1, 0, 2), (0, 2, 3), (3, 1, 4), (3, 2, 5), (1, 4, 6), (3, 2, 0)]),3297,SAT
P1944,26,9,9,CG(nc=5, r=9, tr=[(1, 2, 0), (3, 1, 1), (1, 0, 2), (1, 4, 3), (4, 3, 4), (2, 4, 5), (1, 3, 6), (0, 1, 7), (0, 2, 1)]),CG(nc=6, r=9, tr=[(1, 2, 0), (3, 1, 1), (5, 1, 2), (5, 2, 3), (2, 4, 4), (0, 4, 5), (3, 0, 6), (3, 2, 7), (0, 2, 7)]),3819,SAT
P1945,22,8,8,CG(nc=5, r=8, tr=[(1, 4, 0), (1, 3, 1), (3, 4, 2), (3, 0, 3), (0, 1, 4), (1, 2, 5), (3, 4, 7), (0, 2, 7)]),CG(nc=6, r=8, tr=[(5, 2, 0), (3, 2, 1), (0, 3, 2), (4, 0, 3), (5, 1, 4), (4, 1, 5), (2, 1, 7), (3, 4, 0)]),3625,SAT
P1946,26,9,9,CG(nc=6, r=9, tr=[(1, 2, 0), (1, 0, 1), (3, 1, 2), (5, 2, 3), (5, 3, 4), (1, 5, 5), (0, 4, 6), (3, 4, 7), (2, 0, 2)]),CG(nc=7, r=9, tr=[(0, 1, 0), (2, 3, 1), (6, 2, 2), (6, 5, 3), (3, 0, 4), (3, 5, 5), (4, 5, 6), (1, 2, 7), (1, 4, 1)]),3791,SAT
P1947,20,7,7,CG(nc=5, r=7, tr=[(1, 2, 0), (2, 0, 1), (1, 0, 2), (4, 1, 3), (3, 4, 4), (2, 4, 5), (3, 2, 7)]),CG(nc=5, r=7, tr=[(1, 2, 0), (1, 0, 1), (4, 1, 2), (2, 4, 3), (0, 3, 4), (2, 3, 5), (3, 0, 7)]),1955,SAT
P1950,26,9,9,CG(nc=6, r=9, tr=[(1, 2, 0), (2, 0, 1), (5, 4, 2), (1, 5, 3), (4, 2, 4), (2, 5, 5), (3, 0, 6), (3, 4, 7), (1, 0, 2)]),CG(nc=6, r=9, tr=[(1, 2, 0), (2, 3, 1), (2, 0, 2), (3, 0, 3), (3, 4, 4), (4, 1, 5), (1, 5, 6), (3, 5, 7), (4, 5, 2)]),3621,SAT
P1951,18,7,7,CG(nc=5, r=7, tr=[(4, 2, 0), (3, 2, 1), (3, 4, 2), (3, 0, 3), (2, 0, 4), (0, 1, 5), (3, 1, 0)]),CG(nc=5, r=7, tr=[(1, 2, 0), (2, 0, 1), (2, 4, 2), (4, 1, 3), (0, 3, 4), (3, 1, 5), (3, 0, 2)]),3279,SAT
P1952,20,7,7,CG(nc=5, r=7, tr=[(4, 2, 0), (3, 2, 1), (0, 1, 2), (4, 1, 3), (1, 4, 4), (3, 0, 6), (3, 4, 7)]),CG(nc=6, r=7, tr=[(1, 2, 0), (1, 2, 1), (5, 1, 2), (4, 0, 3), (3, 5, 4), (4, 3, 6), (0, 2, 7)]),1788,SAT
P1953,24,9,9,CG(nc=5, r=9, tr=[(1, 2, 0), (1, 4, 1), (4, 2, 2), (0, 2, 3), (2, 0, 4), (2, 0, 6), (4, 3, 7), (3, 2, 1), (1, 4, 7)]),CG(nc=7, r=9, tr=[(1, 0, 0), (2, 1, 1), (3, 4, 2), (1, 5, 3), (1, 6, 4), (5, 0, 6), (0, 4, 7), (3, 6, 0), (2, 3, 2)]),6952,SAT
P1954,20,7,7,CG(nc=5, r=7, tr=[(1, 2, 0), (0, 1, 1), (3, 4, 2), (3, 0, 3), (3, 0, 4), (4, 2, 6), (3, 4, 7)]),CG(nc=5, r=7, tr=[(0, 1, 0), (0, 1, 1), (1, 2, 2), (3, 0, 3), (4, 2, 4), (3, 2, 6), (4, 2, 7)]),1606,SAT
P1955,20,7,7,CG(nc=5, r=7, tr=[(1, 4, 0), (1, 3, 1), (2, 0, 2), (2, 4, 3), (4, 2, 4), (3, 0, 6), (4, 1, 7)]),CG(nc=6, r=7, tr=[(1, 2, 0), (0, 1, 1), (1, 5, 2), (4, 0, 3), (3, 5, 4), (3, 4, 6), (0, 2, 7)]),1696,SAT
P1956,24,8,8,CG(nc=5, r=8, tr=[(1, 4, 0), (3, 1, 1), (4, 3, 2), (0, 3, 3), (2, 1, 4), (1, 4, 5), (1, 2, 6), (0, 2, 7)]),CG(nc=7, r=8, tr=[(1, 2, 0), (0, 3, 1), (2, 6, 2), (5, 0, 3), (6, 4, 4), (0, 1, 5), (4, 5, 6), (3, 2, 7)]),1879,SAT
P1957,20,7,7,CG(nc=5, r=7, tr=[(1, 0, 0), (1, 2, 1), (3, 4, 2), (3, 0, 3), (0, 3, 4), (2, 4, 6), (1, 2, 7)]),CG(nc=6, r=7, tr=[(1, 0, 0), (0, 2, 1), (5, 1, 2), (5, 4, 3), (3, 0, 4), (4, 3, 6), (1, 2, 7)]),1621,SAT
P1958,24,8,8,CG(nc=6, r=8, tr=[(1, 5, 0), (3, 1, 1), (0, 4, 2), (5, 4, 3), (4, 5, 4), (2, 0, 5), (0, 3, 6), (4, 2, 7)]),CG(nc=6, r=8, tr=[(1, 2, 0), (3, 2, 1), (2, 5, 2), (5, 4, 3), (0, 3, 4), (1, 0, 5), (3, 4, 6), (3, 0, 7)]),1699,SAT
P1959,16,6,6,CG(nc=5, r=6, tr=[(1, 0, 0), (2, 4, 1), (3, 4, 2), (0, 3, 3), (3, 0, 4), (1, 2, 6)]),CG(nc=5, r=6, tr=[(1, 0, 0), (0, 1, 1), (4, 1, 2), (3, 0, 3), (4, 2, 4), (3, 2, 6)]),2178,SAT
P1960,24,8,8,CG(nc=5, r=8, tr=[(1, 2, 0), (2, 0, 1), (3, 0, 2), (3, 4, 3), (4, 3, 4), (2, 4, 5), (3, 1, 6), (0, 3, 7)]),CG(nc=5, r=8, tr=[(1, 2, 0), (2, 1, 1), (4, 1, 2), (4, 2, 3), (3, 0, 4), (3, 2, 5), (2, 3, 6), (0, 2, 7)]),1878,SAT
P1961,26,9,9,CG(nc=6, r=9, tr=[(0, 1, 0), (2, 0, 1), (3, 0, 2), (5, 3, 3), (3, 5, 4), (5, 2, 5), (1, 4, 6), (4, 2, 7), (3, 1, 1)]),CG(nc=6, r=9, tr=[(1, 2, 0), (5, 1, 1), (0, 2, 2), (4, 3, 3), (4, 0, 4), (5, 3, 5), (5, 3, 6), (3, 1, 7), (2, 3, 1)]),3416,SAT
P1962,16,6,6,CG(nc=5, r=6, tr=[(1, 0, 0), (2, 1, 1), (2, 0, 2), (4, 2, 3), (0, 3, 4), (4, 3, 7)]),CG(nc=5, r=6, tr=[(0, 1, 0), (2, 3, 1), (3, 4, 2), (4, 2, 3), (0, 2, 4), (1, 3, 7)]),1901,SAT
P1963,16,6,6,CG(nc=4, r=6, tr=[(1, 2, 0), (1, 0, 1), (2, 0, 2), (3, 2, 3), (2, 3, 4), (1, 2, 7)]),CG(nc=5, r=6, tr=[(1, 2, 0), (0, 1, 1), (1, 4, 2), (0, 3, 3), (3, 4, 4), (0, 2, 7)]),1555,SAT
P1964,24,8,8,CG(nc=5, r=8, tr=[(0, 1, 0), (2, 4, 1), (3, 4, 2), (2, 1, 3), (3, 0, 4), (2, 3, 5), (0, 3, 6), (4, 2, 7)]),CG(nc=5, r=8, tr=[(0, 1, 0), (0, 1, 1), (1, 2, 2), (3, 0, 3), (3, 2, 4), (2, 4, 5), (4, 2, 6), (2, 4, 7)]),1658,SAT
P1965,24,8,8,CG(nc=6, r=8, tr=[(1, 5, 0), (3, 1, 1), (5, 3, 2), (3, 0, 3), (0, 3, 4), (4, 2, 5), (1, 4, 6), (0, 2, 7)]),CG(nc=6, r=8, tr=[(1, 5, 0), (1, 3, 1), (1, 0, 2), (5, 4, 3), (2, 4, 4), (0, 2, 5), (2, 0, 6), (5, 3, 7)]),1718,SAT
P1966,20,7,7,CG(nc=5, r=7, tr=[(4, 2, 0), (0, 3, 1), (1, 0, 2), (3, 2, 3), (4, 1, 4), (1, 3, 5), (0, 3, 7)]),CG(nc=5, r=7, tr=[(4, 2, 0), (3, 1, 1), (3, 0, 2), (0, 1, 3), (1, 4, 4), (3, 2, 5), (3, 2, 7)]),1653,SAT
P1967,12,5,5,CG(nc=4, r=5, tr=[(1, 2, 0), (3, 1, 1), (3, 2, 2), (2, 0, 3), (0, 2, 4)]),CG(nc=4, r=5, tr=[(1, 3, 0), (1, 3, 1), (1, 0, 2), (3, 2, 3), (0, 2, 4)]),1586,SAT
P1968,20,7,7,CG(nc=4, r=7, tr=[(1, 3, 0), (1, 2, 1), (3, 2, 2), (0, 2, 3), (0, 1, 4), (0, 2, 6), (3, 2, 7)]),CG(nc=5, r=7, tr=[(1, 2, 0), (3, 1, 1), (2, 4, 2), (3, 4, 3), (2, 3, 4), (0, 2, 6), (1, 0, 7)]),1610,SAT
P1969,22,8,8,CG(nc=5, r=8, tr=[(1, 4, 0), (1, 3, 1), (3, 4, 2), (3, 0, 3), (2, 0, 4), (0, 2, 6), (3, 4, 7), (2, 1, 7)]),CG(nc=6, r=8, tr=[(1, 0, 0), (1, 2, 1), (1, 3, 2), (5, 2, 3), (0, 4, 4), (2, 4, 6), (3, 5, 7), (2, 0, 7)]),3383,SAT
P1970,22,8,8,CG(nc=5, r=8, tr=[(4, 2, 0), (2, 3, 1), (3, 4, 2), (0, 3, 3), (0, 2, 4), (0, 3, 6), (3, 1, 7), (4, 1, 4)]),CG(nc=6, r=8, tr=[(1, 5, 0), (5, 3, 1), (4, 0, 2), (3, 2, 3), (4, 3, 4), (2, 0, 6), (4, 1, 7), (4, 5, 6)]),3086,SAT
P1971,20,7,7,CG(nc=6, r=7, tr=[(0, 1, 0), (2, 5, 1), (5, 4, 2), (0, 4, 3), (3, 0, 4), (2, 1, 6), (3, 2, 7)]),CG(nc=5, r=7, tr=[(4, 2, 0), (3, 4, 1), (3, 0, 2), (3, 0, 3), (4, 1, 4), (3, 1, 6), (2, 3, 7)]),1677,SAT
P1972,24,8,8,CG(nc=5, r=8, tr=[(0, 1, 0), (1, 2, 1), (0, 2, 2), (4, 2, 3), (1, 4, 4), (2, 3, 5), (2, 4, 6), (0, 3, 7)]),CG(nc=6, r=8, tr=[(1, 0, 0), (2, 1, 1), (3, 1, 2), (5, 4, 3), (2, 0, 4), (5, 3, 5), (4, 2, 6), (3, 5, 7)]),2012,SAT
P1973,20,7,7,CG(nc=5, r=7, tr=[(0, 1, 0), (1, 2, 1), (2, 0, 2), (2, 4, 3), (1, 4, 4), (3, 4, 6), (3, 1, 7)]),CG(nc=5, r=7, tr=[(4, 2, 0), (2, 3, 1), (0, 2, 2), (3, 0, 3), (3, 1, 4), (1, 4, 6), (3, 4, 7)]),1812,SAT
P1974,26,9,9,CG(nc=7, r=9, tr=[(1, 2, 0), (3, 4, 1), (6, 3, 2), (0, 3, 3), (4, 0, 4), (2, 5, 5), (2, 6, 6), (4, 5, 7), (1, 0, 1)]),CG(nc=6, r=9, tr=[(0, 1, 0), (5, 3, 1), (1, 4, 2), (3, 2, 3), (4, 3, 4), (5, 4, 5), (0, 2, 6), (5, 4, 7), (1, 0, 1)]),3486,SAT
P1975,16,6,6,CG(nc=4, r=6, tr=[(1, 3, 0), (2, 1, 1), (3, 2, 2), (0, 2, 3), (0, 1, 4), (0, 2, 6)]),CG(nc=5, r=6, tr=[(1, 0, 0), (1, 2, 1), (1, 4, 2), (3, 2, 3), (0, 2, 4), (3, 4, 6)]),1947,SAT
P1976,24,8,8,CG(nc=5, r=8, tr=[(0, 1, 0), (1, 2, 1), (2, 0, 2), (4, 2, 3), (1, 4, 4), (4, 3, 5), (2, 3, 6), (0, 2, 7)]),CG(nc=6, r=8, tr=[(1, 0, 0), (2, 1, 1), (3, 1, 2), (2, 4, 3), (0, 2, 4), (4, 5, 5), (4, 5, 6), (3, 5, 7)]),1748,SAT
P1977,26,9,9,CG(nc=6, r=9, tr=[(1, 2, 0), (1, 0, 1), (3, 0, 2), (3, 5, 3), (1, 4, 4), (1, 5, 5), (3, 2, 6), (5, 4, 7), (0, 3, 7)]),CG(nc=5, r=9, tr=[(0, 1, 0), (2, 1, 1), (4, 2, 2), (3, 4, 3), (1, 3, 4), (0, 1, 5), (1, 0, 6), (3, 0, 7), (3, 2, 0)]),3386,SAT
P1978,20,7,7,CG(nc=5, r=7, tr=[(1, 4, 0), (3, 2, 1), (4, 3, 2), (0, 3, 3), (0, 2, 4), (2, 1, 6), (1, 4, 7)]),CG(nc=5, r=7, tr=[(1, 2, 0), (2, 3, 1), (4, 2, 2), (4, 3, 3), (3, 0, 4), (1, 0, 6), (1, 0, 7)]),1650,SAT
P1979,16,6,6,CG(nc=5, r=6, tr=[(1, 2, 0), (2, 4, 1), (4, 1, 2), (0, 1, 3), (3, 0, 4), (3, 2, 7)]),CG(nc=5, r=6, tr=[(4, 2, 0), (3, 2, 1), (0, 1, 2), (3, 0, 3), (4, 3, 4), (2, 1, 7)]),1686,SAT
P1980,24,8,8,CG(nc=6, r=8, tr=[(5, 2, 0), (3, 2, 1), (5, 3, 2), (0, 3, 3), (0, 2, 4), (4, 1, 5), (0, 4, 6), (1, 5, 7)]),CG(nc=6, r=8, tr=[(1, 2, 0), (0, 3, 1), (5, 2, 2), (5, 4, 3), (1, 4, 4), (1, 0, 5), (4, 3, 6), (2, 3, 7)]),1694,SAT
P1981,24,8,8,CG(nc=6, r=8, tr=[(1, 2, 0), (3, 1, 1), (5, 3, 2), (3, 0, 3), (1, 0, 4), (0, 4, 5), (5, 2, 6), (4, 1, 7)]),CG(nc=5, r=8, tr=[(1, 0, 0), (2, 1, 1), (1, 4, 2), (4, 2, 3), (3, 2, 4), (0, 3, 5), (3, 0, 6), (0, 3, 7)]),2010,SAT
P1982,24,8,8,CG(nc=6, r=8, tr=[(0, 1, 0), (2, 3, 1), (2, 0, 2), (5, 2, 3), (5, 3, 4), (4, 0, 5), (3, 1, 6), (1, 4, 7)]),CG(nc=6, r=8, tr=[(1, 2, 0), (5, 4, 1), (0, 2, 2), (0, 3, 3), (3, 5, 4), (5, 1, 5), (4, 3, 6), (2, 4, 7)]),1653,SAT
P1983,12,5,5,CG(nc=4, r=5, tr=[(3, 2, 0), (1, 2, 1), (3, 1, 2), (1, 0, 3), (0, 2, 4)]),CG(nc=4, r=5, tr=[(1, 0, 0), (2, 1, 1), (3, 1, 2), (2, 3, 3), (0, 2, 4)]),1559,SAT
P2016,24,8,8,CG(nc=6, r=8, tr=[(5, 2, 0), (3, 2, 1), (0, 4, 2), (4, 5, 3), (5, 1, 4), (1, 4, 5), (0, 3, 6), (3, 5, 7)]),CG(nc=6, r=8, tr=[(5, 2, 0), (5, 2, 1), (3, 0, 2), (4, 1, 3), (5, 1, 4), (5, 1, 5), (0, 4, 6), (3, 2, 7)]),1722,SAT
P2017,28,10,10,CG(nc=6, r=10, tr=[(0, 1, 0), (2, 3, 1), (0, 3, 2), (3, 5, 3), (4, 5, 4), (3, 4, 5), (3, 5, 6), (2, 0, 7), (1, 4, 1), (2, 4, 0)]),CG(nc=7, r=10, tr=[(1, 6, 0), (6, 3, 1), (0, 4, 2), (5, 6, 3), (0, 2, 4), (2, 0, 5), (5, 2, 6), (1, 4, 7), (4, 3, 0), (6, 1, 1)]),17070,SAT
P2018,24,8,8,CG(nc=5, r=8, tr=[(1, 2, 0), (2, 0, 1), (0, 3, 2), (4, 3, 3), (2, 0, 4), (1, 4, 5), (1, 4, 6), (1, 2, 7)]),CG(nc=6, r=8, tr=[(1, 0, 0), (1, 0, 1), (5, 3, 2), (4, 5, 3), (4, 1, 4), (0, 2, 5), (4, 2, 6), (1, 3, 7)]),2507,SAT
P2019,24,8,8,CG(nc=6, r=8, tr=[(1, 0, 0), (2, 1, 1), (3, 5, 2), (3, 0, 3), (1, 4, 4), (3, 4, 5), (5, 2, 6), (0, 1, 7)]),CG(nc=6, r=8, tr=[(1, 5, 0), (3, 5, 1), (0, 3, 2), (4, 5, 3), (0, 2, 4), (0, 2, 5), (2, 4, 6), (1, 3, 7)]),1798,SAT
P2022,24,8,8,CG(nc=6, r=8, tr=[(5, 2, 0), (0, 3, 1), (5, 4, 2), (4, 0, 3), (1, 2, 4), (2, 5, 5), (2, 3, 6), (1, 0, 7)]),CG(nc=5, r=8, tr=[(0, 1, 0), (0, 1, 1), (1, 2, 2), (4, 3, 3), (1, 3, 4), (1, 3, 5), (1, 0, 6), (4, 2, 7)]),1708,SAT
P2023,20,7,7,CG(nc=6, r=7, tr=[(1, 2, 0), (0, 2, 1), (0, 3, 2), (5, 3, 3), (4, 5, 4), (4, 3, 5), (5, 1, 6)]),CG(nc=5, r=7, tr=[(0, 1, 0), (0, 1, 1), (1, 4, 2), (4, 3, 3), (2, 0, 4), (0, 2, 5), (2, 3, 6)]),1614,SAT
P2024,28,10,10,CG(nc=6, r=10, tr=[(0, 1, 0), (2, 1, 1), (2, 0, 2), (5, 2, 3), (5, 4, 4), (2, 4, 5), (5, 4, 6), (0, 2, 7), (2, 3, 6), (3, 4, 4)]),CG(nc=7, r=10, tr=[(1, 0, 0), (1, 0, 1), (1, 2, 2), (3, 4, 3), (4, 6, 4), (4, 5, 5), (5, 6, 6), (2, 6, 7), (3, 1, 6), (0, 3, 5)]),20309,SAT
P2025,28,10,10,CG(nc=6, r=10, tr=[(1, 5, 0), (3, 5, 1), (4, 5, 2), (4, 0, 3), (1, 0, 4), (1, 3, 5), (2, 4, 6), (3, 4, 7), (1, 2, 1), (0, 2, 5)]),CG(nc=6, r=10, tr=[(1, 2, 0), (3, 1, 1), (1, 0, 2), (0, 4, 3), (4, 3, 4), (3, 5, 5), (5, 1, 6), (4, 5, 7), (4, 2, 5), (3, 5, 0)]),9189,SAT
P2026,24,8,8,CG(nc=6, r=8, tr=[(1, 2, 0), (1, 3, 1), (5, 2, 2), (2, 0, 3), (4, 0, 4), (5, 3, 5), (3, 5, 6), (3, 4, 7)]),CG(nc=6, r=8, tr=[(1, 0, 0), (2, 3, 1), (5, 3, 2), (2, 5, 3), (2, 0, 4), (0, 4, 5), (2, 4, 6), (3, 1, 7)]),1759,SAT
P2027,24,8,8,CG(nc=5, r=8, tr=[(1, 4, 0), (3, 1, 1), (4, 3, 2), (3, 0, 3), (2, 3, 4), (0, 2, 5), (0, 2, 6), (1, 4, 7)]),CG(nc=6, r=8, tr=[(1, 2, 0), (1, 5, 1), (0, 1, 2), (4, 5, 3), (0, 4, 4), (3, 0, 5), (4, 3, 6), (5, 2, 7)]),1780,SAT
P2030,20,7,7,CG(nc=6, r=7, tr=[(0, 1, 0), (2, 1, 1), (2, 0, 2), (2, 5, 3), (0, 4, 4), (3, 5, 5), (4, 3, 7)]),CG(nc=5, r=7, tr=[(4, 2, 0), (3, 1, 1), (0, 1, 2), (3, 0, 3), (4, 3, 4), (3, 4, 5), (1, 2, 7)]),1620,SAT
P2031,16,6,6,CG(nc=5, r=6, tr=[(1, 2, 0), (1, 4, 1), (2, 4, 2), (0, 2, 3), (2, 3, 4), (0, 3, 5)]),CG(nc=4, r=6, tr=[(1, 3, 0), (1, 3, 1), (1, 0, 2), (0, 2, 3), (3, 2, 4), (2, 3, 5)]),1660,SAT
P2032,16,6,6,CG(nc=5, r=6, tr=[(1, 2, 0), (0, 1, 1), (2, 0, 2), (2, 4, 3), (0, 3, 6), (4, 3, 7)]),CG(nc=5, r=6, tr=[(4, 2, 0), (2, 4, 1), (3, 2, 2), (4, 1, 3), (0, 1, 6), (3, 0, 7)]),1673,SAT
P2033,18,7,7,CG(nc=5, r=7, tr=[(1, 4, 0), (1, 3, 1), (3, 4, 2), (3, 0, 3), (1, 2, 6), (0, 2, 7), (4, 3, 7)]),CG(nc=5, r=7, tr=[(1, 2, 0), (4, 2, 1), (2, 3, 2), (0, 1, 3), (4, 1, 6), (4, 1, 7), (0, 3, 7)]),3118,SAT
P2034,20,7,7,CG(nc=5, r=7, tr=[(1, 2, 0), (0, 1, 1), (0, 2, 2), (4, 2, 3), (1, 0, 4), (3, 1, 6), (3, 4, 7)]),CG(nc=5, r=7, tr=[(1, 2, 0), (3, 2, 1), (2, 0, 2), (2, 0, 3), (3, 4, 4), (4, 2, 6), (1, 4, 7)]),1645,SAT
P2035,16,6,6,CG(nc=5, r=6, tr=[(1, 2, 0), (4, 1, 1), (4, 2, 2), (2, 0, 3), (3, 1, 6), (3, 0, 7)]),CG(nc=5, r=6, tr=[(4, 2, 0), (3, 4, 1), (0, 3, 2), (0, 1, 3), (4, 1, 6), (3, 2, 7)]),1551,SAT
P2038,24,8,8,CG(nc=6, r=8, tr=[(0, 1, 0), (5, 3, 1), (4, 5, 2), (4, 0, 3), (5, 3, 4), (0, 2, 5), (3, 1, 6), (1, 2, 7)]),CG(nc=5, r=8, tr=[(1, 2, 0), (4, 3, 1), (0, 2, 2), (2, 0, 3), (2, 3, 4), (4, 1, 5), (2, 4, 6), (3, 2, 7)]),1784,SAT
P2039,12,5,5,CG(nc=5, r=5, tr=[(1, 4, 0), (0, 3, 1), (4, 2, 2), (0, 2, 3), (3, 1, 6)]),CG(nc=4, r=5, tr=[(0, 1, 0), (0, 1, 1), (3, 1, 2), (3, 2, 3), (0, 2, 6)]),1494,SAT
P2040,24,8,8,CG(nc=6, r=8, tr=[(5, 2, 0), (2, 3, 1), (3, 5, 2), (0, 3, 3), (4, 0, 4), (0, 4, 5), (4, 1, 6), (5, 1, 7)]),CG(nc=5, r=8, tr=[(1, 2, 0), (1, 2, 1), (2, 4, 2), (1, 4, 3), (0, 3, 4), (1, 3, 5), (2, 0, 6), (0, 1, 7)]),1728,SAT
P2041,26,9,9,CG(nc=6, r=9, tr=[(0, 1, 0), (2, 1, 1), (0, 2, 2), (2, 5, 3), (1, 4, 4), (4, 3, 5), (4, 5, 6), (2, 0, 7), (2, 3, 0)]),CG(nc=6, r=9, tr=[(1, 2, 0), (1, 5, 1), (4, 1, 2), (0, 2, 3), (3, 5, 4), (2, 3, 5), (2, 5, 6), (0, 4, 7), (2, 5, 7)]),3156,SAT
P2042,20,7,7,CG(nc=6, r=7, tr=[(1, 2, 0), (2, 0, 1), (0, 1, 2), (5, 1, 3), (0, 4, 4), (5, 3, 6), (4, 3, 7)]),CG(nc=5, r=7, tr=[(4, 2, 0), (3, 1, 1), (3, 0, 2), (1, 0, 3), (1, 4, 4), (2, 1, 6), (3, 2, 7)]),1487,SAT
P2043,20,7,7,CG(nc=6, r=7, tr=[(1, 2, 0), (5, 2, 1), (1, 5, 2), (1, 0, 3), (4, 0, 4), (3, 4, 6), (3, 2, 7)]),CG(nc=5, r=7, tr=[(1, 0, 0), (1, 2, 1), (4, 3, 2), (4, 2, 3), (2, 0, 4), (0, 2, 6), (3, 1, 7)]),1643,SAT
P2046,24,8,8,CG(nc=7, r=8, tr=[(1, 2, 0), (0, 2, 1), (1, 0, 2), (1, 6, 3), (6, 4, 4), (5, 3, 5), (3, 0, 6), (5, 4, 7)]),CG(nc=5, r=8, tr=[(1, 0, 0), (2, 3, 1), (2, 4, 2), (3, 4, 3), (0, 3, 4), (0, 3, 5), (0, 3, 6), (2, 1, 7)]),1776,SAT
P2047,8,4,4,CG(nc=4, r=4, tr=[(1, 3, 0), (2, 1, 1), (2, 3, 2), (0, 2, 3)]),CG(nc=3, r=4, tr=[(2, 1, 0), (2, 1, 1), (0, 1, 2), (2, 0, 3)]),1557,SAT
P2176,20,6,6,CG(nc=4, r=6, tr=[(3, 2, 2), (0, 2, 3), (0, 3, 4), (3, 0, 5), (3, 1, 6), (0, 1, 7)]),CG(nc=5, r=6, tr=[(4, 2, 2), (4, 2, 3), (3, 1, 4), (1, 2, 5), (0, 3, 6), (3, 0, 7)]),1483,SAT
P2177,26,9,9,CG(nc=6, r=9, tr=[(0, 1, 0), (5, 3, 1), (5, 4, 2), (0, 4, 3), (3, 0, 4), (2, 4, 5), (2, 5, 6), (2, 1, 7), (3, 5, 2)]),CG(nc=6, r=9, tr=[(0, 1, 0), (2, 5, 1), (1, 4, 2), (4, 2, 3), (4, 5, 4), (0, 3, 5), (1, 3, 6), (1, 3, 7), (1, 2, 5)]),3225,SAT
P2178,24,8,8,CG(nc=5, r=8, tr=[(4, 2, 1), (2, 3, 2), (0, 3, 3), (4, 0, 4), (1, 2, 5), (1, 2, 6), (0, 1, 7), (3, 4, 5)]),CG(nc=7, r=8, tr=[(1, 2, 1), (0, 2, 2), (3, 1, 3), (6, 3, 4), (3, 5, 5), (4, 1, 6), (2, 5, 7), (4, 0, 5)]),2980,SAT
P2179,24,8,8,CG(nc=5, r=8, tr=[(0, 1, 1), (2, 4, 2), (2, 1, 3), (4, 1, 4), (0, 2, 5), (3, 1, 6), (3, 4, 7), (4, 3, 5)]),CG(nc=6, r=8, tr=[(1, 0, 1), (2, 1, 2), (2, 5, 3), (2, 4, 4), (5, 1, 5), (3, 4, 6), (4, 3, 7), (3, 0, 5)]),3247,SAT
P2182,28,10,10,CG(nc=6, r=10, tr=[(1, 2, 0), (0, 2, 1), (3, 4, 2), (3, 5, 3), (3, 2, 4), (0, 3, 5), (4, 1, 6), (5, 4, 7), (2, 1, 5), (4, 1, 3)]),CG(nc=7, r=10, tr=[(0, 1, 0), (2, 3, 1), (4, 6, 2), (4, 3, 3), (2, 0, 4), (5, 4, 5), (0, 4, 6), (2, 5, 7), (1, 3, 5), (6, 1, 4)]),9819,SAT
P2183,26,9,9,CG(nc=6, r=9, tr=[(1, 2, 0), (2, 3, 1), (4, 3, 2), (4, 0, 3), (4, 5, 4), (4, 5, 5), (5, 1, 6), (3, 0, 7), (5, 1, 3)]),CG(nc=7, r=9, tr=[(1, 2, 0), (1, 2, 1), (1, 6, 2), (0, 2, 3), (4, 5, 4), (5, 6, 5), (4, 2, 6), (0, 3, 7), (4, 3, 2)]),3301,SAT
P2184,12,4,4,CG(nc=3, r=4, tr=[(2, 1, 2), (0, 1, 3), (2, 0, 4), (2, 0, 5)]),CG(nc=4, r=4, tr=[(1, 0, 2), (1, 0, 3), (2, 3, 4), (2, 1, 5)]),1965,SAT
P2185,18,7,7,CG(nc=5, r=7, tr=[(1, 4, 0), (0, 3, 1), (2, 3, 2), (4, 2, 3), (4, 3, 4), (1, 0, 5), (0, 2, 4)]),CG(nc=5, r=7, tr=[(4, 2, 0), (0, 3, 1), (2, 1, 2), (1, 3, 3), (1, 0, 4), (3, 2, 5), (4, 3, 5)]),2971,SAT
P2186,16,6,6,CG(nc=4, r=6, tr=[(0, 1, 2), (3, 2, 3), (3, 0, 4), (1, 3, 5), (0, 2, 2), (1, 0, 3)]),CG(nc=5, r=6, tr=[(0, 1, 2), (0, 2, 3), (3, 2, 4), (3, 4, 5), (3, 4, 2), (1, 2, 5)]),4348,SAT
P2187,16,6,6,CG(nc=4, r=6, tr=[(0, 1, 1), (1, 2, 2), (2, 3, 3), (1, 3, 4), (3, 1, 5), (2, 0, 5)]),CG(nc=5, r=6, tr=[(4, 2, 1), (0, 3, 2), (3, 2, 3), (4, 1, 4), (2, 0, 5), (1, 3, 5)]),3203,SAT
P2190,20,8,8,CG(nc=4, r=8, tr=[(1, 2, 2), (1, 0, 3), (1, 3, 4), (3, 1, 5), (1, 0, 2), (3, 2, 5), (0, 2, 4), (2, 3, 3)]),CG(nc=7, r=8, tr=[(0, 1, 2), (2, 6, 3), (4, 1, 4), (1, 2, 5), (5, 3, 4), (3, 0, 3), (6, 5, 2), (3, 4, 5)]),3221837,SAT
P2191,16,6,6,CG(nc=4, r=6, tr=[(1, 2, 2), (2, 3, 3), (3, 1, 4), (1, 3, 5), (0, 2, 2), (0, 1, 3)]),CG(nc=5, r=6, tr=[(4, 2, 2), (2, 0, 3), (0, 3, 4), (1, 4, 5), (3, 1, 2), (1, 3, 3)]),5801,SAT
P2192,26,9,9,CG(nc=6, r=9, tr=[(1, 2, 0), (3, 0, 1), (5, 1, 2), (0, 1, 3), (5, 3, 4), (0, 4, 5), (4, 5, 6), (4, 0, 7), (4, 2, 5)]),CG(nc=7, r=9, tr=[(6, 2, 0), (2, 3, 1), (4, 0, 2), (4, 0, 3), (5, 1, 4), (4, 5, 5), (4, 3, 6), (6, 1, 7), (1, 6, 6)]),3784,SAT
P2193,24,8,8,CG(nc=6, r=8, tr=[(1, 5, 0), (0, 3, 1), (4, 0, 2), (4, 5, 3), (3, 5, 4), (4, 2, 5), (2, 0, 6), (2, 1, 7)]),CG(nc=6, r=8, tr=[(5, 2, 0), (2, 3, 1), (0, 4, 2), (3, 0, 3), (3, 4, 4), (1, 5, 5), (4, 1, 6), (1, 3, 7)]),1837,SAT
P2194,28,10,10,CG(nc=6, r=10, tr=[(1, 2, 0), (3, 0, 1), (5, 4, 2), (0, 4, 3), (0, 1, 4), (4, 2, 5), (5, 1, 6), (3, 2, 7), (0, 1, 2), (5, 2, 4)]),CG(nc=7, r=10, tr=[(0, 1, 0), (2, 3, 1), (0, 3, 2), (2, 1, 3), (6, 1, 4), (0, 5, 5), (5, 2, 6), (4, 1, 7), (4, 5, 2), (6, 3, 6)]),9305,SAT
P2195,26,9,9,CG(nc=6, r=9, tr=[(1, 2, 0), (1, 3, 1), (5, 4, 2), (4, 0, 3), (3, 4, 4), (2, 4, 5), (3, 5, 6), (0, 1, 7), (3, 1, 3)]),CG(nc=6, r=9, tr=[(0, 1, 0), (1, 2, 1), (1, 0, 2), (2, 5, 3), (4, 3, 4), (2, 3, 5), (0, 4, 6), (0, 2, 7), (4, 5, 2)]),3321,SAT
P2198,30,11,11,CG(nc=7, r=11, tr=[(0, 1, 0), (2, 1, 1), (6, 4, 2), (5, 4, 3), (3, 0, 4), (4, 1, 5), (5, 6, 6), (2, 5, 7), (3, 5, 5), (5, 0, 2), (4, 3, 1)]),CG(nc=7, r=11, tr=[(1, 2, 0), (6, 4, 1), (5, 3, 2), (0, 2, 3), (1, 6, 4), (3, 2, 5), (1, 3, 6), (2, 1, 7), (3, 4, 3), (5, 0, 4), (6, 5, 0)]),3230635,SAT
P2199,28,10,10,CG(nc=7, r=10, tr=[(1, 6, 0), (0, 3, 1), (4, 1, 2), (0, 5, 3), (6, 5, 4), (0, 4, 5), (2, 1, 6), (3, 2, 7), (2, 4, 3), (2, 5, 2)]),CG(nc=7, r=10, tr=[(1, 2, 0), (3, 1, 1), (1, 0, 2), (4, 3, 3), (6, 5, 4), (3, 5, 5), (4, 0, 6), (3, 1, 7), (6, 2, 3), (4, 5, 2)]),10019,SAT
P2200,20,7,7,CG(nc=4, r=7, tr=[(1, 0, 0), (1, 0, 1), (2, 0, 2), (3, 2, 3), (1, 3, 4), (1, 3, 5), (0, 1, 6)]),CG(nc=6, r=7, tr=[(1, 2, 0), (2, 3, 1), (1, 0, 2), (0, 1, 3), (5, 4, 4), (1, 4, 5), (3, 5, 6)]),1580,SAT
P2201,18,7,7,CG(nc=5, r=7, tr=[(4, 2, 0), (0, 3, 1), (1, 0, 2), (4, 2, 3), (3, 4, 4), (2, 0, 5), (4, 1, 3)]),CG(nc=6, r=7, tr=[(1, 0, 0), (2, 3, 1), (5, 3, 2), (5, 3, 3), (0, 4, 4), (3, 4, 5), (2, 1, 3)]),2984,SAT
P2202,24,9,9,CG(nc=6, r=9, tr=[(1, 0, 0), (2, 3, 1), (4, 3, 2), (3, 5, 3), (2, 0, 4), (1, 3, 5), (2, 5, 6), (5, 4, 2), (0, 4, 3)]),CG(nc=7, r=9, tr=[(1, 0, 0), (2, 1, 1), (3, 6, 2), (5, 3, 3), (5, 0, 4), (2, 5, 5), (6, 4, 6), (3, 5, 5), (4, 2, 3)]),7056,SAT
P2203,18,7,7,CG(nc=5, r=7, tr=[(1, 2, 0), (4, 3, 1), (1, 0, 2), (2, 3, 3), (3, 0, 4), (4, 2, 5), (3, 0, 5)]),CG(nc=5, r=7, tr=[(4, 2, 0), (0, 3, 1), (4, 2, 2), (2, 3, 3), (1, 2, 4), (3, 4, 5), (1, 0, 5)]),2954,SAT
P2206,24,9,9,CG(nc=6, r=9, tr=[(1, 0, 0), (2, 3, 1), (5, 2, 2), (3, 1, 3), (5, 1, 4), (3, 4, 5), (5, 4, 6), (1, 2, 5), (0, 3, 4)]),CG(nc=6, r=9, tr=[(0, 1, 0), (5, 3, 1), (4, 2, 2), (3, 2, 3), (4, 1, 4), (5, 4, 5), (2, 1, 6), (0, 3, 5), (0, 1, 2)]),5597,SAT
P2207,20,8,8,CG(nc=5, r=8, tr=[(1, 2, 0), (2, 1, 1), (4, 2, 2), (2, 0, 3), (0, 3, 4), (3, 0, 5), (3, 1, 2), (3, 4, 3)]),CG(nc=6, r=8, tr=[(1, 2, 0), (1, 3, 1), (2, 0, 2), (5, 2, 3), (3, 4, 4), (4, 5, 5), (3, 0, 3), (3, 0, 2)]),4872,SAT
P2208,20,6,6,CG(nc=4, r=6, tr=[(1, 0, 2), (1, 3, 3), (3, 0, 4), (1, 0, 5), (3, 2, 6), (0, 2, 7)]),CG(nc=5, r=6, tr=[(4, 2, 2), (4, 3, 3), (2, 3, 4), (0, 1, 5), (2, 0, 6), (1, 3, 7)]),1524,SAT
P2209,24,8,8,CG(nc=5, r=8, tr=[(1, 2, 0), (4, 3, 1), (3, 2, 2), (0, 2, 3), (3, 0, 4), (4, 2, 5), (0, 1, 6), (1, 3, 7)]),CG(nc=6, r=8, tr=[(1, 0, 0), (5, 3, 1), (3, 4, 2), (1, 4, 3), (5, 4, 4), (3, 2, 5), (1, 0, 6), (2, 0, 7)]),1763,SAT
P2210,22,7,7,CG(nc=5, r=7, tr=[(1, 4, 1), (0, 3, 2), (4, 3, 3), (4, 0, 4), (0, 3, 5), (1, 2, 6), (0, 2, 7)]),CG(nc=6, r=7, tr=[(5, 2, 1), (3, 4, 2), (2, 1, 3), (0, 1, 4), (4, 5, 5), (4, 2, 6), (3, 1, 7)]),1676,SAT
P2211,22,7,7,CG(nc=5, r=7, tr=[(0, 1, 1), (1, 2, 2), (2, 4, 3), (1, 4, 4), (2, 0, 5), (4, 3, 6), (1, 3, 7)]),CG(nc=5, r=7, tr=[(0, 1, 1), (1, 2, 2), (4, 2, 3), (0, 3, 4), (1, 4, 5), (3, 2, 6), (3, 2, 7)]),1634,SAT
P2212,24,8,8,CG(nc=5, r=8, tr=[(0, 1, 0), (2, 4, 2), (2, 0, 3), (3, 2, 4), (0, 3, 5), (4, 3, 6), (1, 3, 7), (0, 3, 2)]),CG(nc=6, r=8, tr=[(0, 1, 0), (2, 5, 2), (4, 1, 3), (4, 3, 4), (2, 4, 5), (0, 4, 6), (3, 0, 7), (1, 5, 4)]),3591,SAT
P2213,24,8,8,CG(nc=5, r=8, tr=[(4, 2, 0), (3, 2, 2), (0, 3, 3), (4, 3, 4), (3, 4, 5), (0, 1, 6), (2, 1, 7), (0, 1, 4)]),CG(nc=7, r=8, tr=[(1, 2, 0), (6, 1, 2), (0, 2, 3), (4, 6, 4), (5, 1, 5), (2, 4, 6), (0, 3, 7), (3, 5, 4)]),3083,SAT
P2214,26,9,9,CG(nc=6, r=9, tr=[(5, 2, 0), (3, 2, 1), (4, 0, 2), (4, 2, 3), (5, 4, 4), (0, 4, 5), (0, 1, 6), (1, 3, 7), (0, 3, 4)]),CG(nc=6, r=9, tr=[(1, 0, 0), (2, 0, 1), (5, 4, 2), (3, 5, 3), (2, 3, 4), (2, 4, 5), (0, 2, 6), (3, 0, 7), (1, 2, 3)]),3166,SAT
P2215,26,9,9,CG(nc=6, r=9, tr=[(1, 2, 0), (3, 0, 1), (4, 0, 2), (4, 5, 3), (4, 2, 4), (2, 5, 5), (3, 1, 6), (5, 2, 7), (0, 2, 3)]),CG(nc=7, r=9, tr=[(0, 1, 0), (0, 1, 1), (1, 2, 2), (6, 2, 3), (0, 4, 4), (5, 3, 5), (2, 4, 6), (6, 3, 7), (5, 4, 2)]),3515,SAT
P2216,16,5,5,CG(nc=4, r=5, tr=[(0, 1, 2), (1, 3, 3), (0, 3, 4), (3, 2, 5), (0, 2, 6)]),CG(nc=5, r=5, tr=[(1, 0, 2), (2, 0, 3), (3, 4, 4), (3, 1, 5), (2, 3, 6)]),1613,SAT
P2217,20,7,7,CG(nc=5, r=7, tr=[(1, 2, 0), (4, 3, 1), (1, 3, 2), (1, 0, 3), (3, 0, 4), (1, 4, 5), (0, 2, 6)]),CG(nc=5, r=7, tr=[(1, 2, 0), (3, 0, 1), (2, 3, 2), (1, 4, 3), (2, 0, 4), (3, 4, 5), (2, 1, 6)]),1836,SAT
P2218,12,4,4,CG(nc=3, r=4, tr=[(0, 1, 2), (2, 1, 3), (2, 0, 4), (0, 1, 5)]),CG(nc=4, r=4, tr=[(1, 0, 2), (0, 2, 3), (2, 3, 4), (1, 2, 5)]),1503,SAT
P2219,14,5,5,CG(nc=4, r=5, tr=[(1, 0, 1), (2, 1, 2), (2, 3, 3), (3, 1, 4), (2, 0, 5)]),CG(nc=4, r=5, tr=[(3, 2, 1), (1, 2, 2), (0, 1, 3), (3, 1, 4), (0, 2, 5)]),1534,SAT
P2220,18,6,6,CG(nc=4, r=6, tr=[(0, 1, 2), (2, 1, 3), (0, 2, 4), (0, 1, 5), (1, 3, 6), (3, 2, 2)]),CG(nc=5, r=6, tr=[(1, 4, 2), (4, 3, 3), (1, 3, 4), (2, 3, 5), (1, 0, 6), (2, 0, 2)]),2758,SAT
P2221,20,7,7,CG(nc=5, r=7, tr=[(1, 4, 0), (3, 1, 2), (3, 0, 3), (1, 0, 4), (2, 1, 5), (2, 0, 6), (3, 4, 4)]),CG(nc=5, r=7, tr=[(1, 2, 0), (3, 4, 2), (2, 4, 3), (2, 3, 4), (2, 1, 5), (0, 3, 6), (1, 0, 2)]),2780,SAT
P2222,16,6,6,CG(nc=4, r=6, tr=[(3, 2, 2), (2, 1, 3), (1, 3, 4), (2, 3, 5), (2, 0, 4), (1, 0, 3)]),CG(nc=5, r=6, tr=[(1, 2, 2), (3, 2, 3), (3, 0, 4), (1, 0, 5), (4, 2, 4), (2, 4, 3)]),4484,SAT
P2223,16,6,6,CG(nc=4, r=6, tr=[(1, 3, 2), (2, 3, 3), (1, 2, 4), (1, 2, 5), (2, 0, 4), (1, 0, 3)]),CG(nc=5, r=6, tr=[(1, 2, 2), (0, 3, 3), (4, 3, 4), (0, 1, 5), (4, 2, 4), (4, 3, 2)]),4534,SAT
P2224,22,7,7,CG(nc=5, r=7, tr=[(4, 2, 1), (3, 4, 2), (0, 3, 3), (2, 0, 4), (0, 1, 5), (1, 4, 6), (0, 1, 7)]),CG(nc=5, r=7, tr=[(0, 1, 1), (4, 3, 2), (4, 3, 3), (1, 0, 4), (3, 2, 5), (3, 1, 6), (1, 2, 7)]),1650,SAT
P2225,24,8,8,CG(nc=5, r=8, tr=[(1, 4, 0), (3, 0, 1), (2, 0, 2), (4, 2, 3), (3, 4, 4), (0, 2, 5), (1, 2, 6), (0, 2, 7)]),CG(nc=6, r=8, tr=[(0, 1, 0), (2, 1, 1), (5, 4, 2), (2, 5, 3), (2, 3, 4), (4, 3, 5), (3, 0, 6), (0, 2, 7)]),1707,SAT
P2226,26,9,9,CG(nc=6, r=9, tr=[(0, 1, 1), (2, 5, 2), (2, 0, 3), (1, 5, 4), (2, 5, 5), (4, 5, 6), (1, 4, 7), (3, 0, 6), (3, 1, 4)]),CG(nc=7, r=9, tr=[(1, 6, 1), (3, 0, 2), (0, 4, 3), (5, 3, 4), (2, 6, 5), (4, 1, 6), (2, 5, 7), (3, 2, 6), (1, 5, 3)]),7470,SAT
P2227,22,7,7,CG(nc=5, r=7, tr=[(1, 0, 1), (0, 2, 2), (4, 2, 3), (1, 4, 4), (0, 2, 5), (3, 4, 6), (1, 3, 7)]),CG(nc=6, r=7, tr=[(1, 5, 1), (3, 4, 2), (1, 0, 3), (3, 5, 4), (4, 2, 5), (3, 1, 6), (2, 0, 7)]),1554,SAT
P2228,26,9,9,CG(nc=5, r=9, tr=[(1, 2, 0), (3, 2, 1), (2, 4, 2), (1, 0, 3), (0, 3, 4), (2, 4, 5), (2, 0, 6), (4, 1, 7), (4, 1, 4)]),CG(nc=6, r=9, tr=[(5, 2, 0), (3, 4, 1), (3, 1, 2), (4, 1, 3), (2, 0, 4), (2, 1, 5), (4, 5, 6), (5, 3, 7), (0, 3, 3)]),3265,SAT
P2229,26,9,9,CG(nc=5, r=9, tr=[(1, 2, 0), (3, 4, 1), (3, 1, 2), (2, 0, 3), (1, 0, 4), (2, 4, 5), (1, 0, 6), (4, 2, 7), (2, 4, 4)]),CG(nc=7, r=9, tr=[(1, 2, 0), (2, 3, 1), (1, 0, 2), (6, 2, 3), (3, 2, 4), (1, 5, 5), (3, 0, 6), (4, 6, 7), (5, 4, 4)]),3551,SAT
P2230,28,10,10,CG(nc=6, r=10, tr=[(5, 2, 0), (3, 2, 1), (4, 3, 2), (4, 0, 3), (5, 4, 4), (4, 3, 5), (0, 1, 6), (1, 3, 7), (0, 2, 4), (2, 3, 3)]),CG(nc=7, r=10, tr=[(0, 1, 0), (2, 1, 1), (3, 4, 2), (5, 6, 3), (3, 6, 4), (5, 4, 5), (5, 2, 6), (2, 5, 7), (2, 0, 4), (3, 1, 3)]),9615,SAT
P2231,26,9,9,CG(nc=5, r=9, tr=[(1, 2, 0), (1, 0, 1), (3, 1, 2), (4, 3, 3), (4, 2, 4), (4, 2, 5), (3, 4, 6), (2, 3, 7), (0, 2, 3)]),CG(nc=7, r=9, tr=[(1, 2, 0), (0, 1, 1), (0, 2, 2), (1, 6, 3), (4, 1, 4), (2, 5, 5), (4, 0, 6), (3, 6, 7), (3, 5, 4)]),3208,SAT
P2232,18,6,6,CG(nc=5, r=6, tr=[(1, 4, 1), (0, 3, 2), (3, 4, 3), (0, 1, 4), (4, 2, 5), (0, 2, 6)]),CG(nc=5, r=6, tr=[(1, 4, 1), (3, 0, 2), (2, 0, 3), (1, 4, 4), (1, 3, 5), (2, 1, 6)]),1508,SAT
P2233,20,7,7,CG(nc=5, r=7, tr=[(1, 4, 0), (4, 3, 1), (2, 0, 2), (4, 2, 3), (0, 3, 4), (0, 2, 5), (1, 2, 6)]),CG(nc=5, r=7, tr=[(0, 1, 0), (4, 3, 1), (2, 3, 2), (3, 1, 3), (4, 3, 4), (0, 2, 5), (1, 0, 6)]),1669,SAT
P2234,18,6,6,CG(nc=4, r=6, tr=[(0, 1, 1), (2, 0, 2), (2, 3, 3), (1, 3, 4), (2, 0, 5), (0, 1, 6)]),CG(nc=5, r=6, tr=[(1, 4, 1), (3, 2, 2), (0, 3, 3), (3, 4, 4), (2, 0, 5), (3, 1, 6)]),1984,SAT
P2235,14,5,5,CG(nc=4, r=5, tr=[(1, 0, 1), (2, 0, 2), (3, 2, 3), (1, 3, 4), (0, 2, 5)]),CG(nc=4, r=5, tr=[(1, 0, 1), (3, 2, 2), (1, 3, 3), (0, 1, 4), (1, 2, 5)]),1510,SAT
P2236,20,7,7,CG(nc=5, r=7, tr=[(1, 2, 1), (1, 0, 2), (3, 1, 3), (4, 2, 4), (4, 3, 5), (0, 3, 6), (3, 4, 2)]),CG(nc=5, r=7, tr=[(4, 2, 1), (0, 3, 2), (2, 1, 3), (4, 2, 4), (3, 2, 5), (0, 1, 6), (1, 4, 2)]),2889,SAT
P2237,22,8,8,CG(nc=6, r=8, tr=[(1, 0, 0), (2, 5, 1), (4, 1, 2), (4, 5, 3), (0, 4, 4), (3, 1, 5), (3, 5, 6), (1, 2, 4)]),CG(nc=5, r=8, tr=[(4, 2, 0), (4, 3, 1), (2, 1, 2), (0, 1, 3), (3, 4, 4), (1, 3, 5), (1, 3, 6), (0, 2, 4)]),3024,SAT
P2238,22,8,8,CG(nc=5, r=8, tr=[(4, 2, 1), (3, 0, 2), (0, 1, 3), (2, 3, 4), (3, 0, 5), (2, 4, 6), (1, 4, 4), (4, 3, 3)]),CG(nc=6, r=8, tr=[(1, 2, 1), (3, 0, 2), (4, 5, 3), (4, 5, 4), (3, 4, 5), (4, 2, 6), (0, 1, 3), (4, 1, 4)]),5013,SAT
P2239,18,7,7,CG(nc=5, r=7, tr=[(1, 0, 1), (4, 3, 2), (3, 2, 3), (1, 3, 4), (3, 4, 5), (2, 4, 4), (0, 2, 3)]),CG(nc=5, r=7, tr=[(1, 0, 1), (1, 0, 2), (1, 4, 3), (3, 4, 4), (0, 2, 5), (0, 3, 3), (2, 3, 2)]),4159,SAT
P2272,22,7,7,CG(nc=5, r=7, tr=[(4, 2, 2), (2, 0, 3), (2, 3, 4), (0, 3, 5), (1, 4, 6), (1, 0, 7), (1, 3, 6)]),CG(nc=6, r=7, tr=[(1, 0, 2), (5, 3, 3), (3, 4, 4), (5, 4, 5), (2, 4, 6), (3, 1, 7), (2, 0, 3)]),3201,SAT
P2273,26,9,9,CG(nc=6, r=9, tr=[(5, 2, 0), (3, 4, 1), (0, 1, 2), (5, 1, 3), (5, 4, 4), (4, 1, 5), (3, 0, 6), (3, 2, 7), (0, 4, 3)]),CG(nc=7, r=9, tr=[(1, 2, 0), (3, 0, 1), (1, 3, 2), (4, 5, 3), (5, 6, 4), (1, 5, 5), (4, 0, 6), (0, 3, 7), (6, 2, 3)]),3503,SAT
P2274,22,7,7,CG(nc=5, r=7, tr=[(1, 0, 1), (2, 4, 2), (2, 0, 3), (0, 3, 4), (2, 3, 5), (3, 4, 6), (3, 1, 7)]),CG(nc=5, r=7, tr=[(1, 2, 1), (0, 3, 2), (2, 0, 3), (1, 4, 4), (2, 3, 5), (4, 3, 6), (1, 2, 7)]),1625,SAT
P2275,24,8,8,CG(nc=6, r=8, tr=[(0, 1, 1), (5, 3, 2), (0, 3, 3), (4, 3, 4), (0, 4, 5), (2, 1, 6), (5, 2, 7), (5, 4, 3)]),CG(nc=6, r=8, tr=[(5, 2, 1), (2, 3, 2), (5, 4, 3), (1, 0, 4), (3, 1, 5), (4, 1, 6), (5, 2, 7), (0, 3, 3)]),3209,SAT
P2278,26,9,9,CG(nc=6, r=9, tr=[(1, 5, 0), (3, 4, 1), (5, 2, 2), (0, 2, 3), (4, 3, 4), (2, 4, 5), (1, 4, 6), (0, 3, 7), (5, 2, 4)]),CG(nc=6, r=9, tr=[(1, 0, 0), (2, 3, 1), (5, 4, 2), (5, 2, 3), (4, 1, 4), (2, 1, 5), (1, 0, 6), (2, 0, 7), (3, 0, 4)]),4016,SAT
P2279,26,9,9,CG(nc=6, r=9, tr=[(1, 2, 0), (0, 3, 1), (4, 2, 2), (0, 4, 3), (0, 2, 4), (5, 4, 5), (1, 5, 6), (2, 3, 7), (2, 5, 3)]),CG(nc=6, r=9, tr=[(1, 2, 0), (3, 0, 1), (5, 4, 2), (2, 5, 3), (4, 2, 4), (1, 0, 5), (2, 1, 6), (2, 1, 7), (3, 4, 3)]),3248,SAT
P2280,18,6,6,CG(nc=4, r=6, tr=[(1, 0, 2), (1, 3, 3), (3, 2, 4), (1, 2, 5), (1, 3, 6), (2, 0, 6)]),CG(nc=5, r=6, tr=[(0, 1, 2), (0, 2, 3), (1, 3, 4), (4, 3, 5), (4, 1, 6), (3, 2, 6)]),2727,SAT
P2281,24,9,9,CG(nc=5, r=9, tr=[(1, 2, 0), (1, 2, 1), (3, 0, 2), (3, 4, 3), (1, 4, 4), (1, 3, 5), (4, 3, 6), (1, 2, 3), (2, 0, 6)]),CG(nc=7, r=9, tr=[(1, 0, 0), (2, 1, 1), (6, 4, 2), (5, 3, 3), (3, 4, 4), (3, 0, 5), (5, 6, 6), (0, 2, 6), (2, 4, 3)]),5471,SAT
P2282,16,5,5,CG(nc=4, r=5, tr=[(1, 0, 2), (1, 3, 3), (2, 3, 4), (2, 1, 5), (2, 0, 6)]),CG(nc=4, r=5, tr=[(3, 2, 2), (3, 1, 3), (1, 0, 4), (2, 1, 5), (0, 2, 6)]),1564,SAT
P2283,20,7,7,CG(nc=5, r=7, tr=[(0, 1, 1), (2, 3, 2), (3, 4, 3), (2, 4, 4), (3, 0, 5), (1, 2, 6), (2, 1, 3)]),CG(nc=6, r=7, tr=[(5, 2, 1), (0, 3, 2), (4, 1, 3), (3, 4, 4), (4, 5, 5), (1, 0, 6), (2, 3, 3)]),3241,SAT
P2286,16,6,6,CG(nc=4, r=6, tr=[(1, 3, 2), (0, 1, 3), (3, 1, 4), (2, 3, 5), (0, 2, 4), (2, 0, 3)]),CG(nc=5, r=6, tr=[(1, 2, 2), (4, 3, 3), (2, 0, 4), (4, 1, 5), (1, 3, 4), (0, 1, 3)]),4066,SAT
P2287,14,5,5,CG(nc=4, r=5, tr=[(1, 2, 2), (3, 2, 3), (3, 1, 4), (2, 0, 5), (1, 0, 3)]),CG(nc=4, r=5, tr=[(1, 2, 2), (3, 2, 3), (3, 1, 4), (2, 0, 5), (1, 0, 3)]),2708,SAT
P2288,20,6,6,CG(nc=4, r=6, tr=[(1, 3, 2), (1, 0, 3), (2, 0, 4), (1, 3, 5), (3, 2, 6), (0, 2, 7)]),CG(nc=6, r=6, tr=[(1, 5, 2), (5, 3, 3), (4, 2, 4), (1, 4, 5), (0, 3, 6), (2, 0, 7)]),1808,SAT
P2289,24,8,8,CG(nc=6, r=8, tr=[(1, 2, 0), (3, 0, 1), (4, 5, 2), (0, 4, 3), (3, 2, 4), (5, 4, 5), (2, 5, 6), (0, 1, 7)]),CG(nc=7, r=8, tr=[(1, 2, 0), (2, 3, 1), (3, 6, 2), (1, 0, 3), (5, 4, 4), (4, 0, 5), (1, 6, 6), (3, 5, 7)]),1779,SAT
P2290,22,7,7,CG(nc=5, r=7, tr=[(1, 2, 1), (0, 3, 2), (3, 4, 3), (2, 4, 4), (0, 3, 5), (2, 0, 6), (1, 4, 7)]),CG(nc=5, r=7, tr=[(4, 2, 1), (3, 1, 2), (0, 3, 3), (2, 1, 4), (0, 2, 5), (3, 4, 6), (3, 4, 7)]),1559,SAT
P2291,22,7,7,CG(nc=5, r=7, tr=[(1, 0, 1), (1, 2, 2), (2, 4, 3), (2, 0, 4), (0, 2, 5), (3, 4, 6), (1, 3, 7)]),CG(nc=6, r=7, tr=[(1, 5, 1), (3, 4, 2), (1, 0, 3), (0, 3, 4), (2, 5, 5), (1, 5, 6), (4, 2, 7)]),1518,SAT
P2294,26,9,9,CG(nc=6, r=9, tr=[(1, 5, 0), (3, 1, 1), (0, 4, 2), (0, 2, 3), (2, 5, 4), (2, 3, 5), (3, 4, 6), (4, 0, 7), (4, 5, 3)]),CG(nc=7, r=9, tr=[(1, 2, 0), (3, 4, 1), (6, 5, 2), (0, 2, 3), (3, 0, 4), (5, 1, 5), (2, 4, 6), (3, 1, 7), (4, 6, 3)]),3274,SAT
P2295,24,8,8,CG(nc=6, r=8, tr=[(0, 1, 0), (2, 3, 1), (4, 0, 2), (5, 4, 3), (0, 4, 4), (0, 4, 5), (3, 5, 6), (1, 2, 7)]),CG(nc=5, r=8, tr=[(1, 0, 0), (0, 1, 1), (2, 1, 2), (4, 1, 3), (3, 2, 4), (4, 3, 5), (0, 1, 6), (1, 0, 7)]),1616,SAT
P2296,16,5,5,CG(nc=4, r=5, tr=[(3, 2, 2), (0, 2, 3), (3, 1, 4), (3, 1, 5), (0, 1, 6)]),CG(nc=5, r=5, tr=[(1, 0, 2), (4, 3, 3), (2, 1, 4), (2, 4, 5), (0, 3, 6)]),1489,SAT
P2297,20,7,7,CG(nc=4, r=7, tr=[(1, 0, 0), (0, 1, 1), (2, 3, 2), (0, 2, 3), (2, 3, 4), (2, 3, 5), (1, 2, 6)]),CG(nc=5, r=7, tr=[(1, 2, 0), (0, 2, 1), (2, 3, 2), (1, 4, 3), (0, 2, 4), (3, 4, 5), (0, 1, 6)]),1804,SAT
P2298,16,5,5,CG(nc=4, r=5, tr=[(3, 2, 2), (2, 0, 3), (3, 1, 4), (2, 3, 5), (0, 1, 6)]),CG(nc=4, r=5, tr=[(3, 2, 2), (3, 1, 3), (1, 0, 4), (1, 2, 5), (0, 1, 6)]),1705,SAT
P2299,18,6,6,CG(nc=5, r=6, tr=[(1, 0, 1), (0, 2, 2), (2, 4, 3), (4, 3, 4), (0, 2, 5), (1, 3, 6)]),CG(nc=5, r=6, tr=[(1, 0, 1), (2, 3, 2), (1, 4, 3), (0, 2, 4), (3, 4, 5), (0, 1, 6)]),1628,SAT
P2302,20,7,7,CG(nc=5, r=7, tr=[(1, 4, 2), (0, 1, 3), (4, 1, 4), (4, 1, 5), (3, 2, 6), (3, 0, 5), (4, 2, 4)]),CG(nc=5, r=7, tr=[(1, 2, 2), (2, 0, 3), (2, 4, 4), (2, 4, 5), (2, 4, 6), (3, 1, 5), (3, 0, 4)]),4287,SAT
P2303,12,4,4,CG(nc=3, r=4, tr=[(0, 1, 2), (2, 1, 3), (1, 0, 4), (0, 1, 5)]),CG(nc=4, r=4, tr=[(1, 2, 2), (3, 0, 3), (2, 3, 4), (0, 1, 5)]),1420,SAT
P2448,24,8,8,CG(nc=6, r=8, tr=[(5, 2, 0), (0, 3, 1), (0, 4, 2), (5, 4, 3), (3, 5, 4), (2, 0, 5), (2, 1, 6), (3, 1, 7)]),CG(nc=7, r=8, tr=[(0, 1, 0), (1, 2, 1), (3, 6, 2), (6, 5, 3), (2, 4, 4), (4, 0, 5), (2, 5, 6), (3, 2, 7)]),1866,SAT
P2449,24,8,8,CG(nc=6, r=8, tr=[(5, 2, 0), (5, 3, 1), (4, 0, 2), (5, 4, 3), (3, 0, 4), (2, 0, 5), (0, 1, 6), (3, 1, 7)]),CG(nc=6, r=8, tr=[(1, 2, 0), (2, 5, 1), (1, 0, 2), (0, 1, 3), (1, 4, 4), (3, 5, 5), (4, 3, 6), (4, 3, 7)]),1667,SAT
P2450,28,10,10,CG(nc=6, r=10, tr=[(0, 1, 0), (2, 1, 1), (3, 5, 2), (3, 4, 3), (0, 2, 4), (3, 1, 5), (4, 5, 6), (4, 2, 7), (2, 4, 2), (1, 3, 4)]),CG(nc=8, r=10, tr=[(1, 7, 0), (3, 4, 1), (3, 0, 2), (5, 6, 3), (2, 7, 4), (2, 6, 5), (5, 0, 6), (6, 3, 7), (6, 1, 1), (4, 2, 3)]),10079,SAT
P2451,26,9,9,CG(nc=5, r=9, tr=[(1, 2, 0), (4, 2, 1), (4, 1, 2), (3, 4, 3), (0, 2, 4), (0, 2, 5), (3, 1, 6), (0, 3, 7), (0, 3, 2)]),CG(nc=7, r=9, tr=[(1, 2, 0), (0, 1, 1), (1, 3, 2), (6, 3, 3), (5, 2, 4), (0, 5, 5), (3, 2, 6), (4, 6, 7), (4, 2, 2)]),3331,SAT
P2454,30,11,11,CG(nc=7, r=11, tr=[(1, 2, 0), (3, 0, 1), (1, 6, 2), (1, 5, 3), (4, 2, 4), (2, 0, 5), (6, 5, 6), (5, 4, 7), (3, 1, 4), (4, 3, 0), (5, 4, 2)]),CG(nc=8, r=11, tr=[(7, 2, 0), (2, 3, 1), (0, 4, 2), (3, 5, 3), (7, 6, 4), (1, 2, 5), (5, 0, 6), (3, 4, 7), (1, 6, 1), (6, 3, 5), (4, 1, 3)]),3251057,SAT
P2455,28,10,10,CG(nc=7, r=10, tr=[(1, 2, 0), (3, 4, 1), (3, 0, 2), (3, 6, 3), (1, 4, 4), (3, 2, 5), (5, 2, 6), (6, 1, 7), (5, 0, 1), (1, 0, 3)]),CG(nc=7, r=10, tr=[(0, 1, 0), (2, 1, 1), (3, 2, 2), (3, 0, 3), (4, 2, 4), (0, 4, 5), (2, 5, 6), (6, 3, 7), (5, 6, 3), (1, 5, 2)]),9659,SAT
P2456,24,8,8,CG(nc=6, r=8, tr=[(1, 0, 0), (2, 5, 1), (4, 5, 2), (0, 4, 3), (2, 0, 4), (1, 5, 5), (3, 1, 6), (0, 3, 7)]),CG(nc=5, r=8, tr=[(1, 0, 0), (4, 3, 1), (2, 1, 2), (1, 2, 3), (4, 2, 4), (0, 1, 5), (2, 3, 6), (3, 2, 7)]),1661,SAT
P2457,16,6,6,CG(nc=5, r=6, tr=[(1, 4, 0), (0, 3, 1), (1, 2, 2), (2, 3, 3), (3, 4, 4), (1, 0, 5)]),CG(nc=5, r=6, tr=[(1, 4, 0), (3, 1, 1), (0, 3, 2), (3, 0, 3), (4, 2, 4), (3, 2, 5)]),1612,SAT
P2458,26,9,9,CG(nc=5, r=9, tr=[(1, 4, 0), (1, 4, 1), (3, 0, 2), (4, 3, 3), (1, 0, 4), (2, 1, 5), (4, 3, 6), (2, 3, 7), (0, 2, 3)]),CG(nc=6, r=9, tr=[(1, 0, 0), (2, 5, 1), (1, 4, 2), (3, 1, 3), (5, 1, 4), (0, 2, 5), (3, 2, 6), (4, 2, 7), (3, 0, 2)]),3326,SAT
P2459,20,8,8,CG(nc=6, r=8, tr=[(5, 2, 0), (3, 0, 1), (4, 1, 2), (2, 4, 3), (3, 5, 4), (4, 0, 5), (1, 2, 2), (3, 1, 3)]),CG(nc=6, r=8, tr=[(1, 2, 0), (1, 5, 1), (0, 2, 2), (1, 4, 3), (2, 3, 4), (3, 5, 5), (0, 4, 2), (2, 0, 3)]),4614,SAT
P2462,28,10,10,CG(nc=7, r=10, tr=[(1, 2, 0), (3, 1, 1), (4, 1, 2), (0, 1, 3), (5, 2, 4), (2, 6, 5), (4, 5, 6), (4, 0, 7), (4, 6, 3), (3, 6, 4)]),CG(nc=7, r=10, tr=[(1, 6, 0), (3, 1, 1), (4, 5, 2), (4, 0, 3), (5, 6, 4), (5, 3, 5), (3, 4, 6), (2, 0, 7), (2, 6, 3), (2, 3, 2)]),8891,SAT
P2463,20,8,8,CG(nc=6, r=8, tr=[(1, 2, 0), (3, 2, 1), (2, 0, 2), (0, 2, 3), (3, 5, 4), (1, 5, 5), (4, 0, 3), (5, 4, 2)]),CG(nc=6, r=8, tr=[(5, 2, 0), (3, 2, 1), (5, 4, 2), (4, 3, 3), (1, 3, 4), (5, 1, 5), (0, 3, 3), (3, 0, 2)]),5150,SAT
P2464,24,8,8,CG(nc=6, r=8, tr=[(1, 5, 0), (3, 0, 1), (4, 3, 2), (1, 4, 3), (5, 3, 4), (0, 4, 5), (2, 5, 6), (2, 0, 7)]),CG(nc=5, r=8, tr=[(0, 1, 0), (2, 3, 1), (2, 4, 2), (2, 4, 3), (1, 2, 4), (0, 3, 5), (0, 1, 6), (3, 1, 7)]),1683,SAT
P2465,24,8,8,CG(nc=5, r=8, tr=[(1, 4, 0), (4, 1, 1), (3, 4, 2), (3, 0, 3), (1, 0, 4), (3, 1, 5), (1, 2, 6), (2, 0, 7)]),CG(nc=6, r=8, tr=[(1, 0, 0), (2, 1, 1), (5, 2, 2), (5, 4, 3), (4, 2, 4), (4, 3, 5), (2, 0, 6), (3, 0, 7)]),1619,SAT
P2466,26,9,9,CG(nc=5, r=9, tr=[(1, 2, 0), (3, 0, 1), (2, 4, 2), (2, 0, 3), (0, 2, 4), (1, 4, 5), (1, 3, 6), (4, 2, 7), (4, 1, 4)]),CG(nc=7, r=9, tr=[(1, 2, 0), (1, 0, 1), (3, 6, 2), (5, 6, 3), (5, 1, 4), (4, 0, 5), (1, 4, 6), (2, 3, 7), (2, 4, 4)]),3129,SAT
P2467,24,8,8,CG(nc=6, r=8, tr=[(5, 2, 0), (3, 0, 1), (3, 4, 2), (4, 2, 3), (3, 5, 4), (0, 4, 5), (1, 5, 6), (1, 3, 7)]),CG(nc=5, r=8, tr=[(1, 2, 0), (0, 2, 1), (4, 1, 2), (3, 4, 3), (3, 2, 4), (1, 2, 5), (1, 0, 6), (0, 3, 7)]),1651,SAT
P2468,28,10,10,CG(nc=5, r=10, tr=[(4, 2, 0), (2, 3, 1), (4, 1, 2), (1, 0, 3), (2, 0, 4), (3, 4, 5), (0, 1, 6), (3, 1, 7), (4, 3, 3), (2, 1, 5)]),CG(nc=8, r=10, tr=[(1, 2, 0), (2, 3, 1), (3, 4, 2), (5, 7, 3), (0, 6, 4), (2, 5, 5), (6, 5, 6), (7, 3, 7), (1, 0, 2), (6, 4, 5)]),9069,SAT
P2469,26,9,9,CG(nc=6, r=9, tr=[(5, 2, 0), (3, 4, 1), (3, 0, 2), (2, 4, 3), (2, 0, 4), (0, 4, 5), (0, 1, 6), (1, 2, 7), (3, 5, 4)]),CG(nc=7, r=9, tr=[(1, 2, 0), (2, 0, 1), (6, 1, 2), (4, 6, 3), (5, 3, 4), (3, 0, 5), (5, 4, 6), (5, 1, 7), (3, 2, 3)]),3446,SAT
P2470,28,10,10,CG(nc=7, r=10, tr=[(6, 2, 0), (0, 3, 1), (4, 3, 2), (2, 4, 3), (6, 5, 4), (0, 4, 5), (2, 1, 6), (1, 3, 7), (5, 4, 7), (5, 3, 3)]),CG(nc=6, r=10, tr=[(1, 2, 0), (0, 3, 1), (2, 5, 2), (4, 3, 3), (4, 5, 4), (3, 2, 5), (0, 3, 6), (3, 1, 7), (0, 4, 0), (0, 1, 4)]),7093,SAT
P2471,28,10,10,CG(nc=7, r=10, tr=[(1, 0, 0), (2, 1, 1), (3, 6, 2), (1, 3, 3), (0, 3, 4), (5, 6, 5), (2, 4, 6), (4, 6, 7), (3, 5, 0), (2, 6, 4)]),CG(nc=6, r=10, tr=[(1, 0, 0), (2, 5, 1), (2, 1, 2), (0, 4, 3), (1, 5, 4), (2, 3, 5), (4, 1, 6), (0, 3, 7), (4, 1, 1), (2, 5, 3)]),8941,SAT
P2472,24,8,8,CG(nc=6, r=8, tr=[(5, 2, 0), (0, 3, 1), (0, 4, 2), (5, 4, 3), (3, 5, 4), (2, 1, 5), (1, 0, 6), (3, 0, 7)]),CG(nc=6, r=8, tr=[(1, 0, 0), (2, 1, 1), (3, 5, 2), (3, 5, 3), (4, 0, 4), (3, 4, 5), (4, 3, 6), (3, 2, 7)]),1646,SAT
P2473,20,7,7,CG(nc=5, r=7, tr=[(1, 4, 0), (3, 0, 1), (2, 3, 2), (1, 2, 3), (3, 4, 4), (2, 0, 5), (1, 2, 6)]),CG(nc=6, r=7, tr=[(1, 2, 0), (5, 1, 1), (0, 2, 2), (4, 0, 3), (3, 5, 4), (3, 2, 5), (4, 3, 6)]),1515,SAT
P2474,20,7,7,CG(nc=5, r=7, tr=[(1, 2, 0), (3, 4, 1), (1, 3, 2), (0, 2, 3), (0, 3, 4), (1, 4, 5), (3, 4, 7)]),CG(nc=6, r=7, tr=[(1, 2, 0), (1, 5, 1), (0, 4, 2), (3, 0, 3), (5, 3, 4), (4, 3, 5), (2, 4, 7)]),1476,SAT
P2475,16,6,6,CG(nc=4, r=6, tr=[(1, 0, 0), (0, 1, 1), (2, 0, 2), (2, 3, 3), (1, 3, 4), (1, 2, 5)]),CG(nc=5, r=6, tr=[(4, 2, 0), (3, 2, 1), (3, 0, 2), (0, 1, 3), (1, 4, 4), (3, 1, 5)]),1551,SAT
P2476,26,9,9,CG(nc=5, r=9, tr=[(1, 0, 0), (0, 1, 1), (2, 0, 2), (2, 4, 3), (3, 2, 4), (4, 3, 5), (1, 3, 6), (0, 1, 7), (3, 4, 2)]),CG(nc=6, r=9, tr=[(1, 5, 0), (3, 0, 1), (4, 3, 2), (0, 4, 3), (1, 0, 4), (5, 3, 5), (2, 5, 6), (1, 4, 7), (1, 2, 3)]),3097,SAT
P2477,22,8,8,CG(nc=5, r=8, tr=[(1, 2, 0), (1, 2, 1), (4, 2, 2), (3, 1, 3), (3, 4, 4), (4, 1, 5), (2, 0, 6), (3, 0, 2)]),CG(nc=6, r=8, tr=[(1, 0, 0), (2, 1, 1), (5, 2, 2), (5, 4, 3), (3, 0, 4), (3, 2, 5), (3, 4, 6), (1, 4, 2)]),3017,SAT
P2478,22,8,8,CG(nc=5, r=8, tr=[(1, 4, 0), (3, 2, 1), (0, 2, 2), (3, 1, 3), (2, 4, 4), (3, 0, 5), (3, 2, 7), (1, 0, 4)]),CG(nc=6, r=8, tr=[(0, 1, 0), (2, 1, 1), (3, 2, 2), (3, 0, 3), (4, 0, 4), (4, 2, 5), (5, 3, 7), (4, 5, 3)]),3219,SAT
P2479,18,7,7,CG(nc=5, r=7, tr=[(4, 2, 0), (3, 1, 1), (1, 0, 2), (3, 2, 3), (2, 0, 4), (3, 0, 5), (4, 1, 4)]),CG(nc=5, r=7, tr=[(4, 2, 0), (2, 3, 1), (3, 0, 2), (2, 1, 3), (1, 4, 4), (1, 3, 5), (0, 2, 4)]),4178,SAT
P2480,24,8,8,CG(nc=6, r=8, tr=[(1, 5, 0), (3, 5, 1), (4, 5, 2), (0, 4, 3), (3, 0, 4), (4, 1, 5), (2, 5, 6), (0, 2, 7)]),CG(nc=6, r=8, tr=[(1, 2, 0), (1, 0, 1), (2, 3, 2), (4, 5, 3), (0, 1, 4), (2, 1, 5), (4, 1, 6), (5, 3, 7)]),1718,SAT
P2481,24,8,8,CG(nc=6, r=8, tr=[(1, 2, 0), (3, 0, 1), (0, 4, 2), (4, 5, 3), (3, 5, 4), (2, 5, 5), (1, 0, 6), (5, 2, 7)]),CG(nc=6, r=8, tr=[(1, 2, 0), (0, 2, 1), (5, 1, 2), (1, 5, 3), (0, 4, 4), (3, 4, 5), (1, 4, 6), (3, 1, 7)]),1710,SAT
P2482,26,9,9,CG(nc=6, r=9, tr=[(1, 2, 0), (2, 3, 1), (4, 0, 2), (5, 4, 3), (3, 1, 4), (4, 2, 5), (1, 0, 6), (5, 3, 7), (2, 4, 4)]),CG(nc=6, r=9, tr=[(1, 2, 0), (3, 2, 1), (5, 1, 2), (3, 5, 3), (0, 2, 4), (1, 4, 5), (1, 0, 6), (3, 0, 7), (3, 4, 4)]),3523,SAT
P2483,24,8,8,CG(nc=6, r=8, tr=[(1, 2, 0), (5, 4, 1), (3, 0, 2), (3, 5, 3), (4, 0, 4), (1, 3, 5), (0, 2, 6), (1, 4, 7)]),CG(nc=6, r=8, tr=[(1, 2, 0), (1, 0, 1), (3, 2, 2), (5, 1, 3), (2, 4, 4), (0, 4, 5), (2, 1, 6), (5, 3, 7)]),1608,SAT
P2484,28,10,10,CG(nc=7, r=10, tr=[(1, 2, 0), (0, 3, 1), (1, 4, 2), (0, 1, 3), (3, 4, 4), (6, 2, 5), (0, 5, 6), (1, 6, 7), (2, 5, 7), (6, 4, 3)]),CG(nc=7, r=10, tr=[(1, 2, 0), (6, 4, 1), (5, 0, 2), (3, 0, 3), (4, 6, 4), (2, 5, 5), (4, 3, 6), (1, 5, 7), (1, 6, 3), (4, 2, 7)]),11634,SAT
P2485,26,9,9,CG(nc=6, r=9, tr=[(1, 2, 0), (3, 4, 1), (5, 2, 2), (4, 2, 3), (5, 3, 4), (5, 1, 5), (0, 2, 6), (5, 1, 7), (4, 0, 2)]),CG(nc=6, r=9, tr=[(1, 2, 0), (1, 3, 1), (2, 0, 2), (5, 1, 3), (3, 1, 4), (2, 4, 5), (0, 3, 6), (1, 4, 7), (3, 5, 2)]),3184,SAT
P2486,30,11,11,CG(nc=7, r=11, tr=[(1, 2, 0), (3, 4, 1), (4, 5, 2), (5, 0, 3), (0, 3, 4), (3, 2, 5), (5, 2, 6), (5, 6, 7), (4, 6, 3), (1, 0, 1), (1, 4, 5)]),CG(nc=7, r=11, tr=[(1, 2, 0), (1, 6, 1), (4, 0, 2), (6, 2, 3), (5, 1, 4), (1, 4, 5), (4, 2, 6), (5, 6, 7), (0, 5, 3), (5, 3, 1), (3, 4, 0)]),3245592,SAT
P2487,26,9,9,CG(nc=6, r=9, tr=[(1, 2, 0), (3, 5, 1), (4, 1, 2), (4, 0, 3), (3, 4, 4), (2, 0, 5), (2, 3, 6), (0, 1, 7), (5, 1, 3)]),CG(nc=6, r=9, tr=[(1, 2, 0), (1, 0, 1), (3, 2, 2), (1, 5, 3), (4, 2, 4), (0, 4, 5), (2, 1, 6), (3, 5, 7), (3, 0, 3)]),3648,SAT
P2488,24,8,8,CG(nc=6, r=8, tr=[(1, 2, 0), (3, 0, 1), (5, 2, 2), (2, 0, 3), (5, 3, 4), (1, 5, 5), (4, 1, 6), (4, 0, 7)]),CG(nc=6, r=8, tr=[(1, 2, 0), (0, 2, 1), (5, 4, 2), (5, 4, 3), (3, 4, 4), (3, 0, 5), (4, 2, 6), (1, 4, 7)]),2105,SAT
P2489,20,7,7,CG(nc=6, r=7, tr=[(1, 2, 0), (3, 5, 1), (4, 5, 2), (0, 4, 3), (0, 3, 4), (2, 5, 5), (0, 1, 6)]),CG(nc=5, r=7, tr=[(1, 2, 0), (4, 2, 1), (0, 1, 2), (3, 2, 3), (4, 2, 4), (1, 2, 5), (3, 0, 6)]),1911,SAT
P2490,24,8,8,CG(nc=6, r=8, tr=[(1, 2, 0), (0, 3, 1), (2, 0, 2), (2, 5, 3), (3, 5, 4), (1, 4, 5), (4, 0, 6), (3, 4, 7)]),CG(nc=5, r=8, tr=[(1, 2, 0), (3, 1, 1), (0, 2, 2), (1, 0, 3), (4, 1, 4), (1, 2, 5), (4, 3, 6), (4, 3, 7)]),1760,SAT
P2491,16,6,6,CG(nc=5, r=6, tr=[(1, 2, 0), (3, 0, 1), (1, 0, 2), (4, 1, 3), (3, 4, 4), (0, 2, 5)]),CG(nc=4, r=6, tr=[(0, 1, 0), (2, 3, 1), (1, 2, 2), (2, 0, 3), (3, 2, 4), (0, 1, 5)]),1744,SAT
P2492,26,9,9,CG(nc=6, r=9, tr=[(1, 2, 0), (3, 4, 1), (2, 5, 2), (5, 4, 3), (3, 1, 4), (2, 5, 5), (0, 1, 6), (1, 2, 7), (4, 0, 2)]),CG(nc=6, r=9, tr=[(1, 2, 0), (3, 2, 1), (5, 3, 2), (2, 5, 3), (2, 3, 4), (4, 2, 5), (3, 0, 6), (1, 0, 7), (4, 0, 2)]),3435,SAT
P2493,22,8,8,CG(nc=6, r=8, tr=[(1, 2, 0), (3, 2, 1), (4, 0, 2), (4, 5, 3), (4, 3, 4), (5, 1, 5), (2, 0, 6), (5, 2, 2)]),CG(nc=5, r=8, tr=[(1, 2, 0), (2, 3, 1), (1, 4, 2), (0, 2, 3), (3, 2, 4), (2, 1, 5), (4, 3, 6), (0, 3, 2)]),2923,SAT
P2494,26,9,9,CG(nc=6, r=9, tr=[(1, 2, 0), (1, 2, 1), (2, 0, 2), (2, 5, 3), (4, 1, 4), (1, 3, 5), (0, 3, 6), (4, 5, 7), (3, 4, 3)]),CG(nc=6, r=9, tr=[(1, 2, 0), (2, 5, 1), (4, 1, 2), (0, 3, 3), (5, 3, 4), (3, 1, 5), (3, 2, 6), (0, 4, 7), (4, 5, 3)]),3409,SAT
P2495,20,8,8,CG(nc=6, r=8, tr=[(1, 2, 0), (5, 4, 1), (3, 4, 2), (0, 1, 3), (0, 3, 4), (5, 2, 5), (5, 1, 2), (4, 3, 3)]),CG(nc=5, r=8, tr=[(1, 2, 0), (3, 0, 1), (1, 4, 2), (2, 0, 3), (0, 3, 4), (1, 2, 5), (3, 4, 3), (3, 2, 2)]),5296,SAT
P2528,26,9,9,CG(nc=6, r=9, tr=[(1, 5, 0), (5, 1, 1), (3, 5, 2), (3, 0, 3), (4, 0, 4), (2, 4, 5), (1, 4, 6), (2, 5, 7), (0, 2, 6)]),CG(nc=6, r=9, tr=[(1, 2, 0), (1, 3, 1), (2, 0, 2), (4, 0, 3), (4, 2, 4), (3, 4, 5), (5, 3, 6), (5, 3, 7), (2, 5, 6)]),3272,SAT
P2529,26,9,9,CG(nc=6, r=9, tr=[(1, 2, 0), (3, 2, 1), (4, 0, 2), (5, 4, 3), (3, 5, 4), (1, 5, 5), (0, 2, 6), (5, 1, 7), (3, 4, 5)]),CG(nc=6, r=9, tr=[(1, 2, 0), (5, 2, 1), (1, 0, 2), (0, 4, 3), (2, 3, 4), (2, 4, 5), (5, 1, 6), (3, 5, 7), (4, 1, 4)]),3382,SAT
P2530,26,9,9,CG(nc=6, r=9, tr=[(1, 2, 0), (1, 3, 1), (4, 5, 2), (0, 4, 3), (1, 0, 4), (1, 4, 5), (2, 5, 6), (0, 3, 7), (2, 3, 4)]),CG(nc=7, r=9, tr=[(1, 2, 0), (1, 0, 1), (3, 2, 2), (4, 6, 3), (2, 5, 4), (5, 0, 5), (4, 5, 6), (6, 3, 7), (4, 1, 4)]),3978,SAT
P2531,26,9,9,CG(nc=6, r=9, tr=[(5, 2, 0), (3, 5, 1), (5, 4, 2), (4, 0, 3), (2, 1, 4), (2, 4, 5), (3, 1, 6), (0, 1, 7), (2, 0, 4)]),CG(nc=5, r=9, tr=[(1, 4, 0), (3, 0, 1), (1, 3, 2), (4, 1, 3), (1, 2, 4), (3, 4, 5), (0, 2, 6), (2, 0, 7), (3, 2, 3)]),3734,SAT
P2534,28,10,10,CG(nc=7, r=10, tr=[(1, 2, 0), (1, 3, 1), (6, 5, 2), (5, 0, 3), (4, 6, 4), (3, 4, 5), (6, 2, 6), (0, 3, 7), (1, 5, 5), (4, 5, 1)]),CG(nc=7, r=10, tr=[(0, 1, 0), (1, 2, 1), (3, 2, 2), (4, 6, 3), (0, 5, 4), (4, 1, 5), (5, 4, 6), (6, 3, 7), (5, 2, 5), (4, 5, 1)]),8071,SAT
P2535,26,9,9,CG(nc=6, r=9, tr=[(1, 2, 0), (2, 5, 1), (5, 4, 2), (4, 0, 3), (4, 2, 4), (2, 0, 5), (1, 3, 6), (0, 3, 7), (3, 5, 3)]),CG(nc=6, r=9, tr=[(1, 2, 0), (2, 3, 1), (0, 3, 2), (0, 4, 3), (4, 3, 4), (1, 4, 5), (3, 2, 6), (1, 5, 7), (2, 5, 3)]),3655,SAT
P2536,26,9,9,CG(nc=6, r=9, tr=[(1, 2, 0), (3, 0, 1), (0, 4, 2), (5, 4, 3), (5, 2, 4), (5, 3, 5), (2, 3, 6), (2, 1, 7), (1, 0, 5)]),CG(nc=7, r=9, tr=[(0, 1, 0), (2, 3, 1), (6, 3, 2), (5, 4, 3), (4, 0, 4), (4, 1, 5), (5, 6, 6), (1, 2, 7), (1, 3, 4)]),3439,SAT
P2537,22,8,8,CG(nc=5, r=8, tr=[(4, 2, 0), (4, 3, 1), (1, 4, 2), (1, 0, 3), (2, 0, 4), (1, 2, 5), (3, 2, 6), (0, 1, 6)]),CG(nc=6, r=8, tr=[(1, 5, 0), (1, 3, 1), (0, 3, 2), (4, 2, 3), (5, 2, 4), (2, 1, 5), (4, 0, 6), (1, 3, 4)]),3232,SAT
P2538,24,8,8,CG(nc=6, r=8, tr=[(1, 2, 0), (3, 4, 1), (1, 0, 2), (5, 1, 3), (4, 5, 4), (0, 2, 5), (3, 0, 6), (4, 2, 7)]),CG(nc=6, r=8, tr=[(1, 5, 0), (3, 4, 1), (4, 0, 2), (2, 0, 3), (5, 2, 4), (4, 2, 5), (1, 4, 6), (1, 3, 7)]),1810,SAT
P2539,20,7,7,CG(nc=5, r=7, tr=[(1, 2, 0), (1, 2, 1), (3, 4, 2), (3, 0, 3), (0, 1, 4), (1, 3, 5), (2, 4, 6)]),CG(nc=5, r=7, tr=[(1, 2, 0), (1, 0, 1), (2, 4, 2), (4, 3, 3), (3, 0, 4), (2, 3, 5), (0, 2, 6)]),1834,SAT
P2542,22,8,8,CG(nc=6, r=8, tr=[(1, 2, 0), (3, 1, 1), (0, 1, 2), (5, 1, 3), (0, 3, 4), (4, 5, 5), (3, 4, 7), (2, 0, 5)]),CG(nc=5, r=8, tr=[(1, 2, 0), (3, 1, 1), (2, 4, 2), (4, 3, 3), (0, 1, 4), (0, 3, 5), (3, 0, 7), (1, 2, 5)]),2865,SAT
P2543,18,7,7,CG(nc=5, r=7, tr=[(1, 2, 0), (1, 0, 1), (3, 0, 2), (3, 4, 3), (1, 3, 4), (4, 1, 5), (0, 2, 3)]),CG(nc=5, r=7, tr=[(1, 2, 0), (1, 4, 1), (2, 0, 2), (0, 3, 3), (3, 4, 4), (2, 3, 5), (2, 4, 3)]),3289,SAT
P2544,24,8,8,CG(nc=6, r=8, tr=[(1, 2, 0), (3, 4, 1), (0, 2, 2), (5, 2, 3), (5, 3, 4), (1, 0, 5), (4, 0, 6), (5, 4, 7)]),CG(nc=7, r=8, tr=[(1, 2, 0), (6, 1, 1), (4, 0, 2), (5, 6, 3), (2, 3, 4), (6, 3, 5), (5, 0, 6), (2, 4, 7)]),1726,SAT
P2545,24,8,8,CG(nc=5, r=8, tr=[(4, 2, 0), (4, 2, 1), (4, 3, 2), (0, 3, 3), (0, 1, 4), (0, 1, 5), (2, 1, 6), (0, 1, 7)]),CG(nc=6, r=8, tr=[(1, 2, 0), (0, 2, 1), (5, 1, 2), (5, 4, 3), (3, 4, 4), (1, 3, 5), (0, 4, 6), (4, 0, 7)]),1801,SAT
P2546,26,9,9,CG(nc=6, r=9, tr=[(1, 2, 0), (3, 5, 1), (1, 5, 2), (0, 1, 3), (1, 3, 4), (5, 2, 5), (3, 4, 6), (5, 1, 7), (4, 0, 7)]),CG(nc=6, r=9, tr=[(1, 0, 0), (5, 3, 1), (4, 3, 2), (0, 2, 3), (3, 2, 4), (0, 4, 5), (2, 5, 6), (2, 5, 7), (1, 4, 7)]),3434,SAT
P2547,24,8,8,CG(nc=6, r=8, tr=[(1, 2, 0), (5, 4, 1), (4, 2, 2), (0, 1, 3), (1, 4, 4), (2, 5, 5), (4, 3, 6), (0, 3, 7)]),CG(nc=6, r=8, tr=[(1, 2, 0), (1, 5, 1), (2, 0, 2), (0, 1, 3), (2, 4, 4), (3, 5, 5), (1, 5, 6), (3, 4, 7)]),1795,SAT
P2550,28,10,10,CG(nc=6, r=10, tr=[(1, 5, 0), (0, 3, 1), (1, 4, 2), (4, 2, 3), (0, 1, 4), (3, 5, 5), (3, 4, 6), (1, 4, 7), (5, 2, 4), (2, 0, 0)]),CG(nc=6, r=10, tr=[(1, 2, 0), (0, 1, 1), (5, 4, 2), (0, 2, 3), (1, 3, 4), (4, 1, 5), (3, 0, 6), (2, 4, 7), (5, 3, 3), (3, 0, 7)]),7017,SAT
P2551,26,9,9,CG(nc=6, r=9, tr=[(1, 2, 0), (3, 5, 1), (2, 0, 2), (3, 4, 3), (0, 4, 4), (0, 3, 5), (3, 1, 6), (2, 0, 7), (5, 2, 3)]),CG(nc=6, r=9, tr=[(1, 0, 0), (1, 2, 1), (3, 2, 2), (5, 1, 3), (2, 4, 4), (0, 4, 5), (5, 3, 6), (3, 5, 7), (3, 0, 3)]),3307,SAT
P2552,24,8,8,CG(nc=6, r=8, tr=[(1, 2, 0), (3, 5, 1), (0, 4, 2), (5, 4, 3), (1, 3, 4), (5, 2, 5), (1, 0, 6), (2, 1, 7)]),CG(nc=6, r=8, tr=[(1, 0, 0), (2, 3, 1), (1, 3, 2), (4, 0, 3), (1, 5, 4), (3, 0, 5), (4, 5, 6), (2, 5, 7)]),1628,SAT
P2553,20,7,7,CG(nc=5, r=7, tr=[(1, 0, 0), (2, 0, 1), (3, 4, 2), (3, 0, 3), (4, 1, 4), (2, 4, 5), (2, 1, 6)]),CG(nc=5, r=7, tr=[(1, 0, 0), (2, 1, 1), (2, 4, 2), (4, 2, 3), (3, 0, 4), (2, 3, 5), (0, 2, 6)]),1689,SAT
P2554,24,8,8,CG(nc=6, r=8, tr=[(1, 2, 0), (0, 3, 1), (1, 0, 2), (5, 1, 3), (4, 5, 4), (2, 0, 5), (4, 3, 6), (0, 3, 7)]),CG(nc=5, r=8, tr=[(1, 2, 0), (0, 3, 1), (1, 4, 2), (2, 4, 3), (2, 0, 4), (2, 1, 5), (0, 2, 6), (3, 2, 7)]),1691,SAT
P2555,20,7,7,CG(nc=6, r=7, tr=[(5, 2, 0), (0, 3, 1), (4, 5, 2), (0, 4, 3), (5, 1, 4), (2, 4, 5), (3, 1, 6)]),CG(nc=4, r=7, tr=[(1, 2, 0), (0, 1, 1), (2, 3, 2), (3, 1, 3), (1, 0, 4), (1, 2, 5), (1, 0, 6)]),1692,SAT
P2558,26,9,9,CG(nc=6, r=9, tr=[(1, 2, 0), (1, 2, 1), (2, 3, 2), (5, 2, 3), (3, 1, 4), (1, 0, 5), (3, 4, 6), (5, 4, 7), (0, 3, 3)]),CG(nc=6, r=9, tr=[(5, 2, 0), (3, 2, 1), (0, 4, 2), (0, 1, 3), (1, 5, 4), (1, 2, 5), (1, 2, 6), (4, 3, 7), (4, 2, 4)]),3230,SAT
P2559,16,6,6,CG(nc=4, r=6, tr=[(1, 2, 0), (2, 1, 1), (2, 0, 2), (2, 3, 3), (1, 0, 4), (0, 1, 5)]),CG(nc=5, r=6, tr=[(1, 2, 0), (0, 1, 1), (2, 4, 2), (4, 0, 3), (0, 3, 4), (3, 2, 5)]),1923,SAT
P2720,16,5,5,CG(nc=4, r=5, tr=[(1, 3, 1), (0, 1, 2), (3, 0, 3), (3, 2, 4), (0, 2, 5)]),CG(nc=5, r=5, tr=[(4, 2, 1), (4, 3, 2), (1, 0, 3), (1, 3, 4), (1, 2, 5)]),2185,SAT
P2721,22,8,8,CG(nc=4, r=8, tr=[(0, 1, 0), (0, 1, 1), (2, 0, 2), (0, 1, 3), (3, 1, 4), (3, 2, 6), (1, 2, 7), (3, 2, 3)]),CG(nc=7, r=8, tr=[(1, 2, 0), (6, 4, 1), (0, 1, 2), (0, 5, 3), (3, 6, 4), (3, 5, 6), (1, 3, 7), (4, 2, 3)]),4365,SAT
P2722,18,6,6,CG(nc=5, r=6, tr=[(1, 4, 1), (4, 3, 2), (3, 0, 3), (4, 0, 4), (1, 2, 6), (0, 2, 7)]),CG(nc=5, r=6, tr=[(1, 2, 1), (3, 4, 2), (1, 4, 3), (2, 0, 4), (2, 1, 6), (3, 2, 7)]),2788,SAT
P2723,20,7,7,CG(nc=4, r=7, tr=[(3, 2, 1), (3, 1, 2), (3, 2, 3), (2, 0, 4), (0, 1, 6), (1, 2, 7), (1, 0, 3)]),CG(nc=6, r=7, tr=[(1, 5, 1), (1, 3, 2), (3, 0, 3), (5, 4, 4), (3, 4, 6), (4, 2, 7), (2, 0, 2)]),4024,SAT
P2724,24,8,8,CG(nc=5, r=8, tr=[(4, 2, 0), (3, 2, 2), (0, 3, 3), (3, 4, 4), (2, 4, 5), (2, 1, 6), (0, 1, 7), (2, 0, 4)]),CG(nc=6, r=8, tr=[(1, 5, 0), (3, 0, 2), (4, 3, 3), (4, 0, 4), (1, 4, 5), (3, 5, 6), (5, 2, 7), (2, 4, 2)]),4192,SAT
P2725,20,7,7,CG(nc=5, r=7, tr=[(1, 4, 0), (1, 3, 1), (2, 3, 2), (2, 4, 3), (0, 3, 4), (3, 1, 5), (0, 2, 1)]),CG(nc=6, r=7, tr=[(1, 2, 0), (5, 2, 1), (1, 0, 2), (4, 0, 3), (3, 1, 4), (2, 4, 5), (3, 5, 3)]),3993,SAT
P2726,26,9,9,CG(nc=6, r=9, tr=[(1, 5, 0), (0, 3, 1), (4, 0, 2), (4, 1, 3), (4, 5, 4), (1, 5, 5), (3, 2, 6), (1, 2, 7), (0, 1, 4)]),CG(nc=7, r=9, tr=[(1, 2, 0), (6, 4, 1), (6, 1, 2), (0, 5, 3), (0, 3, 4), (2, 5, 5), (6, 4, 6), (1, 3, 7), (4, 5, 4)]),5089,SAT
P2727,22,8,8,CG(nc=5, r=8, tr=[(1, 0, 0), (2, 4, 1), (0, 3, 2), (0, 1, 3), (1, 4, 4), (2, 3, 6), (1, 3, 7), (4, 3, 3)]),CG(nc=5, r=8, tr=[(1, 0, 0), (1, 2, 1), (3, 4, 2), (3, 1, 3), (1, 4, 4), (3, 0, 6), (2, 1, 7), (2, 0, 2)]),4360,SAT
P2728,20,6,6,CG(nc=5, r=6, tr=[(1, 0, 2), (4, 1, 3), (0, 4, 4), (3, 0, 5), (2, 4, 6), (3, 2, 7)]),CG(nc=5, r=6, tr=[(1, 2, 2), (0, 3, 3), (1, 4, 4), (2, 0, 5), (3, 1, 6), (2, 0, 7)]),1997,SAT
P2729,26,9,9,CG(nc=5, r=9, tr=[(1, 0, 0), (0, 1, 1), (2, 0, 2), (4, 2, 3), (1, 4, 4), (3, 4, 5), (3, 2, 6), (2, 1, 7), (0, 1, 3)]),CG(nc=6, r=9, tr=[(1, 5, 0), (1, 3, 1), (3, 4, 2), (4, 0, 3), (4, 2, 4), (5, 2, 5), (2, 5, 6), (2, 5, 7), (0, 3, 4)]),4689,SAT
P2730,8,3,3,CG(nc=3, r=3, tr=[(2, 1, 1), (0, 1, 2), (2, 0, 3)]),CG(nc=3, r=3, tr=[(1, 2, 1), (2, 1, 2), (0, 1, 3)]),1931,SAT
P2731,14,6,6,CG(nc=4, r=6, tr=[(1, 2, 1), (0, 1, 2), (3, 2, 3), (1, 3, 4), (0, 2, 4), (0, 2, 2)]),CG(nc=5, r=6, tr=[(1, 0, 1), (2, 3, 2), (2, 4, 3), (4, 3, 4), (0, 2, 4), (1, 3, 3)]),5185,SAT
P2732,22,7,7,CG(nc=5, r=7, tr=[(4, 2, 2), (2, 0, 3), (2, 3, 4), (1, 3, 5), (4, 3, 6), (0, 1, 7), (3, 0, 2)]),CG(nc=6, r=7, tr=[(5, 2, 2), (3, 2, 3), (4, 0, 4), (0, 3, 5), (5, 1, 6), (4, 2, 7), (1, 4, 3)]),4061,SAT
P2733,24,8,8,CG(nc=5, r=8, tr=[(1, 0, 0), (2, 4, 2), (0, 2, 3), (4, 1, 4), (3, 4, 5), (1, 2, 6), (3, 2, 7), (1, 0, 2)]),CG(nc=6, r=8, tr=[(1, 2, 0), (0, 2, 2), (3, 4, 3), (4, 5, 4), (0, 3, 5), (0, 3, 6), (4, 2, 7), (5, 1, 3)]),3840,SAT
P2734,16,6,6,CG(nc=4, r=6, tr=[(1, 0, 2), (2, 3, 3), (1, 3, 4), (0, 1, 5), (1, 0, 3), (2, 0, 2)]),CG(nc=5, r=6, tr=[(1, 4, 2), (1, 3, 3), (3, 4, 4), (2, 3, 5), (0, 1, 4), (2, 0, 2)]),6171,SAT
P2735,12,5,5,CG(nc=4, r=5, tr=[(3, 2, 1), (3, 2, 2), (0, 2, 3), (0, 1, 2), (1, 2, 1)]),CG(nc=4, r=5, tr=[(3, 2, 1), (3, 2, 2), (0, 2, 3), (0, 1, 2), (1, 2, 1)]),5263,SAT
P2736,20,7,7,CG(nc=4, r=7, tr=[(3, 2, 1), (1, 0, 2), (3, 1, 3), (1, 2, 4), (1, 3, 6), (1, 0, 7), (1, 0, 4)]),CG(nc=6, r=7, tr=[(5, 2, 1), (3, 0, 2), (4, 1, 3), (5, 4, 4), (4, 2, 6), (4, 3, 7), (1, 0, 6)]),3988,SAT
P2737,20,7,7,CG(nc=5, r=7, tr=[(0, 1, 0), (0, 1, 1), (2, 4, 2), (2, 0, 3), (3, 2, 4), (4, 3, 6), (3, 1, 7)]),CG(nc=6, r=7, tr=[(5, 2, 0), (3, 2, 1), (4, 1, 2), (0, 3, 3), (5, 4, 4), (3, 4, 6), (0, 1, 7)]),2241,SAT
P2738,20,7,7,CG(nc=5, r=7, tr=[(1, 2, 1), (4, 3, 2), (3, 0, 3), (3, 2, 4), (3, 0, 6), (1, 0, 7), (4, 2, 6)]),CG(nc=5, r=7, tr=[(1, 2, 1), (0, 2, 2), (0, 3, 3), (4, 1, 4), (1, 3, 6), (1, 2, 7), (2, 4, 6)]),4065,SAT
P2739,18,6,6,CG(nc=5, r=6, tr=[(1, 2, 1), (3, 4, 2), (0, 3, 3), (3, 2, 4), (2, 4, 6), (0, 1, 7)]),CG(nc=5, r=6, tr=[(1, 0, 1), (4, 3, 2), (1, 4, 3), (2, 0, 4), (2, 1, 6), (3, 2, 7)]),2140,SAT
P2740,26,9,9,CG(nc=6, r=9, tr=[(1, 2, 0), (3, 4, 1), (5, 3, 2), (3, 2, 3), (0, 4, 4), (4, 2, 5), (2, 5, 6), (0, 1, 7), (0, 2, 2)]),CG(nc=6, r=9, tr=[(0, 1, 0), (2, 3, 1), (4, 1, 2), (3, 5, 3), (5, 1, 4), (3, 4, 5), (0, 2, 6), (4, 0, 7), (2, 3, 4)]),4954,SAT
P2741,22,8,8,CG(nc=5, r=8, tr=[(1, 0, 0), (1, 2, 1), (4, 3, 2), (3, 0, 3), (4, 1, 4), (3, 1, 6), (3, 4, 7), (2, 0, 2)]),CG(nc=6, r=8, tr=[(0, 1, 0), (1, 2, 1), (2, 1, 2), (2, 5, 3), (0, 4, 4), (4, 2, 6), (3, 5, 7), (4, 3, 2)]),4197,SAT
P2742,28,10,10,CG(nc=6, r=10, tr=[(1, 2, 0), (2, 3, 1), (5, 4, 2), (0, 4, 3), (2, 0, 4), (4, 3, 5), (0, 3, 6), (5, 1, 7), (5, 3, 2), (4, 5, 4)]),CG(nc=6, r=10, tr=[(0, 1, 0), (2, 0, 1), (3, 5, 2), (3, 4, 3), (2, 3, 4), (4, 1, 5), (0, 3, 6), (0, 2, 7), (5, 4, 1), (5, 1, 4)]),12326,SAT
P2743,22,8,8,CG(nc=6, r=8, tr=[(0, 1, 0), (2, 5, 1), (1, 4, 2), (5, 4, 3), (4, 0, 4), (3, 2, 6), (1, 3, 7), (2, 1, 4)]),CG(nc=5, r=8, tr=[(1, 0, 0), (0, 2, 1), (4, 3, 2), (2, 4, 3), (3, 2, 4), (3, 0, 6), (0, 2, 7), (2, 1, 2)]),3832,SAT
P2744,22,7,7,CG(nc=5, r=7, tr=[(4, 2, 1), (3, 0, 2), (4, 3, 3), (0, 2, 4), (2, 1, 5), (2, 4, 6), (1, 0, 7)]),CG(nc=6, r=7, tr=[(1, 5, 1), (0, 3, 2), (4, 0, 3), (5, 2, 4), (2, 4, 5), (4, 1, 6), (2, 3, 7)]),2411,SAT
P2745,24,8,8,CG(nc=5, r=8, tr=[(1, 4, 0), (1, 4, 1), (3, 0, 2), (4, 3, 3), (1, 0, 4), (2, 0, 5), (3, 1, 6), (3, 2, 7)]),CG(nc=6, r=8, tr=[(1, 2, 0), (2, 5, 1), (4, 3, 2), (1, 0, 3), (5, 4, 4), (0, 3, 5), (1, 4, 6), (3, 0, 7)]),2463,SAT
P2746,14,5,5,CG(nc=4, r=5, tr=[(1, 0, 1), (2, 0, 2), (3, 2, 3), (3, 1, 4), (0, 1, 6)]),CG(nc=4, r=5, tr=[(1, 2, 1), (1, 3, 2), (3, 1, 3), (1, 0, 4), (0, 2, 6)]),2339,SAT
P2747,12,5,5,CG(nc=4, r=5, tr=[(1, 0, 1), (2, 3, 2), (0, 2, 3), (1, 3, 4), (3, 2, 4)]),CG(nc=4, r=5, tr=[(1, 0, 1), (3, 2, 2), (3, 1, 3), (1, 0, 4), (2, 1, 4)]),3544,SAT
P2748,24,8,8,CG(nc=5, r=8, tr=[(4, 2, 1), (3, 1, 2), (3, 4, 3), (1, 2, 4), (2, 3, 5), (4, 2, 6), (0, 3, 7), (1, 0, 3)]),CG(nc=6, r=8, tr=[(1, 2, 1), (0, 3, 2), (4, 0, 3), (4, 3, 4), (3, 1, 5), (2, 4, 6), (5, 4, 7), (1, 5, 3)]),4434,SAT
P2749,26,9,9,CG(nc=6, r=9, tr=[(5, 2, 0), (5, 2, 1), (0, 3, 2), (5, 3, 3), (4, 3, 4), (1, 2, 5), (4, 0, 6), (1, 4, 7), (1, 2, 2)]),CG(nc=6, r=9, tr=[(1, 2, 0), (1, 5, 1), (4, 0, 2), (0, 2, 3), (4, 2, 4), (3, 4, 5), (2, 1, 6), (5, 2, 7), (3, 5, 3)]),5140,SAT
P2750,20,7,7,CG(nc=5, r=7, tr=[(1, 2, 1), (0, 2, 2), (3, 2, 3), (1, 4, 4), (1, 3, 5), (3, 0, 6), (4, 3, 2)]),CG(nc=5, r=7, tr=[(1, 2, 1), (3, 4, 2), (1, 0, 3), (2, 3, 4), (3, 1, 5), (4, 2, 6), (0, 2, 2)]),4295,SAT
P2751,14,6,6,CG(nc=5, r=6, tr=[(4, 2, 1), (3, 0, 2), (4, 3, 3), (1, 3, 4), (1, 2, 2), (0, 3, 4)]),CG(nc=4, r=6, tr=[(1, 2, 1), (2, 3, 2), (1, 3, 3), (0, 1, 4), (0, 2, 3), (3, 1, 2)]),5383,SAT
P2752,20,6,6,CG(nc=4, r=6, tr=[(3, 2, 2), (0, 2, 3), (2, 3, 4), (1, 3, 5), (3, 1, 6), (0, 1, 7)]),CG(nc=6, r=6, tr=[(1, 5, 2), (3, 0, 3), (1, 4, 4), (2, 5, 5), (3, 2, 6), (0, 4, 7)]),1835,SAT
P2753,24,8,8,CG(nc=6, r=8, tr=[(1, 2, 0), (3, 0, 1), (4, 5, 2), (3, 4, 3), (1, 3, 4), (0, 4, 5), (1, 5, 6), (0, 2, 7)]),CG(nc=6, r=8, tr=[(1, 0, 0), (2, 1, 1), (3, 5, 2), (3, 2, 3), (3, 4, 4), (2, 5, 5), (3, 0, 6), (0, 4, 7)]),2362,SAT
P2754,22,7,7,CG(nc=5, r=7, tr=[(1, 4, 1), (4, 3, 2), (3, 0, 3), (3, 4, 4), (0, 3, 5), (1, 2, 6), (0, 2, 7)]),CG(nc=6, r=7, tr=[(1, 5, 1), (1, 3, 2), (4, 0, 3), (0, 3, 4), (5, 2, 5), (4, 2, 6), (1, 5, 7)]),2327,SAT
P2755,22,7,7,CG(nc=5, r=7, tr=[(1, 4, 1), (0, 3, 2), (1, 3, 3), (0, 2, 4), (4, 3, 5), (1, 2, 6), (0, 2, 7)]),CG(nc=5, r=7, tr=[(1, 4, 1), (0, 3, 2), (1, 3, 3), (4, 2, 4), (0, 1, 5), (3, 4, 6), (3, 2, 7)]),1990,SAT
P2758,24,8,8,CG(nc=6, r=8, tr=[(1, 5, 0), (3, 4, 1), (2, 5, 2), (2, 0, 3), (2, 5, 4), (0, 2, 5), (3, 1, 6), (0, 4, 7)]),CG(nc=5, r=8, tr=[(4, 2, 0), (2, 4, 1), (0, 3, 2), (2, 1, 3), (3, 2, 4), (1, 0, 5), (4, 2, 6), (4, 2, 7)]),2502,SAT
P2759,24,8,8,CG(nc=5, r=8, tr=[(1, 2, 0), (4, 3, 1), (2, 4, 2), (1, 0, 3), (4, 1, 4), (0, 2, 5), (2, 0, 6), (3, 1, 7)]),CG(nc=6, r=8, tr=[(0, 1, 0), (2, 3, 1), (2, 0, 2), (3, 5, 3), (4, 2, 4), (3, 1, 5), (0, 1, 6), (5, 4, 7)]),2166,SAT
P2760,20,6,6,CG(nc=4, r=6, tr=[(1, 0, 2), (1, 3, 3), (0, 2, 4), (1, 3, 5), (2, 3, 6), (0, 1, 7)]),CG(nc=5, r=6, tr=[(1, 2, 2), (4, 3, 3), (4, 1, 4), (0, 2, 5), (2, 3, 6), (0, 2, 7)]),2463,SAT
P2761,24,8,8,CG(nc=6, r=8, tr=[(1, 5, 0), (3, 4, 1), (1, 4, 2), (4, 0, 3), (4, 5, 4), (2, 1, 5), (3, 2, 6), (0, 2, 7)]),CG(nc=5, r=8, tr=[(0, 1, 0), (2, 4, 1), (3, 1, 2), (2, 3, 3), (4, 1, 4), (0, 3, 5), (2, 4, 6), (0, 3, 7)]),2574,SAT
P2762,16,5,5,CG(nc=4, r=5, tr=[(1, 0, 2), (3, 1, 3), (3, 2, 4), (1, 3, 5), (0, 2, 6)]),CG(nc=5, r=5, tr=[(1, 4, 2), (3, 2, 3), (0, 1, 4), (2, 4, 5), (0, 3, 6)]),1900,SAT
P2763,18,6,6,CG(nc=5, r=6, tr=[(1, 4, 1), (3, 0, 2), (3, 1, 3), (2, 1, 4), (4, 3, 5), (0, 2, 6)]),CG(nc=5, r=6, tr=[(1, 2, 1), (1, 4, 2), (2, 0, 3), (0, 1, 4), (2, 3, 5), (3, 4, 6)]),2415,SAT
P2766,12,4,4,CG(nc=3, r=4, tr=[(1, 2, 2), (0, 1, 3), (2, 1, 4), (0, 1, 5)]),CG(nc=4, r=4, tr=[(0, 1, 2), (3, 2, 3), (3, 1, 4), (0, 2, 5)]),2103,SAT
P2767,14,5,5,CG(nc=4, r=5, tr=[(1, 3, 2), (2, 0, 3), (3, 2, 4), (0, 1, 5), (0, 1, 3)]),CG(nc=4, r=5, tr=[(0, 1, 2), (1, 3, 3), (3, 1, 4), (1, 2, 5), (2, 0, 3)]),3794,SAT
P2768,22,7,7,CG(nc=5, r=7, tr=[(1, 0, 0), (4, 3, 2), (0, 3, 3), (2, 0, 4), (3, 1, 5), (4, 2, 6), (0, 2, 7)]),CG(nc=6, r=7, tr=[(1, 2, 0), (3, 4, 2), (5, 2, 3), (4, 0, 4), (2, 1, 5), (0, 1, 6), (5, 3, 7)]),2183,SAT
P2769,24,8,8,CG(nc=4, r=8, tr=[(3, 2, 0), (2, 3, 1), (1, 0, 2), (3, 1, 3), (0, 1, 4), (1, 2, 5), (1, 2, 6), (0, 1, 7)]),CG(nc=7, r=8, tr=[(1, 6, 0), (3, 1, 1), (0, 4, 2), (3, 0, 3), (5, 6, 4), (3, 2, 5), (2, 6, 6), (5, 4, 7)]),2447,SAT
P2770,24,8,8,CG(nc=5, r=8, tr=[(1, 4, 0), (3, 0, 1), (0, 2, 2), (4, 2, 3), (0, 2, 4), (3, 1, 5), (4, 2, 6), (3, 2, 7)]),CG(nc=6, r=8, tr=[(1, 5, 0), (3, 5, 1), (0, 4, 2), (2, 1, 3), (3, 4, 4), (5, 1, 5), (0, 2, 6), (1, 3, 7)]),2437,SAT
P2771,24,8,8,CG(nc=5, r=8, tr=[(1, 4, 0), (3, 2, 1), (1, 2, 2), (3, 0, 3), (4, 3, 4), (0, 2, 5), (2, 0, 6), (3, 4, 7)]),CG(nc=6, r=8, tr=[(1, 2, 0), (1, 0, 1), (5, 4, 2), (5, 2, 3), (4, 1, 4), (0, 3, 5), (2, 3, 6), (1, 3, 7)]),2409,SAT
P2772,26,9,9,CG(nc=6, r=9, tr=[(1, 2, 0), (5, 2, 2), (1, 0, 3), (5, 1, 4), (2, 4, 5), (3, 5, 6), (3, 4, 7), (0, 2, 6), (4, 0, 0)]),CG(nc=7, r=9, tr=[(1, 2, 0), (0, 1, 2), (3, 2, 3), (4, 1, 4), (3, 6, 5), (0, 2, 6), (6, 4, 7), (5, 1, 3), (6, 5, 6)]),10014,SAT
P2773,22,7,7,CG(nc=4, r=7, tr=[(3, 2, 0), (1, 0, 2), (3, 1, 3), (0, 1, 4), (2, 1, 5), (2, 1, 6), (0, 1, 7)]),CG(nc=6, r=7, tr=[(1, 0, 0), (2, 3, 2), (1, 5, 3), (0, 3, 4), (4, 3, 5), (1, 4, 6), (5, 2, 7)]),2145,SAT
P2774,26,9,9,CG(nc=6, r=9, tr=[(1, 0, 0), (2, 5, 1), (5, 4, 2), (0, 4, 3), (5, 4, 4), (1, 4, 5), (2, 3, 6), (3, 1, 7), (0, 2, 5)]),CG(nc=6, r=9, tr=[(1, 2, 0), (1, 5, 1), (4, 1, 2), (3, 0, 3), (0, 4, 4), (1, 3, 5), (3, 2, 6), (2, 3, 7), (2, 5, 5)]),4827,SAT
P2775,24,8,8,CG(nc=6, r=8, tr=[(1, 2, 0), (3, 1, 1), (5, 4, 2), (0, 4, 3), (4, 5, 4), (4, 1, 5), (5, 3, 6), (0, 2, 7)]),CG(nc=6, r=8, tr=[(1, 5, 0), (3, 4, 1), (3, 0, 2), (0, 1, 3), (4, 5, 4), (5, 2, 5), (2, 1, 6), (3, 4, 7)]),2477,SAT
P2776,22,7,7,CG(nc=5, r=7, tr=[(0, 1, 0), (2, 4, 2), (2, 0, 3), (4, 1, 4), (3, 4, 5), (0, 1, 6), (3, 1, 7)]),CG(nc=5, r=7, tr=[(1, 2, 0), (2, 3, 2), (1, 4, 3), (0, 2, 4), (1, 2, 5), (2, 0, 6), (3, 4, 7)]),1906,SAT
P2777,24,8,8,CG(nc=6, r=8, tr=[(1, 0, 0), (5, 3, 1), (0, 4, 2), (5, 4, 3), (4, 0, 4), (1, 2, 5), (3, 4, 6), (2, 5, 7)]),CG(nc=6, r=8, tr=[(1, 0, 0), (2, 1, 1), (3, 4, 2), (2, 5, 3), (3, 0, 4), (3, 2, 5), (0, 3, 6), (5, 4, 7)]),2482,SAT
P2778,18,6,6,CG(nc=5, r=6, tr=[(1, 4, 0), (3, 0, 2), (3, 4, 3), (4, 2, 4), (3, 1, 5), (2, 0, 6)]),CG(nc=4, r=6, tr=[(1, 2, 0), (0, 2, 2), (1, 0, 3), (3, 2, 4), (1, 2, 5), (2, 3, 6)]),2128,SAT
P2779,20,7,7,CG(nc=5, r=7, tr=[(4, 2, 0), (3, 1, 1), (2, 1, 2), (0, 3, 3), (3, 4, 4), (0, 1, 5), (0, 1, 6)]),CG(nc=6, r=7, tr=[(0, 1, 0), (1, 2, 1), (5, 4, 2), (5, 2, 3), (0, 4, 4), (2, 3, 5), (3, 0, 6)]),2131,SAT
P2780,22,7,7,CG(nc=5, r=7, tr=[(1, 0, 0), (0, 2, 2), (4, 2, 3), (2, 0, 4), (3, 1, 5), (0, 1, 6), (4, 3, 7)]),CG(nc=6, r=7, tr=[(1, 2, 0), (0, 3, 2), (2, 5, 3), (4, 5, 4), (2, 0, 5), (0, 1, 6), (3, 4, 7)]),1998,SAT
P2781,18,6,6,CG(nc=5, r=6, tr=[(1, 0, 0), (2, 0, 2), (4, 2, 3), (0, 2, 4), (3, 4, 5), (1, 3, 7)]),CG(nc=5, r=6, tr=[(1, 4, 0), (3, 0, 2), (0, 1, 3), (2, 4, 4), (1, 4, 5), (3, 2, 7)]),2127,SAT
P2782,18,6,6,CG(nc=4, r=6, tr=[(1, 2, 0), (0, 1, 2), (1, 3, 3), (0, 1, 4), (2, 3, 5), (1, 2, 6)]),CG(nc=5, r=6, tr=[(1, 4, 0), (3, 0, 2), (0, 2, 3), (3, 4, 4), (4, 2, 5), (1, 2, 6)]),2614,SAT
P2783,14,5,5,CG(nc=4, r=5, tr=[(1, 3, 0), (0, 2, 2), (3, 2, 3), (2, 0, 4), (2, 1, 5)]),CG(nc=4, r=5, tr=[(1, 0, 0), (2, 3, 2), (3, 1, 3), (0, 2, 4), (0, 1, 5)]),2132,SAT
P2784,22,7,7,CG(nc=5, r=7, tr=[(1, 4, 2), (1, 0, 3), (3, 4, 4), (2, 3, 5), (2, 4, 6), (2, 0, 7), (2, 0, 4)]),CG(nc=5, r=7, tr=[(4, 2, 2), (4, 2, 3), (2, 3, 4), (1, 0, 5), (0, 3, 6), (3, 0, 7), (2, 1, 6)]),3730,SAT
P2785,26,9,9,CG(nc=6, r=9, tr=[(5, 2, 0), (2, 5, 1), (0, 3, 2), (2, 3, 3), (4, 0, 4), (3, 1, 5), (4, 2, 6), (4, 0, 7), (1, 5, 4)]),CG(nc=7, r=9, tr=[(1, 2, 0), (2, 3, 1), (3, 6, 2), (0, 1, 3), (5, 0, 4), (4, 6, 5), (1, 4, 6), (3, 5, 7), (4, 6, 4)]),5084,SAT
P2786,22,7,7,CG(nc=5, r=7, tr=[(0, 1, 1), (4, 3, 2), (3, 0, 3), (2, 0, 4), (1, 3, 5), (4, 2, 6), (1, 2, 7)]),CG(nc=5, r=7, tr=[(1, 0, 1), (2, 4, 2), (2, 4, 3), (1, 2, 4), (3, 0, 5), (2, 3, 6), (0, 1, 7)]),2742,SAT
P2787,24,8,8,CG(nc=5, r=8, tr=[(1, 4, 1), (3, 4, 2), (3, 0, 3), (1, 3, 4), (2, 1, 5), (1, 2, 6), (0, 2, 7), (4, 2, 3)]),CG(nc=6, r=8, tr=[(1, 2, 1), (5, 1, 2), (2, 0, 3), (0, 4, 4), (2, 3, 5), (5, 3, 6), (1, 4, 7), (4, 3, 3)]),5199,SAT
P2788,22,7,7,CG(nc=4, r=7, tr=[(1, 0, 0), (2, 3, 2), (0, 2, 3), (1, 3, 4), (1, 0, 5), (2, 1, 6), (2, 3, 7)]),CG(nc=6, r=7, tr=[(1, 2, 0), (3, 4, 2), (1, 0, 3), (3, 5, 4), (5, 2, 5), (1, 3, 6), (0, 4, 7)]),2769,SAT
P2789,24,8,8,CG(nc=6, r=8, tr=[(5, 2, 0), (3, 2, 2), (3, 0, 3), (3, 5, 4), (4, 0, 5), (2, 1, 6), (1, 0, 7), (4, 2, 4)]),CG(nc=5, r=8, tr=[(1, 0, 0), (4, 3, 2), (4, 2, 3), (3, 2, 4), (1, 2, 5), (3, 0, 6), (0, 2, 7), (1, 3, 3)]),4024,SAT
P2790,24,8,8,CG(nc=5, r=8, tr=[(4, 2, 0), (3, 0, 1), (0, 1, 2), (1, 4, 3), (2, 0, 4), (2, 4, 5), (1, 2, 6), (1, 3, 7)]),CG(nc=6, r=8, tr=[(1, 2, 0), (2, 3, 1), (0, 4, 2), (0, 2, 3), (3, 5, 4), (1, 5, 5), (1, 2, 6), (4, 3, 7)]),2638,SAT
P2791,26,9,9,CG(nc=6, r=9, tr=[(1, 2, 0), (0, 2, 1), (5, 4, 2), (0, 4, 3), (5, 1, 4), (3, 0, 5), (4, 1, 6), (4, 5, 7), (1, 3, 2)]),CG(nc=6, r=9, tr=[(1, 2, 0), (3, 5, 1), (2, 0, 2), (1, 5, 3), (1, 4, 4), (1, 4, 5), (4, 0, 6), (5, 3, 7), (3, 2, 4)]),5222,SAT
P2792,22,7,7,CG(nc=5, r=7, tr=[(4, 2, 2), (2, 0, 3), (3, 0, 4), (2, 1, 5), (2, 0, 6), (1, 3, 7), (3, 4, 6)]),CG(nc=5, r=7, tr=[(1, 0, 2), (2, 3, 3), (1, 2, 4), (4, 2, 5), (4, 1, 6), (2, 4, 7), (0, 3, 6)]),4111,SAT
P2793,28,10,10,CG(nc=7, r=10, tr=[(1, 2, 0), (3, 4, 1), (0, 4, 2), (4, 6, 3), (4, 5, 4), (5, 2, 5), (5, 0, 6), (1, 6, 7), (6, 3, 6), (2, 6, 2)]),CG(nc=7, r=10, tr=[(6, 2, 0), (2, 3, 1), (4, 0, 2), (5, 0, 3), (1, 6, 4), (3, 1, 5), (5, 1, 6), (4, 1, 7), (3, 6, 6), (4, 3, 3)]),11829,SAT
P2794,16,5,5,CG(nc=4, r=5, tr=[(3, 2, 2), (0, 2, 3), (3, 1, 4), (0, 1, 5), (0, 1, 6)]),CG(nc=4, r=5, tr=[(3, 2, 2), (2, 3, 3), (0, 2, 4), (1, 0, 5), (1, 2, 6)]),2426,SAT
P2795,20,7,7,CG(nc=5, r=7, tr=[(1, 2, 1), (0, 2, 2), (2, 3, 3), (1, 0, 4), (1, 3, 5), (2, 4, 6), (3, 4, 2)]),CG(nc=5, r=7, tr=[(1, 2, 1), (0, 2, 2), (1, 3, 3), (2, 4, 4), (4, 1, 5), (3, 0, 6), (3, 4, 2)]),4134,SAT
P2796,20,6,6,CG(nc=5, r=6, tr=[(1, 4, 2), (0, 1, 3), (3, 1, 4), (3, 2, 5), (3, 4, 6), (0, 2, 7)]),CG(nc=5, r=6, tr=[(1, 2, 2), (3, 0, 3), (4, 1, 4), (4, 3, 5), (3, 1, 6), (2, 0, 7)]),2556,SAT
P2797,24,8,8,CG(nc=6, r=8, tr=[(1, 2, 0), (3, 5, 2), (0, 3, 3), (3, 1, 4), (4, 1, 5), (2, 5, 6), (4, 0, 7), (5, 1, 3)]),CG(nc=6, r=8, tr=[(1, 2, 0), (2, 0, 2), (5, 1, 3), (4, 0, 4), (1, 0, 5), (4, 1, 6), (3, 2, 7), (3, 5, 4)]),4547,SAT
P2798,14,5,5,CG(nc=4, r=5, tr=[(3, 2, 2), (1, 0, 3), (1, 3, 4), (0, 1, 5), (2, 0, 3)]),CG(nc=4, r=5, tr=[(1, 3, 2), (1, 3, 3), (0, 1, 4), (1, 2, 5), (0, 2, 3)]),3512,SAT
P2799,16,6,6,CG(nc=5, r=6, tr=[(1, 2, 2), (0, 3, 3), (4, 3, 4), (0, 1, 5), (4, 2, 4), (4, 3, 2)]),CG(nc=4, r=6, tr=[(1, 3, 2), (2, 3, 3), (1, 2, 4), (1, 2, 5), (2, 0, 4), (1, 0, 3)]),5752,SAT
P2800,16,5,5,CG(nc=4, r=5, tr=[(3, 2, 1), (2, 0, 2), (2, 3, 3), (3, 1, 4), (0, 1, 5)]),CG(nc=5, r=5, tr=[(1, 2, 1), (4, 3, 2), (4, 1, 3), (0, 3, 4), (0, 2, 5)]),2005,SAT
P2801,20,7,7,CG(nc=4, r=7, tr=[(3, 2, 0), (2, 3, 1), (1, 0, 2), (3, 1, 3), (0, 1, 4), (2, 1, 6), (0, 1, 7)]),CG(nc=6, r=7, tr=[(0, 1, 0), (1, 2, 1), (3, 4, 2), (2, 5, 3), (0, 3, 4), (2, 0, 6), (5, 4, 7)]),2057,SAT
P2802,18,6,6,CG(nc=5, r=6, tr=[(1, 4, 1), (4, 3, 2), (3, 0, 3), (4, 2, 4), (0, 2, 6), (2, 1, 7)]),CG(nc=5, r=6, tr=[(1, 2, 1), (1, 0, 2), (4, 3, 3), (4, 2, 4), (0, 3, 6), (1, 2, 7)]),2221,SAT
P2803,18,6,6,CG(nc=5, r=6, tr=[(1, 2, 1), (3, 0, 2), (4, 3, 3), (0, 3, 4), (1, 4, 6), (0, 2, 7)]),CG(nc=5, r=6, tr=[(1, 0, 1), (4, 3, 2), (4, 1, 3), (3, 2, 4), (0, 1, 6), (0, 2, 7)]),2635,SAT
P2804,22,7,7,CG(nc=4, r=7, tr=[(1, 0, 0), (2, 3, 2), (0, 2, 3), (3, 2, 4), (0, 1, 5), (2, 1, 6), (2, 3, 7)]),CG(nc=5, r=7, tr=[(1, 0, 0), (4, 3, 2), (4, 2, 3), (2, 3, 4), (1, 2, 5), (0, 2, 6), (2, 0, 7)]),2147,SAT
P2805,18,6,6,CG(nc=5, r=6, tr=[(1, 2, 0), (0, 3, 1), (4, 3, 2), (0, 3, 3), (1, 4, 4), (0, 2, 5)]),CG(nc=5, r=6, tr=[(1, 0, 0), (2, 3, 1), (1, 4, 2), (4, 2, 3), (0, 1, 4), (3, 0, 5)]),1969,SAT
P2806,24,8,8,CG(nc=6, r=8, tr=[(1, 2, 0), (3, 1, 1), (4, 5, 2), (4, 0, 3), (4, 5, 4), (4, 3, 5), (3, 0, 6), (5, 2, 7)]),CG(nc=6, r=8, tr=[(1, 2, 0), (3, 0, 1), (5, 4, 2), (1, 5, 3), (3, 4, 4), (0, 2, 5), (1, 0, 6), (3, 0, 7)]),2771,SAT
P2807,20,7,7,CG(nc=6, r=7, tr=[(5, 2, 0), (3, 4, 1), (0, 1, 2), (5, 1, 3), (0, 1, 4), (0, 4, 6), (3, 2, 7)]),CG(nc=5, r=7, tr=[(1, 0, 0), (2, 3, 1), (2, 4, 2), (1, 4, 3), (0, 3, 4), (0, 1, 6), (3, 2, 7)]),2041,SAT
P2808,20,6,6,CG(nc=5, r=6, tr=[(1, 4, 2), (1, 0, 3), (0, 3, 4), (2, 0, 5), (4, 3, 6), (2, 3, 7)]),CG(nc=5, r=6, tr=[(1, 4, 2), (0, 3, 3), (0, 2, 4), (2, 1, 5), (3, 4, 6), (1, 2, 7)]),2380,SAT
P2809,24,8,8,CG(nc=5, r=8, tr=[(1, 2, 0), (2, 1, 1), (0, 2, 2), (2, 4, 3), (0, 2, 4), (0, 3, 5), (1, 4, 6), (2, 3, 7)]),CG(nc=6, r=8, tr=[(1, 0, 0), (2, 1, 1), (3, 5, 2), (5, 2, 3), (0, 4, 4), (3, 4, 5), (0, 2, 6), (3, 4, 7)]),2416,SAT
P2810,12,4,4,CG(nc=4, r=4, tr=[(1, 3, 1), (0, 1, 2), (3, 2, 3), (0, 2, 4)]),CG(nc=4, r=4, tr=[(1, 3, 1), (3, 2, 2), (0, 1, 3), (0, 2, 4)]),1926,SAT
P2811,14,5,5,CG(nc=4, r=5, tr=[(3, 2, 1), (1, 0, 2), (3, 1, 3), (0, 1, 4), (1, 2, 6)]),CG(nc=4, r=5, tr=[(0, 1, 1), (2, 0, 2), (3, 1, 3), (3, 2, 4), (0, 1, 6)]),2023,SAT
P2812,20,6,6,CG(nc=5, r=6, tr=[(1, 4, 2), (0, 1, 3), (4, 1, 4), (3, 0, 5), (4, 2, 6), (3, 2, 7)]),CG(nc=5, r=6, tr=[(1, 4, 2), (4, 3, 3), (0, 2, 4), (0, 3, 5), (0, 3, 6), (2, 1, 7)]),2205,SAT
P2813,22,7,7,CG(nc=6, r=7, tr=[(5, 2, 0), (0, 3, 2), (5, 3, 3), (0, 3, 4), (4, 1, 5), (4, 0, 6), (1, 2, 7)]),CG(nc=5, r=7, tr=[(1, 0, 0), (0, 2, 2), (1, 4, 3), (4, 3, 4), (1, 0, 5), (0, 1, 6), (2, 3, 7)]),2006,SAT
P2814,16,5,5,CG(nc=4, r=5, tr=[(1, 0, 2), (3, 1, 3), (0, 1, 4), (3, 2, 5), (1, 2, 6)]),CG(nc=4, r=5, tr=[(1, 3, 2), (3, 2, 3), (0, 1, 4), (2, 0, 5), (0, 2, 6)]),2278,SAT
P2815,8,3,3,CG(nc=3, r=3, tr=[(0, 1, 1), (2, 1, 2), (0, 1, 3)]),CG(nc=3, r=3, tr=[(2, 1, 1), (2, 0, 2), (0, 1, 3)]),1710,SAT
P2992,18,6,6,CG(nc=5, r=6, tr=[(1, 4, 1), (3, 0, 2), (3, 4, 3), (0, 1, 4), (4, 2, 6), (0, 2, 7)]),CG(nc=4, r=6, tr=[(1, 2, 1), (0, 2, 2), (0, 2, 3), (1, 2, 4), (1, 3, 6), (1, 3, 7)]),2211,SAT
P2993,20,7,7,CG(nc=6, r=7, tr=[(1, 2, 0), (3, 5, 1), (5, 4, 2), (4, 0, 3), (3, 0, 4), (5, 1, 6), (2, 0, 7)]),CG(nc=5, r=7, tr=[(1, 0, 0), (4, 3, 1), (2, 0, 2), (3, 1, 3), (3, 4, 4), (0, 1, 6), (3, 2, 7)]),2073,SAT
P2994,22,8,8,CG(nc=6, r=8, tr=[(1, 0, 1), (2, 5, 2), (2, 0, 3), (0, 1, 4), (4, 5, 6), (4, 1, 7), (4, 3, 4), (2, 3, 1)]),CG(nc=5, r=8, tr=[(1, 2, 1), (0, 2, 2), (0, 1, 3), (2, 1, 4), (2, 4, 6), (4, 1, 7), (4, 3, 1), (2, 3, 4)]),7238,SAT
P2995,18,6,6,CG(nc=5, r=6, tr=[(1, 0, 1), (2, 4, 2), (2, 0, 3), (4, 1, 4), (4, 3, 6), (1, 3, 7)]),CG(nc=4, r=6, tr=[(0, 1, 1), (3, 1, 2), (1, 3, 3), (0, 2, 4), (2, 1, 6), (2, 1, 7)]),2686,SAT
P2996,26,9,9,CG(nc=6, r=9, tr=[(1, 0, 0), (2, 3, 1), (4, 0, 2), (3, 0, 3), (2, 4, 4), (0, 1, 5), (4, 5, 6), (4, 1, 7), (3, 5, 2)]),CG(nc=7, r=9, tr=[(1, 2, 0), (3, 6, 1), (1, 0, 2), (3, 5, 3), (3, 6, 4), (6, 4, 5), (5, 0, 6), (3, 1, 7), (2, 4, 3)]),4916,SAT
P2997,22,8,8,CG(nc=6, r=8, tr=[(5, 2, 0), (3, 4, 1), (1, 4, 2), (5, 1, 3), (3, 5, 4), (1, 2, 6), (1, 0, 7), (0, 4, 3)]),CG(nc=6, r=8, tr=[(5, 2, 0), (3, 5, 1), (2, 4, 2), (0, 4, 3), (5, 3, 4), (4, 3, 6), (0, 1, 7), (3, 1, 2)]),4575,SAT
P2998,28,10,10,CG(nc=7, r=10, tr=[(1, 2, 0), (3, 4, 1), (0, 4, 2), (4, 6, 3), (3, 2, 4), (3, 5, 5), (5, 0, 6), (6, 2, 7), (1, 5, 1), (5, 2, 3)]),CG(nc=6, r=10, tr=[(1, 2, 0), (3, 0, 1), (4, 3, 2), (5, 1, 3), (0, 2, 4), (2, 3, 5), (1, 3, 6), (5, 4, 7), (2, 1, 1), (0, 4, 3)]),11609,SAT
P2999,22,8,8,CG(nc=5, r=8, tr=[(4, 2, 0), (3, 2, 1), (4, 1, 2), (3, 4, 3), (0, 2, 4), (0, 1, 6), (3, 1, 7), (0, 1, 3)]),CG(nc=6, r=8, tr=[(0, 1, 0), (1, 2, 1), (3, 5, 2), (2, 4, 3), (0, 2, 4), (4, 5, 6), (3, 2, 7), (3, 1, 3)]),4774,SAT
P3000,22,7,7,CG(nc=6, r=7, tr=[(1, 0, 1), (2, 5, 2), (0, 2, 3), (5, 1, 4), (4, 0, 5), (3, 5, 6), (4, 3, 7)]),CG(nc=5, r=7, tr=[(0, 1, 1), (4, 3, 2), (3, 4, 3), (3, 2, 4), (0, 2, 5), (3, 1, 6), (1, 3, 7)]),2439,SAT
P3001,24,8,8,CG(nc=7, r=8, tr=[(1, 2, 0), (3, 6, 1), (5, 6, 2), (0, 5, 3), (0, 3, 4), (6, 4, 5), (1, 0, 6), (4, 2, 7)]),CG(nc=5, r=8, tr=[(1, 2, 0), (1, 0, 1), (4, 2, 2), (4, 2, 3), (2, 3, 4), (3, 0, 5), (3, 0, 6), (1, 2, 7)]),2861,SAT
P3002,18,6,6,CG(nc=5, r=6, tr=[(4, 2, 1), (4, 3, 2), (0, 3, 3), (2, 0, 4), (4, 1, 6), (2, 1, 7)]),CG(nc=4, r=6, tr=[(3, 2, 1), (0, 1, 2), (0, 1, 3), (1, 3, 4), (1, 2, 6), (1, 2, 7)]),2326,SAT
P3003,10,4,4,CG(nc=4, r=4, tr=[(3, 2, 1), (3, 1, 2), (0, 1, 3), (2, 0, 4)]),CG(nc=3, r=4, tr=[(0, 1, 1), (1, 2, 2), (1, 2, 3), (0, 1, 4)]),2332,SAT
P3004,24,8,8,CG(nc=6, r=8, tr=[(1, 2, 1), (2, 0, 2), (2, 5, 3), (4, 1, 4), (3, 4, 5), (0, 4, 6), (5, 3, 7), (4, 5, 2)]),CG(nc=5, r=8, tr=[(1, 2, 1), (4, 2, 2), (4, 1, 3), (2, 1, 4), (3, 2, 5), (0, 2, 6), (0, 1, 7), (0, 3, 3)]),4299,SAT
P3005,26,9,9,CG(nc=6, r=9, tr=[(0, 1, 0), (2, 5, 1), (0, 4, 2), (4, 5, 3), (1, 2, 4), (3, 5, 5), (4, 3, 6), (1, 4, 7), (1, 0, 3)]),CG(nc=5, r=9, tr=[(4, 2, 0), (3, 0, 1), (1, 3, 2), (0, 1, 3), (3, 0, 4), (2, 4, 5), (4, 2, 6), (4, 1, 7), (2, 3, 3)]),4622,SAT
P3006,24,8,8,CG(nc=5, r=8, tr=[(1, 4, 1), (3, 0, 2), (2, 0, 3), (1, 3, 4), (0, 1, 5), (3, 2, 6), (4, 2, 7), (2, 4, 2)]),CG(nc=5, r=8, tr=[(0, 1, 1), (2, 1, 2), (0, 2, 3), (0, 3, 4), (1, 3, 5), (1, 3, 6), (4, 2, 7), (3, 4, 3)]),4637,SAT
P3007,14,6,6,CG(nc=5, r=6, tr=[(1, 0, 1), (2, 4, 2), (0, 3, 3), (1, 2, 4), (2, 4, 3), (3, 4, 2)]),CG(nc=4, r=6, tr=[(3, 2, 1), (2, 0, 2), (3, 1, 3), (2, 3, 4), (0, 2, 3), (2, 1, 2)]),6513,SAT
P3024,24,8,8,CG(nc=6, r=8, tr=[(5, 2, 0), (3, 4, 1), (3, 5, 2), (3, 0, 3), (4, 5, 4), (1, 2, 5), (5, 1, 6), (1, 0, 7)]),CG(nc=5, r=8, tr=[(1, 2, 0), (3, 0, 1), (4, 2, 2), (2, 4, 3), (0, 3, 4), (2, 1, 5), (0, 1, 6), (3, 2, 7)]),2869,SAT
P3025,24,8,8,CG(nc=6, r=8, tr=[(5, 2, 0), (5, 3, 1), (4, 0, 2), (4, 5, 3), (3, 1, 4), (2, 4, 5), (0, 1, 6), (1, 2, 7)]),CG(nc=5, r=8, tr=[(1, 2, 0), (4, 2, 1), (0, 3, 2), (1, 0, 3), (2, 4, 4), (1, 3, 5), (4, 3, 6), (3, 2, 7)]),2661,SAT
P3026,28,10,10,CG(nc=7, r=10, tr=[(1, 2, 0), (3, 0, 1), (2, 6, 2), (2, 0, 3), (5, 3, 4), (1, 4, 5), (6, 5, 6), (4, 0, 7), (5, 4, 4), (4, 5, 1)]),CG(nc=7, r=10, tr=[(0, 1, 0), (0, 2, 1), (2, 3, 2), (4, 6, 3), (5, 3, 4), (1, 0, 5), (1, 4, 6), (6, 3, 7), (6, 5, 1), (0, 2, 4)]),19827,SAT
P3027,24,8,8,CG(nc=6, r=8, tr=[(0, 1, 0), (2, 3, 1), (5, 4, 2), (4, 0, 3), (3, 5, 4), (4, 1, 5), (2, 0, 6), (5, 3, 7)]),CG(nc=6, r=8, tr=[(1, 0, 0), (2, 5, 1), (0, 2, 2), (4, 5, 3), (2, 3, 4), (0, 1, 5), (4, 1, 6), (3, 5, 7)]),2411,SAT
P3030,28,10,10,CG(nc=7, r=10, tr=[(1, 2, 0), (1, 3, 1), (0, 4, 2), (6, 4, 3), (5, 2, 4), (3, 5, 5), (3, 0, 6), (2, 6, 7), (4, 1, 4), (1, 4, 5)]),CG(nc=7, r=10, tr=[(1, 6, 0), (3, 4, 1), (0, 3, 2), (0, 5, 3), (4, 6, 4), (4, 2, 5), (5, 2, 6), (3, 2, 7), (1, 2, 1), (1, 5, 5)]),16759,SAT
P3031,24,8,8,CG(nc=5, r=8, tr=[(1, 0, 0), (4, 3, 1), (2, 4, 2), (0, 2, 3), (3, 2, 4), (2, 1, 5), (1, 2, 6), (2, 3, 7)]),CG(nc=6, r=8, tr=[(0, 1, 0), (2, 0, 1), (2, 5, 2), (1, 5, 3), (4, 3, 4), (0, 3, 5), (1, 4, 6), (4, 2, 7)]),2302,SAT
P3032,24,8,8,CG(nc=6, r=8, tr=[(0, 1, 0), (5, 3, 1), (0, 4, 2), (4, 5, 3), (0, 2, 4), (3, 1, 5), (2, 3, 6), (3, 5, 7)]),CG(nc=6, r=8, tr=[(0, 1, 0), (0, 2, 1), (3, 2, 2), (4, 5, 3), (2, 0, 4), (4, 2, 5), (4, 1, 6), (5, 3, 7)]),2333,SAT
P3033,24,8,8,CG(nc=7, r=8, tr=[(6, 2, 0), (0, 3, 1), (0, 4, 2), (4, 6, 3), (6, 5, 4), (2, 1, 5), (5, 3, 6), (1, 0, 7)]),CG(nc=4, r=8, tr=[(1, 0, 0), (2, 3, 1), (2, 1, 2), (2, 1, 3), (3, 2, 4), (1, 0, 5), (2, 3, 6), (0, 1, 7)]),2532,SAT
P3034,24,8,8,CG(nc=6, r=8, tr=[(1, 2, 0), (3, 0, 1), (2, 5, 2), (0, 2, 3), (5, 4, 4), (1, 3, 5), (4, 3, 6), (3, 0, 7)]),CG(nc=6, r=8, tr=[(1, 2, 0), (3, 5, 1), (4, 0, 2), (0, 1, 3), (5, 4, 4), (2, 1, 5), (2, 5, 6), (4, 3, 7)]),2237,SAT
P3035,20,7,7,CG(nc=6, r=7, tr=[(1, 5, 0), (3, 0, 1), (4, 0, 2), (5, 4, 3), (2, 5, 4), (1, 4, 5), (2, 3, 6)]),CG(nc=4, r=7, tr=[(0, 1, 0), (2, 3, 1), (2, 0, 2), (1, 2, 3), (2, 3, 4), (1, 0, 5), (2, 3, 6)]),2514,SAT
P3038,24,8,8,CG(nc=6, r=8, tr=[(1, 2, 0), (1, 3, 1), (5, 1, 2), (1, 0, 3), (5, 3, 4), (2, 4, 5), (2, 3, 6), (0, 4, 7)]),CG(nc=6, r=8, tr=[(1, 2, 0), (3, 4, 1), (3, 0, 2), (5, 2, 3), (5, 3, 4), (0, 2, 5), (1, 0, 6), (5, 4, 7)]),2254,SAT
P3039,16,6,6,CG(nc=5, r=6, tr=[(1, 0, 0), (2, 3, 1), (4, 3, 2), (0, 3, 3), (2, 4, 4), (1, 3, 5)]),CG(nc=4, r=6, tr=[(1, 0, 0), (2, 3, 1), (2, 0, 2), (1, 3, 3), (2, 3, 4), (0, 1, 5)]),2405,SAT
P3040,22,7,7,CG(nc=5, r=7, tr=[(1, 2, 1), (3, 0, 2), (4, 3, 3), (2, 4, 4), (2, 3, 5), (0, 1, 6), (1, 4, 7)]),CG(nc=6, r=7, tr=[(0, 1, 1), (2, 5, 2), (5, 4, 3), (3, 1, 4), (3, 0, 5), (3, 4, 6), (1, 2, 7)]),2328,SAT
P3041,24,8,8,CG(nc=5, r=8, tr=[(1, 2, 0), (0, 3, 1), (0, 2, 2), (4, 2, 3), (2, 3, 4), (3, 4, 5), (4, 2, 6), (1, 0, 7)]),CG(nc=6, r=8, tr=[(5, 2, 0), (0, 3, 1), (2, 3, 2), (4, 5, 3), (3, 1, 4), (1, 0, 5), (1, 4, 6), (2, 5, 7)]),2215,SAT
P3042,24,8,8,CG(nc=5, r=8, tr=[(1, 2, 1), (1, 0, 2), (1, 4, 3), (2, 0, 4), (4, 3, 5), (1, 4, 6), (2, 3, 7), (0, 3, 1)]),CG(nc=5, r=8, tr=[(1, 2, 1), (2, 0, 2), (0, 2, 3), (1, 3, 4), (2, 3, 5), (4, 3, 6), (1, 4, 7), (3, 4, 1)]),4375,SAT
P3043,22,7,7,CG(nc=5, r=7, tr=[(4, 2, 1), (3, 4, 2), (3, 0, 3), (3, 2, 4), (2, 0, 5), (1, 0, 6), (2, 1, 7)]),CG(nc=5, r=7, tr=[(1, 0, 1), (4, 1, 2), (3, 4, 3), (3, 1, 4), (2, 0, 5), (3, 2, 6), (0, 3, 7)]),2625,SAT
P3044,24,8,8,CG(nc=5, r=8, tr=[(4, 2, 0), (3, 0, 1), (1, 0, 2), (4, 1, 3), (3, 1, 4), (4, 3, 5), (1, 2, 6), (0, 1, 7)]),CG(nc=6, r=8, tr=[(1, 2, 0), (0, 3, 1), (4, 3, 2), (5, 2, 3), (3, 1, 4), (0, 1, 5), (1, 2, 6), (5, 4, 7)]),2696,SAT
P3045,24,8,8,CG(nc=6, r=8, tr=[(1, 2, 0), (0, 3, 1), (0, 4, 2), (4, 5, 3), (4, 3, 4), (3, 1, 5), (0, 2, 6), (5, 1, 7)]),CG(nc=5, r=8, tr=[(1, 0, 0), (2, 4, 1), (2, 1, 2), (3, 1, 3), (3, 2, 4), (4, 3, 5), (0, 1, 6), (0, 1, 7)]),2868,SAT
P3046,26,9,9,CG(nc=6, r=9, tr=[(1, 2, 0), (0, 3, 1), (4, 0, 2), (5, 4, 3), (4, 3, 4), (3, 5, 5), (4, 2, 6), (4, 0, 7), (1, 5, 1)]),CG(nc=6, r=9, tr=[(1, 2, 0), (0, 3, 1), (4, 3, 2), (5, 2, 3), (1, 3, 4), (0, 1, 5), (1, 2, 6), (5, 4, 7), (1, 2, 1)]),4730,SAT
P3047,24,8,8,CG(nc=6, r=8, tr=[(1, 2, 0), (3, 5, 1), (5, 4, 2), (0, 4, 3), (4, 3, 4), (2, 3, 5), (3, 1, 6), (0, 2, 7)]),CG(nc=6, r=8, tr=[(1, 2, 0), (0, 3, 1), (5, 3, 2), (5, 2, 3), (4, 0, 4), (0, 1, 5), (2, 4, 6), (4, 3, 7)]),2809,SAT
P3048,24,8,8,CG(nc=5, r=8, tr=[(0, 1, 1), (0, 2, 2), (2, 4, 3), (3, 1, 4), (4, 1, 5), (4, 3, 6), (0, 2, 7), (2, 3, 5)]),CG(nc=5, r=8, tr=[(1, 2, 1), (4, 1, 2), (3, 4, 3), (2, 3, 4), (3, 1, 5), (0, 1, 6), (0, 2, 7), (2, 0, 5)]),4385,SAT
P3049,26,9,9,CG(nc=7, r=9, tr=[(1, 2, 0), (1, 3, 1), (4, 6, 2), (0, 4, 3), (4, 2, 4), (2, 5, 5), (1, 6, 6), (0, 5, 7), (3, 0, 4)]),CG(nc=6, r=9, tr=[(5, 2, 0), (2, 3, 1), (3, 0, 2), (4, 1, 3), (5, 1, 4), (3, 1, 5), (5, 3, 6), (2, 5, 7), (4, 0, 6)]),4635,SAT
P3050,22,7,7,CG(nc=6, r=7, tr=[(1, 5, 1), (0, 3, 2), (3, 5, 3), (4, 0, 4), (5, 2, 5), (4, 1, 6), (2, 4, 7)]),CG(nc=5, r=7, tr=[(1, 2, 1), (2, 4, 2), (2, 4, 3), (2, 0, 4), (0, 3, 5), (3, 2, 6), (1, 0, 7)]),2261,SAT
P3051,18,6,6,CG(nc=4, r=6, tr=[(1, 0, 1), (0, 2, 2), (3, 2, 3), (2, 1, 4), (1, 3, 5), (2, 3, 6)]),CG(nc=5, r=6, tr=[(1, 4, 1), (1, 0, 2), (3, 0, 3), (2, 1, 4), (4, 2, 5), (3, 2, 6)]),2723,SAT
P3052,22,7,7,CG(nc=5, r=7, tr=[(4, 2, 1), (3, 4, 2), (3, 0, 3), (3, 2, 4), (0, 2, 5), (1, 2, 6), (4, 1, 7)]),CG(nc=5, r=7, tr=[(1, 2, 1), (4, 2, 2), (3, 4, 3), (2, 3, 4), (3, 0, 5), (2, 0, 6), (1, 0, 7)]),2502,SAT
P3053,24,8,8,CG(nc=6, r=8, tr=[(1, 2, 0), (5, 1, 1), (4, 5, 2), (0, 4, 3), (1, 4, 4), (3, 1, 5), (5, 2, 6), (3, 0, 7)]),CG(nc=5, r=8, tr=[(1, 2, 0), (2, 4, 1), (1, 0, 2), (0, 3, 3), (1, 3, 4), (3, 4, 5), (1, 4, 6), (3, 4, 7)]),2689,SAT
P3054,18,6,6,CG(nc=5, r=6, tr=[(1, 2, 1), (4, 2, 2), (0, 2, 3), (4, 1, 4), (1, 3, 5), (0, 3, 7)]),CG(nc=5, r=6, tr=[(4, 2, 1), (0, 3, 2), (1, 0, 3), (2, 1, 4), (1, 4, 5), (3, 2, 7)]),2171,SAT
P3055,14,5,5,CG(nc=4, r=5, tr=[(1, 3, 1), (2, 3, 2), (2, 0, 3), (2, 1, 4), (0, 1, 5)]),CG(nc=4, r=5, tr=[(1, 0, 1), (3, 1, 2), (3, 2, 3), (2, 1, 4), (0, 2, 5)]),1892,SAT
P3056,18,6,6,CG(nc=4, r=6, tr=[(1, 0, 1), (0, 2, 2), (3, 2, 3), (2, 1, 4), (3, 2, 6), (0, 2, 7)]),CG(nc=5, r=6, tr=[(1, 0, 1), (4, 3, 2), (4, 2, 3), (0, 1, 4), (0, 2, 6), (1, 3, 7)]),2375,SAT
P3057,20,7,7,CG(nc=6, r=7, tr=[(0, 1, 0), (0, 2, 1), (5, 4, 2), (4, 0, 3), (3, 2, 4), (5, 3, 6), (3, 1, 7)]),CG(nc=6, r=7, tr=[(1, 0, 0), (2, 1, 1), (2, 5, 2), (5, 4, 3), (0, 3, 4), (4, 0, 6), (3, 2, 7)]),2318,SAT
P3058,20,7,7,CG(nc=5, r=7, tr=[(4, 2, 1), (3, 4, 2), (0, 3, 3), (2, 3, 4), (1, 2, 6), (0, 1, 7), (3, 4, 7)]),CG(nc=5, r=7, tr=[(1, 0, 1), (4, 3, 2), (4, 2, 3), (2, 1, 4), (2, 0, 6), (1, 3, 7), (0, 2, 7)]),4346,SAT
P3059,18,6,6,CG(nc=4, r=6, tr=[(1, 0, 1), (0, 2, 2), (3, 2, 3), (2, 1, 4), (3, 2, 6), (1, 2, 7)]),CG(nc=5, r=6, tr=[(1, 0, 1), (4, 1, 2), (3, 4, 3), (0, 2, 4), (0, 3, 6), (2, 1, 7)]),2124,SAT
P3060,24,8,8,CG(nc=6, r=8, tr=[(1, 5, 0), (3, 4, 1), (0, 2, 2), (5, 2, 3), (2, 4, 4), (1, 5, 5), (3, 0, 6), (1, 3, 7)]),CG(nc=6, r=8, tr=[(1, 0, 0), (2, 3, 1), (0, 3, 2), (4, 5, 3), (3, 2, 4), (4, 1, 5), (4, 0, 6), (5, 2, 7)]),2485,SAT
P3061,20,7,7,CG(nc=6, r=7, tr=[(5, 2, 0), (3, 4, 1), (5, 3, 2), (3, 0, 3), (4, 5, 4), (2, 1, 6), (0, 1, 7)]),CG(nc=4, r=7, tr=[(1, 0, 0), (2, 3, 1), (2, 1, 2), (1, 3, 3), (3, 2, 4), (0, 1, 6), (0, 1, 7)]),2067,SAT
P3062,26,9,9,CG(nc=6, r=9, tr=[(1, 2, 0), (3, 2, 1), (5, 3, 2), (0, 3, 3), (2, 5, 4), (4, 2, 5), (1, 0, 6), (1, 4, 7), (5, 3, 7)]),CG(nc=6, r=9, tr=[(1, 2, 0), (3, 0, 1), (5, 4, 2), (1, 5, 3), (3, 1, 4), (2, 0, 5), (2, 3, 6), (4, 3, 7), (1, 0, 7)]),5224,SAT
P3063,20,7,7,CG(nc=5, r=7, tr=[(4, 2, 0), (3, 1, 1), (0, 1, 2), (4, 1, 3), (0, 2, 4), (3, 2, 6), (1, 0, 7)]),CG(nc=5, r=7, tr=[(1, 0, 0), (2, 4, 1), (0, 2, 2), (4, 1, 3), (3, 4, 4), (1, 0, 6), (3, 2, 7)]),2320,SAT
P3064,22,7,7,CG(nc=5, r=7, tr=[(1, 0, 1), (2, 4, 2), (0, 2, 3), (4, 3, 4), (4, 3, 5), (3, 1, 6), (0, 1, 7)]),CG(nc=6, r=7, tr=[(1, 2, 1), (5, 1, 2), (4, 5, 3), (3, 1, 4), (0, 3, 5), (0, 4, 6), (2, 0, 7)]),2285,SAT
P3065,24,8,8,CG(nc=5, r=8, tr=[(4, 2, 0), (3, 4, 1), (1, 4, 2), (0, 1, 3), (3, 1, 4), (1, 3, 5), (1, 0, 6), (2, 3, 7)]),CG(nc=5, r=8, tr=[(0, 1, 0), (2, 4, 1), (2, 1, 2), (3, 4, 3), (2, 4, 4), (1, 0, 5), (3, 0, 6), (0, 1, 7)]),2399,SAT
P3066,18,6,6,CG(nc=5, r=6, tr=[(1, 2, 1), (4, 3, 2), (0, 3, 3), (0, 2, 4), (4, 1, 6), (2, 1, 7)]),CG(nc=5, r=6, tr=[(0, 1, 1), (2, 4, 2), (4, 3, 3), (2, 0, 4), (0, 3, 6), (1, 2, 7)]),2452,SAT
P3067,14,5,5,CG(nc=5, r=5, tr=[(4, 2, 1), (4, 3, 2), (0, 3, 3), (2, 1, 4), (0, 1, 6)]),CG(nc=4, r=5, tr=[(0, 1, 1), (1, 3, 2), (3, 2, 3), (0, 1, 4), (0, 2, 6)]),2053,SAT
P3068,22,7,7,CG(nc=6, r=7, tr=[(1, 2, 1), (0, 3, 2), (5, 3, 3), (3, 2, 4), (1, 4, 5), (1, 0, 6), (5, 4, 7)]),CG(nc=4, r=7, tr=[(1, 3, 1), (1, 2, 2), (3, 2, 3), (1, 3, 4), (2, 0, 5), (0, 2, 6), (0, 2, 7)]),2608,SAT
P3069,24,8,8,CG(nc=7, r=8, tr=[(6, 2, 0), (3, 4, 1), (4, 0, 2), (6, 4, 3), (3, 0, 4), (5, 1, 5), (5, 0, 6), (1, 2, 7)]),CG(nc=5, r=8, tr=[(1, 0, 0), (1, 2, 1), (2, 4, 2), (4, 1, 3), (3, 0, 4), (2, 3, 5), (1, 0, 6), (3, 2, 7)]),2656,SAT
P3070,22,7,7,CG(nc=6, r=7, tr=[(1, 2, 1), (5, 2, 2), (2, 0, 3), (1, 5, 4), (4, 3, 5), (0, 4, 6), (3, 1, 7)]),CG(nc=5, r=7, tr=[(4, 2, 1), (3, 2, 2), (1, 0, 3), (1, 2, 4), (4, 1, 5), (1, 4, 6), (0, 3, 7)]),2395,SAT
P3071,10,4,4,CG(nc=4, r=4, tr=[(0, 1, 1), (2, 0, 2), (2, 3, 3), (1, 2, 4)]),CG(nc=3, r=4, tr=[(0, 1, 1), (2, 1, 2), (2, 0, 3), (0, 1, 4)]),2143,SAT
P3808,20,6,6,CG(nc=5, r=6, tr=[(1, 4, 2), (0, 1, 3), (3, 0, 4), (4, 3, 5), (4, 2, 6), (2, 0, 7)]),CG(nc=4, r=6, tr=[(3, 2, 2), (3, 1, 3), (1, 2, 4), (2, 1, 5), (2, 0, 6), (1, 0, 7)]),2146,SAT
P3809,26,9,9,CG(nc=6, r=9, tr=[(5, 2, 0), (3, 2, 1), (4, 1, 2), (5, 1, 3), (5, 3, 4), (4, 3, 5), (1, 2, 6), (1, 0, 7), (0, 4, 3)]),CG(nc=7, r=9, tr=[(1, 2, 0), (3, 2, 1), (3, 6, 2), (1, 0, 3), (5, 0, 4), (0, 5, 5), (5, 4, 6), (5, 3, 7), (6, 4, 3)]),4810,SAT
P3810,22,7,7,CG(nc=6, r=7, tr=[(1, 0, 1), (0, 2, 2), (5, 2, 3), (0, 4, 4), (4, 5, 5), (5, 3, 6), (1, 3, 7)]),CG(nc=5, r=7, tr=[(1, 0, 1), (4, 3, 2), (3, 4, 3), (3, 1, 4), (3, 2, 5), (2, 0, 6), (0, 2, 7)]),2295,SAT
P3811,24,8,8,CG(nc=5, r=8, tr=[(4, 2, 1), (4, 3, 2), (3, 0, 3), (1, 2, 4), (1, 0, 5), (3, 0, 6), (2, 3, 7), (4, 2, 3)]),CG(nc=6, r=8, tr=[(1, 2, 1), (3, 4, 2), (1, 5, 3), (3, 0, 4), (0, 3, 5), (3, 1, 6), (5, 4, 7), (0, 2, 2)]),4338,SAT
P3814,24,8,8,CG(nc=7, r=8, tr=[(6, 2, 0), (3, 0, 1), (0, 4, 2), (4, 6, 3), (5, 6, 4), (0, 5, 5), (2, 1, 6), (1, 3, 7)]),CG(nc=4, r=8, tr=[(1, 0, 0), (1, 0, 1), (2, 1, 2), (2, 1, 3), (3, 2, 4), (2, 3, 5), (0, 1, 6), (0, 1, 7)]),2665,SAT
P3815,26,9,9,CG(nc=7, r=9, tr=[(1, 6, 0), (3, 4, 1), (4, 5, 2), (4, 6, 3), (2, 5, 4), (6, 2, 5), (1, 3, 6), (0, 4, 7), (5, 0, 3)]),CG(nc=6, r=9, tr=[(1, 2, 0), (3, 4, 1), (1, 5, 2), (0, 2, 3), (3, 5, 4), (5, 3, 5), (3, 2, 6), (3, 4, 7), (0, 4, 2)]),4818,SAT
P3816,24,8,8,CG(nc=5, r=8, tr=[(1, 0, 2), (1, 4, 3), (0, 3, 4), (2, 4, 5), (1, 2, 6), (1, 0, 7), (2, 4, 4), (4, 3, 5)]),CG(nc=6, r=8, tr=[(1, 2, 2), (3, 0, 3), (4, 5, 4), (4, 3, 5), (2, 3, 6), (1, 0, 7), (5, 2, 5), (2, 4, 4)]),6758,SAT
P3817,28,10,10,CG(nc=6, r=10, tr=[(0, 1, 0), (0, 2, 1), (3, 0, 2), (0, 1, 3), (4, 2, 4), (4, 1, 5), (5, 3, 6), (4, 3, 7), (5, 2, 5), (5, 3, 3)]),CG(nc=7, r=10, tr=[(0, 1, 0), (2, 3, 1), (1, 2, 2), (6, 3, 3), (5, 0, 4), (5, 1, 5), (3, 5, 6), (5, 4, 7), (4, 6, 2), (1, 3, 4)]),11855,SAT
P3818,20,6,6,CG(nc=5, r=6, tr=[(1, 0, 2), (1, 4, 3), (4, 3, 4), (3, 0, 5), (2, 0, 6), (3, 2, 7)]),CG(nc=4, r=6, tr=[(0, 1, 2), (1, 0, 3), (3, 1, 4), (3, 2, 5), (1, 2, 6), (1, 2, 7)]),2637,SAT
P3819,24,8,8,CG(nc=5, r=8, tr=[(4, 2, 1), (4, 3, 2), (4, 1, 3), (2, 1, 4), (0, 2, 5), (0, 3, 6), (3, 1, 7), (0, 3, 3)]),CG(nc=6, r=8, tr=[(0, 1, 1), (2, 5, 2), (4, 5, 3), (3, 1, 4), (3, 0, 5), (4, 3, 6), (2, 3, 7), (1, 2, 3)]),4089,SAT
P3822,12,4,4,CG(nc=4, r=4, tr=[(3, 2, 2), (2, 0, 3), (3, 1, 4), (0, 1, 5)]),CG(nc=3, r=4, tr=[(1, 2, 2), (1, 2, 3), (0, 1, 4), (0, 1, 5)]),2127,SAT
P3823,16,6,6,CG(nc=5, r=6, tr=[(4, 2, 2), (2, 0, 3), (0, 3, 4), (1, 4, 5), (3, 1, 2), (1, 3, 3)]),CG(nc=4, r=6, tr=[(1, 2, 2), (2, 3, 3), (3, 1, 4), (1, 3, 5), (0, 2, 2), (0, 1, 3)]),5748,SAT
P3824,20,6,6,CG(nc=5, r=6, tr=[(0, 1, 2), (1, 4, 3), (3, 1, 4), (0, 3, 5), (4, 2, 6), (0, 2, 7)]),CG(nc=5, r=6, tr=[(4, 2, 2), (4, 3, 3), (0, 1, 4), (0, 1, 5), (0, 3, 6), (2, 1, 7)]),2164,SAT
P3825,24,8,8,CG(nc=6, r=8, tr=[(1, 2, 0), (2, 1, 1), (3, 5, 2), (0, 3, 3), (5, 4, 4), (3, 4, 5), (1, 0, 6), (2, 5, 7)]),CG(nc=5, r=8, tr=[(1, 0, 0), (1, 2, 1), (4, 3, 2), (2, 4, 3), (3, 2, 4), (2, 3, 5), (2, 0, 6), (0, 2, 7)]),2262,SAT
P3826,22,7,7,CG(nc=5, r=7, tr=[(1, 2, 1), (3, 4, 2), (3, 0, 3), (1, 2, 4), (4, 2, 5), (1, 0, 6), (2, 4, 7)]),CG(nc=6, r=7, tr=[(0, 1, 1), (5, 3, 2), (0, 4, 3), (3, 1, 4), (2, 0, 5), (5, 4, 6), (2, 3, 7)]),2198,SAT
P3827,22,7,7,CG(nc=6, r=7, tr=[(0, 1, 1), (0, 2, 2), (2, 5, 3), (4, 2, 4), (0, 4, 5), (1, 3, 6), (3, 5, 7)]),CG(nc=4, r=7, tr=[(1, 0, 1), (1, 2, 2), (3, 1, 3), (3, 2, 4), (2, 3, 5), (0, 1, 6), (0, 1, 7)]),2354,SAT
P3830,24,8,8,CG(nc=7, r=8, tr=[(1, 6, 0), (3, 4, 1), (5, 6, 2), (0, 5, 3), (2, 3, 4), (2, 6, 5), (3, 0, 6), (4, 1, 7)]),CG(nc=5, r=8, tr=[(4, 2, 0), (2, 4, 1), (2, 3, 2), (4, 1, 3), (3, 0, 4), (0, 3, 5), (0, 1, 6), (4, 2, 7)]),2243,SAT
P3831,24,8,8,CG(nc=7, r=8, tr=[(1, 2, 0), (3, 2, 1), (4, 0, 2), (6, 4, 3), (5, 4, 4), (5, 0, 5), (6, 3, 6), (1, 0, 7)]),CG(nc=5, r=8, tr=[(1, 4, 0), (4, 1, 1), (3, 2, 2), (0, 1, 3), (4, 2, 4), (4, 2, 5), (4, 1, 6), (3, 0, 7)]),2393,SAT
P3832,22,7,7,CG(nc=5, r=7, tr=[(4, 2, 2), (0, 2, 3), (3, 4, 4), (2, 3, 5), (0, 1, 6), (1, 3, 7), (4, 2, 7)]),CG(nc=5, r=7, tr=[(1, 2, 2), (3, 4, 3), (1, 3, 4), (0, 1, 5), (3, 0, 6), (2, 4, 7), (0, 3, 7)]),3662,SAT
P3833,26,9,9,CG(nc=6, r=9, tr=[(1, 2, 0), (3, 1, 1), (5, 4, 2), (0, 4, 3), (4, 3, 4), (3, 5, 5), (0, 1, 6), (5, 4, 7), (2, 3, 7)]),CG(nc=6, r=9, tr=[(1, 2, 0), (5, 1, 1), (4, 3, 2), (2, 0, 3), (3, 1, 4), (3, 5, 5), (2, 5, 6), (0, 4, 7), (2, 1, 5)]),4857,SAT
P3834,20,6,6,CG(nc=4, r=6, tr=[(1, 0, 2), (1, 3, 3), (1, 2, 4), (0, 2, 5), (1, 3, 6), (0, 2, 7)]),CG(nc=4, r=6, tr=[(1, 3, 2), (3, 1, 3), (1, 0, 4), (1, 2, 5), (0, 1, 6), (0, 2, 7)]),2346,SAT
P3835,22,7,7,CG(nc=6, r=7, tr=[(1, 5, 1), (0, 3, 2), (5, 3, 3), (4, 0, 4), (3, 4, 5), (4, 2, 6), (1, 2, 7)]),CG(nc=5, r=7, tr=[(1, 0, 1), (4, 3, 2), (1, 4, 3), (3, 0, 4), (2, 0, 5), (1, 0, 6), (2, 3, 7)]),1920,SAT
P3838,16,5,5,CG(nc=5, r=5, tr=[(1, 4, 2), (0, 1, 3), (0, 3, 4), (2, 4, 5), (3, 2, 6)]),CG(nc=4, r=5, tr=[(1, 0, 2), (3, 2, 3), (3, 1, 4), (3, 1, 5), (0, 2, 6)]),1952,SAT
P3839,12,4,4,CG(nc=4, r=4, tr=[(3, 2, 2), (2, 0, 3), (3, 1, 4), (2, 1, 5)]),CG(nc=3, r=4, tr=[(2, 1, 2), (0, 2, 3), (1, 0, 4), (1, 0, 5)]),2242,SAT
P10368,24,8,8,CG(nc=5, r=8, tr=[(1, 2, 1), (2, 4, 2), (0, 1, 3), (4, 0, 4), (1, 3, 5), (4, 3, 6), (1, 2, 7), (3, 0, 7)]),CG(nc=7, r=8, tr=[(1, 2, 1), (6, 4, 2), (5, 1, 3), (3, 0, 4), (5, 3, 5), (1, 6, 6), (5, 4, 7), (3, 2, 7)]),3272,SAT
P10369,28,10,10,CG(nc=6, r=10, tr=[(1, 2, 0), (3, 4, 1), (0, 4, 2), (5, 3, 3), (3, 0, 4), (4, 2, 5), (1, 0, 6), (2, 5, 7), (4, 5, 6), (4, 2, 4)]),CG(nc=7, r=10, tr=[(6, 2, 0), (2, 3, 1), (0, 4, 2), (3, 4, 3), (3, 0, 4), (2, 6, 5), (5, 2, 6), (5, 1, 7), (5, 4, 5), (6, 1, 4)]),11030,SAT
P10370,26,9,9,CG(nc=5, r=9, tr=[(1, 4, 1), (3, 2, 2), (4, 3, 3), (4, 0, 4), (2, 4, 5), (3, 1, 6), (3, 0, 7), (0, 2, 1), (0, 1, 5)]),CG(nc=6, r=9, tr=[(1, 0, 1), (2, 3, 2), (5, 3, 3), (2, 1, 4), (1, 5, 5), (2, 4, 6), (5, 4, 7), (0, 4, 3), (0, 3, 7)]),6756,SAT
P10371,26,9,9,CG(nc=6, r=9, tr=[(1, 2, 1), (0, 3, 2), (3, 2, 3), (5, 3, 4), (4, 3, 5), (5, 4, 6), (1, 4, 7), (5, 1, 2), (2, 0, 6)]),CG(nc=6, r=9, tr=[(0, 1, 1), (5, 3, 2), (3, 1, 3), (0, 4, 4), (1, 5, 5), (3, 4, 6), (2, 3, 7), (2, 5, 1), (2, 4, 5)]),6319,SAT
P10372,28,10,10,CG(nc=6, r=10, tr=[(1, 2, 0), (3, 0, 1), (4, 1, 2), (2, 3, 3), (0, 4, 4), (3, 5, 5), (0, 2, 6), (0, 3, 7), (5, 4, 3), (1, 5, 7)]),CG(nc=7, r=10, tr=[(0, 1, 0), (6, 3, 1), (4, 5, 2), (4, 1, 3), (1, 5, 4), (3, 0, 5), (4, 0, 6), (3, 2, 7), (2, 4, 4), (6, 5, 5)]),11189,SAT
P10373,28,10,10,CG(nc=6, r=10, tr=[(1, 2, 0), (2, 0, 1), (2, 3, 2), (4, 0, 3), (3, 4, 4), (5, 1, 5), (1, 4, 6), (4, 5, 7), (0, 2, 7), (3, 5, 3)]),CG(nc=7, r=10, tr=[(1, 2, 0), (3, 4, 1), (0, 2, 2), (6, 1, 3), (4, 2, 4), (5, 4, 5), (2, 6, 6), (5, 6, 7), (0, 5, 3), (3, 0, 7)]),9354,SAT
P10374,30,11,11,CG(nc=7, r=11, tr=[(1, 2, 0), (3, 6, 1), (1, 5, 2), (1, 6, 3), (4, 1, 4), (6, 5, 5), (5, 4, 6), (1, 0, 7), (3, 4, 2), (4, 0, 3), (3, 2, 6)]),CG(nc=7, r=11, tr=[(1, 2, 0), (0, 3, 1), (1, 4, 2), (3, 4, 3), (0, 5, 4), (6, 3, 5), (5, 4, 6), (2, 4, 7), (1, 2, 1), (2, 0, 5), (1, 6, 4)]),3223534,SAT
P10375,28,10,10,CG(nc=7, r=10, tr=[(1, 2, 0), (3, 6, 1), (0, 5, 2), (4, 1, 3), (4, 3, 4), (6, 4, 5), (0, 1, 6), (3, 2, 7), (4, 5, 7), (3, 5, 3)]),CG(nc=6, r=10, tr=[(1, 0, 0), (0, 2, 1), (0, 3, 2), (4, 2, 3), (5, 1, 4), (2, 1, 5), (3, 1, 6), (2, 3, 7), (0, 4, 6), (5, 4, 2)]),13576,SAT
P10376,22,7,7,CG(nc=5, r=7, tr=[(1, 4, 1), (0, 3, 2), (3, 1, 3), (4, 0, 4), (4, 2, 5), (2, 0, 6), (3, 2, 7)]),CG(nc=5, r=7, tr=[(0, 1, 1), (0, 2, 2), (0, 2, 3), (1, 2, 4), (1, 4, 5), (3, 4, 6), (2, 3, 7)]),1571,SAT
P10377,26,9,9,CG(nc=5, r=9, tr=[(1, 0, 0), (2, 0, 1), (2, 3, 2), (4, 3, 3), (2, 4, 4), (4, 2, 5), (2, 1, 6), (1, 2, 7), (0, 3, 4)]),CG(nc=6, r=9, tr=[(5, 2, 0), (3, 4, 1), (0, 3, 2), (4, 2, 3), (0, 4, 4), (2, 5, 5), (1, 3, 6), (5, 1, 7), (2, 3, 4)]),3163,SAT
P10378,24,8,8,CG(nc=5, r=8, tr=[(1, 2, 1), (2, 4, 2), (4, 3, 3), (0, 4, 4), (3, 2, 5), (2, 0, 6), (0, 3, 7), (1, 0, 3)]),CG(nc=5, r=8, tr=[(1, 4, 1), (3, 4, 2), (2, 3, 3), (2, 0, 4), (2, 1, 5), (2, 3, 6), (1, 3, 7), (4, 1, 3)]),3550,SAT
P10379,26,9,9,CG(nc=6, r=9, tr=[(1, 2, 1), (0, 1, 2), (3, 2, 3), (1, 5, 4), (1, 4, 5), (0, 2, 6), (5, 4, 7), (3, 5, 2), (3, 5, 5)]),CG(nc=6, r=9, tr=[(1, 2, 1), (3, 5, 2), (1, 0, 3), (2, 0, 4), (3, 2, 5), (5, 4, 6), (1, 4, 7), (3, 4, 3), (2, 4, 2)]),6150,SAT
P10380,26,9,9,CG(nc=6, r=9, tr=[(1, 5, 1), (3, 4, 2), (0, 3, 3), (0, 4, 4), (2, 5, 5), (2, 0, 6), (0, 2, 7), (5, 3, 4), (4, 1, 2)]),CG(nc=6, r=9, tr=[(1, 5, 1), (5, 3, 2), (5, 4, 3), (4, 1, 4), (1, 0, 5), (4, 2, 6), (2, 0, 7), (4, 1, 2), (3, 4, 4)]),9047,SAT
P10381,26,9,9,CG(nc=5, r=9, tr=[(0, 1, 0), (2, 1, 1), (2, 3, 2), (0, 1, 3), (4, 1, 4), (2, 4, 5), (1, 2, 6), (0, 3, 7), (4, 3, 3)]),CG(nc=6, r=9, tr=[(1, 2, 0), (5, 4, 1), (2, 5, 2), (1, 0, 3), (4, 3, 4), (4, 0, 5), (0, 2, 6), (3, 2, 7), (3, 5, 3)]),3290,SAT
P10382,26,9,9,CG(nc=6, r=9, tr=[(1, 2, 1), (5, 1, 2), (4, 2, 3), (1, 0, 4), (0, 2, 5), (5, 4, 6), (3, 1, 7), (0, 4, 2), (4, 3, 5)]),CG(nc=6, r=9, tr=[(1, 5, 1), (5, 3, 2), (5, 1, 3), (4, 3, 4), (2, 1, 5), (3, 0, 6), (1, 4, 7), (2, 0, 2), (4, 2, 3)]),7747,SAT
P10383,24,8,8,CG(nc=6, r=8, tr=[(0, 1, 1), (2, 5, 2), (4, 5, 3), (3, 1, 4), (3, 0, 5), (4, 3, 6), (2, 3, 7), (1, 2, 3)]),CG(nc=5, r=8, tr=[(4, 2, 1), (4, 3, 2), (4, 1, 3), (2, 1, 4), (0, 2, 5), (0, 3, 6), (3, 1, 7), (0, 3, 3)]),3362,SAT
P10388,28,10,10,CG(nc=5, r=10, tr=[(0, 1, 0), (2, 3, 1), (2, 0, 2), (3, 4, 3), (1, 4, 4), (2, 0, 5), (4, 2, 6), (1, 3, 7), (4, 3, 5), (0, 1, 3)]),CG(nc=8, r=10, tr=[(1, 2, 0), (3, 1, 1), (4, 7, 2), (0, 2, 3), (1, 6, 4), (5, 3, 5), (7, 3, 6), (6, 0, 7), (4, 1, 5), (5, 2, 4)]),11391,SAT
P10389,28,10,10,CG(nc=7, r=10, tr=[(1, 0, 0), (2, 3, 1), (3, 4, 2), (0, 4, 3), (2, 0, 4), (5, 6, 5), (4, 5, 6), (1, 5, 7), (6, 4, 7), (2, 6, 3)]),CG(nc=7, r=10, tr=[(1, 6, 0), (3, 0, 1), (3, 0, 2), (0, 4, 3), (5, 6, 4), (2, 4, 5), (5, 2, 6), (4, 5, 7), (1, 3, 3), (2, 3, 7)]),10989,SAT
P10390,30,11,11,CG(nc=7, r=11, tr=[(1, 0, 0), (2, 3, 1), (4, 2, 2), (0, 3, 3), (0, 4, 4), (5, 3, 5), (4, 5, 6), (6, 3, 7), (5, 1, 2), (4, 6, 3), (2, 1, 6)]),CG(nc=7, r=11, tr=[(1, 2, 0), (3, 0, 1), (2, 0, 2), (1, 3, 3), (2, 4, 4), (0, 5, 5), (6, 2, 6), (4, 3, 7), (4, 5, 3), (5, 6, 1), (6, 3, 5)]),3120340,SAT
P10391,30,11,11,CG(nc=7, r=11, tr=[(6, 2, 0), (3, 4, 1), (4, 5, 2), (0, 3, 3), (3, 6, 4), (2, 4, 5), (3, 4, 6), (0, 5, 7), (1, 2, 1), (5, 1, 3), (5, 1, 6)]),CG(nc=8, r=11, tr=[(1, 2, 0), (2, 3, 1), (0, 4, 2), (5, 6, 3), (5, 7, 4), (4, 2, 5), (3, 0, 6), (5, 2, 7), (4, 1, 1), (3, 6, 5), (1, 7, 3)]),3268786,SAT
P10392,26,9,9,CG(nc=6, r=9, tr=[(1, 5, 0), (3, 4, 1), (1, 4, 2), (3, 0, 3), (3, 5, 4), (1, 2, 5), (2, 3, 6), (0, 2, 7), (0, 4, 4)]),CG(nc=6, r=9, tr=[(1, 2, 0), (0, 3, 1), (4, 0, 2), (4, 0, 3), (3, 4, 4), (3, 5, 5), (4, 1, 6), (1, 5, 7), (5, 2, 1)]),4646,SAT
P10393,26,9,9,CG(nc=6, r=9, tr=[(0, 1, 0), (2, 3, 1), (1, 4, 2), (2, 5, 3), (2, 0, 4), (1, 3, 5), (3, 5, 6), (3, 5, 7), (4, 3, 3)]),CG(nc=7, r=9, tr=[(1, 2, 0), (6, 1, 1), (6, 4, 2), (0, 2, 3), (0, 5, 4), (5, 4, 5), (5, 3, 6), (1, 3, 7), (4, 6, 3)]),5553,SAT
P10394,28,10,10,CG(nc=7, r=10, tr=[(1, 6, 0), (0, 3, 1), (4, 1, 2), (5, 2, 3), (5, 4, 4), (0, 2, 5), (6, 5, 6), (4, 2, 7), (3, 6, 4), (4, 3, 3)]),CG(nc=7, r=10, tr=[(1, 2, 0), (2, 3, 1), (4, 1, 2), (5, 2, 3), (0, 5, 4), (1, 5, 5), (3, 0, 6), (4, 6, 7), (6, 1, 3), (4, 2, 4)]),12890,SAT
P10395,28,10,10,CG(nc=7, r=10, tr=[(1, 2, 0), (2, 3, 1), (3, 0, 2), (4, 2, 3), (4, 0, 4), (2, 6, 5), (5, 0, 6), (3, 1, 7), (4, 5, 5), (4, 6, 1)]),CG(nc=6, r=10, tr=[(5, 2, 0), (3, 4, 1), (5, 3, 2), (0, 4, 3), (0, 2, 4), (1, 5, 5), (2, 3, 6), (1, 5, 7), (3, 2, 5), (1, 4, 4)]),10977,SAT
P10396,26,9,9,CG(nc=6, r=9, tr=[(1, 2, 0), (3, 2, 1), (2, 4, 2), (3, 0, 3), (3, 5, 4), (5, 1, 5), (1, 0, 6), (0, 4, 7), (5, 4, 3)]),CG(nc=6, r=9, tr=[(1, 2, 0), (3, 0, 1), (2, 0, 2), (1, 3, 3), (0, 1, 4), (3, 5, 5), (2, 5, 6), (4, 3, 7), (4, 2, 4)]),4293,SAT
P10397,26,9,9,CG(nc=6, r=9, tr=[(1, 0, 0), (2, 1, 1), (3, 2, 2), (3, 5, 3), (3, 0, 4), (4, 5, 5), (1, 4, 6), (4, 1, 7), (5, 1, 4)]),CG(nc=6, r=9, tr=[(0, 1, 0), (2, 1, 1), (1, 2, 2), (2, 5, 3), (0, 4, 4), (4, 2, 5), (3, 0, 6), (2, 3, 7), (1, 5, 4)]),4095,SAT
P10398,28,10,10,CG(nc=6, r=10, tr=[(1, 2, 0), (0, 3, 1), (3, 2, 2), (1, 5, 3), (0, 1, 4), (5, 3, 5), (2, 4, 6), (1, 0, 7), (0, 4, 5), (2, 5, 4)]),CG(nc=6, r=10, tr=[(5, 2, 0), (3, 4, 1), (2, 1, 2), (5, 1, 3), (2, 0, 4), (1, 4, 5), (4, 2, 6), (3, 5, 7), (4, 3, 2), (3, 0, 3)]),12947,SAT
P10399,26,9,9,CG(nc=6, r=9, tr=[(1, 2, 0), (1, 3, 1), (1, 5, 2), (3, 0, 3), (4, 3, 4), (4, 2, 5), (2, 0, 6), (4, 0, 7), (5, 4, 3)]),CG(nc=6, r=9, tr=[(0, 1, 0), (2, 3, 1), (4, 2, 2), (4, 0, 3), (1, 5, 4), (1, 4, 5), (1, 3, 6), (2, 0, 7), (5, 2, 3)]),4814,SAT
P10408,18,6,6,CG(nc=4, r=6, tr=[(1, 2, 1), (1, 3, 2), (0, 2, 3), (0, 3, 4), (3, 1, 5), (0, 1, 6)]),CG(nc=5, r=6, tr=[(1, 4, 1), (3, 4, 2), (1, 4, 3), (0, 2, 4), (2, 3, 5), (2, 1, 6)]),2061,SAT
P10409,22,8,8,CG(nc=6, r=8, tr=[(1, 5, 0), (3, 4, 1), (5, 3, 2), (0, 4, 3), (3, 0, 4), (2, 0, 5), (2, 1, 6), (5, 4, 4)]),CG(nc=5, r=8, tr=[(0, 1, 0), (4, 3, 1), (3, 2, 2), (1, 2, 3), (1, 3, 4), (0, 1, 5), (1, 0, 6), (4, 2, 4)]),4022,SAT
P10410,18,6,6,CG(nc=5, r=6, tr=[(1, 2, 1), (0, 2, 2), (4, 1, 3), (4, 0, 4), (1, 3, 5), (0, 3, 6)]),CG(nc=5, r=6, tr=[(0, 1, 1), (0, 2, 2), (3, 0, 3), (4, 3, 4), (2, 3, 5), (1, 3, 6)]),2083,SAT
P10411,20,7,7,CG(nc=4, r=7, tr=[(0, 1, 1), (2, 3, 2), (2, 1, 3), (1, 3, 4), (1, 3, 5), (0, 2, 6), (2, 0, 4)]),CG(nc=5, r=7, tr=[(1, 2, 1), (3, 4, 2), (1, 4, 3), (1, 0, 4), (3, 1, 5), (4, 2, 6), (2, 0, 2)]),4357,SAT
P10412,20,7,7,CG(nc=5, r=7, tr=[(1, 2, 1), (1, 4, 2), (2, 0, 3), (3, 1, 4), (3, 0, 5), (3, 4, 6), (0, 3, 2)]),CG(nc=5, r=7, tr=[(4, 2, 1), (3, 2, 2), (4, 2, 3), (2, 1, 4), (3, 0, 5), (0, 1, 6), (4, 1, 2)]),3654,SAT
P10413,22,8,8,CG(nc=5, r=8, tr=[(4, 2, 0), (2, 3, 1), (0, 1, 2), (3, 1, 3), (4, 1, 4), (0, 3, 5), (2, 3, 6), (3, 0, 4)]),CG(nc=5, r=8, tr=[(1, 4, 0), (1, 3, 1), (2, 1, 2), (2, 0, 3), (0, 1, 4), (3, 4, 5), (3, 4, 6), (2, 3, 4)]),4557,SAT
P10414,22,8,8,CG(nc=5, r=8, tr=[(1, 2, 1), (4, 3, 2), (0, 1, 3), (3, 0, 4), (3, 4, 5), (2, 1, 6), (2, 3, 3), (4, 1, 4)]),CG(nc=6, r=8, tr=[(1, 0, 1), (2, 3, 2), (1, 2, 3), (3, 5, 4), (2, 0, 5), (1, 3, 6), (4, 1, 5), (5, 4, 2)]),6829,SAT
P10415,20,7,7,CG(nc=5, r=7, tr=[(1, 2, 1), (0, 2, 2), (1, 3, 3), (2, 4, 4), (4, 1, 5), (3, 0, 6), (3, 4, 2)]),CG(nc=5, r=7, tr=[(1, 2, 1), (0, 2, 2), (2, 3, 3), (1, 0, 4), (1, 3, 5), (2, 4, 6), (3, 4, 2)]),4001,SAT
P10428,22,8,8,CG(nc=6, r=8, tr=[(1, 2, 1), (2, 3, 2), (3, 0, 3), (0, 1, 4), (0, 4, 5), (4, 5, 6), (5, 3, 4), (1, 5, 3)]),CG(nc=6, r=8, tr=[(0, 1, 1), (2, 3, 2), (2, 5, 3), (4, 3, 4), (3, 0, 5), (1, 2, 6), (2, 5, 4), (4, 5, 3)]),6991,SAT
P10429,22,8,8,CG(nc=6, r=8, tr=[(5, 2, 0), (3, 0, 1), (3, 4, 2), (2, 4, 3), (0, 2, 4), (0, 1, 5), (2, 1, 6), (4, 5, 4)]),CG(nc=5, r=8, tr=[(1, 0, 0), (4, 3, 1), (4, 3, 2), (1, 3, 3), (2, 3, 4), (0, 2, 5), (2, 0, 6), (4, 1, 4)]),4128,SAT
P10430,22,8,8,CG(nc=5, r=8, tr=[(1, 0, 1), (4, 3, 2), (3, 1, 3), (0, 2, 4), (4, 1, 5), (3, 0, 6), (1, 3, 4), (4, 2, 3)]),CG(nc=5, r=8, tr=[(1, 2, 1), (2, 1, 2), (2, 0, 3), (3, 2, 4), (4, 1, 5), (1, 4, 6), (0, 3, 4), (3, 4, 3)]),6076,SAT
P10431,22,8,8,CG(nc=6, r=8, tr=[(0, 1, 1), (2, 5, 2), (4, 0, 3), (2, 1, 4), (3, 4, 5), (5, 3, 6), (4, 5, 4), (2, 1, 3)]),CG(nc=5, r=8, tr=[(4, 2, 1), (2, 4, 2), (0, 2, 3), (3, 0, 4), (0, 1, 5), (0, 1, 6), (3, 4, 3), (2, 1, 4)]),7378,SAT
P10432,24,8,8,CG(nc=5, r=8, tr=[(4, 2, 1), (3, 0, 2), (3, 2, 3), (1, 2, 4), (1, 4, 5), (0, 1, 6), (2, 1, 7), (0, 2, 5)]),CG(nc=7, r=8, tr=[(6, 2, 1), (3, 4, 2), (0, 5, 3), (0, 1, 4), (3, 6, 5), (5, 3, 6), (1, 4, 7), (4, 2, 6)]),4550,SAT
P10433,26,9,9,CG(nc=6, r=9, tr=[(1, 5, 0), (3, 4, 1), (5, 4, 2), (3, 0, 3), (3, 5, 4), (2, 4, 5), (4, 0, 6), (0, 2, 7), (1, 2, 6)]),CG(nc=6, r=9, tr=[(5, 2, 0), (3, 4, 1), (2, 3, 2), (4, 0, 3), (0, 3, 4), (5, 1, 5), (2, 5, 6), (1, 2, 7), (4, 1, 6)]),4411,SAT
P10434,26,9,9,CG(nc=6, r=9, tr=[(1, 2, 1), (3, 1, 2), (2, 5, 3), (5, 3, 4), (4, 3, 5), (4, 2, 6), (4, 0, 7), (5, 1, 7), (3, 0, 3)]),CG(nc=6, r=9, tr=[(1, 2, 1), (3, 5, 2), (1, 3, 3), (2, 0, 4), (1, 5, 5), (0, 3, 6), (1, 4, 7), (4, 2, 2), (5, 4, 6)]),7903,SAT
P10435,26,9,9,CG(nc=6, r=9, tr=[(1, 2, 1), (3, 0, 2), (4, 5, 3), (2, 5, 4), (3, 2, 5), (0, 1, 6), (5, 2, 7), (4, 1, 5), (3, 4, 1)]),CG(nc=7, r=9, tr=[(1, 2, 1), (6, 4, 2), (2, 4, 3), (5, 3, 4), (5, 4, 5), (6, 2, 6), (1, 3, 7), (1, 0, 2), (0, 5, 6)]),7750,SAT
P10436,26,9,9,CG(nc=6, r=9, tr=[(1, 2, 0), (2, 3, 1), (3, 0, 2), (5, 2, 3), (4, 3, 4), (5, 4, 5), (5, 1, 6), (4, 3, 7), (0, 4, 6)]),CG(nc=6, r=9, tr=[(1, 0, 0), (2, 5, 1), (5, 4, 2), (3, 5, 3), (1, 4, 4), (1, 3, 5), (1, 0, 6), (4, 2, 7), (3, 0, 7)]),5563,SAT
P10437,26,9,9,CG(nc=6, r=9, tr=[(5, 2, 0), (2, 3, 1), (4, 3, 2), (4, 0, 3), (5, 4, 4), (2, 1, 5), (3, 1, 6), (0, 1, 7), (0, 3, 5)]),CG(nc=7, r=9, tr=[(1, 2, 0), (3, 4, 1), (6, 1, 2), (2, 0, 3), (5, 0, 4), (1, 4, 5), (3, 6, 6), (4, 5, 7), (3, 2, 5)]),5615,SAT
P10438,28,10,10,CG(nc=7, r=10, tr=[(1, 2, 0), (3, 4, 1), (0, 4, 2), (3, 6, 3), (1, 4, 4), (4, 5, 5), (1, 0, 6), (6, 5, 7), (3, 1, 5), (2, 5, 1)]),CG(nc=6, r=10, tr=[(1, 2, 0), (3, 5, 1), (1, 4, 2), (4, 3, 3), (1, 0, 4), (0, 3, 5), (4, 5, 6), (4, 2, 7), (2, 1, 1), (2, 5, 5)]),11154,SAT
P10439,28,10,10,CG(nc=6, r=10, tr=[(1, 5, 0), (3, 0, 1), (4, 3, 2), (5, 4, 3), (4, 0, 4), (5, 3, 5), (2, 3, 6), (1, 2, 7), (0, 2, 3), (4, 0, 7)]),CG(nc=6, r=10, tr=[(1, 2, 0), (3, 1, 1), (1, 4, 2), (4, 5, 3), (3, 0, 4), (5, 1, 5), (1, 2, 6), (5, 2, 7), (4, 3, 7), (2, 0, 3)]),9959,SAT
P10440,22,7,7,CG(nc=5, r=7, tr=[(1, 2, 1), (4, 2, 2), (0, 1, 3), (1, 4, 4), (4, 3, 5), (1, 3, 6), (0, 3, 7)]),CG(nc=5, r=7, tr=[(1, 0, 1), (0, 1, 2), (2, 0, 3), (1, 3, 4), (4, 3, 5), (3, 2, 6), (4, 2, 7)]),2559,SAT
P10441,26,9,9,CG(nc=6, r=9, tr=[(1, 5, 0), (3, 4, 1), (4, 5, 2), (3, 0, 3), (1, 0, 4), (0, 2, 5), (2, 1, 6), (2, 4, 7), (3, 5, 4)]),CG(nc=7, r=9, tr=[(0, 1, 0), (2, 3, 1), (2, 4, 2), (6, 4, 3), (5, 0, 4), (4, 5, 5), (5, 3, 6), (2, 6, 7), (3, 1, 3)]),6332,SAT
P10442,26,9,9,CG(nc=6, r=9, tr=[(5, 2, 1), (3, 2, 2), (4, 1, 3), (4, 2, 4), (0, 3, 5), (0, 4, 6), (1, 2, 7), (5, 1, 5), (3, 0, 3)]),CG(nc=7, r=9, tr=[(1, 2, 1), (3, 0, 2), (4, 6, 3), (6, 5, 4), (5, 3, 5), (0, 1, 6), (2, 5, 7), (5, 3, 3), (4, 1, 5)]),8688,SAT
P10443,24,8,8,CG(nc=5, r=8, tr=[(1, 2, 1), (2, 4, 2), (4, 3, 3), (4, 1, 4), (3, 2, 5), (2, 0, 6), (3, 0, 7), (0, 1, 3)]),CG(nc=6, r=8, tr=[(1, 2, 1), (3, 1, 2), (0, 2, 3), (1, 0, 4), (4, 3, 5), (2, 4, 6), (5, 4, 7), (5, 3, 3)]),6319,SAT
P10444,22,7,7,CG(nc=5, r=7, tr=[(1, 4, 1), (3, 0, 2), (3, 1, 3), (2, 3, 4), (2, 4, 5), (0, 2, 6), (0, 2, 7)]),CG(nc=5, r=7, tr=[(1, 2, 1), (1, 2, 2), (2, 0, 3), (1, 0, 4), (2, 4, 5), (4, 3, 6), (2, 3, 7)]),2788,SAT
P10445,24,8,8,CG(nc=5, r=8, tr=[(1, 2, 0), (2, 0, 1), (3, 2, 2), (3, 4, 3), (3, 0, 4), (4, 2, 5), (0, 1, 6), (0, 1, 7)]),CG(nc=5, r=8, tr=[(4, 2, 0), (3, 1, 1), (3, 2, 2), (0, 1, 3), (3, 0, 4), (4, 1, 5), (4, 2, 6), (2, 1, 7)]),3418,SAT
P10446,24,8,8,CG(nc=5, r=8, tr=[(1, 0, 1), (2, 1, 2), (3, 0, 3), (3, 2, 4), (4, 1, 5), (1, 3, 6), (0, 2, 7), (4, 2, 3)]),CG(nc=6, r=8, tr=[(1, 2, 1), (1, 3, 2), (4, 5, 3), (4, 1, 4), (3, 5, 5), (5, 2, 6), (4, 0, 7), (3, 0, 3)]),5979,SAT
P10447,24,8,8,CG(nc=6, r=8, tr=[(0, 1, 1), (2, 5, 2), (5, 4, 3), (2, 3, 4), (0, 3, 5), (3, 4, 6), (3, 2, 7), (2, 1, 3)]),CG(nc=6, r=8, tr=[(1, 0, 1), (2, 0, 2), (3, 0, 3), (4, 2, 4), (4, 3, 5), (4, 5, 6), (1, 2, 7), (3, 5, 2)]),6036,SAT
P10452,26,9,9,CG(nc=5, r=9, tr=[(1, 2, 0), (3, 1, 1), (3, 4, 2), (0, 2, 3), (2, 4, 4), (3, 4, 5), (0, 3, 6), (4, 2, 7), (0, 1, 5)]),CG(nc=6, r=9, tr=[(5, 2, 0), (3, 4, 1), (1, 2, 2), (4, 0, 3), (2, 0, 4), (1, 4, 5), (5, 1, 6), (5, 4, 7), (2, 3, 6)]),6666,SAT
P10453,26,9,9,CG(nc=5, r=9, tr=[(1, 0, 0), (2, 4, 1), (3, 2, 2), (3, 0, 3), (3, 4, 4), (2, 1, 5), (4, 2, 6), (4, 3, 7), (1, 3, 6)]),CG(nc=7, r=9, tr=[(6, 2, 0), (3, 4, 1), (5, 4, 2), (2, 0, 3), (0, 1, 4), (6, 5, 5), (5, 2, 6), (1, 4, 7), (3, 6, 6)]),5434,SAT
P10454,30,11,11,CG(nc=7, r=11, tr=[(1, 0, 0), (1, 2, 1), (2, 3, 2), (6, 3, 3), (3, 0, 4), (3, 2, 5), (2, 5, 6), (5, 6, 7), (4, 1, 2), (1, 5, 3), (5, 4, 5)]),CG(nc=7, r=11, tr=[(1, 0, 0), (2, 3, 1), (4, 1, 2), (6, 2, 3), (1, 6, 4), (2, 4, 5), (1, 3, 6), (2, 0, 7), (4, 5, 3), (4, 0, 6), (0, 5, 1)]),3187499,SAT
P10455,28,10,10,CG(nc=6, r=10, tr=[(1, 2, 0), (3, 5, 1), (2, 5, 2), (4, 1, 3), (3, 1, 4), (3, 0, 5), (2, 0, 6), (3, 1, 7), (4, 0, 1), (4, 5, 5)]),CG(nc=7, r=10, tr=[(6, 2, 0), (3, 6, 1), (4, 5, 2), (0, 2, 3), (0, 1, 4), (4, 6, 5), (2, 4, 6), (5, 1, 7), (3, 2, 2), (5, 3, 6)]),9217,SAT
P10456,24,8,8,CG(nc=6, r=8, tr=[(1, 0, 0), (2, 3, 1), (2, 0, 2), (5, 3, 3), (0, 3, 4), (4, 1, 5), (4, 3, 6), (5, 4, 7)]),CG(nc=5, r=8, tr=[(1, 4, 0), (1, 3, 1), (1, 3, 2), (0, 2, 3), (0, 1, 4), (3, 4, 5), (3, 2, 6), (4, 2, 7)]),1893,SAT
P10457,26,9,9,CG(nc=6, r=9, tr=[(1, 2, 0), (3, 4, 1), (5, 3, 2), (4, 0, 3), (4, 5, 4), (5, 1, 5), (0, 3, 6), (0, 2, 7), (2, 0, 6)]),CG(nc=5, r=9, tr=[(1, 4, 0), (0, 3, 1), (0, 2, 2), (3, 1, 3), (2, 3, 4), (4, 3, 5), (1, 2, 6), (4, 1, 7), (2, 0, 3)]),3806,SAT
P10458,28,10,10,CG(nc=7, r=10, tr=[(1, 0, 0), (2, 3, 1), (4, 1, 2), (6, 2, 3), (2, 0, 4), (5, 4, 5), (2, 5, 6), (5, 6, 7), (4, 0, 3), (1, 3, 2)]),CG(nc=6, r=10, tr=[(1, 2, 0), (5, 4, 1), (1, 5, 2), (0, 3, 3), (2, 4, 4), (0, 4, 5), (0, 1, 6), (2, 1, 7), (2, 5, 3), (3, 1, 4)]),10823,SAT
P10459,26,9,9,CG(nc=6, r=9, tr=[(1, 2, 0), (5, 4, 1), (1, 4, 2), (0, 1, 3), (3, 0, 4), (0, 4, 5), (3, 4, 6), (5, 2, 7), (5, 3, 3)]),CG(nc=6, r=9, tr=[(0, 1, 0), (2, 3, 1), (4, 3, 2), (2, 5, 3), (5, 1, 4), (4, 1, 5), (1, 2, 6), (0, 3, 7), (4, 0, 3)]),3484,SAT
P10460,24,8,8,CG(nc=6, r=8, tr=[(5, 2, 0), (3, 0, 1), (4, 3, 2), (4, 5, 3), (0, 4, 4), (0, 1, 5), (5, 1, 6), (2, 1, 7)]),CG(nc=5, r=8, tr=[(1, 0, 0), (4, 3, 1), (4, 3, 2), (2, 4, 3), (2, 3, 4), (2, 0, 5), (2, 1, 6), (1, 0, 7)]),1867,SAT
P10461,24,8,8,CG(nc=6, r=8, tr=[(1, 0, 0), (2, 3, 1), (1, 2, 2), (3, 5, 3), (0, 3, 4), (4, 1, 5), (4, 5, 6), (5, 4, 7)]),CG(nc=6, r=8, tr=[(0, 1, 0), (2, 3, 1), (3, 1, 2), (1, 5, 3), (3, 5, 4), (0, 1, 5), (4, 0, 6), (4, 2, 7)]),1950,SAT
P10462,26,9,9,CG(nc=6, r=9, tr=[(5, 2, 0), (3, 4, 1), (2, 3, 2), (0, 4, 3), (4, 5, 4), (3, 1, 5), (3, 4, 6), (0, 1, 7), (2, 1, 3)]),CG(nc=6, r=9, tr=[(1, 2, 0), (1, 3, 1), (1, 2, 2), (4, 0, 3), (1, 4, 4), (2, 0, 5), (0, 3, 6), (5, 4, 7), (2, 5, 3)]),4161,SAT
P10463,26,9,9,CG(nc=7, r=9, tr=[(0, 1, 0), (2, 3, 1), (4, 6, 2), (6, 3, 3), (0, 3, 4), (1, 5, 5), (3, 5, 6), (4, 5, 7), (2, 1, 2)]),CG(nc=6, r=9, tr=[(1, 2, 0), (5, 4, 1), (2, 4, 2), (0, 2, 3), (0, 3, 4), (2, 5, 5), (1, 4, 6), (1, 3, 7), (4, 3, 5)]),3717,SAT
P10472,20,7,7,CG(nc=5, r=7, tr=[(4, 2, 1), (3, 0, 2), (2, 3, 3), (1, 4, 4), (3, 1, 5), (3, 4, 6), (1, 0, 6)]),CG(nc=5, r=7, tr=[(4, 2, 1), (3, 4, 2), (4, 1, 3), (3, 2, 4), (0, 2, 5), (3, 0, 6), (1, 2, 6)]),3570,SAT
P10473,22,8,8,CG(nc=5, r=8, tr=[(4, 2, 0), (3, 4, 1), (3, 1, 2), (1, 0, 3), (4, 1, 4), (0, 3, 5), (2, 3, 6), (2, 0, 4)]),CG(nc=6, r=8, tr=[(0, 1, 0), (2, 3, 1), (1, 3, 2), (5, 2, 3), (3, 5, 4), (1, 4, 5), (2, 4, 6), (0, 4, 4)]),3142,SAT
P10474,20,7,7,CG(nc=5, r=7, tr=[(1, 2, 1), (0, 1, 2), (4, 2, 3), (3, 4, 4), (0, 3, 5), (3, 2, 6), (0, 1, 4)]),CG(nc=5, r=7, tr=[(1, 2, 1), (3, 0, 2), (0, 2, 3), (2, 4, 4), (2, 3, 5), (3, 4, 6), (1, 0, 6)]),3444,SAT
P10475,22,8,8,CG(nc=6, r=8, tr=[(1, 2, 1), (5, 2, 2), (0, 1, 3), (0, 4, 4), (1, 3, 5), (5, 3, 6), (4, 2, 5), (4, 3, 1)]),CG(nc=6, r=8, tr=[(1, 2, 1), (5, 2, 2), (0, 1, 3), (0, 4, 4), (1, 3, 5), (5, 3, 6), (4, 2, 5), (4, 3, 1)]),4970,SAT
P10476,18,6,6,CG(nc=5, r=6, tr=[(4, 2, 1), (0, 3, 2), (2, 3, 3), (3, 1, 4), (4, 1, 5), (0, 1, 6)]),CG(nc=5, r=6, tr=[(4, 2, 1), (3, 1, 2), (1, 0, 3), (3, 0, 4), (4, 1, 5), (3, 2, 6)]),2031,SAT
P10477,20,7,7,CG(nc=5, r=7, tr=[(1, 2, 0), (2, 4, 1), (1, 3, 2), (3, 0, 3), (4, 3, 4), (0, 1, 5), (4, 2, 6)]),CG(nc=5, r=7, tr=[(1, 0, 0), (2, 1, 1), (3, 1, 2), (3, 4, 3), (4, 1, 4), (0, 3, 5), (0, 2, 6)]),2052,SAT
P10478,20,7,7,CG(nc=5, r=7, tr=[(1, 0, 1), (2, 1, 2), (2, 4, 3), (1, 3, 4), (0, 3, 5), (3, 2, 6), (4, 1, 5)]),CG(nc=5, r=7, tr=[(1, 0, 1), (2, 3, 2), (2, 1, 3), (4, 3, 4), (1, 4, 5), (3, 1, 6), (0, 2, 5)]),4736,SAT
P10479,20,7,7,CG(nc=6, r=7, tr=[(5, 2, 1), (0, 3, 2), (4, 1, 3), (3, 4, 4), (4, 5, 5), (1, 0, 6), (2, 3, 3)]),CG(nc=5, r=7, tr=[(0, 1, 1), (2, 3, 2), (3, 4, 3), (2, 4, 4), (3, 0, 5), (1, 2, 6), (2, 1, 3)]),3264,SAT
P10492,18,6,6,CG(nc=5, r=6, tr=[(1, 2, 1), (4, 1, 2), (0, 2, 3), (2, 4, 4), (4, 3, 5), (0, 3, 6)]),CG(nc=4, r=6, tr=[(3, 2, 1), (3, 2, 2), (1, 3, 3), (2, 1, 4), (1, 0, 5), (1, 0, 6)]),1722,SAT
P10493,20,7,7,CG(nc=6, r=7, tr=[(1, 2, 0), (3, 0, 1), (3, 4, 2), (4, 5, 3), (4, 0, 4), (2, 5, 5), (0, 1, 6)]),CG(nc=4, r=7, tr=[(1, 0, 0), (2, 3, 1), (2, 3, 2), (3, 1, 3), (1, 2, 4), (0, 1, 5), (0, 1, 6)]),1623,SAT
P10494,22,8,8,CG(nc=6, r=8, tr=[(1, 5, 1), (1, 3, 2), (0, 3, 3), (5, 3, 4), (4, 5, 5), (2, 0, 6), (2, 4, 3), (4, 2, 4)]),CG(nc=5, r=8, tr=[(1, 0, 1), (2, 3, 2), (2, 4, 3), (1, 3, 4), (4, 1, 5), (2, 0, 6), (2, 0, 5), (4, 3, 6)]),5681,SAT
P10495,18,6,6,CG(nc=5, r=6, tr=[(1, 2, 1), (4, 2, 2), (0, 1, 3), (4, 1, 4), (3, 4, 5), (1, 3, 6)]),CG(nc=5, r=6, tr=[(1, 0, 1), (0, 2, 2), (4, 0, 3), (4, 3, 4), (3, 2, 5), (1, 3, 6)]),1807,SAT
P10644,32,12,12,CG(nc=6, r=12, tr=[(1, 0, 0), (0, 2, 1), (1, 3, 2), (4, 2, 3), (5, 1, 4), (5, 2, 5), (4, 1, 6), (5, 4, 7), (3, 0, 3), (3, 2, 7), (0, 3, 6), (4, 5, 2)]),CG(nc=8, r=12, tr=[(1, 2, 0), (3, 4, 1), (1, 5, 2), (5, 7, 3), (7, 6, 4), (6, 1, 5), (3, 5, 6), (0, 5, 7), (2, 3, 4), (0, 2, 5), (0, 4, 0), (2, 7, 1)]),6448419,SAT
P10645,30,11,11,CG(nc=6, r=11, tr=[(0, 1, 0), (2, 0, 1), (3, 5, 2), (4, 0, 3), (5, 1, 4), (2, 5, 5), (1, 3, 6), (5, 3, 7), (4, 1, 2), (2, 3, 3), (4, 2, 7)]),CG(nc=8, r=11, tr=[(1, 7, 0), (1, 3, 1), (4, 3, 2), (0, 5, 3), (6, 7, 4), (3, 6, 5), (5, 3, 6), (0, 4, 7), (1, 5, 2), (2, 4, 1), (2, 6, 6)]),3263287,SAT
P10646,33,13,12,CG(nc=8, r=13, tr=[(1, 7, 0), (3, 4, 1), (5, 7, 2), (5, 6, 3), (4, 7, 4), (1, 4, 5), (5, 3, 6), (6, 2, 7), (3, 0, 0), (4, 6, 0), (6, 0, 4), (1, 2, 6), (3, 2, 2)]),CG(nc=7, r=12, tr=[(6, 2, 0), (2, 3, 1), (0, 4, 2), (3, 5, 3), (0, 2, 4), (1, 3, 5), (4, 1, 6), (4, 3, 7), (5, 6, 2), (1, 4, 0), (0, 5, 6), (6, 1, 4)]),9829481,SAT
P10647,32,12,12,CG(nc=7, r=12, tr=[(1, 2, 0), (3, 4, 1), (2, 5, 2), (5, 6, 3), (6, 4, 4), (1, 6, 5), (2, 3, 6), (5, 0, 7), (4, 6, 7), (3, 0, 3), (3, 2, 4), (0, 1, 1)]),CG(nc=7, r=12, tr=[(1, 2, 0), (3, 0, 1), (4, 6, 2), (2, 3, 3), (4, 2, 4), (3, 6, 5), (0, 4, 6), (5, 2, 7), (1, 0, 2), (5, 1, 5), (6, 5, 1), (1, 5, 0)]),6544356,SAT
P10648,28,10,10,CG(nc=7, r=10, tr=[(1, 2, 0), (3, 6, 1), (5, 3, 2), (4, 5, 3), (0, 3, 4), (6, 1, 5), (4, 2, 6), (0, 2, 7), (0, 4, 0), (4, 1, 4)]),CG(nc=7, r=10, tr=[(1, 2, 0), (6, 2, 1), (0, 4, 2), (0, 4, 3), (0, 1, 4), (4, 5, 5), (3, 2, 6), (1, 3, 7), (4, 3, 0), (6, 5, 4)]),13961,SAT
P10649,26,9,9,CG(nc=6, r=9, tr=[(1, 0, 0), (0, 2, 1), (0, 3, 2), (4, 3, 3), (2, 4, 4), (2, 5, 5), (2, 1, 6), (2, 1, 7), (5, 4, 1)]),CG(nc=6, r=9, tr=[(0, 1, 0), (5, 3, 1), (1, 3, 2), (3, 1, 3), (4, 2, 4), (3, 0, 5), (3, 4, 6), (0, 2, 7), (5, 1, 4)]),3283,SAT
P10650,30,11,11,CG(nc=7, r=11, tr=[(0, 1, 0), (2, 1, 1), (3, 4, 2), (6, 5, 3), (1, 6, 4), (1, 4, 5), (4, 5, 6), (3, 6, 7), (5, 0, 7), (2, 5, 2), (2, 0, 4)]),CG(nc=7, r=11, tr=[(1, 6, 0), (3, 1, 1), (0, 4, 2), (4, 5, 3), (1, 0, 4), (2, 4, 5), (2, 3, 6), (4, 3, 7), (2, 0, 3), (5, 6, 4), (5, 2, 7)]),3211000,SAT
P10651,28,10,10,CG(nc=6, r=10, tr=[(1, 2, 0), (5, 1, 1), (4, 2, 2), (0, 4, 3), (1, 0, 4), (0, 1, 5), (2, 3, 6), (4, 5, 7), (3, 5, 3), (2, 5, 4)]),CG(nc=7, r=10, tr=[(1, 2, 0), (1, 0, 1), (2, 3, 2), (2, 6, 3), (3, 5, 4), (0, 4, 5), (1, 5, 6), (6, 3, 7), (2, 4, 4), (1, 5, 3)]),10977,SAT
P10652,30,11,11,CG(nc=6, r=11, tr=[(1, 2, 0), (5, 2, 1), (4, 0, 2), (4, 1, 3), (2, 3, 4), (2, 0, 5), (5, 4, 6), (1, 5, 7), (3, 4, 7), (3, 0, 3), (5, 1, 4)]),CG(nc=7, r=11, tr=[(1, 0, 0), (6, 3, 1), (6, 4, 2), (3, 4, 3), (5, 0, 4), (3, 0, 5), (1, 4, 6), (3, 2, 7), (6, 1, 4), (1, 2, 2), (5, 2, 6)]),3397600,SAT
P10653,30,11,11,CG(nc=7, r=11, tr=[(1, 2, 0), (6, 4, 1), (4, 1, 2), (2, 0, 3), (2, 4, 4), (5, 6, 5), (5, 1, 6), (0, 3, 7), (5, 3, 1), (1, 5, 4), (3, 5, 0)]),CG(nc=8, r=11, tr=[(7, 2, 0), (3, 2, 1), (4, 2, 2), (3, 0, 3), (5, 7, 4), (5, 3, 5), (6, 1, 6), (6, 0, 7), (5, 1, 1), (0, 4, 3), (3, 0, 2)]),3213663,SAT
P10654,32,12,12,CG(nc=8, r=12, tr=[(1, 2, 0), (3, 1, 1), (3, 4, 2), (5, 0, 3), (2, 6, 4), (0, 2, 5), (6, 5, 6), (7, 5, 7), (0, 3, 4), (7, 4, 3), (1, 5, 2), (1, 4, 6)]),CG(nc=7, r=12, tr=[(1, 2, 0), (3, 4, 1), (0, 2, 2), (6, 4, 3), (1, 5, 4), (4, 1, 5), (2, 6, 6), (0, 3, 7), (6, 5, 7), (5, 1, 1), (0, 5, 3), (4, 2, 4)]),6627783,SAT
P10655,28,10,10,CG(nc=7, r=10, tr=[(1, 2, 0), (3, 6, 1), (0, 5, 2), (3, 5, 3), (3, 1, 4), (1, 6, 5), (4, 0, 6), (2, 5, 7), (2, 4, 3), (1, 2, 1)]),CG(nc=6, r=10, tr=[(5, 2, 0), (2, 3, 1), (4, 1, 2), (5, 4, 3), (2, 0, 4), (4, 2, 5), (3, 1, 6), (5, 1, 7), (3, 0, 2), (1, 0, 3)]),9265,SAT
P10664,26,9,9,CG(nc=6, r=9, tr=[(0, 1, 0), (1, 2, 1), (3, 5, 2), (3, 2, 3), (0, 3, 4), (4, 1, 5), (5, 4, 6), (1, 0, 7), (1, 5, 4)]),CG(nc=7, r=9, tr=[(1, 0, 0), (2, 1, 1), (6, 4, 2), (6, 4, 3), (0, 5, 4), (5, 4, 5), (6, 3, 6), (2, 4, 7), (5, 3, 1)]),3155,SAT
P10665,22,8,8,CG(nc=6, r=8, tr=[(0, 1, 0), (5, 3, 1), (3, 4, 2), (4, 1, 3), (0, 3, 4), (1, 2, 5), (5, 2, 6), (5, 4, 4)]),CG(nc=5, r=8, tr=[(1, 0, 0), (2, 1, 1), (3, 1, 2), (2, 1, 3), (1, 4, 4), (3, 0, 5), (2, 0, 6), (3, 4, 1)]),2801,SAT
P10666,26,9,9,CG(nc=6, r=9, tr=[(1, 2, 0), (3, 1, 1), (5, 4, 2), (4, 1, 3), (5, 3, 4), (2, 5, 5), (4, 0, 6), (0, 3, 7), (3, 0, 2)]),CG(nc=7, r=9, tr=[(1, 2, 0), (2, 6, 1), (4, 5, 2), (4, 6, 3), (4, 0, 4), (6, 5, 5), (4, 2, 6), (3, 0, 7), (1, 3, 2)]),3123,SAT
P10667,22,8,8,CG(nc=6, r=8, tr=[(1, 2, 0), (1, 3, 1), (0, 3, 2), (5, 4, 3), (3, 5, 4), (2, 4, 5), (1, 0, 6), (2, 4, 2)]),CG(nc=6, r=8, tr=[(1, 2, 0), (0, 1, 1), (3, 4, 2), (3, 0, 3), (3, 5, 4), (4, 0, 5), (3, 1, 6), (5, 2, 2)]),3287,SAT
P10668,26,9,9,CG(nc=6, r=9, tr=[(0, 1, 0), (2, 3, 1), (5, 4, 2), (2, 4, 3), (0, 4, 4), (1, 3, 5), (3, 5, 6), (0, 1, 7), (0, 3, 2)]),CG(nc=6, r=9, tr=[(5, 2, 0), (3, 4, 1), (0, 3, 2), (4, 3, 3), (4, 0, 4), (5, 1, 5), (3, 5, 6), (2, 1, 7), (4, 1, 2)]),3867,SAT
P10669,22,8,8,CG(nc=6, r=8, tr=[(1, 2, 0), (3, 4, 1), (0, 2, 2), (0, 4, 3), (2, 3, 4), (1, 0, 5), (5, 2, 6), (3, 5, 2)]),CG(nc=5, r=8, tr=[(1, 2, 0), (4, 1, 1), (3, 4, 2), (1, 4, 3), (3, 1, 4), (2, 1, 5), (0, 3, 6), (2, 0, 2)]),3182,SAT
P10670,26,9,9,CG(nc=6, r=9, tr=[(0, 1, 0), (2, 3, 1), (1, 3, 2), (2, 5, 3), (0, 3, 4), (4, 2, 5), (4, 1, 6), (2, 0, 7), (5, 1, 4)]),CG(nc=6, r=9, tr=[(0, 1, 0), (2, 5, 1), (1, 4, 2), (3, 5, 3), (3, 0, 4), (4, 3, 5), (2, 3, 6), (2, 4, 7), (1, 5, 4)]),3404,SAT
P10671,22,8,8,CG(nc=6, r=8, tr=[(1, 0, 0), (2, 3, 1), (1, 2, 2), (5, 3, 3), (2, 0, 4), (3, 4, 5), (1, 4, 6), (1, 5, 4)]),CG(nc=5, r=8, tr=[(4, 2, 0), (3, 2, 1), (0, 3, 2), (2, 1, 3), (1, 4, 4), (3, 1, 5), (1, 3, 6), (2, 0, 4)]),3094,SAT
P10684,30,11,11,CG(nc=6, r=11, tr=[(0, 1, 0), (1, 0, 1), (0, 2, 2), (3, 2, 3), (4, 5, 4), (2, 1, 5), (2, 5, 6), (0, 1, 7), (1, 4, 3), (3, 2, 4), (3, 5, 1)]),CG(nc=7, r=11, tr=[(1, 0, 0), (2, 3, 1), (1, 2, 2), (4, 6, 3), (4, 3, 4), (4, 2, 5), (5, 4, 6), (6, 3, 7), (5, 0, 1), (0, 1, 5), (1, 3, 3)]),3213042,SAT
P10685,26,10,10,CG(nc=7, r=10, tr=[(0, 1, 0), (2, 3, 1), (2, 6, 2), (1, 3, 3), (1, 6, 4), (6, 5, 5), (1, 5, 6), (4, 2, 4), (4, 0, 3), (0, 4, 1)]),CG(nc=7, r=10, tr=[(6, 2, 0), (0, 3, 1), (3, 2, 2), (4, 6, 3), (5, 1, 4), (1, 4, 5), (3, 4, 6), (0, 1, 2), (0, 5, 3), (4, 6, 4)]),2541542,SAT
P10686,28,10,10,CG(nc=6, r=10, tr=[(1, 5, 0), (1, 3, 1), (4, 3, 2), (0, 2, 3), (0, 1, 4), (1, 4, 5), (4, 2, 6), (2, 5, 7), (4, 2, 1), (5, 3, 3)]),CG(nc=6, r=10, tr=[(1, 5, 0), (3, 4, 1), (3, 2, 2), (0, 3, 3), (1, 0, 4), (2, 5, 5), (5, 4, 6), (1, 3, 7), (0, 2, 1), (1, 5, 3)]),11187,SAT
P10687,24,9,9,CG(nc=6, r=9, tr=[(5, 2, 0), (3, 4, 1), (4, 1, 2), (0, 1, 3), (4, 5, 4), (2, 3, 5), (1, 3, 6), (2, 3, 2), (2, 0, 4)]),CG(nc=6, r=9, tr=[(1, 5, 0), (0, 3, 1), (3, 1, 2), (0, 4, 3), (0, 1, 4), (3, 4, 5), (2, 4, 6), (5, 4, 4), (2, 1, 1)]),6255,SAT
P10688,28,10,10,CG(nc=6, r=10, tr=[(1, 2, 0), (2, 3, 1), (3, 0, 2), (1, 5, 3), (3, 1, 4), (4, 0, 5), (4, 2, 6), (5, 4, 7), (1, 0, 7), (2, 0, 4)]),CG(nc=7, r=10, tr=[(0, 1, 0), (2, 3, 1), (4, 5, 2), (2, 0, 3), (4, 0, 4), (5, 2, 5), (3, 4, 6), (6, 2, 7), (1, 3, 2), (5, 6, 6)]),9054,SAT
P10689,28,10,10,CG(nc=7, r=10, tr=[(1, 2, 0), (3, 6, 1), (0, 5, 2), (3, 5, 3), (4, 0, 4), (6, 2, 5), (1, 0, 6), (0, 4, 7), (3, 4, 6), (4, 2, 2)]),CG(nc=7, r=10, tr=[(0, 1, 0), (1, 2, 1), (2, 6, 2), (6, 4, 3), (4, 5, 4), (4, 2, 5), (0, 2, 6), (0, 5, 7), (3, 6, 1), (4, 3, 6)]),9352,SAT
P10690,30,11,11,CG(nc=6, r=11, tr=[(1, 2, 0), (2, 3, 1), (4, 5, 2), (1, 5, 3), (2, 0, 4), (4, 2, 5), (0, 4, 6), (0, 1, 7), (1, 3, 4), (3, 0, 2), (3, 5, 6)]),CG(nc=7, r=11, tr=[(1, 2, 0), (6, 4, 1), (6, 5, 2), (1, 3, 3), (5, 3, 4), (6, 1, 5), (3, 0, 6), (5, 2, 7), (2, 4, 4), (4, 0, 5), (1, 0, 1)]),3022152,SAT
P10691,28,10,10,CG(nc=6, r=10, tr=[(1, 5, 0), (3, 5, 1), (4, 0, 2), (3, 4, 3), (3, 2, 4), (0, 3, 5), (4, 1, 6), (3, 2, 7), (2, 0, 6), (2, 5, 2)]),CG(nc=7, r=10, tr=[(6, 2, 0), (3, 6, 1), (4, 2, 2), (3, 2, 3), (5, 4, 4), (2, 6, 5), (1, 3, 6), (1, 5, 7), (1, 0, 5), (4, 0, 1)]),11567,SAT
P10692,28,10,10,CG(nc=6, r=10, tr=[(1, 2, 0), (3, 1, 1), (1, 4, 2), (3, 0, 3), (4, 3, 4), (1, 5, 5), (2, 0, 6), (5, 3, 7), (3, 0, 5), (4, 5, 1)]),CG(nc=6, r=10, tr=[(0, 1, 0), (2, 3, 1), (2, 4, 2), (4, 5, 3), (2, 5, 4), (3, 0, 5), (1, 0, 6), (1, 3, 7), (4, 5, 1), (1, 4, 5)]),11257,SAT
P10693,28,10,10,CG(nc=6, r=10, tr=[(5, 2, 0), (0, 3, 1), (3, 4, 2), (4, 5, 3), (1, 3, 4), (1, 0, 5), (1, 2, 6), (3, 1, 7), (4, 1, 1), (5, 4, 5)]),CG(nc=7, r=10, tr=[(1, 0, 0), (1, 2, 1), (2, 6, 2), (6, 4, 3), (5, 3, 4), (4, 1, 5), (1, 0, 6), (2, 3, 7), (5, 0, 5), (6, 5, 1)]),12246,SAT
P10694,32,12,12,CG(nc=7, r=12, tr=[(1, 2, 0), (1, 0, 1), (3, 4, 2), (4, 0, 3), (5, 1, 4), (6, 1, 5), (4, 2, 6), (4, 6, 7), (6, 3, 4), (5, 1, 2), (5, 0, 7), (6, 5, 3)]),CG(nc=7, r=12, tr=[(1, 0, 0), (2, 3, 1), (1, 2, 2), (3, 0, 3), (4, 0, 4), (5, 2, 5), (4, 2, 6), (0, 5, 7), (6, 3, 7), (5, 6, 3), (0, 4, 5), (6, 1, 4)]),6450029,SAT
P10695,30,11,11,CG(nc=7, r=11, tr=[(1, 2, 0), (3, 6, 1), (5, 3, 2), (6, 1, 3), (1, 4, 4), (3, 0, 5), (2, 3, 6), (0, 1, 7), (5, 6, 7), (4, 0, 1), (5, 4, 3)]),CG(nc=7, r=11, tr=[(1, 2, 0), (1, 0, 1), (3, 4, 2), (1, 4, 3), (3, 5, 4), (4, 0, 5), (1, 2, 6), (6, 5, 7), (6, 2, 5), (3, 2, 1), (6, 2, 2)]),3227823,SAT
P10696,26,9,9,CG(nc=6, r=9, tr=[(1, 2, 0), (3, 2, 1), (3, 0, 2), (1, 5, 3), (1, 3, 4), (4, 0, 5), (2, 4, 6), (4, 5, 7), (0, 2, 4)]),CG(nc=6, r=9, tr=[(1, 2, 0), (1, 3, 1), (3, 5, 2), (2, 5, 3), (1, 5, 4), (4, 0, 5), (4, 2, 6), (2, 0, 7), (3, 4, 4)]),3961,SAT
P10697,26,9,9,CG(nc=6, r=9, tr=[(5, 2, 0), (3, 4, 1), (2, 4, 2), (0, 3, 3), (3, 2, 4), (1, 2, 5), (3, 1, 6), (1, 0, 7), (4, 5, 4)]),CG(nc=7, r=9, tr=[(1, 2, 0), (1, 6, 1), (2, 0, 2), (4, 5, 3), (2, 4, 4), (4, 6, 5), (5, 0, 6), (3, 5, 7), (1, 3, 4)]),3611,SAT
P10698,28,10,10,CG(nc=6, r=10, tr=[(1, 2, 0), (3, 5, 1), (1, 0, 2), (3, 2, 3), (1, 4, 4), (0, 3, 5), (1, 5, 6), (4, 2, 7), (5, 4, 5), (2, 0, 4)]),CG(nc=6, r=10, tr=[(0, 1, 0), (5, 3, 1), (4, 1, 2), (0, 4, 3), (0, 2, 4), (3, 2, 5), (4, 2, 6), (3, 4, 7), (5, 1, 4), (3, 5, 3)]),11450,SAT
P10699,28,10,10,CG(nc=7, r=10, tr=[(1, 2, 0), (3, 4, 1), (5, 0, 2), (6, 2, 3), (4, 6, 4), (3, 1, 5), (3, 0, 6), (1, 0, 7), (3, 6, 2), (4, 5, 3)]),CG(nc=6, r=10, tr=[(1, 2, 0), (5, 4, 1), (0, 1, 2), (5, 3, 3), (2, 5, 4), (4, 0, 5), (3, 4, 6), (1, 0, 7), (4, 2, 2), (3, 1, 4)]),11136,SAT
P10700,26,9,9,CG(nc=6, r=9, tr=[(5, 2, 0), (5, 3, 1), (4, 5, 2), (0, 1, 3), (4, 3, 4), (0, 3, 5), (2, 3, 6), (5, 3, 7), (4, 1, 1)]),CG(nc=7, r=9, tr=[(1, 2, 0), (1, 3, 1), (2, 6, 2), (5, 6, 3), (1, 4, 4), (0, 5, 5), (4, 6, 6), (3, 0, 7), (2, 5, 4)]),3512,SAT
P10701,26,9,9,CG(nc=6, r=9, tr=[(1, 5, 0), (3, 0, 1), (4, 5, 2), (3, 4, 3), (4, 2, 4), (2, 0, 5), (2, 1, 6), (1, 2, 7), (2, 5, 1)]),CG(nc=6, r=9, tr=[(5, 2, 0), (0, 3, 1), (3, 2, 2), (0, 3, 3), (2, 0, 4), (3, 5, 5), (5, 4, 6), (1, 4, 7), (1, 2, 1)]),3601,SAT
P10702,28,10,10,CG(nc=7, r=10, tr=[(1, 0, 0), (2, 3, 1), (2, 1, 2), (1, 4, 3), (0, 2, 4), (5, 6, 5), (4, 5, 6), (2, 5, 7), (1, 3, 4), (6, 3, 3)]),CG(nc=6, r=10, tr=[(1, 2, 0), (1, 3, 1), (4, 5, 2), (3, 0, 3), (1, 4, 4), (5, 3, 5), (4, 0, 6), (5, 3, 7), (0, 2, 2), (2, 1, 5)]),9069,SAT
P10703,28,10,10,CG(nc=6, r=10, tr=[(1, 2, 0), (3, 0, 1), (0, 4, 2), (3, 2, 3), (3, 4, 4), (3, 5, 5), (0, 1, 6), (4, 3, 7), (2, 5, 2), (2, 5, 4)]),CG(nc=7, r=10, tr=[(6, 2, 0), (3, 4, 1), (5, 0, 2), (5, 6, 3), (4, 1, 4), (5, 4, 5), (3, 0, 6), (1, 6, 7), (0, 4, 3), (2, 5, 1)]),11414,SAT
P10708,30,11,11,CG(nc=7, r=11, tr=[(1, 2, 0), (2, 3, 1), (4, 6, 2), (5, 0, 3), (5, 2, 4), (1, 3, 5), (4, 5, 6), (0, 1, 7), (3, 6, 6), (4, 5, 1), (4, 2, 5)]),CG(nc=7, r=11, tr=[(1, 0, 0), (2, 3, 1), (1, 3, 2), (4, 6, 3), (6, 1, 4), (3, 4, 5), (4, 5, 6), (4, 0, 7), (6, 2, 7), (0, 5, 5), (5, 1, 1)]),3241473,SAT
P10709,28,10,10,CG(nc=6, r=10, tr=[(1, 0, 0), (2, 3, 1), (2, 5, 2), (3, 0, 3), (1, 5, 4), (4, 1, 5), (5, 4, 6), (2, 4, 7), (3, 4, 2), (1, 2, 6)]),CG(nc=7, r=10, tr=[(1, 0, 0), (2, 3, 1), (3, 1, 2), (1, 6, 3), (0, 5, 4), (4, 2, 5), (5, 3, 6), (2, 6, 7), (5, 4, 2), (3, 1, 5)]),13585,SAT
P10710,32,12,12,CG(nc=7, r=12, tr=[(1, 0, 0), (2, 3, 1), (2, 6, 2), (3, 0, 3), (0, 5, 4), (4, 3, 5), (2, 1, 6), (3, 6, 7), (6, 5, 0), (4, 1, 2), (6, 1, 4), (5, 4, 6)]),CG(nc=7, r=12, tr=[(1, 2, 0), (2, 3, 1), (3, 6, 2), (0, 5, 3), (5, 2, 4), (0, 4, 5), (0, 3, 6), (1, 0, 7), (2, 4, 2), (1, 4, 6), (5, 6, 7), (1, 6, 3)]),7502492,SAT
P10711,30,11,11,CG(nc=7, r=11, tr=[(1, 0, 0), (2, 3, 1), (2, 4, 2), (2, 0, 3), (4, 3, 4), (4, 1, 5), (5, 6, 6), (2, 6, 7), (6, 3, 2), (4, 5, 3), (1, 3, 6)]),CG(nc=7, r=11, tr=[(0, 1, 0), (1, 2, 1), (3, 2, 2), (1, 6, 3), (0, 5, 4), (5, 2, 5), (1, 2, 6), (6, 3, 7), (0, 4, 3), (3, 4, 1), (5, 4, 6)]),3216863,SAT
P10712,28,10,10,CG(nc=6, r=10, tr=[(5, 2, 0), (3, 2, 1), (4, 3, 2), (0, 4, 3), (5, 3, 4), (1, 0, 5), (2, 1, 6), (2, 3, 7), (3, 1, 0), (0, 1, 4)]),CG(nc=7, r=10, tr=[(1, 6, 0), (3, 4, 1), (5, 0, 2), (1, 2, 3), (4, 0, 4), (6, 1, 5), (0, 2, 6), (3, 5, 7), (6, 5, 6), (1, 4, 2)]),13894,SAT
P10713,28,10,10,CG(nc=6, r=10, tr=[(1, 2, 0), (2, 0, 1), (1, 3, 2), (5, 3, 3), (1, 0, 4), (5, 2, 5), (4, 5, 6), (0, 1, 7), (2, 4, 4), (1, 0, 6)]),CG(nc=7, r=10, tr=[(1, 2, 0), (2, 6, 1), (4, 1, 2), (0, 1, 3), (4, 5, 4), (3, 6, 5), (1, 3, 6), (0, 4, 7), (3, 5, 2), (2, 5, 6)]),11676,SAT
P10714,30,11,11,CG(nc=7, r=11, tr=[(1, 2, 0), (2, 0, 1), (3, 2, 2), (2, 4, 3), (6, 4, 4), (6, 1, 5), (4, 5, 6), (3, 5, 7), (3, 0, 4), (6, 4, 2), (5, 0, 0)]),CG(nc=7, r=11, tr=[(1, 6, 0), (3, 4, 1), (0, 4, 2), (5, 4, 3), (2, 6, 4), (5, 0, 5), (6, 4, 6), (3, 1, 7), (5, 0, 0), (0, 1, 4), (2, 5, 2)]),3213742,SAT
P10715,28,10,10,CG(nc=6, r=10, tr=[(1, 2, 0), (1, 3, 1), (4, 2, 2), (3, 5, 3), (2, 5, 4), (0, 1, 5), (3, 2, 6), (4, 5, 7), (1, 0, 4), (4, 0, 3)]),CG(nc=7, r=10, tr=[(1, 2, 0), (0, 2, 1), (3, 1, 2), (6, 1, 3), (1, 5, 4), (5, 0, 5), (4, 2, 6), (3, 6, 7), (0, 4, 3), (4, 3, 4)]),10312,SAT
P10716,28,10,10,CG(nc=7, r=10, tr=[(1, 2, 0), (3, 2, 1), (0, 1, 2), (3, 6, 3), (5, 2, 4), (6, 4, 5), (5, 0, 6), (4, 2, 7), (3, 1, 4), (5, 4, 0)]),CG(nc=6, r=10, tr=[(1, 2, 0), (3, 5, 1), (5, 4, 2), (2, 5, 3), (3, 4, 4), (3, 0, 5), (2, 4, 6), (2, 0, 7), (3, 1, 2), (0, 1, 6)]),11883,SAT
P10717,26,9,9,CG(nc=6, r=9, tr=[(1, 2, 0), (3, 4, 1), (3, 0, 2), (5, 4, 3), (2, 3, 4), (1, 5, 5), (0, 2, 6), (3, 2, 7), (4, 2, 2)]),CG(nc=6, r=9, tr=[(1, 5, 0), (3, 4, 1), (1, 2, 2), (1, 0, 3), (2, 0, 4), (1, 5, 5), (5, 3, 6), (4, 2, 7), (3, 0, 2)]),4655,SAT
P10718,30,11,11,CG(nc=8, r=11, tr=[(1, 2, 0), (7, 4, 1), (5, 6, 2), (6, 4, 3), (6, 0, 4), (7, 1, 5), (2, 3, 6), (2, 6, 7), (5, 0, 0), (3, 1, 4), (5, 3, 3)]),CG(nc=7, r=11, tr=[(1, 2, 0), (3, 6, 1), (5, 4, 2), (0, 5, 3), (1, 4, 4), (5, 6, 5), (3, 4, 6), (1, 0, 7), (6, 1, 3), (5, 4, 0), (2, 3, 2)]),3234532,SAT
P10719,28,10,10,CG(nc=7, r=10, tr=[(1, 2, 0), (3, 4, 1), (4, 0, 2), (3, 6, 3), (4, 1, 4), (6, 2, 5), (0, 5, 6), (1, 4, 7), (5, 6, 2), (5, 1, 3)]),CG(nc=6, r=10, tr=[(0, 1, 0), (2, 3, 1), (1, 2, 2), (5, 1, 3), (2, 4, 4), (1, 0, 5), (0, 3, 6), (5, 4, 7), (3, 0, 3), (4, 3, 2)]),12347,SAT
P10728,28,10,10,CG(nc=6, r=10, tr=[(0, 1, 0), (5, 3, 1), (4, 3, 2), (0, 4, 3), (2, 3, 4), (2, 5, 5), (2, 1, 6), (1, 0, 7), (4, 2, 1), (0, 4, 5)]),CG(nc=6, r=10, tr=[(0, 1, 0), (1, 2, 1), (1, 3, 2), (5, 4, 3), (5, 1, 4), (0, 3, 5), (3, 4, 6), (4, 3, 7), (0, 2, 6), (4, 5, 1)]),14386,SAT
P10729,24,9,9,CG(nc=6, r=9, tr=[(1, 2, 0), (1, 5, 1), (4, 0, 2), (4, 1, 3), (3, 1, 4), (0, 1, 5), (5, 2, 6), (3, 0, 6), (5, 3, 2)]),CG(nc=6, r=9, tr=[(1, 5, 0), (0, 3, 1), (4, 0, 2), (0, 4, 3), (2, 3, 4), (4, 2, 5), (5, 2, 6), (1, 5, 5), (1, 3, 2)]),6275,SAT
P10730,26,9,9,CG(nc=6, r=9, tr=[(0, 1, 0), (2, 3, 1), (1, 3, 2), (5, 2, 3), (0, 3, 4), (1, 4, 5), (4, 2, 6), (2, 0, 7), (4, 5, 4)]),CG(nc=6, r=9, tr=[(1, 2, 0), (5, 4, 1), (2, 4, 2), (5, 3, 3), (3, 0, 4), (4, 0, 5), (4, 3, 6), (0, 1, 7), (5, 2, 4)]),4621,SAT
P10731,22,8,8,CG(nc=6, r=8, tr=[(1, 5, 0), (3, 1, 1), (3, 4, 2), (4, 0, 3), (2, 0, 4), (2, 4, 5), (2, 1, 6), (5, 3, 4)]),CG(nc=5, r=8, tr=[(1, 4, 0), (1, 3, 1), (3, 0, 2), (0, 2, 3), (1, 0, 4), (3, 2, 5), (4, 3, 6), (4, 2, 4)]),4175,SAT
P10732,26,9,9,CG(nc=6, r=9, tr=[(5, 2, 0), (3, 5, 1), (0, 4, 2), (4, 3, 3), (1, 4, 4), (2, 1, 5), (1, 0, 6), (5, 2, 7), (5, 2, 2)]),CG(nc=6, r=9, tr=[(1, 2, 0), (5, 4, 1), (3, 2, 2), (0, 3, 3), (0, 2, 4), (5, 3, 5), (4, 2, 6), (1, 5, 7), (3, 0, 1)]),4516,SAT
P10733,22,8,8,CG(nc=5, r=8, tr=[(1, 2, 0), (4, 1, 1), (3, 2, 2), (0, 3, 3), (3, 1, 4), (0, 1, 5), (4, 2, 6), (4, 2, 4)]),CG(nc=5, r=8, tr=[(1, 0, 0), (1, 2, 1), (4, 2, 2), (3, 4, 3), (1, 4, 4), (0, 3, 5), (0, 2, 6), (3, 1, 2)]),4395,SAT
P10734,28,10,10,CG(nc=7, r=10, tr=[(1, 2, 0), (3, 4, 1), (5, 4, 2), (6, 3, 3), (0, 4, 4), (5, 6, 5), (5, 1, 6), (5, 4, 7), (2, 0, 3), (5, 1, 1)]),CG(nc=7, r=10, tr=[(1, 2, 0), (2, 0, 1), (3, 6, 2), (5, 2, 3), (6, 4, 4), (5, 0, 5), (4, 2, 6), (1, 3, 7), (4, 5, 2), (6, 2, 5)]),10881,SAT
P10735,24,9,9,CG(nc=7, r=9, tr=[(1, 2, 0), (3, 6, 1), (2, 5, 2), (0, 4, 3), (4, 3, 4), (6, 2, 5), (4, 1, 6), (0, 5, 4), (3, 4, 2)]),CG(nc=6, r=9, tr=[(1, 5, 0), (3, 1, 1), (3, 0, 2), (4, 0, 3), (0, 1, 4), (2, 4, 5), (5, 2, 6), (3, 2, 4), (5, 4, 2)]),7704,SAT
P10748,26,9,9,CG(nc=6, r=9, tr=[(1, 0, 0), (2, 1, 1), (2, 3, 2), (3, 5, 3), (0, 2, 4), (1, 4, 5), (4, 5, 6), (0, 1, 7), (1, 3, 4)]),CG(nc=6, r=9, tr=[(0, 1, 0), (2, 3, 1), (1, 3, 2), (5, 4, 3), (1, 5, 4), (0, 4, 5), (4, 0, 6), (2, 5, 7), (4, 3, 4)]),4791,SAT
P10749,22,8,8,CG(nc=6, r=8, tr=[(1, 2, 0), (2, 3, 1), (4, 2, 2), (4, 0, 3), (4, 3, 4), (1, 0, 5), (5, 2, 6), (3, 5, 2)]),CG(nc=5, r=8, tr=[(0, 1, 0), (4, 3, 1), (3, 1, 2), (4, 2, 3), (2, 3, 4), (2, 0, 5), (2, 0, 6), (4, 1, 4)]),4590,SAT
P10750,28,10,10,CG(nc=7, r=10, tr=[(6, 2, 0), (3, 2, 1), (3, 4, 2), (0, 4, 3), (5, 4, 4), (1, 5, 5), (1, 0, 6), (6, 4, 7), (2, 5, 3), (3, 6, 4)]),CG(nc=6, r=10, tr=[(1, 0, 0), (2, 3, 1), (1, 3, 2), (4, 5, 3), (0, 4, 4), (4, 3, 5), (4, 3, 6), (2, 5, 7), (3, 0, 3), (1, 2, 4)]),13284,SAT
P10751,22,8,8,CG(nc=6, r=8, tr=[(1, 2, 0), (1, 0, 1), (0, 3, 2), (4, 5, 3), (1, 3, 4), (4, 1, 5), (2, 0, 6), (3, 4, 1)]),CG(nc=5, r=8, tr=[(1, 0, 0), (1, 2, 1), (2, 4, 2), (4, 0, 3), (4, 1, 4), (3, 0, 5), (2, 0, 6), (2, 3, 4)]),4025,SAT
P10920,22,7,7,CG(nc=6, r=7, tr=[(1, 0, 1), (2, 5, 2), (1, 2, 3), (5, 0, 4), (0, 4, 5), (5, 3, 6), (4, 3, 7)]),CG(nc=5, r=7, tr=[(1, 2, 1), (0, 3, 2), (1, 2, 3), (4, 2, 4), (2, 3, 5), (1, 0, 6), (3, 2, 7)]),2345,SAT
P10921,26,9,9,CG(nc=7, r=9, tr=[(1, 2, 0), (3, 4, 1), (0, 3, 2), (6, 4, 3), (3, 6, 4), (5, 2, 5), (5, 0, 6), (1, 6, 7), (4, 0, 4)]),CG(nc=6, r=9, tr=[(5, 2, 0), (3, 4, 1), (3, 2, 2), (4, 0, 3), (3, 0, 4), (2, 5, 5), (1, 4, 6), (5, 2, 7), (1, 5, 4)]),4271,SAT
P10922,10,4,4,CG(nc=4, r=4, tr=[(1, 0, 1), (2, 3, 2), (1, 2, 3), (3, 0, 4)]),CG(nc=3, r=4, tr=[(2, 1, 1), (2, 1, 2), (2, 1, 3), (0, 1, 4)]),1972,SAT
P10923,12,5,5,CG(nc=4, r=5, tr=[(0, 1, 1), (2, 1, 2), (2, 3, 3), (1, 3, 4), (0, 2, 4)]),CG(nc=4, r=5, tr=[(0, 1, 1), (2, 1, 2), (2, 3, 3), (1, 3, 4), (0, 2, 4)]),3705,SAT
P10924,24,8,8,CG(nc=5, r=8, tr=[(1, 0, 1), (4, 3, 2), (2, 4, 3), (2, 0, 4), (4, 2, 5), (3, 0, 6), (3, 2, 7), (3, 1, 3)]),CG(nc=6, r=8, tr=[(1, 2, 1), (5, 4, 2), (0, 3, 3), (5, 2, 4), (4, 3, 5), (2, 3, 6), (0, 1, 7), (1, 2, 2)]),4077,SAT
P10925,26,9,9,CG(nc=6, r=9, tr=[(5, 2, 0), (0, 3, 1), (4, 3, 2), (2, 4, 3), (5, 4, 4), (3, 1, 5), (3, 0, 6), (1, 2, 7), (2, 0, 4)]),CG(nc=5, r=9, tr=[(0, 1, 0), (2, 0, 1), (3, 4, 2), (3, 1, 3), (1, 4, 4), (2, 1, 5), (0, 3, 6), (1, 2, 7), (2, 0, 2)]),4161,SAT
P10926,18,7,7,CG(nc=5, r=7, tr=[(1, 2, 1), (4, 1, 2), (2, 3, 3), (3, 4, 4), (0, 3, 5), (0, 2, 3), (0, 2, 4)]),CG(nc=5, r=7, tr=[(1, 4, 1), (3, 4, 2), (1, 4, 3), (3, 0, 4), (2, 0, 5), (3, 2, 3), (1, 3, 4)]),5740,SAT
P10927,14,6,6,CG(nc=5, r=6, tr=[(1, 0, 1), (2, 3, 2), (2, 4, 3), (4, 3, 4), (0, 2, 4), (1, 3, 3)]),CG(nc=4, r=6, tr=[(1, 2, 1), (0, 1, 2), (3, 2, 3), (1, 3, 4), (0, 2, 4), (0, 2, 2)]),5594,SAT
P10940,24,8,8,CG(nc=6, r=8, tr=[(0, 1, 1), (1, 2, 2), (2, 5, 3), (4, 2, 4), (3, 4, 5), (3, 0, 6), (5, 4, 7), (4, 0, 3)]),CG(nc=5, r=8, tr=[(0, 1, 1), (1, 0, 2), (2, 4, 3), (1, 3, 4), (1, 2, 5), (2, 1, 6), (3, 4, 7), (0, 3, 3)]),4075,SAT
P10941,26,9,9,CG(nc=6, r=9, tr=[(1, 0, 0), (2, 3, 1), (0, 2, 2), (5, 3, 3), (4, 5, 4), (4, 1, 5), (5, 3, 6), (3, 4, 7), (0, 4, 3)]),CG(nc=6, r=9, tr=[(1, 5, 0), (3, 0, 1), (0, 3, 2), (4, 2, 3), (4, 5, 4), (2, 0, 5), (1, 5, 6), (3, 4, 7), (3, 1, 3)]),4225,SAT
P10942,22,8,8,CG(nc=6, r=8, tr=[(1, 2, 1), (2, 3, 2), (1, 0, 3), (1, 5, 4), (4, 5, 5), (4, 3, 6), (0, 3, 4), (3, 5, 3)]),CG(nc=5, r=8, tr=[(1, 4, 1), (4, 1, 2), (3, 2, 3), (0, 1, 4), (1, 3, 5), (2, 4, 6), (0, 3, 1), (2, 0, 2)]),6188,SAT
P10943,14,6,6,CG(nc=5, r=6, tr=[(1, 2, 1), (0, 1, 2), (4, 2, 3), (4, 3, 4), (0, 3, 3), (4, 2, 4)]),CG(nc=4, r=6, tr=[(1, 0, 1), (1, 0, 2), (3, 2, 3), (3, 1, 4), (0, 2, 4), (1, 3, 3)]),5889,SAT
P10944,22,7,7,CG(nc=4, r=7, tr=[(1, 2, 1), (0, 2, 2), (1, 3, 3), (0, 1, 4), (3, 1, 5), (3, 2, 6), (1, 0, 7)]),CG(nc=6, r=7, tr=[(1, 2, 1), (1, 2, 2), (3, 0, 3), (5, 2, 4), (5, 4, 5), (4, 3, 6), (0, 1, 7)]),2087,SAT
P10945,26,9,9,CG(nc=5, r=9, tr=[(1, 2, 0), (3, 4, 1), (1, 3, 2), (0, 1, 3), (4, 1, 4), (3, 0, 5), (2, 0, 6), (1, 4, 7), (1, 2, 1)]),CG(nc=7, r=9, tr=[(0, 1, 0), (2, 3, 1), (1, 4, 2), (3, 4, 3), (5, 0, 4), (4, 0, 5), (3, 6, 6), (2, 5, 7), (6, 2, 2)]),3998,SAT
P10946,24,8,8,CG(nc=5, r=8, tr=[(1, 2, 1), (2, 0, 2), (4, 1, 3), (0, 3, 4), (3, 4, 5), (3, 4, 6), (3, 2, 7), (1, 0, 7)]),CG(nc=6, r=8, tr=[(1, 2, 1), (3, 2, 2), (1, 5, 3), (0, 3, 4), (4, 1, 5), (0, 4, 6), (2, 5, 7), (3, 1, 7)]),3899,SAT
P10947,24,8,8,CG(nc=5, r=8, tr=[(4, 2, 1), (2, 3, 2), (3, 0, 3), (3, 4, 4), (2, 0, 5), (1, 0, 6), (2, 1, 7), (4, 1, 2)]),CG(nc=6, r=8, tr=[(1, 0, 1), (2, 3, 2), (3, 1, 3), (4, 2, 4), (5, 3, 5), (1, 0, 6), (4, 0, 7), (5, 2, 1)]),3793,SAT
P10948,24,8,8,CG(nc=5, r=8, tr=[(1, 2, 0), (3, 4, 1), (3, 2, 2), (1, 0, 3), (1, 4, 4), (0, 1, 5), (0, 2, 6), (1, 4, 7)]),CG(nc=6, r=8, tr=[(1, 2, 0), (3, 0, 1), (3, 0, 2), (2, 5, 3), (4, 5, 4), (1, 0, 5), (1, 2, 6), (4, 3, 7)]),2102,SAT
P10949,24,8,8,CG(nc=6, r=8, tr=[(5, 2, 0), (3, 4, 1), (5, 4, 2), (0, 3, 3), (3, 5, 4), (1, 4, 5), (1, 2, 6), (0, 1, 7)]),CG(nc=6, r=8, tr=[(0, 1, 0), (5, 3, 1), (3, 4, 2), (1, 4, 3), (3, 2, 4), (5, 4, 5), (1, 0, 6), (0, 2, 7)]),2549,SAT
P10950,26,9,9,CG(nc=6, r=9, tr=[(1, 2, 0), (2, 3, 1), (3, 4, 2), (0, 4, 3), (4, 5, 4), (4, 0, 5), (1, 0, 6), (5, 3, 7), (1, 5, 2)]),CG(nc=6, r=9, tr=[(1, 0, 0), (2, 1, 1), (2, 0, 2), (3, 1, 3), (5, 4, 4), (3, 5, 5), (0, 1, 6), (2, 4, 7), (1, 4, 2)]),5607,SAT
P10951,26,9,9,CG(nc=6, r=9, tr=[(1, 0, 0), (2, 3, 1), (4, 2, 2), (2, 0, 3), (5, 2, 4), (0, 4, 5), (3, 1, 6), (2, 5, 7), (5, 3, 2)]),CG(nc=6, r=9, tr=[(1, 5, 0), (1, 5, 1), (1, 3, 2), (0, 3, 3), (4, 0, 4), (2, 3, 5), (5, 2, 6), (5, 3, 7), (1, 4, 7)]),4466,SAT
P10952,22,7,7,CG(nc=5, r=7, tr=[(1, 2, 1), (4, 2, 2), (0, 1, 3), (1, 4, 4), (3, 0, 5), (0, 1, 6), (4, 3, 7)]),CG(nc=6, r=7, tr=[(5, 2, 1), (3, 4, 2), (1, 4, 3), (0, 3, 4), (5, 4, 5), (1, 0, 6), (2, 3, 7)]),2100,SAT
P10953,26,9,9,CG(nc=7, r=9, tr=[(0, 1, 0), (2, 6, 1), (4, 0, 2), (4, 2, 3), (0, 5, 4), (3, 6, 5), (5, 2, 6), (3, 1, 7), (4, 3, 4)]),CG(nc=5, r=9, tr=[(1, 0, 0), (4, 3, 1), (2, 1, 2), (2, 3, 3), (2, 4, 4), (0, 3, 5), (4, 2, 6), (1, 0, 7), (1, 3, 4)]),4173,SAT
P10954,22,7,7,CG(nc=4, r=7, tr=[(1, 0, 1), (2, 1, 2), (2, 3, 3), (0, 2, 4), (2, 3, 5), (2, 3, 6), (0, 1, 7)]),CG(nc=6, r=7, tr=[(1, 0, 1), (0, 2, 2), (3, 4, 3), (5, 2, 4), (3, 0, 5), (4, 5, 6), (1, 2, 7)]),2103,SAT
P10955,22,7,7,CG(nc=5, r=7, tr=[(1, 2, 1), (1, 4, 2), (0, 2, 3), (2, 4, 4), (0, 3, 5), (0, 3, 6), (1, 3, 7)]),CG(nc=5, r=7, tr=[(1, 2, 1), (4, 1, 2), (0, 2, 3), (0, 1, 4), (3, 2, 5), (4, 3, 6), (2, 3, 7)]),2455,SAT
P10956,18,6,6,CG(nc=5, r=6, tr=[(4, 2, 1), (3, 2, 2), (3, 0, 3), (4, 3, 4), (4, 1, 5), (0, 1, 7)]),CG(nc=5, r=6, tr=[(0, 1, 1), (2, 3, 2), (4, 2, 3), (3, 4, 4), (0, 2, 5), (3, 1, 7)]),2002,SAT
P10957,20,7,7,CG(nc=5, r=7, tr=[(1, 2, 0), (1, 0, 1), (3, 1, 2), (3, 4, 3), (0, 3, 4), (1, 4, 5), (2, 0, 7)]),CG(nc=5, r=7, tr=[(1, 0, 0), (2, 1, 1), (2, 3, 2), (3, 4, 3), (4, 2, 4), (3, 0, 5), (1, 0, 7)]),2140,SAT
P10958,18,6,6,CG(nc=4, r=6, tr=[(1, 0, 1), (2, 1, 2), (3, 2, 3), (0, 2, 4), (2, 3, 5), (0, 1, 7)]),CG(nc=5, r=6, tr=[(1, 2, 1), (0, 1, 2), (4, 3, 3), (4, 1, 4), (0, 3, 5), (2, 0, 7)]),2017,SAT
P10959,18,6,6,CG(nc=5, r=6, tr=[(1, 2, 1), (2, 4, 2), (1, 0, 3), (1, 4, 4), (2, 3, 5), (0, 3, 7)]),CG(nc=5, r=6, tr=[(1, 4, 1), (1, 3, 2), (3, 0, 3), (2, 0, 4), (3, 4, 5), (2, 1, 7)]),2149,SAT
P10964,28,10,10,CG(nc=7, r=10, tr=[(1, 2, 0), (0, 3, 1), (6, 5, 2), (6, 4, 3), (4, 0, 4), (6, 1, 5), (4, 1, 6), (2, 0, 7), (4, 6, 0), (5, 3, 3)]),CG(nc=7, r=10, tr=[(1, 6, 0), (3, 0, 1), (0, 3, 2), (4, 5, 3), (6, 5, 4), (1, 4, 5), (1, 2, 6), (5, 3, 7), (5, 0, 0), (2, 0, 3)]),18003,SAT
P10965,24,8,8,CG(nc=6, r=8, tr=[(1, 5, 0), (3, 4, 1), (5, 4, 2), (3, 0, 3), (5, 3, 4), (2, 0, 5), (2, 0, 6), (1, 2, 7)]),CG(nc=6, r=8, tr=[(1, 5, 0), (0, 3, 1), (0, 3, 2), (1, 0, 3), (5, 4, 4), (2, 5, 5), (1, 2, 6), (3, 4, 7)]),2309,SAT
P10966,28,10,10,CG(nc=6, r=10, tr=[(1, 0, 0), (2, 3, 1), (5, 3, 2), (0, 2, 3), (5, 1, 4), (1, 4, 5), (3, 1, 6), (5, 2, 7), (4, 2, 2), (4, 0, 6)]),CG(nc=6, r=10, tr=[(1, 5, 0), (3, 5, 1), (3, 1, 2), (0, 4, 3), (0, 1, 4), (3, 4, 5), (4, 2, 6), (3, 2, 7), (5, 2, 5), (1, 2, 1)]),10521,SAT
P10967,26,9,9,CG(nc=7, r=9, tr=[(1, 2, 0), (6, 4, 1), (5, 6, 2), (3, 0, 3), (3, 6, 4), (5, 2, 5), (4, 2, 6), (0, 1, 7), (3, 5, 1)]),CG(nc=6, r=9, tr=[(1, 5, 0), (5, 3, 1), (1, 3, 2), (0, 1, 3), (0, 4, 4), (2, 1, 5), (5, 2, 6), (3, 4, 7), (5, 2, 7)]),3995,SAT
P10968,24,8,8,CG(nc=6, r=8, tr=[(1, 5, 0), (3, 4, 1), (4, 5, 2), (0, 3, 3), (3, 5, 4), (2, 0, 5), (3, 0, 6), (1, 2, 7)]),CG(nc=5, r=8, tr=[(0, 1, 0), (4, 3, 1), (4, 3, 2), (2, 4, 3), (1, 3, 4), (1, 0, 5), (2, 1, 6), (0, 1, 7)]),2137,SAT
P10969,24,8,8,CG(nc=6, r=8, tr=[(0, 1, 0), (2, 3, 1), (0, 2, 2), (3, 5, 3), (3, 0, 4), (1, 4, 5), (5, 2, 6), (5, 4, 7)]),CG(nc=6, r=8, tr=[(1, 2, 0), (0, 2, 1), (3, 4, 2), (5, 1, 3), (5, 4, 4), (3, 0, 5), (1, 3, 6), (4, 2, 7)]),2167,SAT
P10970,24,8,8,CG(nc=6, r=8, tr=[(1, 5, 0), (3, 4, 1), (1, 3, 2), (4, 0, 3), (4, 5, 4), (2, 3, 5), (4, 2, 6), (2, 0, 7)]),CG(nc=6, r=8, tr=[(1, 0, 0), (2, 3, 1), (3, 5, 2), (4, 5, 3), (0, 3, 4), (3, 4, 5), (1, 4, 6), (5, 2, 7)]),2163,SAT
P10971,24,8,8,CG(nc=5, r=8, tr=[(1, 2, 0), (3, 1, 1), (3, 4, 2), (0, 2, 3), (4, 2, 4), (1, 0, 5), (1, 0, 6), (2, 3, 7)]),CG(nc=6, r=8, tr=[(1, 2, 0), (2, 0, 1), (3, 0, 2), (1, 5, 3), (3, 5, 4), (1, 4, 5), (4, 0, 6), (3, 2, 7)]),2170,SAT
P10972,24,8,8,CG(nc=5, r=8, tr=[(1, 2, 0), (1, 3, 1), (0, 3, 2), (4, 1, 3), (0, 1, 4), (4, 2, 5), (2, 1, 6), (0, 1, 7)]),CG(nc=5, r=8, tr=[(1, 2, 0), (4, 3, 1), (3, 4, 2), (2, 4, 3), (2, 3, 4), (0, 2, 5), (1, 0, 6), (0, 2, 7)]),2095,SAT
P10973,20,7,7,CG(nc=6, r=7, tr=[(1, 0, 0), (2, 0, 1), (3, 2, 2), (3, 5, 3), (0, 3, 4), (4, 5, 5), (1, 4, 7)]),CG(nc=4, r=7, tr=[(1, 3, 0), (0, 2, 1), (0, 2, 2), (0, 1, 3), (1, 2, 4), (3, 1, 5), (1, 3, 7)]),2032,SAT
P10974,24,8,8,CG(nc=5, r=8, tr=[(1, 2, 0), (3, 4, 1), (1, 3, 2), (1, 0, 3), (4, 1, 4), (2, 0, 5), (2, 1, 6), (4, 3, 7)]),CG(nc=6, r=8, tr=[(1, 2, 0), (3, 0, 1), (4, 0, 2), (0, 2, 3), (4, 5, 4), (5, 2, 5), (1, 5, 6), (4, 3, 7)]),2396,SAT
P10975,20,7,7,CG(nc=6, r=7, tr=[(1, 0, 0), (2, 3, 1), (2, 1, 2), (3, 5, 3), (0, 3, 4), (4, 2, 5), (4, 5, 7)]),CG(nc=5, r=7, tr=[(4, 2, 0), (3, 1, 1), (0, 3, 2), (0, 2, 3), (4, 3, 4), (2, 4, 5), (1, 0, 7)]),2093,SAT
P10984,24,8,8,CG(nc=5, r=8, tr=[(1, 2, 1), (0, 2, 2), (1, 4, 3), (0, 1, 4), (4, 1, 5), (2, 3, 6), (4, 3, 7), (2, 0, 5)]),CG(nc=5, r=8, tr=[(1, 4, 1), (4, 3, 2), (4, 1, 3), (2, 0, 4), (2, 3, 5), (0, 3, 6), (2, 1, 7), (1, 2, 6)]),3946,SAT
P10985,26,9,9,CG(nc=6, r=9, tr=[(1, 0, 0), (2, 3, 1), (2, 0, 2), (3, 5, 3), (0, 3, 4), (2, 4, 5), (5, 2, 6), (1, 4, 7), (5, 4, 4)]),CG(nc=6, r=9, tr=[(5, 2, 0), (3, 2, 1), (3, 4, 2), (0, 4, 3), (3, 0, 4), (1, 4, 5), (1, 2, 6), (4, 5, 7), (1, 5, 4)]),4294,SAT
P10986,18,6,6,CG(nc=5, r=6, tr=[(1, 0, 1), (2, 1, 2), (2, 4, 3), (3, 4, 4), (0, 3, 5), (0, 3, 6)]),CG(nc=5, r=6, tr=[(1, 0, 1), (0, 1, 2), (2, 4, 3), (4, 1, 4), (3, 0, 5), (3, 2, 6)]),2028,SAT
P10987,20,7,7,CG(nc=5, r=7, tr=[(1, 2, 1), (3, 4, 2), (1, 4, 3), (1, 0, 4), (3, 1, 5), (4, 2, 6), (2, 0, 2)]),CG(nc=4, r=7, tr=[(0, 1, 1), (2, 3, 2), (2, 1, 3), (1, 3, 4), (1, 3, 5), (0, 2, 6), (2, 0, 4)]),4085,SAT
P10988,22,7,7,CG(nc=5, r=7, tr=[(4, 2, 1), (2, 3, 2), (3, 0, 3), (3, 4, 4), (2, 1, 5), (2, 4, 6), (0, 1, 7)]),CG(nc=5, r=7, tr=[(1, 4, 1), (1, 4, 2), (0, 3, 3), (2, 0, 4), (3, 4, 5), (2, 1, 6), (2, 1, 7)]),2024,SAT
P10989,24,8,8,CG(nc=6, r=8, tr=[(1, 2, 0), (0, 2, 1), (3, 1, 2), (5, 3, 3), (3, 0, 4), (5, 1, 5), (2, 4, 6), (0, 4, 7)]),CG(nc=6, r=8, tr=[(1, 2, 0), (0, 3, 1), (0, 2, 2), (5, 1, 3), (5, 4, 4), (1, 0, 5), (4, 3, 6), (4, 2, 7)]),2021,SAT
P10990,14,5,5,CG(nc=4, r=5, tr=[(1, 2, 1), (2, 3, 2), (1, 0, 3), (3, 1, 4), (0, 1, 5)]),CG(nc=4, r=5, tr=[(3, 2, 1), (2, 3, 2), (3, 1, 3), (0, 2, 4), (0, 1, 5)]),1987,SAT
P10991,14,5,5,CG(nc=4, r=5, tr=[(3, 2, 1), (1, 2, 2), (0, 1, 3), (3, 1, 4), (0, 2, 5)]),CG(nc=4, r=5, tr=[(1, 0, 1), (2, 1, 2), (2, 3, 3), (3, 1, 4), (2, 0, 5)]),2082,SAT
P11004,22,7,7,CG(nc=6, r=7, tr=[(5, 2, 1), (3, 2, 2), (3, 0, 3), (3, 5, 4), (4, 5, 5), (4, 1, 6), (0, 1, 7)]),CG(nc=5, r=7, tr=[(1, 2, 1), (1, 3, 2), (2, 0, 3), (1, 0, 4), (4, 2, 5), (4, 2, 6), (4, 3, 7)]),2026,SAT
P11005,24,8,8,CG(nc=7, r=8, tr=[(1, 6, 0), (3, 0, 1), (4, 3, 2), (4, 6, 3), (0, 4, 4), (5, 2, 5), (5, 1, 6), (2, 0, 7)]),CG(nc=4, r=8, tr=[(1, 0, 0), (2, 3, 1), (2, 3, 2), (1, 3, 3), (2, 1, 4), (0, 1, 5), (0, 1, 6), (1, 0, 7)]),2105,SAT
P11006,18,6,6,CG(nc=5, r=6, tr=[(1, 0, 1), (1, 2, 2), (4, 2, 3), (2, 0, 4), (4, 3, 5), (2, 3, 6)]),CG(nc=4, r=6, tr=[(3, 2, 1), (3, 2, 2), (1, 3, 3), (0, 2, 4), (0, 1, 5), (0, 1, 6)]),2000,SAT
P11007,10,4,4,CG(nc=4, r=4, tr=[(1, 0, 1), (2, 1, 2), (3, 2, 3), (0, 2, 4)]),CG(nc=3, r=4, tr=[(1, 2, 1), (2, 1, 2), (0, 2, 3), (0, 1, 4)]),1966,SAT
P11196,28,10,10,CG(nc=6, r=10, tr=[(1, 0, 1), (5, 3, 2), (4, 0, 3), (3, 5, 4), (5, 1, 5), (0, 4, 6), (1, 4, 7), (1, 3, 3), (2, 3, 2), (4, 2, 4)]),CG(nc=6, r=10, tr=[(5, 2, 1), (3, 0, 2), (5, 4, 3), (2, 5, 4), (4, 3, 5), (1, 0, 6), (2, 3, 7), (2, 1, 3), (2, 4, 4), (4, 1, 1)]),2737215,SAT
P11197,30,11,11,CG(nc=7, r=11, tr=[(1, 2, 0), (2, 3, 1), (3, 0, 2), (6, 5, 3), (4, 3, 4), (5, 6, 5), (2, 0, 6), (5, 1, 7), (6, 1, 4), (4, 1, 3), (5, 2, 2)]),CG(nc=6, r=11, tr=[(1, 0, 0), (2, 1, 1), (3, 0, 2), (5, 2, 3), (5, 1, 4), (3, 1, 5), (0, 4, 6), (2, 0, 7), (1, 4, 3), (4, 5, 2), (4, 1, 1)]),3214636,SAT
P11198,26,9,9,CG(nc=6, r=9, tr=[(1, 2, 1), (1, 0, 2), (3, 1, 3), (4, 3, 4), (2, 5, 5), (0, 4, 6), (3, 2, 7), (4, 5, 2), (5, 2, 3)]),CG(nc=6, r=9, tr=[(1, 5, 1), (3, 5, 2), (4, 2, 3), (4, 3, 4), (5, 2, 5), (0, 3, 6), (1, 4, 7), (1, 3, 3), (4, 0, 2)]),7027,SAT
P11199,18,8,8,CG(nc=7, r=8, tr=[(0, 1, 1), (6, 3, 2), (4, 5, 3), (1, 4, 4), (5, 2, 2), (5, 6, 1), (3, 1, 3), (2, 0, 4)]),CG(nc=4, r=8, tr=[(0, 1, 1), (0, 1, 2), (2, 0, 3), (3, 2, 4), (2, 3, 2), (3, 1, 4), (1, 3, 3), (2, 1, 1)]),3153166,SAT
P11200,26,9,9,CG(nc=6, r=9, tr=[(1, 5, 1), (0, 3, 2), (1, 3, 3), (5, 1, 4), (0, 4, 5), (0, 4, 6), (4, 5, 7), (0, 2, 4), (3, 2, 1)]),CG(nc=6, r=9, tr=[(1, 2, 1), (3, 2, 2), (1, 5, 3), (4, 2, 4), (3, 0, 5), (1, 3, 6), (5, 4, 7), (3, 0, 7), (5, 1, 2)]),8402,SAT
P11201,26,9,9,CG(nc=5, r=9, tr=[(1, 0, 0), (0, 1, 1), (2, 3, 2), (3, 1, 3), (3, 4, 4), (2, 0, 5), (3, 1, 6), (4, 3, 7), (4, 2, 1)]),CG(nc=7, r=9, tr=[(6, 2, 0), (3, 4, 1), (3, 0, 2), (6, 5, 3), (3, 1, 4), (4, 5, 5), (0, 4, 6), (1, 6, 7), (2, 4, 2)]),3878,SAT
P11202,28,10,10,CG(nc=6, r=10, tr=[(1, 0, 1), (2, 3, 2), (1, 2, 3), (3, 4, 4), (3, 0, 5), (2, 1, 6), (4, 2, 7), (5, 2, 7), (5, 2, 4), (3, 5, 1)]),CG(nc=7, r=10, tr=[(6, 2, 1), (3, 0, 2), (4, 5, 3), (2, 3, 4), (5, 6, 5), (4, 0, 6), (5, 2, 7), (4, 5, 2), (1, 4, 7), (3, 1, 1)]),2551289,SAT
P11203,24,8,8,CG(nc=6, r=8, tr=[(1, 5, 1), (3, 0, 2), (1, 3, 3), (5, 4, 4), (4, 3, 5), (4, 2, 6), (5, 4, 7), (2, 0, 1)]),CG(nc=6, r=8, tr=[(1, 2, 1), (1, 0, 2), (3, 5, 3), (1, 4, 4), (3, 2, 5), (0, 2, 6), (5, 4, 7), (5, 2, 2)]),4245,SAT
P11204,28,10,10,CG(nc=6, r=10, tr=[(1, 2, 0), (1, 3, 1), (4, 3, 2), (5, 2, 3), (5, 3, 4), (2, 5, 5), (3, 5, 6), (2, 0, 7), (0, 4, 3), (1, 4, 4)]),CG(nc=7, r=10, tr=[(1, 6, 0), (6, 3, 1), (4, 3, 2), (1, 5, 3), (3, 2, 4), (2, 6, 5), (3, 1, 6), (0, 4, 7), (4, 2, 1), (5, 0, 5)]),18863,SAT
P11205,26,9,9,CG(nc=6, r=9, tr=[(1, 0, 0), (5, 3, 1), (4, 3, 2), (2, 0, 3), (4, 5, 4), (0, 3, 5), (4, 1, 6), (4, 5, 7), (4, 2, 1)]),CG(nc=6, r=9, tr=[(5, 2, 0), (3, 0, 1), (4, 3, 2), (4, 2, 3), (1, 5, 4), (0, 4, 5), (2, 5, 6), (1, 3, 7), (4, 2, 1)]),3653,SAT
P11206,30,11,11,CG(nc=7, r=11, tr=[(0, 1, 0), (2, 6, 1), (4, 6, 2), (5, 0, 3), (2, 4, 4), (0, 2, 5), (3, 1, 6), (3, 4, 7), (5, 4, 1), (3, 6, 4), (2, 3, 7)]),CG(nc=7, r=11, tr=[(1, 2, 0), (6, 2, 1), (1, 4, 2), (5, 4, 3), (2, 3, 4), (6, 5, 5), (4, 0, 6), (4, 3, 7), (3, 0, 2), (1, 6, 4), (2, 0, 5)]),3220258,SAT
P11207,26,9,9,CG(nc=6, r=9, tr=[(1, 2, 0), (5, 1, 1), (0, 4, 2), (1, 4, 3), (4, 3, 4), (5, 3, 5), (2, 4, 6), (3, 4, 7), (0, 3, 1)]),CG(nc=6, r=9, tr=[(1, 2, 0), (1, 0, 1), (1, 3, 2), (2, 0, 3), (3, 4, 4), (5, 1, 5), (2, 1, 6), (4, 0, 7), (5, 3, 1)]),3699,SAT
P11208,24,8,8,CG(nc=6, r=8, tr=[(1, 2, 1), (3, 0, 2), (2, 3, 3), (2, 5, 4), (4, 5, 5), (0, 1, 6), (4, 0, 7), (1, 5, 2)]),CG(nc=6, r=8, tr=[(1, 2, 1), (0, 1, 2), (3, 5, 3), (1, 4, 4), (3, 4, 5), (0, 4, 6), (5, 2, 7), (3, 5, 2)]),3457,SAT
P11209,26,9,9,CG(nc=6, r=9, tr=[(0, 1, 0), (2, 5, 1), (1, 4, 2), (4, 2, 3), (5, 3, 4), (1, 3, 5), (4, 2, 6), (5, 3, 7), (0, 4, 4)]),CG(nc=6, r=9, tr=[(1, 2, 0), (1, 0, 1), (5, 2, 2), (4, 5, 3), (3, 2, 4), (0, 3, 5), (3, 4, 6), (1, 2, 7), (5, 3, 1)]),3648,SAT
P11210,24,8,8,CG(nc=5, r=8, tr=[(1, 4, 1), (3, 0, 2), (1, 3, 3), (1, 2, 4), (1, 3, 5), (2, 0, 6), (1, 4, 7), (4, 2, 2)]),CG(nc=6, r=8, tr=[(1, 2, 1), (1, 5, 2), (0, 4, 3), (3, 1, 4), (3, 4, 5), (5, 3, 6), (2, 0, 7), (0, 3, 2)]),3445,SAT
P11211,24,8,8,CG(nc=6, r=8, tr=[(1, 2, 1), (2, 3, 2), (5, 3, 3), (0, 2, 4), (1, 4, 5), (1, 5, 6), (4, 5, 7), (1, 0, 2)]),CG(nc=6, r=8, tr=[(1, 2, 1), (0, 1, 2), (0, 3, 3), (0, 2, 4), (3, 4, 5), (5, 4, 6), (1, 4, 7), (2, 5, 2)]),3372,SAT
P11212,20,7,7,CG(nc=5, r=7, tr=[(1, 0, 1), (2, 4, 2), (1, 2, 3), (2, 3, 4), (3, 0, 5), (4, 3, 7), (4, 3, 1)]),CG(nc=5, r=7, tr=[(4, 2, 1), (3, 2, 2), (2, 4, 3), (3, 4, 4), (2, 0, 5), (3, 1, 7), (1, 0, 1)]),3124,SAT
P11213,22,8,8,CG(nc=6, r=8, tr=[(1, 0, 0), (2, 1, 1), (3, 2, 2), (3, 4, 3), (3, 0, 4), (2, 5, 5), (2, 1, 7), (5, 4, 1)]),CG(nc=5, r=8, tr=[(4, 2, 0), (3, 2, 1), (3, 0, 2), (1, 0, 3), (0, 2, 4), (1, 4, 5), (4, 1, 7), (1, 3, 4)]),3546,SAT
P11214,22,8,8,CG(nc=5, r=8, tr=[(1, 2, 1), (4, 1, 2), (0, 2, 3), (3, 2, 4), (0, 2, 5), (2, 1, 7), (4, 1, 4), (3, 4, 2)]),CG(nc=6, r=8, tr=[(1, 2, 1), (3, 5, 2), (4, 5, 3), (0, 3, 4), (0, 4, 5), (2, 3, 7), (1, 5, 4), (1, 0, 2)]),5254,SAT
P11215,20,7,7,CG(nc=5, r=7, tr=[(1, 2, 1), (3, 2, 2), (1, 4, 3), (0, 2, 4), (4, 3, 5), (2, 0, 7), (0, 3, 1)]),CG(nc=5, r=7, tr=[(1, 4, 1), (4, 3, 2), (4, 1, 3), (3, 2, 4), (0, 1, 5), (1, 2, 7), (3, 0, 1)]),3194,SAT
P11220,28,10,10,CG(nc=6, r=10, tr=[(1, 2, 0), (3, 5, 1), (5, 4, 2), (0, 2, 3), (2, 4, 4), (3, 0, 5), (1, 0, 6), (5, 2, 7), (4, 3, 6), (3, 1, 2)]),CG(nc=6, r=10, tr=[(1, 0, 0), (2, 5, 1), (4, 3, 2), (4, 5, 3), (1, 2, 4), (2, 0, 5), (4, 1, 6), (0, 4, 7), (3, 5, 4), (2, 3, 0)]),18875,SAT
P11221,28,10,10,CG(nc=6, r=10, tr=[(1, 5, 0), (0, 3, 1), (3, 4, 2), (4, 1, 3), (2, 5, 4), (4, 1, 5), (1, 4, 6), (4, 0, 7), (3, 2, 3), (0, 4, 4)]),CG(nc=7, r=10, tr=[(1, 6, 0), (6, 3, 1), (3, 4, 2), (0, 1, 3), (4, 6, 4), (1, 5, 5), (6, 5, 6), (3, 2, 7), (2, 0, 4), (0, 4, 0)]),17270,SAT
P11222,30,11,11,CG(nc=7, r=11, tr=[(1, 2, 0), (2, 6, 1), (4, 6, 2), (0, 5, 3), (2, 5, 4), (1, 3, 5), (4, 0, 6), (1, 4, 7), (0, 3, 0), (1, 5, 2), (6, 3, 4)]),CG(nc=7, r=11, tr=[(1, 6, 0), (3, 4, 1), (4, 5, 2), (2, 0, 3), (6, 3, 4), (5, 3, 5), (5, 2, 6), (0, 4, 7), (1, 2, 4), (1, 2, 5), (1, 5, 1)]),3258978,SAT
P11223,26,9,9,CG(nc=6, r=9, tr=[(1, 5, 0), (3, 0, 1), (3, 4, 2), (5, 4, 3), (0, 1, 4), (3, 1, 5), (1, 2, 6), (0, 4, 7), (4, 2, 1)]),CG(nc=5, r=9, tr=[(1, 0, 0), (4, 3, 1), (2, 4, 2), (4, 1, 3), (1, 3, 4), (2, 3, 5), (0, 2, 6), (0, 1, 7), (2, 0, 1)]),4194,SAT
P11224,26,9,9,CG(nc=6, r=9, tr=[(0, 1, 0), (2, 5, 1), (5, 4, 2), (0, 3, 3), (4, 2, 4), (1, 2, 5), (0, 4, 6), (2, 5, 7), (3, 2, 2)]),CG(nc=6, r=9, tr=[(1, 5, 0), (3, 4, 1), (2, 1, 2), (2, 1, 3), (2, 4, 4), (5, 1, 5), (2, 0, 6), (3, 5, 7), (0, 4, 2)]),3887,SAT
P11225,26,9,9,CG(nc=7, r=9, tr=[(1, 6, 0), (3, 6, 1), (4, 5, 2), (6, 4, 3), (5, 2, 4), (2, 0, 5), (3, 2, 6), (1, 2, 7), (5, 0, 1)]),CG(nc=6, r=9, tr=[(1, 2, 0), (5, 1, 1), (0, 2, 2), (0, 2, 3), (4, 2, 4), (5, 4, 5), (4, 2, 6), (0, 3, 7), (1, 3, 4)]),3669,SAT
P11226,26,9,9,CG(nc=6, r=9, tr=[(0, 1, 0), (5, 3, 1), (4, 3, 2), (4, 0, 3), (2, 3, 4), (4, 1, 5), (0, 2, 6), (5, 3, 7), (5, 2, 2)]),CG(nc=6, r=9, tr=[(1, 2, 0), (1, 3, 1), (0, 1, 2), (0, 2, 3), (4, 0, 4), (1, 2, 5), (1, 5, 6), (3, 4, 7), (5, 4, 2)]),3676,SAT
P11227,26,9,9,CG(nc=7, r=9, tr=[(1, 2, 0), (0, 3, 1), (3, 4, 2), (6, 4, 3), (3, 1, 4), (0, 5, 5), (1, 6, 6), (6, 2, 7), (5, 1, 2)]),CG(nc=6, r=9, tr=[(1, 2, 0), (5, 1, 1), (4, 2, 2), (2, 0, 3), (3, 5, 4), (2, 3, 5), (5, 3, 6), (0, 4, 7), (4, 1, 4)]),3673,SAT
P11228,28,10,10,CG(nc=7, r=10, tr=[(6, 2, 0), (3, 4, 1), (6, 4, 2), (3, 0, 3), (5, 6, 4), (0, 1, 5), (6, 2, 6), (1, 2, 7), (5, 4, 1), (3, 5, 2)]),CG(nc=7, r=10, tr=[(1, 2, 0), (6, 1, 1), (6, 1, 2), (4, 0, 3), (5, 1, 4), (4, 6, 5), (4, 2, 6), (5, 0, 7), (3, 5, 1), (3, 1, 2)]),18318,SAT
P11229,24,9,9,CG(nc=7, r=9, tr=[(1, 0, 0), (6, 3, 1), (0, 4, 2), (3, 5, 3), (0, 5, 4), (2, 6, 5), (1, 2, 7), (3, 6, 2), (4, 5, 1)]),CG(nc=6, r=9, tr=[(1, 0, 0), (2, 3, 1), (0, 4, 2), (1, 5, 3), (4, 2, 4), (0, 1, 5), (5, 2, 7), (3, 0, 2), (0, 3, 4)]),7404,SAT
P11230,26,9,9,CG(nc=6, r=9, tr=[(1, 2, 0), (2, 0, 1), (3, 1, 2), (5, 3, 3), (4, 3, 4), (2, 5, 5), (4, 2, 6), (3, 0, 7), (0, 4, 2)]),CG(nc=6, r=9, tr=[(1, 2, 0), (5, 4, 1), (1, 2, 2), (0, 1, 3), (2, 3, 4), (1, 5, 5), (2, 4, 6), (0, 3, 7), (3, 4, 2)]),3824,SAT
P11231,24,9,9,CG(nc=7, r=9, tr=[(0, 1, 0), (2, 3, 1), (6, 5, 2), (2, 6, 3), (3, 4, 4), (3, 5, 5), (1, 3, 7), (4, 5, 1), (4, 0, 3)]),CG(nc=6, r=9, tr=[(5, 2, 0), (3, 0, 1), (4, 2, 2), (5, 1, 3), (5, 4, 4), (0, 1, 5), (4, 3, 7), (0, 2, 4), (2, 3, 3)]),9101,SAT
P11240,26,9,9,CG(nc=6, r=9, tr=[(0, 1, 1), (2, 1, 2), (2, 5, 3), (1, 4, 4), (3, 1, 5), (3, 4, 6), (3, 5, 7), (4, 0, 5), (5, 3, 1)]),CG(nc=6, r=9, tr=[(1, 2, 1), (1, 5, 2), (4, 3, 3), (0, 4, 4), (1, 4, 5), (5, 3, 6), (0, 2, 7), (1, 0, 6), (3, 4, 1)]),6150,SAT
P11241,28,10,10,CG(nc=8, r=10, tr=[(7, 2, 0), (0, 3, 1), (4, 5, 2), (6, 3, 3), (5, 7, 4), (0, 4, 5), (5, 3, 6), (1, 4, 7), (2, 1, 6), (7, 6, 2)]),CG(nc=6, r=10, tr=[(1, 0, 0), (1, 2, 1), (2, 5, 2), (5, 4, 3), (3, 2, 4), (0, 3, 5), (0, 1, 6), (1, 0, 7), (4, 3, 6), (5, 3, 1)]),11648,SAT
P11242,24,8,8,CG(nc=6, r=8, tr=[(1, 2, 1), (3, 0, 2), (3, 1, 3), (5, 1, 4), (4, 0, 5), (0, 2, 6), (4, 1, 7), (2, 5, 2)]),CG(nc=5, r=8, tr=[(1, 0, 1), (2, 0, 2), (1, 0, 3), (4, 1, 4), (1, 3, 5), (4, 3, 6), (2, 3, 7), (4, 3, 1)]),3507,SAT
P11243,20,7,7,CG(nc=6, r=7, tr=[(0, 1, 1), (2, 1, 2), (5, 2, 3), (4, 5, 4), (3, 0, 5), (4, 1, 6), (4, 3, 2)]),CG(nc=5, r=7, tr=[(0, 1, 1), (4, 1, 2), (3, 4, 3), (2, 1, 4), (2, 0, 5), (3, 2, 6), (4, 3, 1)]),3082,SAT
P11244,24,8,8,CG(nc=6, r=8, tr=[(0, 1, 1), (2, 3, 2), (3, 1, 3), (3, 5, 4), (0, 2, 5), (2, 4, 6), (5, 4, 7), (5, 2, 1)]),CG(nc=6, r=8, tr=[(1, 5, 1), (3, 4, 2), (0, 3, 3), (4, 0, 4), (5, 3, 5), (4, 1, 6), (1, 2, 7), (2, 0, 2)]),3345,SAT
P11245,26,9,9,CG(nc=6, r=9, tr=[(1, 2, 0), (0, 3, 1), (3, 2, 2), (5, 1, 3), (3, 1, 4), (5, 1, 5), (4, 0, 6), (4, 2, 7), (2, 0, 4)]),CG(nc=6, r=9, tr=[(5, 2, 0), (3, 0, 1), (2, 3, 2), (4, 5, 3), (2, 0, 4), (0, 4, 5), (1, 3, 6), (3, 1, 7), (1, 5, 4)]),3538,SAT
P11246,20,7,7,CG(nc=5, r=7, tr=[(1, 4, 1), (3, 4, 2), (2, 0, 3), (1, 3, 4), (1, 0, 5), (3, 4, 7), (3, 2, 1)]),CG(nc=5, r=7, tr=[(1, 0, 1), (1, 2, 2), (4, 3, 3), (1, 3, 4), (3, 0, 5), (4, 2, 7), (3, 4, 1)]),3323,SAT
P11247,16,6,6,CG(nc=5, r=6, tr=[(4, 2, 1), (3, 4, 2), (1, 3, 3), (3, 2, 4), (2, 0, 5), (0, 1, 1)]),CG(nc=4, r=6, tr=[(3, 2, 1), (3, 1, 2), (2, 3, 3), (2, 1, 4), (2, 0, 5), (0, 1, 1)]),3194,SAT
P11260,26,9,9,CG(nc=7, r=9, tr=[(1, 2, 1), (1, 6, 2), (4, 0, 3), (1, 4, 4), (5, 3, 5), (6, 5, 6), (3, 0, 7), (5, 2, 4), (4, 1, 1)]),CG(nc=6, r=9, tr=[(1, 5, 1), (1, 5, 2), (5, 3, 3), (0, 4, 4), (3, 0, 5), (0, 3, 6), (1, 4, 7), (0, 2, 2), (4, 2, 1)]),8051,SAT
P11261,26,9,9,CG(nc=7, r=9, tr=[(1, 2, 0), (3, 4, 1), (3, 5, 2), (3, 0, 3), (4, 5, 4), (5, 1, 5), (5, 6, 6), (2, 0, 7), (6, 4, 2)]),CG(nc=6, r=9, tr=[(1, 5, 0), (5, 3, 1), (3, 4, 2), (0, 1, 3), (4, 5, 4), (3, 0, 5), (1, 5, 6), (4, 2, 7), (0, 2, 1)]),3684,SAT
P11262,26,9,9,CG(nc=6, r=9, tr=[(0, 1, 1), (2, 3, 2), (2, 5, 3), (2, 1, 4), (4, 2, 5), (4, 5, 6), (3, 1, 7), (3, 0, 4), (1, 3, 2)]),CG(nc=6, r=9, tr=[(1, 2, 1), (2, 3, 2), (5, 4, 3), (2, 0, 4), (4, 0, 5), (4, 0, 6), (5, 3, 7), (1, 0, 2), (1, 5, 4)]),7679,SAT
P11263,14,6,6,CG(nc=5, r=6, tr=[(4, 2, 1), (3, 2, 2), (0, 1, 3), (4, 3, 4), (2, 1, 4), (1, 2, 2)]),CG(nc=4, r=6, tr=[(1, 0, 1), (1, 3, 2), (3, 0, 3), (1, 3, 4), (2, 0, 2), (1, 2, 4)]),4691,SAT
P11456,24,8,8,CG(nc=4, r=8, tr=[(1, 3, 1), (2, 0, 2), (1, 2, 3), (3, 1, 4), (1, 0, 5), (2, 3, 6), (1, 3, 7), (0, 2, 7)]),CG(nc=6, r=8, tr=[(5, 2, 1), (5, 3, 2), (4, 2, 3), (1, 3, 4), (0, 2, 5), (5, 4, 6), (2, 3, 7), (0, 1, 6)]),3224,SAT
P11457,27,9,10,CG(nc=6, r=9, tr=[(1, 2, 0), (0, 3, 1), (5, 4, 2), (4, 3, 3), (4, 1, 4), (1, 0, 5), (2, 3, 6), (2, 5, 7), (5, 3, 5)]),CG(nc=7, r=10, tr=[(0, 1, 0), (2, 3, 1), (4, 6, 2), (2, 6, 3), (5, 6, 4), (2, 4, 5), (0, 4, 6), (0, 2, 7), (1, 3, 2), (3, 5, 6)]),7911,SAT
P11458,26,9,9,CG(nc=5, r=9, tr=[(1, 2, 1), (4, 1, 2), (4, 3, 3), (2, 1, 4), (3, 1, 5), (1, 0, 6), (4, 2, 7), (0, 2, 3), (0, 3, 7)]),CG(nc=6, r=9, tr=[(1, 2, 1), (0, 3, 2), (1, 4, 3), (0, 2, 4), (5, 1, 5), (5, 3, 6), (1, 3, 7), (4, 5, 2), (4, 0, 6)]),5120,SAT
P11459,26,9,9,CG(nc=6, r=9, tr=[(1, 0, 1), (2, 3, 2), (3, 1, 3), (5, 2, 4), (0, 3, 5), (1, 4, 6), (2, 4, 7), (4, 5, 5), (2, 5, 1)]),CG(nc=6, r=9, tr=[(1, 5, 1), (3, 4, 2), (5, 3, 3), (2, 1, 4), (5, 4, 5), (2, 3, 6), (0, 3, 7), (2, 0, 5), (0, 4, 1)]),5120,SAT
P11460,26,9,9,CG(nc=6, r=9, tr=[(1, 2, 0), (3, 2, 1), (5, 3, 2), (0, 2, 3), (4, 0, 4), (4, 5, 5), (2, 4, 6), (5, 1, 7), (4, 0, 7)]),CG(nc=6, r=9, tr=[(1, 2, 0), (5, 2, 1), (4, 5, 2), (1, 5, 3), (3, 1, 4), (0, 2, 5), (2, 1, 6), (3, 0, 7), (3, 4, 5)]),3525,SAT
P11461,28,10,10,CG(nc=6, r=10, tr=[(1, 2, 0), (3, 5, 1), (0, 4, 2), (3, 4, 3), (5, 3, 4), (2, 4, 5), (0, 1, 6), (2, 5, 7), (2, 0, 3), (4, 5, 6)]),CG(nc=7, r=10, tr=[(1, 2, 0), (3, 4, 1), (0, 2, 2), (1, 6, 3), (4, 0, 4), (5, 2, 5), (5, 3, 6), (6, 5, 7), (0, 5, 3), (1, 3, 5)]),10871,SAT
P11462,28,10,10,CG(nc=6, r=10, tr=[(1, 2, 0), (2, 3, 1), (5, 2, 2), (5, 4, 3), (2, 3, 4), (4, 2, 5), (0, 1, 6), (4, 0, 7), (3, 0, 3), (3, 5, 7)]),CG(nc=6, r=10, tr=[(1, 0, 0), (2, 0, 1), (1, 2, 2), (0, 3, 3), (5, 4, 4), (2, 5, 5), (3, 2, 6), (0, 1, 7), (4, 1, 3), (4, 3, 7)]),8716,SAT
P11463,28,10,10,CG(nc=6, r=10, tr=[(1, 2, 0), (3, 1, 1), (0, 3, 2), (1, 5, 3), (3, 1, 4), (4, 3, 5), (5, 3, 6), (4, 5, 7), (2, 0, 7), (4, 0, 3)]),CG(nc=6, r=10, tr=[(1, 2, 0), (3, 0, 1), (3, 1, 2), (5, 1, 3), (5, 4, 4), (0, 2, 5), (1, 2, 6), (0, 1, 7), (3, 5, 5), (2, 4, 1)]),8605,SAT
P11464,24,8,8,CG(nc=6, r=8, tr=[(1, 2, 1), (1, 0, 2), (5, 2, 3), (4, 5, 4), (3, 5, 5), (4, 3, 6), (0, 3, 7), (0, 4, 5)]),CG(nc=6, r=8, tr=[(1, 0, 1), (1, 0, 2), (2, 0, 3), (5, 4, 4), (5, 3, 5), (4, 3, 6), (3, 1, 7), (2, 4, 5)]),3260,SAT
P11465,28,10,10,CG(nc=7, r=10, tr=[(1, 2, 0), (3, 4, 1), (3, 1, 2), (6, 4, 3), (6, 3, 4), (5, 1, 5), (5, 4, 6), (6, 2, 7), (1, 0, 3), (0, 5, 7)]),CG(nc=6, r=10, tr=[(1, 5, 0), (3, 4, 1), (2, 5, 2), (1, 3, 3), (1, 4, 4), (3, 2, 5), (2, 0, 6), (0, 3, 7), (1, 5, 6), (0, 4, 2)]),9936,SAT
P11466,24,8,8,CG(nc=6, r=8, tr=[(1, 2, 1), (0, 2, 2), (5, 1, 3), (4, 3, 4), (3, 1, 5), (3, 0, 6), (4, 5, 7), (4, 2, 5)]),CG(nc=6, r=8, tr=[(1, 0, 1), (1, 2, 2), (2, 3, 3), (5, 3, 4), (4, 5, 5), (4, 3, 6), (4, 1, 7), (2, 0, 5)]),3388,SAT
P11467,28,10,10,CG(nc=6, r=10, tr=[(0, 1, 1), (2, 1, 2), (2, 3, 3), (4, 3, 4), (0, 4, 5), (2, 4, 6), (0, 2, 7), (5, 3, 1), (5, 2, 3), (1, 5, 5)]),CG(nc=6, r=10, tr=[(0, 1, 1), (2, 1, 2), (2, 3, 3), (4, 3, 4), (0, 4, 5), (2, 4, 6), (0, 2, 7), (5, 3, 1), (5, 2, 3), (1, 5, 5)]),1431928,SAT
P11468,22,7,7,CG(nc=5, r=7, tr=[(1, 2, 1), (4, 2, 2), (0, 1, 3), (2, 1, 4), (4, 3, 5), (1, 3, 6), (0, 3, 7)]),CG(nc=6, r=7, tr=[(1, 2, 1), (5, 4, 2), (5, 4, 3), (0, 3, 4), (0, 4, 5), (3, 1, 6), (5, 2, 7)]),1910,SAT
P11469,26,9,9,CG(nc=6, r=9, tr=[(1, 2, 0), (3, 4, 1), (5, 4, 2), (0, 3, 3), (5, 1, 4), (2, 0, 5), (1, 5, 6), (4, 2, 7), (2, 1, 3)]),CG(nc=7, r=9, tr=[(1, 2, 0), (2, 6, 1), (4, 0, 2), (1, 4, 3), (5, 3, 4), (6, 4, 5), (0, 3, 6), (2, 5, 7), (1, 3, 5)]),3703,SAT
P11470,24,8,8,CG(nc=6, r=8, tr=[(1, 2, 1), (2, 0, 2), (1, 5, 3), (4, 0, 4), (4, 5, 5), (3, 4, 6), (4, 2, 7), (3, 0, 3)]),CG(nc=6, r=8, tr=[(1, 2, 1), (3, 2, 2), (5, 4, 3), (1, 4, 4), (5, 3, 5), (5, 4, 6), (2, 0, 7), (0, 3, 3)]),3288,SAT
P11471,24,8,8,CG(nc=5, r=8, tr=[(1, 0, 1), (2, 1, 2), (2, 4, 3), (0, 3, 4), (4, 1, 5), (0, 3, 6), (2, 0, 7), (3, 2, 5)]),CG(nc=5, r=8, tr=[(1, 2, 1), (1, 4, 2), (2, 0, 3), (0, 3, 4), (4, 2, 5), (3, 1, 6), (2, 4, 7), (0, 1, 5)]),3127,SAT
P11472,26,9,9,CG(nc=6, r=9, tr=[(1, 2, 0), (3, 4, 1), (3, 0, 2), (4, 5, 3), (4, 1, 4), (0, 1, 5), (2, 4, 6), (5, 2, 7), (0, 4, 7)]),CG(nc=6, r=9, tr=[(1, 2, 0), (5, 4, 1), (3, 5, 2), (5, 1, 3), (2, 3, 4), (0, 4, 5), (0, 2, 6), (3, 4, 7), (1, 3, 5)]),3416,SAT
P11473,26,9,9,CG(nc=6, r=9, tr=[(5, 2, 0), (2, 3, 1), (0, 4, 2), (3, 4, 3), (3, 5, 4), (1, 4, 5), (0, 1, 6), (1, 2, 7), (3, 5, 6)]),CG(nc=6, r=9, tr=[(1, 5, 0), (1, 3, 1), (0, 4, 2), (3, 0, 3), (1, 2, 4), (4, 3, 5), (0, 2, 6), (5, 3, 7), (5, 4, 6)]),3426,SAT
P11474,28,10,10,CG(nc=7, r=10, tr=[(1, 2, 0), (3, 0, 1), (6, 5, 2), (3, 5, 3), (3, 0, 4), (0, 2, 5), (4, 6, 6), (4, 3, 7), (1, 5, 7), (2, 4, 3)]),CG(nc=7, r=10, tr=[(0, 1, 0), (2, 3, 1), (0, 1, 2), (3, 1, 3), (2, 4, 4), (5, 1, 5), (3, 6, 6), (5, 4, 7), (0, 5, 6), (6, 4, 2)]),8126,SAT
P11475,28,10,10,CG(nc=6, r=10, tr=[(1, 2, 0), (3, 4, 1), (5, 4, 2), (0, 3, 3), (2, 5, 4), (2, 3, 5), (4, 0, 6), (5, 3, 7), (1, 0, 2), (5, 1, 6)]),CG(nc=6, r=10, tr=[(1, 0, 0), (5, 3, 1), (4, 3, 2), (0, 4, 3), (3, 1, 4), (3, 0, 5), (2, 1, 6), (0, 2, 7), (4, 5, 7), (5, 2, 3)]),7299,SAT
P11476,26,9,9,CG(nc=6, r=9, tr=[(1, 2, 0), (3, 0, 1), (4, 5, 2), (3, 4, 3), (0, 3, 4), (4, 2, 5), (5, 2, 6), (1, 0, 7), (4, 0, 6)]),CG(nc=6, r=9, tr=[(1, 2, 0), (3, 5, 1), (5, 1, 2), (4, 5, 3), (3, 2, 4), (2, 0, 5), (0, 1, 6), (2, 1, 7), (4, 2, 6)]),3614,SAT
P11477,26,9,9,CG(nc=5, r=9, tr=[(1, 4, 0), (3, 2, 1), (2, 0, 2), (3, 4, 3), (3, 2, 4), (2, 0, 5), (1, 2, 6), (3, 0, 7), (3, 1, 5)]),CG(nc=7, r=9, tr=[(1, 6, 0), (3, 4, 1), (6, 5, 2), (1, 0, 3), (2, 4, 4), (1, 3, 5), (3, 6, 6), (0, 2, 7), (2, 5, 5)]),3508,SAT
P11478,30,11,11,CG(nc=7, r=11, tr=[(1, 6, 0), (3, 4, 1), (0, 5, 2), (0, 3, 3), (4, 3, 4), (5, 2, 5), (2, 3, 6), (1, 2, 7), (5, 6, 6), (0, 4, 6), (6, 4, 2)]),CG(nc=7, r=11, tr=[(1, 0, 0), (2, 3, 1), (3, 6, 2), (2, 5, 3), (0, 5, 4), (3, 1, 5), (4, 6, 6), (0, 1, 7), (3, 5, 6), (2, 6, 7), (4, 1, 3)]),3216538,SAT
P11479,28,10,10,CG(nc=6, r=10, tr=[(1, 2, 0), (1, 0, 1), (1, 3, 2), (4, 0, 3), (0, 1, 4), (5, 2, 5), (2, 4, 6), (3, 0, 7), (5, 4, 7), (3, 5, 3)]),CG(nc=7, r=10, tr=[(1, 6, 0), (3, 1, 1), (6, 3, 2), (1, 0, 3), (4, 5, 4), (3, 4, 5), (2, 6, 6), (4, 0, 7), (1, 2, 5), (5, 2, 1)]),8303,SAT
P11480,26,9,9,CG(nc=6, r=9, tr=[(1, 2, 0), (3, 4, 1), (5, 4, 2), (3, 0, 3), (1, 3, 4), (5, 1, 5), (1, 0, 6), (5, 4, 7), (2, 0, 7)]),CG(nc=6, r=9, tr=[(0, 1, 0), (0, 2, 1), (2, 0, 2), (1, 3, 3), (3, 4, 4), (1, 0, 5), (5, 3, 6), (2, 4, 7), (5, 4, 5)]),3804,SAT
P11481,28,10,10,CG(nc=7, r=10, tr=[(1, 2, 0), (3, 0, 1), (3, 4, 2), (5, 2, 3), (5, 4, 4), (0, 2, 5), (6, 5, 6), (4, 3, 7), (6, 4, 3), (1, 6, 7)]),CG(nc=6, r=10, tr=[(1, 0, 0), (2, 3, 1), (2, 5, 2), (1, 3, 3), (4, 0, 4), (4, 2, 5), (2, 1, 6), (4, 1, 7), (3, 5, 4), (2, 5, 3)]),8605,SAT
P11482,28,10,10,CG(nc=7, r=10, tr=[(1, 2, 0), (3, 4, 1), (3, 0, 2), (6, 4, 3), (0, 5, 4), (5, 4, 5), (5, 2, 6), (2, 6, 7), (1, 3, 5), (2, 0, 3)]),CG(nc=7, r=10, tr=[(1, 2, 0), (3, 1, 1), (4, 5, 2), (6, 5, 3), (4, 2, 4), (6, 4, 5), (1, 5, 6), (5, 0, 7), (0, 2, 3), (3, 6, 4)]),8234,SAT
P11483,28,10,10,CG(nc=7, r=10, tr=[(1, 2, 0), (3, 6, 1), (5, 2, 2), (0, 4, 3), (3, 2, 4), (6, 5, 5), (1, 2, 6), (1, 0, 7), (4, 5, 6), (4, 3, 2)]),CG(nc=6, r=10, tr=[(5, 2, 0), (3, 2, 1), (4, 5, 2), (1, 5, 3), (3, 4, 4), (1, 4, 5), (4, 0, 6), (5, 2, 7), (1, 0, 7), (3, 0, 3)]),10481,SAT
P11484,24,8,8,CG(nc=6, r=8, tr=[(1, 5, 0), (3, 5, 1), (4, 3, 2), (4, 0, 3), (5, 3, 4), (0, 2, 5), (5, 2, 6), (2, 1, 7)]),CG(nc=5, r=8, tr=[(1, 2, 0), (3, 2, 1), (4, 3, 2), (3, 4, 3), (2, 4, 4), (3, 0, 5), (0, 1, 6), (1, 3, 7)]),1827,SAT
P11485,24,8,8,CG(nc=6, r=8, tr=[(1, 2, 0), (3, 4, 1), (5, 3, 2), (4, 0, 3), (4, 2, 4), (2, 5, 5), (1, 0, 6), (0, 1, 7)]),CG(nc=5, r=8, tr=[(4, 2, 0), (0, 3, 1), (3, 0, 2), (0, 2, 3), (3, 2, 4), (3, 4, 5), (1, 4, 6), (1, 2, 7)]),1633,SAT
P11486,28,10,10,CG(nc=6, r=10, tr=[(1, 2, 0), (3, 1, 1), (3, 5, 2), (0, 1, 3), (3, 1, 4), (4, 2, 5), (5, 4, 6), (5, 1, 7), (2, 0, 4), (4, 0, 2)]),CG(nc=7, r=10, tr=[(0, 1, 0), (0, 2, 1), (6, 4, 2), (4, 5, 3), (3, 2, 4), (4, 0, 5), (6, 5, 6), (3, 5, 7), (4, 1, 6), (3, 5, 2)]),8959,SAT
P11487,26,9,9,CG(nc=6, r=9, tr=[(1, 2, 0), (3, 0, 1), (4, 1, 2), (1, 5, 3), (0, 3, 4), (5, 4, 5), (3, 0, 6), (0, 2, 7), (4, 3, 3)]),CG(nc=6, r=9, tr=[(5, 2, 0), (5, 3, 1), (3, 2, 2), (0, 2, 3), (4, 1, 4), (2, 5, 5), (4, 3, 6), (0, 1, 7), (3, 1, 5)]),3440,SAT
P11488,22,7,7,CG(nc=5, r=7, tr=[(1, 4, 1), (3, 1, 2), (3, 0, 3), (4, 1, 4), (3, 2, 5), (4, 2, 6), (0, 2, 7)]),CG(nc=6, r=7, tr=[(1, 5, 1), (3, 0, 2), (4, 2, 3), (4, 1, 4), (2, 5, 5), (0, 4, 6), (3, 2, 7)]),1964,SAT
P11489,26,9,9,CG(nc=6, r=9, tr=[(5, 2, 0), (2, 3, 1), (3, 4, 2), (0, 4, 3), (3, 5, 4), (1, 4, 5), (2, 1, 6), (0, 1, 7), (5, 2, 3)]),CG(nc=6, r=9, tr=[(0, 1, 0), (2, 3, 1), (2, 5, 2), (5, 4, 3), (3, 5, 4), (4, 2, 5), (2, 0, 6), (0, 4, 7), (1, 3, 3)]),3497,SAT
P11490,24,8,8,CG(nc=5, r=8, tr=[(4, 2, 1), (3, 0, 2), (3, 2, 3), (2, 4, 4), (2, 0, 5), (4, 3, 6), (0, 1, 7), (1, 2, 6)]),CG(nc=6, r=8, tr=[(1, 2, 1), (5, 4, 2), (4, 1, 3), (2, 0, 4), (3, 4, 5), (5, 1, 6), (3, 0, 7), (3, 0, 6)]),3454,SAT
P11491,26,9,9,CG(nc=6, r=9, tr=[(1, 0, 1), (2, 3, 2), (4, 0, 3), (0, 2, 4), (1, 5, 5), (4, 1, 6), (5, 4, 7), (3, 5, 3), (3, 1, 2)]),CG(nc=6, r=9, tr=[(1, 2, 1), (1, 0, 2), (3, 2, 3), (0, 1, 4), (4, 0, 5), (2, 5, 6), (4, 3, 7), (3, 5, 2), (3, 4, 6)]),4555,SAT
P11492,24,8,8,CG(nc=6, r=8, tr=[(1, 2, 0), (1, 0, 1), (1, 3, 2), (3, 5, 3), (4, 5, 4), (4, 0, 5), (4, 5, 6), (4, 2, 7)]),CG(nc=5, r=8, tr=[(4, 2, 0), (0, 3, 1), (3, 0, 2), (3, 0, 3), (1, 4, 4), (3, 2, 5), (3, 1, 6), (4, 2, 7)]),1699,SAT
P11493,26,9,9,CG(nc=6, r=9, tr=[(0, 1, 0), (0, 2, 1), (2, 3, 2), (3, 5, 3), (0, 2, 4), (3, 4, 5), (1, 4, 6), (4, 5, 7), (4, 2, 3)]),CG(nc=6, r=9, tr=[(0, 1, 0), (5, 3, 1), (4, 1, 2), (3, 4, 3), (2, 0, 4), (4, 5, 5), (3, 2, 6), (1, 0, 7), (1, 3, 5)]),3337,SAT
P11494,26,9,9,CG(nc=6, r=9, tr=[(1, 5, 0), (3, 4, 1), (4, 0, 2), (4, 2, 3), (5, 2, 4), (2, 0, 5), (1, 4, 6), (0, 3, 7), (3, 5, 3)]),CG(nc=6, r=9, tr=[(1, 0, 0), (2, 3, 1), (4, 1, 2), (4, 3, 3), (5, 2, 4), (4, 5, 5), (0, 3, 6), (0, 1, 7), (1, 0, 1)]),3314,SAT
P11495,28,10,10,CG(nc=7, r=10, tr=[(1, 2, 0), (0, 3, 1), (4, 3, 2), (4, 6, 3), (5, 0, 4), (4, 5, 5), (6, 1, 6), (3, 2, 7), (0, 5, 6), (2, 6, 5)]),CG(nc=6, r=10, tr=[(1, 2, 0), (1, 0, 1), (3, 1, 2), (2, 0, 3), (5, 4, 4), (5, 1, 5), (4, 2, 6), (1, 2, 7), (5, 3, 3), (0, 3, 7)]),12436,SAT
P11496,24,8,8,CG(nc=6, r=8, tr=[(1, 5, 1), (3, 0, 2), (3, 1, 3), (0, 4, 4), (2, 0, 5), (4, 2, 6), (1, 2, 7), (5, 4, 5)]),CG(nc=6, r=8, tr=[(1, 5, 1), (3, 1, 2), (4, 5, 3), (2, 1, 4), (4, 2, 5), (0, 2, 6), (3, 5, 7), (0, 1, 5)]),3016,SAT
P11497,28,10,10,CG(nc=6, r=10, tr=[(0, 1, 0), (2, 0, 1), (2, 3, 2), (3, 4, 3), (3, 0, 4), (2, 5, 5), (2, 1, 6), (4, 5, 7), (5, 4, 2), (4, 1, 4)]),CG(nc=7, r=10, tr=[(1, 2, 0), (0, 2, 1), (6, 4, 2), (1, 4, 3), (2, 5, 4), (0, 3, 5), (6, 5, 6), (4, 3, 7), (3, 5, 3), (1, 2, 5)]),8635,SAT
P11498,22,7,7,CG(nc=5, r=7, tr=[(4, 2, 1), (3, 2, 2), (3, 0, 3), (1, 0, 4), (1, 4, 5), (3, 1, 6), (3, 4, 7)]),CG(nc=5, r=7, tr=[(1, 4, 1), (1, 3, 2), (2, 4, 3), (0, 2, 4), (0, 1, 5), (1, 2, 6), (4, 3, 7)]),1666,SAT
P11499,24,8,8,CG(nc=6, r=8, tr=[(1, 2, 1), (3, 1, 2), (0, 2, 3), (1, 0, 4), (4, 3, 5), (2, 4, 6), (5, 4, 7), (5, 3, 3)]),CG(nc=5, r=8, tr=[(1, 2, 1), (2, 4, 2), (4, 3, 3), (4, 1, 4), (3, 2, 5), (2, 0, 6), (3, 0, 7), (0, 1, 3)]),3074,SAT
P11500,18,6,6,CG(nc=4, r=6, tr=[(0, 1, 1), (2, 1, 2), (3, 2, 3), (0, 1, 4), (3, 1, 5), (0, 1, 6)]),CG(nc=5, r=6, tr=[(4, 2, 1), (3, 4, 2), (4, 3, 3), (1, 0, 4), (0, 3, 5), (1, 2, 6)]),1540,SAT
P11501,22,8,8,CG(nc=6, r=8, tr=[(1, 2, 0), (1, 3, 1), (0, 3, 2), (5, 1, 3), (3, 2, 4), (5, 2, 5), (0, 4, 6), (1, 4, 5)]),CG(nc=6, r=8, tr=[(1, 2, 0), (2, 0, 1), (3, 1, 2), (5, 3, 3), (4, 2, 4), (5, 1, 5), (5, 4, 6), (3, 0, 5)]),3029,SAT
P11502,18,6,6,CG(nc=5, r=6, tr=[(1, 2, 1), (4, 2, 2), (0, 1, 3), (0, 3, 4), (3, 4, 5), (1, 3, 6)]),CG(nc=4, r=6, tr=[(1, 0, 1), (0, 1, 2), (2, 0, 3), (3, 2, 4), (1, 3, 5), (1, 2, 6)]),1575,SAT
P11503,20,7,7,CG(nc=6, r=7, tr=[(0, 1, 1), (1, 2, 2), (2, 5, 3), (4, 3, 4), (4, 0, 5), (2, 4, 6), (3, 5, 2)]),CG(nc=5, r=7, tr=[(1, 0, 1), (2, 4, 2), (1, 2, 3), (4, 3, 4), (1, 4, 5), (1, 3, 6), (2, 0, 5)]),3150,SAT
P11504,22,7,7,CG(nc=5, r=7, tr=[(1, 2, 1), (1, 4, 2), (2, 0, 3), (1, 2, 4), (0, 3, 5), (4, 3, 6), (0, 3, 7)]),CG(nc=6, r=7, tr=[(1, 0, 1), (2, 3, 2), (4, 0, 3), (4, 1, 4), (2, 5, 5), (5, 4, 6), (3, 0, 7)]),1848,SAT
P11505,24,8,8,CG(nc=6, r=8, tr=[(1, 2, 0), (5, 4, 1), (3, 4, 2), (0, 3, 3), (2, 3, 4), (2, 5, 5), (0, 1, 6), (4, 1, 7)]),CG(nc=6, r=8, tr=[(1, 2, 0), (3, 2, 1), (1, 0, 2), (5, 3, 3), (5, 2, 4), (4, 5, 5), (0, 3, 6), (4, 1, 7)]),1697,SAT
P11506,24,8,8,CG(nc=5, r=8, tr=[(1, 4, 1), (1, 3, 2), (0, 3, 3), (4, 1, 4), (1, 3, 5), (2, 1, 6), (2, 0, 7), (4, 2, 3)]),CG(nc=5, r=8, tr=[(1, 2, 1), (2, 3, 2), (3, 4, 3), (0, 1, 4), (2, 4, 5), (2, 4, 6), (0, 3, 7), (3, 0, 6)]),3040,SAT
P11507,24,8,8,CG(nc=6, r=8, tr=[(0, 1, 1), (2, 1, 2), (5, 2, 3), (1, 0, 4), (2, 4, 5), (4, 0, 6), (3, 5, 7), (3, 4, 1)]),CG(nc=6, r=8, tr=[(1, 2, 1), (3, 5, 2), (5, 2, 3), (4, 2, 4), (3, 4, 5), (1, 5, 6), (4, 0, 7), (1, 0, 3)]),3003,SAT
P11508,24,8,8,CG(nc=6, r=8, tr=[(1, 0, 0), (2, 0, 1), (5, 4, 2), (2, 4, 3), (2, 0, 4), (3, 0, 5), (5, 3, 6), (3, 1, 7)]),CG(nc=6, r=8, tr=[(1, 2, 0), (3, 5, 1), (2, 4, 2), (5, 1, 3), (1, 3, 4), (0, 2, 5), (1, 0, 6), (5, 4, 7)]),1777,SAT
P11509,24,8,8,CG(nc=6, r=8, tr=[(1, 2, 0), (5, 4, 1), (4, 3, 2), (0, 3, 3), (5, 1, 4), (1, 3, 5), (5, 1, 6), (0, 2, 7)]),CG(nc=6, r=8, tr=[(1, 5, 0), (1, 3, 1), (4, 5, 2), (1, 0, 3), (3, 2, 4), (4, 2, 5), (5, 1, 6), (0, 2, 7)]),1835,SAT
P11510,26,9,9,CG(nc=6, r=9, tr=[(1, 2, 0), (2, 0, 1), (3, 5, 2), (3, 2, 3), (2, 0, 4), (2, 4, 5), (0, 3, 6), (4, 1, 7), (5, 4, 6)]),CG(nc=6, r=9, tr=[(1, 5, 0), (3, 4, 1), (2, 0, 2), (2, 4, 3), (3, 5, 4), (1, 2, 5), (2, 5, 6), (5, 1, 7), (0, 4, 6)]),3531,SAT
P11511,26,9,9,CG(nc=6, r=9, tr=[(0, 1, 0), (2, 3, 1), (2, 0, 2), (3, 5, 3), (3, 4, 4), (4, 0, 5), (3, 4, 6), (3, 1, 7), (5, 2, 6)]),CG(nc=6, r=9, tr=[(1, 0, 0), (2, 3, 1), (5, 2, 2), (0, 3, 3), (2, 4, 4), (2, 1, 5), (3, 5, 6), (1, 0, 7), (4, 1, 6)]),3350,SAT
P11512,22,7,7,CG(nc=5, r=7, tr=[(1, 0, 1), (2, 1, 2), (2, 4, 3), (2, 3, 4), (0, 3, 5), (4, 3, 6), (0, 2, 7)]),CG(nc=5, r=7, tr=[(1, 2, 1), (1, 2, 2), (3, 4, 3), (2, 3, 4), (0, 2, 5), (0, 3, 6), (1, 4, 7)]),1701,SAT
P11513,26,9,9,CG(nc=6, r=9, tr=[(0, 1, 0), (1, 2, 1), (5, 4, 2), (2, 4, 3), (3, 4, 4), (3, 5, 5), (1, 3, 6), (5, 4, 7), (0, 2, 4)]),CG(nc=6, r=9, tr=[(1, 2, 0), (2, 3, 1), (1, 5, 2), (3, 0, 3), (2, 0, 4), (2, 4, 5), (3, 5, 6), (4, 0, 7), (2, 1, 5)]),3383,SAT
P11514,24,8,8,CG(nc=6, r=8, tr=[(1, 2, 1), (3, 1, 2), (5, 2, 3), (3, 4, 4), (4, 2, 5), (4, 0, 6), (3, 5, 7), (0, 3, 3)]),CG(nc=5, r=8, tr=[(1, 2, 1), (1, 2, 2), (3, 0, 3), (3, 4, 4), (4, 2, 5), (2, 3, 6), (1, 0, 7), (4, 2, 3)]),3046,SAT
P11515,24,8,8,CG(nc=6, r=8, tr=[(1, 2, 1), (3, 0, 2), (1, 3, 3), (5, 1, 4), (2, 4, 5), (4, 0, 6), (4, 2, 7), (2, 5, 3)]),CG(nc=6, r=8, tr=[(0, 1, 1), (0, 2, 2), (1, 5, 3), (5, 4, 4), (2, 3, 5), (1, 4, 6), (3, 5, 7), (0, 4, 3)]),3008,SAT
P11516,18,6,6,CG(nc=5, r=6, tr=[(1, 2, 1), (2, 4, 2), (1, 0, 3), (1, 2, 4), (4, 3, 5), (0, 3, 6)]),CG(nc=5, r=6, tr=[(1, 2, 1), (0, 3, 2), (2, 4, 3), (4, 1, 4), (3, 4, 5), (0, 2, 6)]),1596,SAT
P11517,20,7,7,CG(nc=6, r=7, tr=[(1, 2, 0), (3, 5, 1), (4, 3, 2), (4, 0, 3), (1, 4, 4), (5, 1, 5), (0, 2, 6)]),CG(nc=5, r=7, tr=[(1, 2, 0), (1, 3, 1), (2, 0, 2), (4, 3, 3), (1, 4, 4), (4, 2, 5), (3, 0, 6)]),1578,SAT
P11518,20,7,7,CG(nc=5, r=7, tr=[(1, 2, 1), (1, 4, 2), (2, 0, 3), (1, 2, 4), (2, 3, 5), (0, 1, 6), (4, 3, 6)]),CG(nc=5, r=7, tr=[(1, 2, 1), (3, 0, 2), (3, 1, 3), (4, 2, 4), (4, 3, 5), (0, 1, 6), (3, 4, 6)]),3067,SAT
P11519,18,6,6,CG(nc=4, r=6, tr=[(1, 2, 1), (2, 3, 2), (1, 0, 3), (1, 2, 4), (3, 2, 5), (1, 2, 6)]),CG(nc=5, r=6, tr=[(1, 4, 1), (3, 4, 2), (4, 0, 3), (0, 2, 4), (0, 3, 5), (2, 1, 6)]),1549,SAT
P11728,26,9,9,CG(nc=6, r=9, tr=[(1, 2, 0), (5, 4, 1), (4, 3, 2), (3, 0, 3), (5, 4, 4), (5, 1, 5), (2, 3, 6), (5, 3, 7), (2, 0, 7)]),CG(nc=6, r=9, tr=[(0, 1, 0), (1, 2, 1), (1, 3, 2), (5, 4, 3), (2, 3, 4), (1, 0, 5), (4, 1, 6), (0, 4, 7), (5, 3, 7)]),3258,SAT
P11729,28,10,10,CG(nc=6, r=10, tr=[(0, 1, 0), (2, 5, 1), (0, 4, 2), (2, 4, 3), (5, 2, 4), (2, 1, 5), (4, 5, 6), (4, 3, 7), (3, 0, 1), (2, 5, 7)]),CG(nc=7, r=10, tr=[(6, 2, 0), (2, 3, 1), (2, 4, 2), (0, 3, 3), (5, 6, 4), (6, 2, 5), (3, 2, 6), (4, 0, 7), (4, 1, 1), (5, 1, 6)]),10443,SAT
P11730,28,10,10,CG(nc=6, r=10, tr=[(1, 2, 0), (5, 1, 1), (0, 4, 2), (4, 1, 3), (5, 1, 4), (0, 2, 5), (4, 5, 6), (3, 1, 7), (3, 0, 6), (3, 5, 2)]),CG(nc=6, r=10, tr=[(1, 2, 0), (1, 3, 1), (5, 2, 2), (5, 1, 3), (3, 4, 4), (1, 2, 5), (2, 0, 6), (0, 1, 7), (5, 4, 6), (4, 0, 2)]),7296,SAT
P11731,28,10,10,CG(nc=7, r=10, tr=[(1, 2, 0), (3, 4, 1), (4, 6, 2), (5, 3, 3), (6, 3, 4), (5, 1, 5), (6, 3, 6), (4, 2, 7), (0, 5, 2), (2, 0, 6)]),CG(nc=6, r=10, tr=[(1, 2, 0), (3, 2, 1), (5, 2, 2), (5, 1, 3), (5, 4, 4), (2, 1, 5), (2, 0, 6), (3, 4, 7), (0, 1, 7), (3, 0, 3)]),9542,SAT
P11732,30,11,11,CG(nc=7, r=11, tr=[(1, 2, 0), (0, 3, 1), (6, 5, 2), (3, 5, 3), (0, 3, 4), (2, 0, 5), (1, 6, 6), (3, 2, 7), (4, 5, 5), (5, 3, 6), (1, 4, 7)]),CG(nc=8, r=11, tr=[(1, 7, 0), (3, 4, 1), (5, 0, 2), (4, 1, 3), (6, 3, 4), (5, 2, 5), (4, 0, 6), (6, 7, 7), (5, 1, 7), (7, 2, 0), (7, 1, 5)]),3214697,SAT
P11733,26,9,9,CG(nc=6, r=9, tr=[(1, 0, 0), (2, 5, 1), (4, 0, 2), (4, 2, 3), (2, 5, 4), (5, 3, 5), (3, 1, 6), (2, 3, 7), (2, 1, 5)]),CG(nc=6, r=9, tr=[(1, 5, 0), (0, 3, 1), (1, 0, 2), (0, 1, 3), (4, 3, 4), (2, 1, 5), (2, 4, 6), (5, 2, 7), (5, 3, 5)]),4131,SAT
P11734,32,12,12,CG(nc=8, r=12, tr=[(1, 2, 0), (0, 3, 1), (1, 3, 2), (1, 7, 3), (2, 5, 4), (0, 6, 5), (6, 2, 6), (7, 5, 7), (3, 0, 4), (3, 4, 6), (4, 5, 0), (6, 4, 2)]),CG(nc=8, r=12, tr=[(1, 0, 0), (2, 3, 1), (7, 5, 2), (3, 5, 3), (1, 5, 4), (6, 1, 5), (3, 7, 6), (4, 6, 7), (0, 4, 2), (5, 6, 0), (2, 4, 4), (6, 0, 6)]),6454035,SAT
P11735,28,10,10,CG(nc=6, r=10, tr=[(1, 5, 0), (0, 3, 1), (5, 4, 2), (4, 3, 3), (3, 0, 4), (3, 1, 5), (1, 2, 6), (2, 3, 7), (0, 4, 6), (0, 2, 2)]),CG(nc=7, r=10, tr=[(1, 2, 0), (2, 0, 1), (6, 4, 2), (1, 5, 3), (3, 2, 4), (1, 0, 5), (6, 5, 6), (1, 4, 7), (3, 5, 7), (2, 4, 3)]),7248,SAT
P11736,28,10,10,CG(nc=7, r=10, tr=[(1, 0, 0), (0, 2, 1), (3, 6, 2), (2, 3, 3), (5, 0, 4), (4, 1, 5), (6, 4, 6), (4, 5, 7), (5, 3, 0), (5, 2, 4)]),CG(nc=6, r=10, tr=[(1, 0, 0), (5, 3, 1), (5, 4, 2), (5, 4, 3), (4, 3, 4), (3, 0, 5), (1, 4, 6), (0, 2, 7), (2, 4, 6), (4, 1, 7)]),11137,SAT
P11737,28,10,10,CG(nc=7, r=10, tr=[(1, 2, 0), (6, 4, 1), (0, 5, 2), (6, 3, 3), (5, 3, 4), (2, 6, 5), (1, 0, 6), (5, 1, 7), (3, 4, 6), (4, 5, 3)]),CG(nc=6, r=10, tr=[(5, 2, 0), (3, 4, 1), (4, 0, 2), (2, 3, 3), (4, 2, 4), (5, 2, 5), (1, 5, 6), (1, 2, 7), (4, 1, 2), (0, 3, 6)]),12025,SAT
P11738,28,10,10,CG(nc=7, r=10, tr=[(1, 2, 0), (3, 6, 1), (0, 5, 2), (5, 3, 3), (4, 3, 4), (5, 1, 5), (2, 0, 6), (4, 2, 7), (4, 6, 2), (6, 3, 6)]),CG(nc=6, r=10, tr=[(1, 2, 0), (3, 4, 1), (5, 1, 2), (2, 5, 3), (2, 4, 4), (1, 2, 5), (5, 3, 6), (0, 2, 7), (0, 1, 6), (4, 0, 2)]),12630,SAT
P11739,30,11,11,CG(nc=8, r=11, tr=[(1, 2, 0), (3, 7, 1), (5, 3, 2), (0, 5, 3), (1, 3, 4), (7, 6, 5), (2, 1, 6), (2, 0, 7), (6, 1, 2), (5, 4, 6), (4, 6, 0)]),CG(nc=7, r=11, tr=[(1, 6, 0), (3, 4, 1), (1, 4, 2), (5, 0, 3), (3, 2, 4), (6, 1, 5), (6, 2, 6), (0, 4, 7), (2, 6, 3), (3, 5, 2), (1, 5, 6)]),3218739,SAT
P11740,26,9,9,CG(nc=6, r=9, tr=[(1, 2, 0), (1, 5, 1), (4, 2, 2), (4, 0, 3), (2, 5, 4), (0, 1, 5), (1, 3, 6), (2, 3, 7), (5, 3, 0)]),CG(nc=6, r=9, tr=[(1, 2, 0), (3, 2, 1), (0, 1, 2), (0, 1, 3), (4, 0, 4), (1, 5, 5), (2, 4, 6), (3, 5, 7), (5, 4, 0)]),3538,SAT
P11741,24,8,8,CG(nc=6, r=8, tr=[(5, 2, 0), (3, 0, 1), (4, 5, 2), (3, 4, 3), (3, 1, 4), (1, 0, 5), (2, 1, 6), (1, 2, 7)]),CG(nc=6, r=8, tr=[(1, 2, 0), (5, 1, 1), (2, 0, 2), (2, 4, 3), (1, 3, 4), (5, 2, 5), (4, 0, 6), (4, 3, 7)]),1797,SAT
P11742,28,10,10,CG(nc=6, r=10, tr=[(1, 2, 0), (3, 1, 1), (5, 4, 2), (2, 4, 3), (0, 2, 4), (1, 5, 5), (0, 4, 6), (2, 3, 7), (1, 3, 6), (3, 0, 2)]),CG(nc=6, r=10, tr=[(1, 2, 0), (0, 3, 1), (1, 0, 2), (2, 0, 3), (1, 4, 4), (4, 2, 5), (1, 5, 6), (5, 2, 7), (3, 4, 7), (5, 4, 3)]),7403,SAT
P11743,26,9,9,CG(nc=7, r=9, tr=[(1, 2, 0), (3, 4, 1), (0, 4, 2), (6, 3, 3), (3, 4, 4), (6, 1, 5), (5, 2, 6), (4, 2, 7), (0, 5, 3)]),CG(nc=6, r=9, tr=[(1, 5, 0), (3, 4, 1), (1, 2, 2), (1, 0, 3), (3, 2, 4), (1, 5, 5), (4, 5, 6), (0, 2, 7), (5, 3, 3)]),2949,SAT
P11744,24,8,8,CG(nc=6, r=8, tr=[(1, 2, 0), (3, 4, 1), (0, 4, 2), (5, 3, 3), (1, 4, 4), (1, 5, 5), (2, 0, 6), (5, 2, 7)]),CG(nc=6, r=8, tr=[(0, 1, 0), (5, 3, 1), (1, 4, 2), (3, 5, 3), (2, 0, 4), (1, 2, 5), (3, 2, 6), (5, 4, 7)]),2295,SAT
P11745,24,8,8,CG(nc=6, r=8, tr=[(1, 2, 0), (3, 0, 1), (4, 5, 2), (3, 4, 3), (2, 4, 4), (0, 2, 5), (1, 5, 6), (3, 1, 7)]),CG(nc=6, r=8, tr=[(1, 2, 0), (5, 2, 1), (1, 0, 2), (4, 3, 3), (4, 2, 4), (3, 5, 5), (0, 4, 6), (1, 3, 7)]),1608,SAT
P11746,28,10,10,CG(nc=7, r=10, tr=[(1, 2, 0), (3, 6, 1), (3, 5, 2), (5, 0, 3), (1, 3, 4), (4, 0, 5), (4, 0, 6), (4, 3, 7), (6, 1, 5), (2, 5, 6)]),CG(nc=7, r=10, tr=[(0, 1, 0), (2, 3, 1), (6, 5, 2), (4, 3, 3), (2, 0, 4), (0, 4, 5), (3, 6, 6), (1, 4, 7), (5, 4, 1), (4, 5, 7)]),10797,SAT
P11747,26,9,9,CG(nc=6, r=9, tr=[(5, 2, 0), (3, 4, 1), (3, 5, 2), (2, 1, 3), (0, 1, 4), (3, 1, 5), (3, 0, 6), (4, 5, 7), (0, 4, 3)]),CG(nc=6, r=9, tr=[(1, 5, 0), (3, 4, 1), (1, 3, 2), (5, 1, 3), (5, 2, 4), (1, 2, 5), (4, 2, 6), (0, 3, 7), (4, 0, 3)]),3526,SAT
P11748,26,9,9,CG(nc=6, r=9, tr=[(1, 5, 0), (0, 3, 1), (5, 4, 2), (4, 3, 3), (0, 1, 4), (4, 1, 5), (0, 2, 6), (4, 5, 7), (2, 4, 0)]),CG(nc=6, r=9, tr=[(0, 1, 0), (2, 5, 1), (4, 1, 2), (2, 5, 3), (0, 3, 4), (3, 1, 5), (2, 3, 6), (5, 4, 7), (3, 2, 0)]),3281,SAT
P11749,24,8,8,CG(nc=6, r=8, tr=[(5, 2, 0), (3, 4, 1), (3, 5, 2), (0, 4, 3), (3, 4, 4), (1, 4, 5), (1, 2, 6), (1, 0, 7)]),CG(nc=5, r=8, tr=[(0, 1, 0), (4, 3, 1), (1, 4, 2), (2, 4, 3), (1, 3, 4), (2, 1, 5), (0, 1, 6), (0, 2, 7)]),1583,SAT
P11750,28,10,10,CG(nc=7, r=10, tr=[(1, 2, 0), (3, 0, 1), (4, 6, 2), (1, 0, 3), (0, 3, 4), (5, 6, 5), (2, 5, 6), (5, 3, 7), (6, 1, 7), (4, 3, 3)]),CG(nc=7, r=10, tr=[(0, 1, 0), (2, 3, 1), (6, 3, 2), (2, 5, 3), (0, 4, 4), (3, 1, 5), (5, 6, 6), (1, 2, 7), (5, 4, 1), (2, 0, 5)]),7859,SAT
P11751,26,9,9,CG(nc=6, r=9, tr=[(1, 5, 0), (3, 4, 1), (5, 4, 2), (0, 3, 3), (2, 0, 4), (4, 2, 5), (0, 4, 6), (1, 3, 7), (2, 1, 3)]),CG(nc=6, r=9, tr=[(5, 2, 0), (3, 4, 1), (0, 2, 2), (3, 0, 3), (1, 5, 4), (2, 3, 5), (0, 4, 6), (1, 3, 7), (1, 4, 3)]),3748,SAT
P11752,26,9,9,CG(nc=6, r=9, tr=[(1, 5, 0), (3, 4, 1), (4, 5, 2), (3, 0, 3), (0, 1, 4), (1, 4, 5), (0, 4, 6), (2, 5, 7), (4, 2, 4)]),CG(nc=6, r=9, tr=[(0, 1, 0), (5, 3, 1), (5, 4, 2), (3, 5, 3), (4, 2, 4), (0, 2, 5), (3, 2, 6), (1, 4, 7), (4, 0, 6)]),3071,SAT
P11753,26,9,9,CG(nc=6, r=9, tr=[(5, 2, 0), (3, 4, 1), (5, 3, 2), (0, 4, 3), (0, 2, 4), (1, 2, 5), (1, 0, 6), (5, 4, 7), (1, 3, 4)]),CG(nc=6, r=9, tr=[(1, 5, 0), (3, 4, 1), (4, 1, 2), (0, 3, 3), (5, 2, 4), (2, 1, 5), (3, 2, 6), (4, 0, 7), (3, 1, 4)]),3257,SAT
P11754,26,9,9,CG(nc=5, r=9, tr=[(0, 1, 0), (4, 3, 1), (0, 2, 2), (2, 3, 3), (4, 3, 4), (1, 3, 5), (2, 4, 6), (0, 1, 7), (1, 2, 4)]),CG(nc=6, r=9, tr=[(5, 2, 0), (3, 0, 1), (4, 0, 2), (0, 1, 3), (5, 1, 4), (1, 4, 5), (4, 5, 6), (2, 4, 7), (3, 2, 4)]),3423,SAT
P11755,26,9,9,CG(nc=7, r=9, tr=[(1, 0, 0), (2, 3, 1), (4, 2, 2), (3, 1, 3), (0, 2, 4), (5, 4, 5), (5, 3, 6), (6, 5, 7), (6, 4, 3)]),CG(nc=5, r=9, tr=[(0, 1, 0), (1, 2, 1), (4, 2, 2), (4, 3, 3), (3, 0, 4), (3, 2, 5), (2, 0, 6), (3, 0, 7), (1, 4, 4)]),3109,SAT
P11756,24,8,8,CG(nc=5, r=8, tr=[(1, 0, 0), (4, 3, 1), (2, 3, 2), (0, 2, 3), (3, 4, 4), (3, 1, 5), (3, 4, 6), (1, 0, 7)]),CG(nc=6, r=8, tr=[(1, 2, 0), (5, 1, 1), (4, 0, 2), (4, 0, 3), (1, 3, 4), (5, 4, 5), (3, 0, 6), (2, 4, 7)]),1641,SAT
P11757,20,7,7,CG(nc=6, r=7, tr=[(5, 2, 0), (3, 4, 1), (4, 5, 2), (3, 0, 3), (1, 4, 4), (1, 0, 5), (1, 2, 6)]),CG(nc=4, r=7, tr=[(0, 1, 0), (3, 2, 1), (3, 1, 2), (3, 2, 3), (1, 2, 4), (2, 0, 5), (0, 1, 6)]),1589,SAT
P11758,24,8,8,CG(nc=5, r=8, tr=[(1, 2, 0), (0, 2, 1), (4, 3, 2), (2, 3, 3), (2, 0, 4), (4, 1, 5), (0, 3, 6), (2, 1, 7)]),CG(nc=6, r=8, tr=[(1, 2, 0), (0, 3, 1), (5, 1, 2), (1, 4, 3), (4, 3, 4), (0, 1, 5), (4, 5, 6), (2, 3, 7)]),1591,SAT
P11759,20,7,7,CG(nc=5, r=7, tr=[(1, 0, 0), (4, 3, 1), (2, 0, 2), (2, 3, 3), (1, 4, 4), (2, 1, 5), (4, 3, 6)]),CG(nc=5, r=7, tr=[(0, 1, 0), (4, 3, 1), (1, 4, 2), (2, 4, 3), (2, 0, 4), (2, 1, 5), (2, 3, 6)]),1620,SAT
P11760,24,8,8,CG(nc=5, r=8, tr=[(1, 0, 0), (4, 3, 1), (2, 0, 2), (2, 3, 3), (4, 3, 4), (1, 2, 5), (4, 2, 6), (0, 2, 7)]),CG(nc=6, r=8, tr=[(0, 1, 0), (2, 5, 1), (4, 1, 2), (3, 5, 3), (2, 3, 4), (0, 1, 5), (3, 0, 6), (5, 4, 7)]),1589,SAT
P11761,24,8,8,CG(nc=5, r=8, tr=[(1, 2, 0), (2, 3, 1), (4, 1, 2), (0, 3, 3), (1, 3, 4), (2, 4, 5), (1, 0, 6), (2, 4, 7)]),CG(nc=5, r=8, tr=[(4, 2, 0), (3, 2, 1), (3, 0, 2), (3, 0, 3), (2, 0, 4), (4, 1, 5), (4, 3, 6), (1, 3, 7)]),1967,SAT
P11762,26,9,9,CG(nc=6, r=9, tr=[(1, 2, 0), (0, 2, 1), (3, 5, 2), (2, 3, 3), (0, 2, 4), (4, 1, 5), (3, 0, 6), (2, 4, 7), (4, 5, 6)]),CG(nc=6, r=9, tr=[(1, 2, 0), (0, 3, 1), (5, 2, 2), (4, 2, 3), (4, 3, 4), (1, 2, 5), (5, 4, 6), (0, 1, 7), (1, 0, 6)]),3060,SAT
P11763,26,9,9,CG(nc=6, r=9, tr=[(1, 2, 0), (3, 4, 1), (0, 4, 2), (5, 3, 3), (4, 3, 4), (0, 1, 5), (3, 2, 6), (4, 0, 7), (2, 5, 1)]),CG(nc=6, r=9, tr=[(1, 2, 0), (5, 2, 1), (1, 0, 2), (2, 0, 3), (4, 0, 4), (5, 3, 5), (2, 3, 6), (3, 1, 7), (4, 3, 1)]),3116,SAT
P11764,28,10,10,CG(nc=7, r=10, tr=[(1, 0, 0), (2, 3, 1), (0, 2, 2), (6, 3, 3), (2, 3, 4), (1, 0, 5), (5, 1, 6), (6, 5, 7), (4, 3, 5), (5, 4, 0)]),CG(nc=6, r=10, tr=[(1, 0, 0), (2, 3, 1), (5, 2, 2), (5, 2, 3), (3, 5, 4), (2, 1, 5), (0, 2, 6), (1, 0, 7), (4, 2, 0), (1, 4, 7)]),15922,SAT
P11765,24,8,8,CG(nc=6, r=8, tr=[(1, 2, 0), (3, 4, 1), (0, 3, 2), (4, 5, 3), (4, 3, 4), (5, 2, 5), (1, 0, 6), (5, 2, 7)]),CG(nc=5, r=8, tr=[(1, 0, 0), (4, 3, 1), (4, 1, 2), (1, 4, 3), (3, 1, 4), (2, 0, 5), (1, 0, 6), (3, 2, 7)]),1666,SAT
P11766,28,10,10,CG(nc=6, r=10, tr=[(1, 2, 0), (0, 3, 1), (5, 1, 2), (4, 0, 3), (3, 0, 4), (5, 2, 5), (3, 4, 6), (2, 4, 7), (3, 1, 3), (5, 1, 7)]),CG(nc=6, r=10, tr=[(1, 2, 0), (1, 3, 1), (4, 5, 2), (5, 4, 3), (3, 5, 4), (4, 2, 5), (0, 4, 6), (0, 2, 7), (1, 0, 3), (1, 4, 7)]),23862,SAT
P11767,26,9,9,CG(nc=6, r=9, tr=[(1, 2, 0), (0, 3, 1), (4, 2, 2), (2, 0, 3), (4, 5, 4), (5, 3, 5), (1, 3, 6), (5, 2, 7), (5, 4, 1)]),CG(nc=5, r=9, tr=[(1, 4, 0), (3, 0, 1), (1, 0, 2), (0, 2, 3), (1, 3, 4), (1, 2, 5), (1, 4, 6), (4, 2, 7), (4, 2, 1)]),3296,SAT
P11768,24,8,8,CG(nc=5, r=8, tr=[(4, 2, 0), (3, 1, 1), (4, 3, 2), (1, 0, 3), (2, 1, 4), (3, 2, 5), (0, 3, 6), (2, 4, 7)]),CG(nc=5, r=8, tr=[(4, 2, 0), (0, 3, 1), (0, 1, 2), (1, 0, 3), (1, 3, 4), (4, 3, 5), (1, 4, 6), (2, 1, 7)]),1641,SAT
P11769,26,9,9,CG(nc=7, r=9, tr=[(1, 2, 0), (3, 6, 1), (5, 3, 2), (0, 5, 3), (4, 3, 4), (6, 2, 5), (1, 0, 6), (1, 4, 7), (4, 6, 3)]),CG(nc=5, r=9, tr=[(4, 2, 0), (3, 0, 1), (0, 1, 2), (2, 3, 3), (1, 3, 4), (4, 2, 5), (4, 1, 6), (1, 2, 7), (1, 0, 3)]),3382,SAT
P11770,26,9,9,CG(nc=6, r=9, tr=[(1, 0, 0), (0, 2, 1), (2, 3, 2), (5, 3, 3), (1, 5, 4), (3, 4, 5), (1, 4, 6), (4, 0, 7), (2, 0, 4)]),CG(nc=6, r=9, tr=[(0, 1, 0), (2, 0, 1), (3, 1, 2), (1, 4, 3), (4, 2, 4), (0, 1, 5), (4, 5, 6), (5, 3, 7), (5, 3, 4)]),3426,SAT
P11771,26,9,9,CG(nc=6, r=9, tr=[(1, 2, 0), (3, 1, 1), (1, 5, 2), (3, 0, 3), (4, 3, 4), (5, 2, 5), (0, 4, 6), (5, 1, 7), (1, 4, 3)]),CG(nc=5, r=9, tr=[(1, 2, 0), (3, 0, 1), (1, 0, 2), (1, 0, 3), (1, 3, 4), (4, 3, 5), (4, 1, 6), (2, 4, 7), (3, 4, 3)]),3122,SAT
P11772,24,8,8,CG(nc=6, r=8, tr=[(1, 0, 0), (2, 3, 1), (0, 2, 2), (5, 3, 3), (3, 2, 4), (5, 4, 5), (4, 1, 6), (1, 0, 7)]),CG(nc=5, r=8, tr=[(0, 1, 0), (2, 4, 1), (4, 3, 2), (4, 3, 3), (1, 2, 4), (3, 0, 5), (3, 0, 6), (1, 3, 7)]),1826,SAT
P11773,20,7,7,CG(nc=5, r=7, tr=[(1, 4, 0), (3, 2, 1), (4, 3, 2), (2, 0, 3), (3, 2, 4), (1, 3, 5), (3, 0, 6)]),CG(nc=5, r=7, tr=[(1, 0, 0), (2, 4, 1), (4, 1, 2), (4, 1, 3), (0, 3, 4), (1, 0, 5), (3, 2, 6)]),1470,SAT
P11774,26,9,9,CG(nc=6, r=9, tr=[(1, 2, 0), (3, 4, 1), (3, 0, 2), (5, 4, 3), (3, 4, 4), (0, 2, 5), (1, 4, 6), (2, 1, 7), (3, 5, 6)]),CG(nc=6, r=9, tr=[(1, 0, 0), (2, 3, 1), (2, 1, 2), (2, 0, 3), (4, 0, 4), (1, 4, 5), (4, 3, 6), (2, 5, 7), (4, 5, 3)]),3228,SAT
P11775,20,7,7,CG(nc=5, r=7, tr=[(1, 2, 0), (3, 1, 1), (2, 4, 2), (0, 3, 3), (3, 2, 4), (4, 1, 5), (2, 3, 6)]),CG(nc=5, r=7, tr=[(1, 0, 0), (2, 4, 1), (4, 1, 2), (4, 0, 3), (0, 3, 4), (0, 1, 5), (3, 2, 6)]),1674,SAT
P12000,22,7,7,CG(nc=5, r=7, tr=[(0, 1, 1), (2, 4, 2), (2, 1, 3), (0, 1, 4), (4, 1, 5), (4, 3, 6), (3, 0, 7)]),CG(nc=4, r=7, tr=[(1, 0, 1), (1, 0, 2), (0, 1, 3), (3, 2, 4), (2, 3, 5), (1, 2, 6), (2, 1, 7)]),1422,SAT
P12001,28,10,10,CG(nc=7, r=10, tr=[(0, 1, 0), (0, 2, 1), (3, 4, 2), (4, 6, 3), (0, 5, 4), (4, 5, 5), (2, 3, 6), (3, 6, 7), (2, 3, 3), (1, 3, 6)]),CG(nc=6, r=10, tr=[(1, 0, 0), (1, 2, 1), (3, 2, 2), (3, 4, 3), (3, 5, 4), (3, 5, 5), (4, 0, 6), (0, 2, 7), (1, 3, 1), (4, 5, 2)]),10990,SAT
P12002,22,7,7,CG(nc=6, r=7, tr=[(5, 2, 1), (2, 3, 2), (0, 3, 3), (5, 4, 4), (4, 0, 5), (1, 0, 6), (1, 2, 7)]),CG(nc=6, r=7, tr=[(1, 0, 1), (2, 3, 2), (3, 4, 3), (5, 1, 4), (5, 3, 5), (0, 4, 6), (0, 2, 7)]),1439,SAT
P12003,24,8,8,CG(nc=6, r=8, tr=[(1, 2, 1), (2, 5, 2), (1, 4, 3), (4, 3, 4), (5, 3, 5), (1, 0, 6), (5, 2, 7), (0, 4, 2)]),CG(nc=5, r=8, tr=[(0, 1, 1), (0, 2, 2), (3, 1, 3), (1, 4, 4), (4, 1, 5), (0, 3, 6), (1, 2, 7), (3, 4, 2)]),2869,SAT
P12004,24,8,8,CG(nc=6, r=8, tr=[(0, 1, 0), (2, 5, 1), (4, 0, 2), (4, 2, 3), (1, 5, 4), (1, 0, 5), (3, 1, 6), (3, 5, 7)]),CG(nc=5, r=8, tr=[(1, 2, 0), (4, 2, 1), (3, 1, 2), (4, 2, 3), (1, 0, 4), (0, 1, 5), (1, 2, 6), (4, 3, 7)]),1755,SAT
P12005,26,9,9,CG(nc=7, r=9, tr=[(6, 2, 0), (3, 0, 1), (3, 4, 2), (6, 4, 3), (5, 4, 4), (6, 3, 5), (1, 2, 6), (0, 1, 7), (5, 0, 5)]),CG(nc=5, r=9, tr=[(0, 1, 0), (4, 3, 1), (2, 1, 2), (3, 2, 3), (1, 3, 4), (2, 4, 5), (1, 0, 6), (0, 1, 7), (3, 1, 5)]),3281,SAT
P12006,24,8,8,CG(nc=6, r=8, tr=[(5, 2, 0), (3, 4, 1), (5, 3, 2), (4, 0, 3), (5, 1, 4), (1, 0, 5), (0, 4, 6), (3, 2, 7)]),CG(nc=5, r=8, tr=[(1, 4, 0), (3, 4, 1), (2, 0, 2), (0, 2, 3), (0, 3, 4), (2, 1, 5), (4, 1, 6), (1, 4, 7)]),1568,SAT
P12007,26,9,9,CG(nc=6, r=9, tr=[(1, 2, 0), (3, 0, 1), (4, 3, 2), (5, 4, 3), (0, 3, 4), (2, 4, 5), (2, 3, 6), (1, 5, 7), (5, 2, 2)]),CG(nc=6, r=9, tr=[(5, 2, 0), (0, 3, 1), (4, 3, 2), (0, 1, 3), (5, 3, 4), (3, 5, 5), (1, 3, 6), (4, 0, 7), (1, 2, 2)]),3105,SAT
P12008,24,8,8,CG(nc=6, r=8, tr=[(1, 0, 1), (5, 3, 2), (1, 3, 3), (4, 1, 4), (5, 1, 5), (4, 2, 6), (5, 2, 7), (4, 0, 5)]),CG(nc=5, r=8, tr=[(0, 1, 1), (2, 3, 2), (3, 2, 3), (2, 1, 4), (0, 3, 5), (4, 2, 6), (4, 2, 7), (4, 1, 5)]),2848,SAT
P12009,28,10,10,CG(nc=7, r=10, tr=[(1, 2, 0), (6, 4, 1), (4, 5, 2), (5, 0, 3), (2, 5, 4), (2, 6, 5), (1, 3, 6), (3, 0, 7), (4, 0, 5), (4, 1, 4)]),CG(nc=6, r=10, tr=[(1, 2, 0), (2, 5, 1), (4, 5, 2), (1, 3, 3), (0, 1, 4), (0, 2, 5), (3, 5, 6), (4, 1, 7), (3, 0, 2), (4, 2, 4)]),7661,SAT
P12010,22,7,7,CG(nc=5, r=7, tr=[(1, 2, 1), (0, 2, 2), (1, 4, 3), (3, 4, 4), (0, 3, 5), (3, 2, 6), (1, 0, 7)]),CG(nc=5, r=7, tr=[(1, 0, 1), (0, 1, 2), (2, 3, 3), (1, 4, 4), (2, 4, 5), (0, 3, 6), (1, 2, 7)]),1497,SAT
P12011,26,9,9,CG(nc=6, r=9, tr=[(1, 2, 1), (3, 5, 2), (1, 0, 3), (2, 0, 4), (3, 2, 5), (5, 4, 6), (1, 4, 7), (3, 4, 3), (2, 4, 2)]),CG(nc=6, r=9, tr=[(1, 2, 1), (0, 1, 2), (3, 2, 3), (1, 5, 4), (1, 4, 5), (0, 2, 6), (5, 4, 7), (3, 5, 2), (3, 5, 5)]),5919,SAT
P12012,22,7,7,CG(nc=6, r=7, tr=[(5, 2, 1), (2, 3, 2), (0, 3, 3), (4, 0, 4), (4, 5, 5), (1, 4, 6), (1, 0, 7)]),CG(nc=4, r=7, tr=[(1, 0, 1), (0, 1, 2), (0, 1, 3), (2, 3, 4), (1, 3, 5), (1, 2, 6), (1, 2, 7)]),1595,SAT
P12013,26,9,9,CG(nc=7, r=9, tr=[(1, 2, 0), (6, 4, 1), (5, 4, 2), (0, 5, 3), (2, 5, 4), (3, 4, 5), (1, 3, 6), (3, 0, 7), (6, 2, 5)]),CG(nc=6, r=9, tr=[(1, 2, 0), (2, 0, 1), (5, 4, 2), (1, 4, 3), (3, 2, 4), (4, 0, 5), (5, 3, 6), (5, 3, 7), (3, 1, 5)]),3126,SAT
P12014,14,5,5,CG(nc=5, r=5, tr=[(1, 0, 1), (2, 1, 2), (2, 4, 3), (4, 3, 4), (0, 3, 5)]),CG(nc=4, r=5, tr=[(1, 3, 1), (2, 3, 2), (3, 2, 3), (0, 1, 4), (0, 2, 5)]),1382,SAT
P12015,16,6,6,CG(nc=5, r=6, tr=[(4, 2, 1), (0, 3, 2), (3, 2, 3), (4, 1, 4), (2, 0, 5), (1, 3, 5)]),CG(nc=4, r=6, tr=[(0, 1, 1), (1, 2, 2), (2, 3, 3), (1, 3, 4), (3, 1, 5), (2, 0, 5)]),2695,SAT
P12016,22,7,7,CG(nc=5, r=7, tr=[(4, 2, 1), (3, 2, 2), (0, 3, 3), (1, 3, 4), (1, 4, 5), (0, 3, 6), (4, 3, 7)]),CG(nc=5, r=7, tr=[(1, 2, 1), (3, 4, 2), (2, 0, 3), (0, 1, 4), (0, 1, 5), (4, 2, 6), (3, 1, 7)]),1470,SAT
P12017,24,8,8,CG(nc=6, r=8, tr=[(1, 5, 0), (1, 3, 1), (0, 4, 2), (3, 4, 3), (3, 5, 4), (0, 4, 5), (2, 1, 6), (0, 2, 7)]),CG(nc=6, r=8, tr=[(1, 2, 0), (0, 2, 1), (0, 3, 2), (1, 5, 3), (2, 4, 4), (4, 3, 5), (1, 0, 6), (4, 5, 7)]),1603,SAT
P12018,22,7,7,CG(nc=5, r=7, tr=[(1, 4, 1), (3, 0, 2), (1, 3, 3), (1, 4, 4), (0, 3, 5), (0, 2, 6), (2, 1, 7)]),CG(nc=6, r=7, tr=[(1, 5, 1), (3, 4, 2), (5, 2, 3), (1, 0, 4), (5, 3, 5), (0, 2, 6), (4, 0, 7)]),1719,SAT
P12019,22,7,7,CG(nc=5, r=7, tr=[(1, 2, 1), (4, 1, 2), (2, 0, 3), (4, 3, 4), (2, 3, 5), (0, 1, 6), (2, 4, 7)]),CG(nc=4, r=7, tr=[(3, 2, 1), (2, 1, 2), (0, 1, 3), (0, 2, 4), (2, 0, 5), (3, 1, 6), (3, 1, 7)]),1428,SAT
P12020,24,8,8,CG(nc=6, r=8, tr=[(5, 2, 0), (5, 3, 1), (4, 3, 2), (0, 4, 3), (4, 2, 4), (2, 5, 5), (2, 1, 6), (0, 1, 7)]),CG(nc=5, r=8, tr=[(1, 4, 0), (0, 3, 1), (3, 0, 2), (4, 2, 3), (3, 1, 4), (3, 1, 5), (0, 2, 6), (1, 4, 7)]),1556,SAT
P12021,24,8,8,CG(nc=6, r=8, tr=[(1, 5, 0), (5, 3, 1), (3, 4, 2), (0, 4, 3), (5, 3, 4), (3, 4, 5), (0, 2, 6), (2, 1, 7)]),CG(nc=5, r=8, tr=[(0, 1, 0), (2, 4, 1), (3, 4, 2), (1, 4, 3), (2, 1, 4), (1, 3, 5), (1, 0, 6), (1, 0, 7)]),1572,SAT
P12022,24,8,8,CG(nc=6, r=8, tr=[(1, 2, 0), (3, 1, 1), (0, 1, 2), (3, 5, 3), (4, 0, 4), (4, 3, 5), (5, 3, 6), (2, 0, 7)]),CG(nc=5, r=8, tr=[(1, 2, 0), (2, 0, 1), (1, 0, 2), (4, 3, 3), (2, 4, 4), (4, 2, 5), (3, 0, 6), (1, 2, 7)]),1599,SAT
P12023,24,8,8,CG(nc=6, r=8, tr=[(0, 1, 0), (2, 5, 1), (4, 2, 2), (0, 4, 3), (2, 5, 4), (2, 4, 5), (3, 2, 6), (3, 1, 7)]),CG(nc=5, r=8, tr=[(1, 0, 0), (4, 3, 1), (4, 2, 2), (1, 4, 3), (0, 3, 4), (1, 2, 5), (0, 1, 6), (1, 0, 7)]),1595,SAT
P12024,24,8,8,CG(nc=6, r=8, tr=[(1, 0, 1), (5, 3, 2), (1, 3, 3), (1, 4, 4), (5, 3, 5), (4, 2, 6), (5, 2, 7), (4, 0, 5)]),CG(nc=5, r=8, tr=[(4, 2, 1), (3, 2, 2), (4, 1, 3), (2, 1, 4), (0, 2, 5), (0, 1, 6), (4, 3, 7), (0, 1, 7)]),2840,SAT
P12025,26,9,9,CG(nc=6, r=9, tr=[(1, 2, 0), (1, 3, 1), (5, 1, 2), (3, 0, 3), (5, 2, 4), (2, 4, 5), (0, 1, 6), (4, 5, 7), (3, 4, 4)]),CG(nc=6, r=9, tr=[(1, 2, 0), (2, 3, 1), (0, 1, 2), (5, 3, 3), (5, 2, 4), (4, 5, 5), (3, 0, 6), (4, 2, 7), (1, 4, 4)]),3457,SAT
P12026,22,7,7,CG(nc=5, r=7, tr=[(4, 2, 1), (2, 3, 2), (3, 0, 3), (4, 1, 4), (3, 1, 5), (3, 0, 6), (1, 3, 7)]),CG(nc=5, r=7, tr=[(1, 4, 1), (4, 1, 2), (3, 0, 3), (0, 1, 4), (1, 2, 5), (4, 3, 6), (2, 0, 7)]),1477,SAT
P12027,22,7,7,CG(nc=5, r=7, tr=[(1, 2, 1), (1, 4, 2), (0, 2, 3), (3, 4, 4), (3, 2, 5), (0, 1, 6), (3, 2, 7)]),CG(nc=5, r=7, tr=[(1, 2, 1), (1, 0, 2), (4, 2, 3), (1, 4, 4), (3, 4, 5), (2, 0, 6), (3, 1, 7)]),1451,SAT
P12028,22,7,7,CG(nc=5, r=7, tr=[(4, 2, 1), (0, 3, 2), (3, 2, 3), (2, 4, 4), (2, 1, 5), (0, 1, 6), (2, 4, 7)]),CG(nc=5, r=7, tr=[(4, 2, 1), (0, 3, 2), (4, 1, 3), (2, 1, 4), (3, 4, 5), (0, 1, 6), (0, 1, 7)]),1440,SAT
P12029,24,8,8,CG(nc=6, r=8, tr=[(1, 2, 0), (5, 4, 1), (0, 3, 2), (4, 3, 3), (5, 4, 4), (0, 3, 5), (5, 2, 6), (3, 1, 7)]),CG(nc=5, r=8, tr=[(1, 4, 0), (3, 0, 1), (0, 3, 2), (1, 0, 3), (2, 3, 4), (4, 3, 5), (4, 1, 6), (2, 4, 7)]),1605,SAT
P12030,18,6,6,CG(nc=4, r=6, tr=[(0, 1, 1), (2, 3, 2), (2, 1, 3), (0, 1, 4), (2, 3, 5), (1, 2, 6)]),CG(nc=4, r=6, tr=[(1, 3, 1), (2, 0, 2), (2, 0, 3), (1, 0, 4), (2, 3, 5), (2, 3, 6)]),1490,SAT
P12031,14,5,5,CG(nc=5, r=5, tr=[(1, 0, 1), (1, 2, 2), (2, 4, 3), (3, 2, 4), (0, 3, 5)]),CG(nc=4, r=5, tr=[(0, 1, 1), (3, 2, 2), (3, 0, 3), (1, 3, 4), (0, 2, 5)]),1447,SAT
P12272,18,6,6,CG(nc=5, r=6, tr=[(1, 0, 1), (2, 4, 2), (1, 2, 3), (1, 0, 4), (4, 3, 6), (0, 3, 7)]),CG(nc=5, r=6, tr=[(1, 2, 1), (2, 4, 2), (4, 3, 3), (1, 4, 4), (0, 3, 6), (2, 0, 7)]),1664,SAT
P12273,20,7,7,CG(nc=6, r=7, tr=[(1, 5, 0), (3, 1, 1), (0, 4, 2), (3, 4, 3), (3, 5, 4), (2, 1, 6), (2, 0, 7)]),CG(nc=5, r=7, tr=[(1, 4, 0), (3, 1, 1), (3, 0, 2), (4, 2, 3), (1, 0, 4), (2, 0, 6), (4, 3, 7)]),1502,SAT
P12274,18,6,6,CG(nc=5, r=6, tr=[(1, 0, 1), (4, 3, 2), (3, 1, 3), (0, 1, 4), (2, 4, 6), (1, 2, 7)]),CG(nc=5, r=6, tr=[(1, 0, 1), (4, 3, 2), (2, 0, 3), (1, 4, 4), (2, 4, 6), (3, 0, 7)]),1473,SAT
P12275,20,7,7,CG(nc=5, r=7, tr=[(1, 2, 1), (4, 1, 2), (0, 2, 3), (1, 2, 4), (3, 0, 6), (1, 4, 7), (3, 1, 1)]),CG(nc=5, r=7, tr=[(4, 2, 1), (4, 3, 2), (1, 4, 3), (0, 2, 4), (2, 1, 6), (3, 0, 7), (0, 2, 3)]),2589,SAT
P12276,24,8,8,CG(nc=5, r=8, tr=[(1, 2, 0), (1, 3, 1), (4, 3, 2), (0, 1, 3), (3, 1, 4), (1, 2, 5), (1, 0, 6), (4, 2, 7)]),CG(nc=6, r=8, tr=[(1, 2, 0), (3, 4, 1), (2, 0, 2), (4, 5, 3), (5, 3, 4), (1, 5, 5), (4, 0, 6), (2, 5, 7)]),1596,SAT
P12277,20,7,7,CG(nc=6, r=7, tr=[(5, 2, 0), (3, 4, 1), (3, 0, 2), (4, 5, 3), (3, 4, 4), (1, 0, 6), (1, 2, 7)]),CG(nc=5, r=7, tr=[(0, 1, 0), (2, 4, 1), (1, 4, 2), (3, 4, 3), (2, 3, 4), (0, 3, 6), (0, 1, 7)]),1658,SAT
P12278,24,8,8,CG(nc=6, r=8, tr=[(1, 2, 0), (3, 5, 1), (4, 3, 2), (4, 0, 3), (5, 3, 4), (1, 2, 5), (3, 2, 6), (0, 1, 7)]),CG(nc=5, r=8, tr=[(0, 1, 0), (2, 0, 1), (4, 3, 2), (3, 4, 3), (4, 2, 4), (3, 1, 5), (0, 3, 6), (3, 0, 7)]),1957,SAT
P12279,20,7,7,CG(nc=6, r=7, tr=[(1, 0, 0), (2, 5, 1), (4, 2, 2), (0, 4, 3), (2, 5, 4), (1, 3, 6), (3, 2, 7)]),CG(nc=4, r=7, tr=[(1, 0, 0), (3, 2, 1), (3, 1, 2), (1, 3, 3), (2, 0, 4), (0, 1, 6), (1, 0, 7)]),1848,SAT
P12280,22,7,7,CG(nc=6, r=7, tr=[(1, 5, 1), (3, 0, 2), (3, 1, 3), (4, 1, 4), (5, 4, 5), (2, 4, 6), (0, 2, 7)]),CG(nc=5, r=7, tr=[(1, 0, 1), (2, 0, 2), (3, 4, 3), (2, 1, 4), (4, 1, 5), (3, 0, 6), (2, 4, 7)]),1517,SAT
P12281,26,9,9,CG(nc=7, r=9, tr=[(1, 2, 0), (6, 4, 1), (5, 4, 2), (0, 5, 3), (4, 3, 4), (6, 3, 5), (1, 3, 6), (0, 2, 7), (2, 1, 1)]),CG(nc=6, r=9, tr=[(1, 2, 0), (1, 5, 1), (5, 4, 2), (0, 2, 3), (3, 5, 4), (2, 3, 5), (2, 5, 6), (4, 0, 7), (4, 1, 4)]),3130,SAT
P12282,20,7,7,CG(nc=6, r=7, tr=[(1, 2, 1), (0, 2, 2), (1, 3, 3), (1, 0, 4), (5, 4, 6), (1, 4, 7), (3, 5, 2)]),CG(nc=5, r=7, tr=[(1, 0, 1), (2, 4, 2), (3, 4, 3), (4, 1, 4), (3, 1, 6), (2, 0, 7), (0, 1, 3)]),3199,SAT
P12283,20,7,7,CG(nc=5, r=7, tr=[(1, 4, 1), (3, 1, 2), (3, 0, 3), (3, 2, 4), (0, 3, 6), (2, 1, 7), (4, 2, 2)]),CG(nc=5, r=7, tr=[(1, 4, 1), (1, 0, 2), (0, 3, 3), (2, 0, 4), (3, 4, 6), (1, 2, 7), (4, 2, 2)]),3027,SAT
P12284,22,7,7,CG(nc=6, r=7, tr=[(1, 5, 1), (1, 3, 2), (3, 0, 3), (1, 5, 4), (4, 5, 5), (4, 2, 6), (0, 2, 7)]),CG(nc=5, r=7, tr=[(1, 4, 1), (4, 3, 2), (4, 2, 3), (2, 1, 4), (3, 0, 5), (2, 0, 6), (0, 3, 7)]),1480,SAT
P12285,24,8,8,CG(nc=7, r=8, tr=[(1, 0, 0), (6, 3, 1), (4, 0, 2), (4, 3, 3), (6, 3, 4), (5, 2, 5), (1, 5, 6), (6, 2, 7)]),CG(nc=5, r=8, tr=[(1, 0, 0), (2, 3, 1), (4, 1, 2), (2, 0, 3), (3, 0, 4), (2, 4, 5), (2, 4, 6), (0, 1, 7)]),1762,SAT
P12286,22,7,7,CG(nc=5, r=7, tr=[(1, 2, 1), (1, 0, 2), (2, 4, 3), (1, 2, 4), (2, 3, 5), (4, 3, 6), (1, 0, 7)]),CG(nc=5, r=7, tr=[(4, 2, 1), (3, 4, 2), (1, 0, 3), (2, 0, 4), (1, 4, 5), (4, 1, 6), (0, 3, 7)]),1514,SAT
P12287,10,4,4,CG(nc=4, r=4, tr=[(1, 2, 1), (2, 0, 2), (3, 1, 3), (2, 1, 4)]),CG(nc=3, r=4, tr=[(2, 1, 1), (2, 0, 2), (2, 0, 3), (0, 1, 4)]),1439,SAT
P15552,20,7,7,CG(nc=5, r=7, tr=[(1, 2, 0), (2, 4, 1), (0, 1, 2), (1, 3, 3), (4, 3, 4), (1, 4, 5), (3, 0, 5)]),CG(nc=5, r=7, tr=[(1, 4, 0), (1, 4, 1), (3, 4, 2), (0, 2, 3), (2, 3, 4), (1, 2, 5), (3, 0, 5)]),2699,SAT
P15553,24,9,9,CG(nc=6, r=9, tr=[(5, 2, 0), (2, 3, 1), (4, 3, 2), (4, 0, 3), (1, 4, 5), (2, 1, 6), (0, 1, 7), (5, 2, 3), (3, 5, 7)]),CG(nc=6, r=9, tr=[(1, 2, 0), (3, 2, 1), (3, 5, 2), (5, 4, 3), (3, 4, 5), (0, 3, 6), (4, 0, 7), (0, 1, 3), (5, 2, 7)]),4533,SAT
P15554,26,9,9,CG(nc=6, r=9, tr=[(1, 2, 1), (5, 4, 2), (4, 1, 3), (2, 0, 4), (4, 3, 5), (0, 1, 6), (2, 3, 7), (3, 5, 6), (2, 0, 2)]),CG(nc=7, r=9, tr=[(1, 0, 1), (2, 3, 2), (4, 6, 3), (4, 5, 4), (2, 0, 5), (2, 4, 6), (3, 6, 7), (5, 1, 2), (1, 3, 6)]),5158,SAT
P15555,22,8,8,CG(nc=6, r=8, tr=[(1, 2, 0), (0, 3, 1), (3, 2, 2), (3, 4, 3), (0, 2, 4), (4, 1, 5), (1, 5, 1), (5, 4, 4)]),CG(nc=6, r=8, tr=[(1, 2, 0), (0, 3, 1), (3, 2, 2), (3, 4, 3), (0, 2, 4), (4, 1, 5), (1, 5, 1), (5, 4, 4)]),4184,SAT
P15556,22,8,8,CG(nc=6, r=8, tr=[(1, 2, 0), (1, 5, 1), (1, 4, 2), (0, 4, 3), (0, 2, 5), (0, 3, 6), (2, 3, 7), (5, 3, 5)]),CG(nc=5, r=8, tr=[(4, 2, 0), (3, 2, 1), (3, 2, 2), (4, 1, 3), (3, 0, 5), (3, 1, 6), (2, 4, 7), (0, 1, 7)]),3161,SAT
P15557,24,9,9,CG(nc=6, r=9, tr=[(1, 2, 0), (3, 0, 1), (4, 3, 2), (5, 4, 3), (0, 1, 5), (4, 1, 6), (0, 4, 7), (1, 2, 2), (2, 5, 7)]),CG(nc=6, r=9, tr=[(1, 2, 0), (3, 4, 1), (0, 3, 2), (0, 2, 3), (2, 3, 5), (3, 5, 6), (5, 2, 7), (1, 5, 2), (0, 4, 7)]),4235,SAT
P15558,28,10,10,CG(nc=6, r=10, tr=[(1, 2, 0), (0, 3, 1), (0, 2, 2), (3, 4, 3), (2, 0, 4), (5, 3, 5), (4, 0, 6), (3, 2, 7), (5, 4, 2), (1, 5, 6)]),CG(nc=6, r=10, tr=[(1, 2, 0), (3, 2, 1), (1, 3, 2), (5, 4, 3), (5, 1, 4), (3, 4, 5), (0, 3, 6), (5, 2, 7), (0, 2, 3), (0, 4, 7)]),8820,SAT
P15559,24,9,9,CG(nc=6, r=9, tr=[(0, 1, 0), (2, 3, 1), (0, 2, 2), (3, 5, 3), (4, 2, 5), (5, 2, 6), (4, 5, 7), (3, 1, 7), (4, 0, 3)]),CG(nc=6, r=9, tr=[(1, 5, 0), (3, 4, 1), (2, 0, 2), (4, 2, 3), (1, 2, 5), (0, 4, 6), (3, 1, 7), (5, 3, 2), (1, 5, 6)]),4183,SAT
P15560,24,8,8,CG(nc=6, r=8, tr=[(1, 2, 1), (1, 5, 2), (2, 0, 3), (4, 2, 4), (5, 3, 5), (2, 3, 6), (3, 0, 7), (5, 4, 7)]),CG(nc=5, r=8, tr=[(1, 4, 1), (3, 4, 2), (1, 4, 3), (1, 2, 4), (2, 0, 5), (3, 0, 6), (3, 2, 7), (2, 1, 6)]),2997,SAT
P15561,28,10,10,CG(nc=6, r=10, tr=[(1, 2, 0), (0, 1, 1), (5, 4, 2), (4, 1, 3), (4, 2, 4), (5, 1, 5), (2, 0, 6), (3, 4, 7), (3, 5, 1), (3, 0, 5)]),CG(nc=7, r=10, tr=[(1, 2, 0), (3, 6, 1), (0, 1, 2), (2, 3, 3), (5, 1, 4), (6, 5, 5), (4, 0, 6), (3, 4, 7), (5, 4, 3), (2, 5, 7)]),6779,SAT
P15562,26,9,9,CG(nc=6, r=9, tr=[(5, 2, 1), (2, 3, 2), (4, 5, 3), (5, 4, 4), (1, 3, 5), (4, 1, 6), (1, 0, 7), (5, 2, 7), (3, 0, 3)]),CG(nc=6, r=9, tr=[(1, 2, 1), (3, 5, 2), (1, 5, 3), (1, 4, 4), (1, 3, 5), (3, 0, 6), (1, 0, 7), (5, 2, 6), (4, 0, 2)]),4331,SAT
P15563,26,9,9,CG(nc=6, r=9, tr=[(1, 5, 1), (3, 4, 2), (5, 3, 3), (2, 1, 4), (5, 4, 5), (2, 3, 6), (0, 3, 7), (2, 0, 5), (0, 4, 1)]),CG(nc=6, r=9, tr=[(1, 0, 1), (2, 3, 2), (3, 1, 3), (5, 2, 4), (0, 3, 5), (1, 4, 6), (2, 4, 7), (4, 5, 5), (2, 5, 1)]),4448,SAT
P15564,18,6,6,CG(nc=5, r=6, tr=[(1, 0, 0), (2, 4, 1), (2, 1, 2), (0, 3, 3), (4, 3, 4), (3, 4, 5)]),CG(nc=5, r=6, tr=[(0, 1, 0), (4, 3, 1), (4, 3, 2), (0, 3, 3), (2, 4, 4), (1, 2, 5)]),1793,SAT
P15565,22,8,8,CG(nc=6, r=8, tr=[(1, 2, 0), (3, 4, 1), (3, 0, 2), (4, 5, 3), (0, 2, 5), (2, 4, 6), (1, 5, 7), (2, 1, 2)]),CG(nc=6, r=8, tr=[(1, 2, 0), (3, 1, 1), (2, 5, 2), (1, 4, 3), (4, 5, 5), (1, 0, 6), (3, 5, 7), (4, 0, 2)]),3317,SAT
P15566,24,8,8,CG(nc=5, r=8, tr=[(4, 2, 1), (3, 0, 2), (2, 3, 3), (2, 1, 4), (0, 2, 5), (4, 3, 6), (4, 1, 7), (2, 1, 2)]),CG(nc=5, r=8, tr=[(4, 2, 1), (4, 3, 2), (0, 1, 3), (3, 1, 4), (0, 2, 5), (3, 0, 6), (2, 3, 7), (2, 4, 3)]),2936,SAT
P15567,20,7,7,CG(nc=6, r=7, tr=[(1, 2, 0), (5, 2, 1), (1, 0, 2), (4, 0, 3), (3, 1, 4), (2, 4, 5), (3, 5, 3)]),CG(nc=5, r=7, tr=[(1, 4, 0), (1, 3, 1), (2, 3, 2), (2, 4, 3), (0, 3, 4), (3, 1, 5), (0, 2, 1)]),2819,SAT
P15572,22,8,8,CG(nc=6, r=8, tr=[(1, 2, 0), (1, 0, 1), (1, 3, 2), (5, 3, 3), (4, 0, 5), (4, 5, 6), (2, 4, 7), (3, 5, 5)]),CG(nc=5, r=8, tr=[(0, 1, 0), (4, 3, 1), (2, 4, 2), (3, 4, 3), (1, 2, 5), (3, 1, 6), (0, 1, 7), (0, 2, 6)]),3585,SAT
P15573,22,8,8,CG(nc=6, r=8, tr=[(1, 2, 0), (3, 0, 1), (5, 4, 2), (4, 3, 3), (4, 1, 5), (5, 1, 6), (2, 0, 7), (0, 3, 6)]),CG(nc=5, r=8, tr=[(4, 2, 0), (3, 0, 1), (1, 0, 2), (0, 2, 3), (3, 4, 5), (1, 4, 6), (3, 1, 7), (3, 2, 6)]),3066,SAT
P15574,28,10,10,CG(nc=7, r=10, tr=[(1, 2, 0), (3, 6, 1), (5, 4, 2), (5, 3, 3), (6, 3, 4), (5, 6, 5), (1, 3, 6), (2, 4, 7), (1, 0, 5), (4, 0, 1)]),CG(nc=6, r=10, tr=[(1, 2, 0), (2, 5, 1), (5, 1, 2), (1, 4, 3), (3, 4, 4), (5, 4, 5), (1, 0, 6), (1, 2, 7), (0, 3, 1), (0, 2, 5)]),8343,SAT
P15575,24,9,9,CG(nc=7, r=9, tr=[(1, 6, 0), (0, 3, 1), (4, 5, 2), (2, 6, 3), (5, 0, 5), (5, 2, 6), (4, 1, 7), (2, 3, 2), (4, 3, 6)]),CG(nc=5, r=9, tr=[(0, 1, 0), (2, 4, 1), (3, 1, 2), (4, 1, 3), (4, 3, 5), (2, 1, 6), (1, 0, 7), (2, 0, 5), (0, 3, 1)]),5150,SAT
P15576,24,8,8,CG(nc=6, r=8, tr=[(0, 1, 0), (2, 3, 1), (0, 2, 2), (5, 3, 3), (1, 5, 4), (5, 4, 5), (4, 0, 6), (1, 4, 7)]),CG(nc=6, r=8, tr=[(1, 2, 0), (1, 3, 1), (4, 3, 2), (2, 5, 3), (4, 2, 4), (0, 4, 5), (0, 1, 6), (5, 3, 7)]),1796,SAT
P15577,26,9,9,CG(nc=6, r=9, tr=[(1, 5, 0), (5, 3, 1), (0, 4, 2), (4, 3, 3), (0, 1, 4), (2, 0, 5), (4, 5, 6), (1, 2, 7), (2, 3, 6)]),CG(nc=6, r=9, tr=[(5, 2, 0), (3, 2, 1), (0, 4, 2), (3, 4, 3), (5, 1, 4), (1, 4, 5), (1, 5, 6), (2, 1, 7), (3, 0, 6)]),3608,SAT
P15578,26,9,9,CG(nc=6, r=9, tr=[(1, 2, 0), (3, 0, 1), (5, 4, 2), (3, 4, 3), (1, 5, 4), (0, 2, 5), (0, 4, 6), (1, 4, 7), (5, 3, 5)]),CG(nc=6, r=9, tr=[(0, 1, 0), (5, 3, 1), (4, 2, 2), (3, 4, 3), (2, 0, 4), (5, 4, 5), (1, 3, 6), (1, 2, 7), (0, 1, 5)]),3316,SAT
P15579,27,10,9,CG(nc=7, r=10, tr=[(1, 0, 0), (2, 3, 1), (2, 6, 2), (6, 5, 3), (4, 6, 4), (5, 2, 5), (0, 2, 6), (1, 5, 7), (0, 3, 3), (3, 4, 7)]),CG(nc=6, r=9, tr=[(1, 2, 0), (2, 3, 1), (4, 0, 2), (1, 5, 3), (4, 1, 4), (3, 4, 5), (2, 0, 6), (3, 5, 7), (3, 0, 3)]),7366,SAT
P15580,20,7,7,CG(nc=6, r=7, tr=[(1, 2, 0), (3, 5, 1), (2, 0, 2), (3, 2, 3), (5, 4, 5), (0, 4, 6), (1, 4, 7)]),CG(nc=5, r=7, tr=[(1, 0, 0), (4, 3, 1), (2, 4, 2), (2, 4, 3), (0, 2, 5), (3, 1, 6), (0, 1, 7)]),1684,SAT
P15581,20,7,7,CG(nc=5, r=7, tr=[(1, 2, 0), (1, 0, 1), (4, 3, 2), (3, 1, 3), (4, 1, 5), (0, 3, 6), (2, 0, 7)]),CG(nc=5, r=7, tr=[(1, 2, 0), (0, 2, 1), (4, 3, 2), (3, 1, 3), (0, 3, 5), (4, 1, 6), (2, 1, 7)]),1545,SAT
P15582,26,9,9,CG(nc=6, r=9, tr=[(1, 2, 0), (3, 5, 1), (0, 4, 2), (1, 0, 3), (0, 2, 4), (4, 2, 5), (4, 5, 6), (1, 5, 7), (3, 1, 2)]),CG(nc=6, r=9, tr=[(1, 5, 0), (1, 3, 1), (1, 4, 2), (4, 5, 3), (0, 2, 4), (0, 4, 5), (0, 3, 6), (1, 5, 7), (3, 2, 3)]),3979,SAT
P15583,22,8,8,CG(nc=6, r=8, tr=[(1, 2, 0), (0, 1, 1), (1, 3, 2), (3, 5, 3), (2, 5, 5), (4, 2, 6), (0, 3, 7), (0, 4, 3)]),CG(nc=5, r=8, tr=[(0, 1, 0), (1, 2, 1), (4, 3, 2), (1, 4, 3), (3, 1, 5), (4, 2, 6), (0, 1, 7), (0, 3, 3)]),4040,SAT
P15592,24,8,8,CG(nc=6, r=8, tr=[(1, 0, 1), (2, 5, 2), (1, 2, 3), (4, 3, 4), (4, 0, 5), (4, 5, 6), (2, 3, 7), (2, 0, 6)]),CG(nc=6, r=8, tr=[(1, 2, 1), (3, 1, 2), (4, 3, 3), (5, 1, 4), (0, 3, 5), (5, 4, 6), (1, 5, 7), (0, 2, 6)]),4289,SAT
P15593,28,10,10,CG(nc=7, r=10, tr=[(1, 0, 0), (1, 0, 1), (2, 3, 2), (1, 3, 3), (2, 4, 4), (3, 0, 5), (1, 5, 6), (4, 5, 7), (2, 6, 1), (5, 6, 5)]),CG(nc=7, r=10, tr=[(1, 2, 0), (3, 0, 1), (4, 5, 2), (6, 1, 3), (6, 5, 4), (0, 4, 5), (4, 1, 6), (6, 5, 7), (5, 3, 6), (2, 3, 2)]),17416,SAT
P15594,24,8,8,CG(nc=6, r=8, tr=[(1, 2, 1), (5, 2, 2), (0, 1, 3), (4, 3, 4), (5, 4, 5), (1, 4, 6), (1, 5, 7), (3, 0, 7)]),CG(nc=5, r=8, tr=[(4, 2, 1), (4, 3, 2), (4, 1, 3), (0, 1, 4), (0, 2, 5), (0, 3, 6), (3, 2, 7), (2, 1, 6)]),2876,SAT
P15595,26,9,9,CG(nc=7, r=9, tr=[(1, 2, 1), (6, 4, 2), (2, 4, 3), (5, 3, 4), (5, 4, 5), (6, 2, 6), (1, 3, 7), (1, 0, 2), (0, 5, 6)]),CG(nc=6, r=9, tr=[(1, 2, 1), (3, 0, 2), (4, 5, 3), (2, 5, 4), (3, 2, 5), (0, 1, 6), (5, 2, 7), (4, 1, 5), (3, 4, 1)]),4554,SAT
P15596,22,7,7,CG(nc=5, r=7, tr=[(0, 1, 1), (2, 1, 2), (4, 2, 3), (0, 3, 4), (1, 4, 5), (0, 1, 6), (3, 1, 7)]),CG(nc=5, r=7, tr=[(4, 2, 1), (4, 3, 2), (3, 4, 3), (0, 1, 4), (0, 3, 5), (2, 1, 6), (0, 1, 7)]),1539,SAT
P15597,26,9,9,CG(nc=6, r=9, tr=[(1, 2, 0), (1, 0, 1), (1, 3, 2), (5, 3, 3), (4, 3, 4), (2, 3, 5), (0, 2, 6), (4, 0, 7), (1, 5, 5)]),CG(nc=6, r=9, tr=[(1, 0, 0), (2, 3, 1), (2, 4, 2), (5, 4, 3), (4, 1, 4), (4, 0, 5), (3, 0, 6), (2, 5, 7), (1, 3, 3)]),3071,SAT
P15598,22,7,7,CG(nc=5, r=7, tr=[(0, 1, 1), (4, 3, 2), (3, 1, 3), (1, 2, 4), (4, 1, 5), (0, 3, 6), (0, 2, 7)]),CG(nc=4, r=7, tr=[(1, 3, 1), (3, 1, 2), (3, 2, 3), (0, 2, 4), (1, 0, 5), (1, 2, 6), (0, 2, 7)]),1849,SAT
P15599,24,8,8,CG(nc=7, r=8, tr=[(1, 2, 1), (0, 1, 2), (2, 6, 3), (6, 4, 4), (0, 5, 5), (5, 2, 6), (4, 3, 7), (3, 1, 5)]),CG(nc=4, r=8, tr=[(1, 2, 1), (2, 3, 2), (1, 0, 3), (1, 3, 4), (1, 3, 5), (0, 2, 6), (1, 3, 7), (2, 0, 5)]),2985,SAT
P15612,14,5,5,CG(nc=5, r=5, tr=[(1, 0, 0), (2, 1, 1), (4, 2, 2), (4, 3, 3), (0, 3, 4)]),CG(nc=4, r=5, tr=[(1, 3, 0), (2, 3, 1), (2, 3, 2), (0, 2, 3), (1, 0, 4)]),1422,SAT
P15613,18,7,7,CG(nc=5, r=7, tr=[(1, 2, 0), (0, 3, 1), (2, 4, 2), (3, 2, 3), (1, 3, 5), (0, 3, 6), (2, 4, 5)]),CG(nc=4, r=7, tr=[(1, 0, 0), (2, 3, 1), (3, 2, 2), (2, 1, 3), (2, 0, 5), (0, 2, 6), (3, 1, 3)]),2964,SAT
P15614,20,7,7,CG(nc=6, r=7, tr=[(1, 2, 1), (3, 0, 2), (5, 1, 3), (1, 5, 4), (0, 4, 5), (1, 4, 6), (3, 2, 3)]),CG(nc=5, r=7, tr=[(1, 4, 1), (0, 3, 2), (2, 4, 3), (2, 0, 4), (4, 3, 5), (0, 1, 6), (0, 3, 3)]),2763,SAT
P15615,14,5,5,CG(nc=5, r=5, tr=[(1, 2, 0), (2, 0, 1), (1, 4, 2), (1, 3, 3), (0, 3, 4)]),CG(nc=4, r=5, tr=[(1, 3, 0), (3, 2, 1), (3, 0, 2), (2, 0, 3), (0, 1, 4)]),1651,SAT
P15828,26,10,10,CG(nc=6, r=10, tr=[(0, 1, 0), (2, 0, 1), (3, 5, 2), (3, 2, 3), (2, 5, 5), (1, 4, 6), (2, 1, 7), (0, 4, 6), (5, 3, 7), (3, 4, 0)]),CG(nc=6, r=10, tr=[(1, 0, 0), (1, 2, 1), (3, 5, 2), (4, 2, 3), (4, 0, 5), (5, 2, 6), (3, 4, 7), (3, 1, 5), (4, 0, 0), (0, 1, 7)]),2478935,SAT
P15829,22,8,8,CG(nc=6, r=8, tr=[(0, 1, 0), (2, 5, 1), (0, 4, 2), (2, 4, 3), (1, 2, 5), (1, 3, 6), (3, 2, 7), (3, 5, 5)]),CG(nc=5, r=8, tr=[(1, 0, 0), (1, 4, 1), (4, 3, 2), (1, 4, 3), (2, 3, 5), (1, 2, 6), (2, 0, 7), (0, 3, 6)]),3058,SAT
P15830,30,11,11,CG(nc=7, r=11, tr=[(1, 6, 0), (6, 3, 1), (4, 1, 2), (3, 5, 3), (6, 2, 4), (3, 0, 5), (2, 4, 6), (3, 4, 7), (2, 0, 0), (0, 5, 2), (1, 5, 6)]),CG(nc=6, r=11, tr=[(5, 2, 0), (2, 3, 1), (0, 4, 2), (1, 0, 3), (4, 2, 4), (1, 2, 5), (5, 4, 6), (3, 0, 7), (1, 4, 0), (1, 5, 7), (3, 5, 3)]),3224856,SAT
P15831,24,9,9,CG(nc=6, r=9, tr=[(0, 1, 0), (2, 5, 1), (5, 4, 2), (3, 4, 3), (3, 5, 5), (1, 4, 6), (2, 4, 7), (1, 2, 5), (0, 3, 1)]),CG(nc=6, r=9, tr=[(0, 1, 0), (2, 3, 1), (0, 2, 2), (3, 1, 3), (1, 4, 5), (5, 3, 6), (2, 4, 7), (1, 5, 2), (4, 0, 6)]),5964,SAT
P15832,26,9,9,CG(nc=6, r=9, tr=[(1, 2, 0), (5, 2, 1), (2, 4, 2), (4, 0, 3), (0, 3, 4), (0, 1, 5), (4, 3, 6), (4, 5, 7), (5, 2, 6)]),CG(nc=5, r=9, tr=[(1, 2, 0), (1, 0, 1), (1, 0, 2), (1, 0, 3), (2, 4, 4), (1, 2, 5), (3, 1, 6), (2, 3, 7), (3, 4, 0)]),3188,SAT
P15833,26,9,9,CG(nc=6, r=9, tr=[(1, 5, 0), (5, 3, 1), (0, 4, 2), (4, 3, 3), (2, 1, 4), (4, 0, 5), (3, 1, 6), (2, 0, 7), (2, 1, 5)]),CG(nc=6, r=9, tr=[(1, 0, 0), (1, 5, 1), (3, 5, 2), (5, 4, 3), (4, 2, 4), (3, 4, 5), (0, 3, 6), (3, 1, 7), (0, 2, 5)]),2984,SAT
P15834,28,10,10,CG(nc=7, r=10, tr=[(1, 2, 0), (3, 4, 1), (6, 3, 2), (5, 6, 3), (1, 6, 4), (0, 2, 5), (0, 3, 6), (1, 3, 7), (1, 5, 6), (4, 0, 3)]),CG(nc=7, r=10, tr=[(1, 2, 0), (3, 0, 1), (4, 2, 2), (5, 6, 3), (4, 5, 4), (0, 4, 5), (1, 6, 6), (3, 1, 7), (0, 2, 3), (6, 2, 7)]),8885,SAT
P15835,26,9,9,CG(nc=6, r=9, tr=[(5, 2, 0), (3, 5, 1), (0, 4, 2), (0, 1, 3), (4, 0, 4), (4, 1, 5), (2, 4, 6), (3, 2, 7), (3, 1, 2)]),CG(nc=6, r=9, tr=[(1, 0, 0), (5, 1, 1), (3, 5, 2), (4, 0, 3), (3, 4, 4), (3, 2, 5), (1, 2, 6), (2, 0, 7), (2, 5, 3)]),3669,SAT
P15836,24,9,9,CG(nc=6, r=9, tr=[(1, 2, 0), (3, 5, 1), (4, 0, 2), (2, 5, 3), (3, 0, 5), (3, 1, 6), (2, 3, 7), (3, 4, 3), (5, 1, 7)]),CG(nc=6, r=9, tr=[(1, 2, 0), (3, 1, 1), (2, 0, 2), (0, 4, 3), (2, 5, 5), (2, 5, 6), (5, 1, 7), (3, 0, 6), (4, 5, 5)]),6929,SAT
P15837,20,7,7,CG(nc=6, r=7, tr=[(5, 2, 0), (0, 3, 1), (5, 4, 2), (4, 3, 3), (1, 0, 5), (2, 1, 6), (1, 2, 7)]),CG(nc=5, r=7, tr=[(1, 4, 0), (1, 0, 1), (3, 4, 2), (3, 2, 3), (0, 3, 5), (4, 2, 6), (1, 2, 7)]),1730,SAT
P15838,28,10,10,CG(nc=7, r=10, tr=[(1, 2, 0), (3, 0, 1), (3, 1, 2), (4, 5, 3), (2, 4, 4), (3, 6, 5), (4, 3, 6), (0, 2, 7), (1, 6, 3), (5, 0, 0)]),CG(nc=6, r=10, tr=[(1, 2, 0), (3, 0, 1), (2, 4, 2), (4, 1, 3), (0, 2, 4), (1, 0, 5), (0, 2, 6), (4, 3, 7), (5, 1, 2), (5, 4, 6)]),9470,SAT
P15839,22,8,8,CG(nc=6, r=8, tr=[(1, 2, 0), (0, 2, 1), (3, 0, 2), (4, 2, 3), (5, 1, 5), (4, 0, 6), (3, 2, 7), (5, 4, 2)]),CG(nc=5, r=8, tr=[(1, 0, 0), (1, 4, 1), (1, 3, 2), (0, 3, 3), (3, 4, 5), (2, 1, 6), (2, 0, 7), (0, 1, 5)]),3198,SAT
P15848,26,9,9,CG(nc=6, r=9, tr=[(1, 5, 0), (5, 3, 1), (4, 3, 2), (4, 0, 3), (5, 2, 4), (0, 3, 5), (3, 1, 6), (4, 2, 7), (4, 0, 6)]),CG(nc=5, r=9, tr=[(0, 1, 0), (2, 4, 1), (4, 2, 2), (4, 2, 3), (3, 0, 4), (3, 1, 5), (3, 2, 6), (1, 2, 7), (2, 1, 4)]),3485,SAT
P15849,28,10,10,CG(nc=7, r=10, tr=[(0, 1, 0), (0, 2, 1), (3, 0, 2), (4, 6, 3), (2, 5, 4), (6, 2, 5), (6, 3, 6), (3, 5, 7), (2, 1, 6), (2, 4, 2)]),CG(nc=6, r=10, tr=[(1, 2, 0), (0, 1, 1), (3, 0, 2), (3, 4, 3), (3, 1, 4), (5, 1, 5), (3, 5, 6), (3, 1, 7), (2, 5, 2), (0, 4, 5)]),8701,SAT
P15850,26,9,9,CG(nc=7, r=9, tr=[(1, 2, 0), (3, 1, 1), (3, 6, 2), (1, 0, 3), (2, 6, 4), (6, 5, 5), (2, 5, 6), (4, 0, 7), (5, 4, 4)]),CG(nc=6, r=9, tr=[(1, 2, 0), (1, 0, 1), (0, 3, 2), (4, 0, 3), (4, 5, 4), (1, 5, 5), (4, 1, 6), (2, 5, 7), (3, 1, 7)]),3739,SAT
P15851,26,9,9,CG(nc=6, r=9, tr=[(0, 1, 0), (1, 0, 1), (2, 0, 2), (3, 5, 3), (5, 4, 4), (1, 4, 5), (3, 4, 6), (1, 2, 7), (3, 2, 1)]),CG(nc=6, r=9, tr=[(1, 2, 0), (5, 1, 1), (2, 0, 2), (4, 5, 3), (4, 0, 4), (4, 3, 5), (3, 0, 6), (3, 1, 7), (3, 5, 2)]),3448,SAT
P15852,24,8,8,CG(nc=6, r=8, tr=[(1, 2, 0), (1, 5, 1), (1, 4, 2), (0, 4, 3), (1, 3, 4), (0, 1, 5), (2, 5, 6), (5, 3, 7)]),CG(nc=5, r=8, tr=[(1, 4, 0), (3, 0, 1), (3, 0, 2), (0, 3, 3), (2, 4, 4), (3, 4, 5), (2, 3, 6), (3, 1, 7)]),1670,SAT
P15853,24,8,8,CG(nc=6, r=8, tr=[(1, 2, 0), (3, 5, 1), (4, 3, 2), (4, 0, 3), (2, 4, 4), (2, 0, 5), (1, 5, 6), (3, 5, 7)]),CG(nc=6, r=8, tr=[(5, 2, 0), (3, 5, 1), (2, 0, 2), (4, 1, 3), (1, 5, 4), (2, 1, 5), (4, 0, 6), (3, 4, 7)]),1736,SAT
P15854,24,8,8,CG(nc=7, r=8, tr=[(1, 2, 0), (1, 3, 1), (3, 0, 2), (1, 6, 3), (5, 6, 4), (0, 4, 5), (2, 4, 6), (5, 4, 7)]),CG(nc=5, r=8, tr=[(4, 2, 0), (0, 3, 1), (0, 3, 2), (1, 0, 3), (1, 4, 4), (2, 1, 5), (4, 2, 6), (2, 3, 7)]),1802,SAT
P15855,24,8,8,CG(nc=6, r=8, tr=[(5, 2, 0), (3, 4, 1), (4, 5, 2), (0, 3, 3), (1, 0, 4), (3, 1, 5), (1, 2, 6), (4, 3, 7)]),CG(nc=5, r=8, tr=[(1, 4, 0), (0, 3, 1), (0, 1, 2), (0, 2, 3), (2, 4, 4), (2, 1, 5), (2, 3, 6), (2, 4, 7)]),1727,SAT
P15868,20,7,7,CG(nc=5, r=7, tr=[(1, 2, 0), (4, 3, 1), (0, 1, 2), (3, 1, 3), (1, 0, 5), (4, 2, 6), (1, 2, 7)]),CG(nc=4, r=7, tr=[(1, 0, 0), (2, 3, 1), (3, 2, 2), (3, 2, 3), (2, 0, 5), (0, 2, 6), (1, 2, 7)]),1708,SAT
P15869,16,6,6,CG(nc=6, r=6, tr=[(1, 2, 0), (0, 3, 1), (4, 5, 2), (3, 4, 3), (5, 2, 5), (1, 0, 6)]),CG(nc=4, r=6, tr=[(1, 0, 0), (3, 2, 1), (3, 1, 2), (3, 1, 3), (0, 1, 5), (2, 0, 6)]),1617,SAT
P15870,24,8,8,CG(nc=6, r=8, tr=[(1, 0, 0), (2, 0, 1), (2, 3, 2), (5, 3, 3), (5, 1, 4), (4, 1, 5), (4, 3, 6), (3, 0, 7)]),CG(nc=6, r=8, tr=[(5, 2, 0), (3, 0, 1), (5, 4, 2), (1, 0, 3), (5, 1, 4), (4, 0, 5), (2, 1, 6), (2, 3, 7)]),1950,SAT
P15871,16,6,6,CG(nc=6, r=6, tr=[(1, 2, 0), (1, 3, 1), (5, 3, 2), (1, 0, 3), (2, 4, 5), (5, 4, 6)]),CG(nc=3, r=6, tr=[(0, 1, 0), (1, 2, 1), (1, 2, 2), (2, 0, 3), (1, 0, 5), (0, 1, 6)]),1473,SAT
P16104,28,10,10,CG(nc=7, r=10, tr=[(0, 1, 1), (1, 2, 2), (2, 6, 3), (6, 4, 4), (5, 0, 5), (6, 2, 6), (5, 2, 7), (3, 5, 4), (1, 3, 6), (1, 4, 5)]),CG(nc=6, r=10, tr=[(1, 2, 1), (1, 2, 2), (3, 5, 3), (2, 3, 4), (0, 2, 5), (4, 0, 6), (0, 3, 7), (4, 3, 5), (5, 1, 7), (2, 4, 6)]),2487418,SAT
P16105,30,11,11,CG(nc=8, r=11, tr=[(1, 2, 0), (3, 4, 1), (3, 7, 2), (0, 4, 3), (4, 1, 4), (6, 1, 5), (7, 6, 6), (2, 0, 7), (2, 5, 4), (5, 6, 1), (5, 3, 5)]),CG(nc=7, r=11, tr=[(1, 2, 0), (3, 4, 1), (4, 6, 2), (3, 2, 3), (2, 6, 4), (2, 5, 5), (3, 0, 6), (5, 4, 7), (5, 6, 6), (5, 1, 4), (1, 0, 2)]),3281688,SAT
P16106,24,8,8,CG(nc=6, r=8, tr=[(1, 2, 1), (1, 0, 2), (2, 5, 3), (5, 4, 4), (3, 4, 5), (4, 1, 6), (3, 1, 7), (3, 0, 6)]),CG(nc=5, r=8, tr=[(1, 4, 1), (3, 4, 2), (4, 1, 3), (1, 0, 4), (0, 2, 5), (0, 3, 6), (3, 2, 7), (2, 1, 6)]),3693,SAT
P16107,26,9,9,CG(nc=6, r=9, tr=[(0, 1, 1), (5, 3, 2), (3, 1, 3), (0, 4, 4), (1, 5, 5), (3, 4, 6), (2, 3, 7), (2, 5, 1), (2, 4, 5)]),CG(nc=6, r=9, tr=[(1, 0, 1), (2, 3, 2), (2, 1, 3), (1, 5, 4), (5, 4, 5), (4, 1, 6), (3, 4, 7), (5, 3, 1), (2, 0, 5)]),5255,SAT
P16108,26,9,9,CG(nc=6, r=9, tr=[(1, 5, 1), (3, 1, 2), (3, 0, 3), (4, 1, 4), (0, 4, 5), (2, 5, 6), (4, 2, 7), (1, 2, 4), (3, 5, 7)]),CG(nc=6, r=9, tr=[(1, 2, 1), (0, 3, 2), (0, 3, 3), (3, 4, 4), (3, 5, 5), (2, 0, 6), (1, 4, 7), (4, 5, 6), (5, 2, 2)]),6807,SAT
P16109,28,10,10,CG(nc=7, r=10, tr=[(1, 2, 0), (2, 0, 1), (3, 2, 2), (6, 3, 3), (3, 5, 4), (4, 0, 5), (1, 5, 6), (0, 5, 7), (1, 4, 4), (6, 2, 5)]),CG(nc=6, r=10, tr=[(1, 2, 0), (2, 5, 1), (1, 4, 2), (4, 0, 3), (2, 3, 4), (4, 5, 5), (3, 0, 6), (1, 3, 7), (0, 1, 4), (1, 0, 5)]),9899,SAT
P16110,22,7,7,CG(nc=6, r=7, tr=[(1, 2, 1), (5, 1, 2), (2, 0, 3), (4, 5, 4), (3, 0, 5), (3, 4, 6), (4, 3, 7)]),CG(nc=5, r=7, tr=[(1, 0, 1), (2, 4, 2), (4, 2, 3), (1, 4, 4), (0, 2, 5), (3, 4, 6), (1, 3, 7)]),1482,SAT
P16111,24,8,8,CG(nc=6, r=8, tr=[(1, 0, 1), (2, 1, 2), (2, 5, 3), (2, 4, 4), (5, 1, 5), (3, 4, 6), (4, 3, 7), (3, 0, 5)]),CG(nc=5, r=8, tr=[(0, 1, 1), (2, 4, 2), (2, 1, 3), (4, 1, 4), (0, 2, 5), (3, 1, 6), (3, 4, 7), (4, 3, 5)]),3033,SAT
P16124,22,7,7,CG(nc=5, r=7, tr=[(0, 1, 1), (4, 3, 2), (1, 3, 3), (1, 2, 4), (1, 4, 5), (2, 0, 6), (2, 1, 7)]),CG(nc=5, r=7, tr=[(1, 0, 1), (2, 4, 2), (4, 2, 3), (2, 3, 4), (0, 2, 5), (1, 4, 6), (0, 3, 7)]),1510,SAT
P16125,24,8,8,CG(nc=6, r=8, tr=[(1, 5, 0), (0, 3, 1), (3, 4, 2), (4, 5, 3), (2, 1, 4), (2, 0, 5), (1, 4, 6), (4, 2, 7)]),CG(nc=5, r=8, tr=[(0, 1, 0), (4, 3, 1), (4, 3, 2), (4, 1, 3), (0, 2, 4), (1, 2, 5), (1, 2, 6), (2, 3, 7)]),1898,SAT
P16126,18,6,6,CG(nc=6, r=6, tr=[(1, 5, 1), (3, 0, 2), (1, 3, 3), (4, 5, 4), (2, 0, 5), (2, 4, 6)]),CG(nc=3, r=6, tr=[(1, 2, 1), (2, 1, 2), (2, 1, 3), (1, 0, 4), (0, 1, 5), (0, 1, 6)]),1630,SAT
P16127,18,6,6,CG(nc=5, r=6, tr=[(4, 2, 1), (3, 0, 2), (3, 2, 3), (1, 4, 4), (2, 0, 5), (3, 1, 6)]),CG(nc=3, r=6, tr=[(1, 2, 1), (2, 1, 2), (0, 2, 3), (1, 0, 4), (1, 0, 5), (1, 0, 6)]),1623,SAT
P16380,18,6,6,CG(nc=6, r=6, tr=[(5, 2, 0), (3, 0, 1), (2, 3, 2), (4, 5, 3), (4, 1, 4), (0, 1, 5)]),CG(nc=4, r=6, tr=[(1, 3, 0), (0, 2, 1), (2, 0, 2), (2, 3, 3), (3, 2, 4), (0, 1, 5)]),1509,SAT
P16381,20,7,7,CG(nc=7, r=7, tr=[(1, 2, 0), (3, 6, 1), (3, 5, 2), (0, 5, 3), (4, 2, 5), (1, 0, 6), (6, 4, 7)]),CG(nc=4, r=7, tr=[(3, 2, 0), (0, 2, 1), (3, 1, 2), (3, 1, 3), (0, 1, 5), (3, 2, 6), (2, 3, 7)]),1482,SAT
P16382,22,7,7,CG(nc=7, r=7, tr=[(1, 2, 1), (1, 0, 2), (2, 6, 3), (4, 6, 4), (5, 3, 5), (0, 3, 6), (5, 4, 7)]),CG(nc=4, r=7, tr=[(1, 0, 1), (3, 2, 2), (2, 3, 3), (3, 1, 4), (0, 2, 5), (3, 1, 6), (0, 2, 7)]),1475,SAT
P16383,6,3,3,CG(nc=4, r=3, tr=[(1, 0, 0), (2, 3, 1), (1, 2, 2)]),CG(nc=2, r=3, tr=[(1, 0, 0), (0, 1, 1), (1, 0, 2)]),1877,SAT
P26752,28,10,10,CG(nc=6, r=10, tr=[(1, 2, 0), (0, 3, 1), (3, 2, 2), (5, 1, 3), (1, 4, 4), (4, 0, 5), (4, 2, 6), (5, 4, 7), (2, 0, 4), (1, 0, 7)]),CG(nc=7, r=10, tr=[(1, 2, 0), (0, 3, 1), (2, 4, 2), (5, 0, 3), (5, 1, 4), (4, 1, 5), (3, 1, 6), (0, 2, 7), (3, 6, 5), (5, 6, 7)]),8592,SAT
P26753,31,11,12,CG(nc=7, r=11, tr=[(6, 2, 0), (0, 3, 1), (3, 4, 2), (4, 2, 3), (5, 6, 4), (6, 4, 5), (1, 2, 6), (1, 3, 7), (2, 0, 4), (1, 0, 5), (1, 5, 1)]),CG(nc=8, r=12, tr=[(1, 7, 0), (3, 4, 1), (5, 0, 2), (1, 4, 3), (6, 2, 4), (2, 5, 5), (2, 4, 6), (3, 0, 7), (4, 7, 5), (5, 3, 0), (6, 0, 3), (7, 6, 7)]),4470842,SAT
P26754,30,11,11,CG(nc=7, r=11, tr=[(1, 2, 0), (0, 2, 1), (3, 6, 2), (5, 4, 3), (2, 5, 4), (5, 0, 5), (6, 4, 6), (3, 5, 7), (3, 1, 3), (2, 6, 5), (4, 2, 7)]),CG(nc=7, r=11, tr=[(1, 0, 0), (2, 1, 1), (3, 2, 2), (4, 3, 3), (4, 0, 4), (6, 5, 5), (3, 5, 6), (3, 1, 7), (5, 4, 1), (4, 2, 5), (1, 6, 4)]),3222286,SAT
P26755,30,11,11,CG(nc=7, r=11, tr=[(1, 2, 0), (3, 4, 1), (4, 6, 2), (3, 2, 3), (2, 6, 4), (2, 5, 5), (3, 0, 6), (5, 4, 7), (5, 6, 6), (5, 1, 4), (1, 0, 2)]),CG(nc=8, r=11, tr=[(1, 2, 0), (3, 4, 1), (3, 7, 2), (0, 4, 3), (4, 1, 4), (6, 1, 5), (7, 6, 6), (2, 0, 7), (2, 5, 4), (5, 6, 1), (5, 3, 5)]),3300399,SAT
P26758,30,11,11,CG(nc=7, r=11, tr=[(1, 6, 0), (1, 3, 1), (4, 0, 2), (5, 2, 3), (5, 6, 4), (5, 1, 5), (2, 0, 6), (3, 2, 7), (4, 3, 3), (4, 5, 7), (1, 3, 4)]),CG(nc=7, r=11, tr=[(0, 1, 0), (2, 3, 1), (4, 3, 2), (4, 6, 3), (1, 6, 4), (1, 3, 5), (5, 3, 6), (5, 6, 7), (0, 2, 4), (2, 4, 7), (2, 5, 3)]),3215376,SAT
P26759,32,12,12,CG(nc=7, r=12, tr=[(1, 2, 0), (1, 3, 1), (6, 2, 2), (3, 0, 3), (3, 5, 4), (3, 5, 5), (2, 0, 6), (3, 6, 7), (0, 4, 4), (5, 6, 6), (2, 4, 5), (0, 5, 2)]),CG(nc=7, r=12, tr=[(1, 2, 0), (2, 3, 1), (1, 4, 2), (3, 6, 3), (0, 5, 4), (3, 4, 5), (2, 1, 6), (3, 0, 7), (5, 4, 6), (6, 5, 0), (0, 2, 2), (1, 6, 4)]),6573176,SAT
P26760,26,9,9,CG(nc=6, r=9, tr=[(1, 0, 0), (1, 2, 1), (5, 4, 2), (2, 4, 3), (3, 0, 4), (3, 1, 5), (3, 5, 6), (5, 3, 7), (5, 1, 4)]),CG(nc=7, r=9, tr=[(1, 2, 0), (3, 2, 1), (4, 6, 2), (5, 4, 3), (3, 0, 4), (0, 1, 5), (6, 5, 6), (5, 2, 7), (4, 3, 5)]),4065,SAT
P26761,30,11,11,CG(nc=6, r=11, tr=[(1, 0, 0), (2, 0, 1), (3, 4, 2), (3, 1, 3), (4, 5, 4), (2, 5, 5), (2, 1, 6), (2, 1, 7), (5, 4, 1), (3, 0, 5), (4, 1, 4)]),CG(nc=7, r=11, tr=[(1, 6, 0), (3, 4, 1), (4, 6, 2), (3, 5, 3), (6, 3, 4), (0, 5, 5), (4, 2, 6), (2, 0, 7), (0, 5, 0), (1, 0, 4), (1, 4, 5)]),3216445,SAT
P26762,28,10,10,CG(nc=6, r=10, tr=[(1, 2, 0), (3, 5, 1), (3, 1, 2), (0, 2, 3), (4, 3, 4), (5, 4, 5), (4, 2, 6), (2, 4, 7), (3, 0, 5), (0, 2, 4)]),CG(nc=7, r=10, tr=[(1, 2, 0), (6, 4, 1), (5, 1, 2), (1, 2, 3), (5, 4, 4), (6, 1, 5), (2, 3, 6), (3, 4, 7), (0, 4, 5), (0, 2, 4)]),11795,SAT
P26763,28,10,10,CG(nc=6, r=10, tr=[(1, 2, 0), (2, 5, 1), (4, 5, 2), (1, 3, 3), (0, 1, 4), (0, 2, 5), (3, 5, 6), (4, 1, 7), (3, 0, 2), (4, 2, 4)]),CG(nc=7, r=10, tr=[(1, 2, 0), (6, 4, 1), (4, 5, 2), (5, 0, 3), (2, 5, 4), (2, 6, 5), (1, 3, 6), (3, 0, 7), (4, 0, 5), (4, 1, 4)]),8211,SAT
P26766,28,10,10,CG(nc=7, r=10, tr=[(6, 2, 0), (3, 0, 1), (3, 4, 2), (3, 5, 3), (1, 6, 4), (0, 1, 5), (5, 1, 6), (4, 1, 7), (6, 3, 5), (2, 5, 2)]),CG(nc=7, r=10, tr=[(1, 0, 0), (2, 3, 1), (2, 4, 2), (6, 4, 3), (0, 3, 4), (1, 2, 5), (2, 5, 6), (6, 5, 7), (5, 1, 4), (3, 4, 5)]),11823,SAT
P26767,28,10,10,CG(nc=7, r=10, tr=[(0, 1, 0), (2, 3, 1), (1, 2, 2), (6, 3, 3), (5, 0, 4), (5, 1, 5), (3, 5, 6), (5, 4, 7), (4, 6, 2), (1, 3, 4)]),CG(nc=6, r=10, tr=[(0, 1, 0), (0, 2, 1), (3, 0, 2), (0, 1, 3), (4, 2, 4), (4, 1, 5), (5, 3, 6), (4, 3, 7), (5, 2, 5), (5, 3, 3)]),11234,SAT
P26774,33,13,12,CG(nc=8, r=13, tr=[(1, 2, 0), (3, 0, 1), (1, 3, 2), (0, 4, 3), (1, 4, 4), (0, 5, 5), (1, 2, 6), (2, 5, 7), (7, 4, 7), (7, 3, 5), (6, 4, 0), (7, 2, 3), (3, 6, 6)]),CG(nc=7, r=12, tr=[(1, 2, 0), (3, 2, 1), (4, 6, 2), (5, 6, 3), (2, 5, 4), (2, 4, 5), (0, 4, 6), (3, 1, 7), (0, 5, 7), (1, 3, 2), (3, 6, 6), (0, 1, 3)]),9220201,SAT
P26775,32,12,12,CG(nc=7, r=12, tr=[(1, 2, 0), (2, 3, 1), (6, 3, 2), (1, 0, 3), (5, 1, 4), (5, 6, 5), (0, 3, 6), (1, 6, 7), (2, 4, 5), (4, 0, 2), (6, 4, 6), (4, 5, 1)]),CG(nc=7, r=12, tr=[(1, 2, 0), (3, 0, 1), (3, 1, 2), (2, 4, 3), (5, 2, 4), (0, 4, 5), (6, 5, 6), (3, 2, 7), (6, 4, 1), (5, 0, 2), (0, 1, 6), (3, 6, 5)]),6696832,SAT
P26776,28,10,10,CG(nc=7, r=10, tr=[(1, 2, 0), (6, 4, 1), (2, 5, 2), (1, 4, 3), (4, 3, 4), (6, 3, 5), (0, 3, 6), (3, 2, 7), (0, 1, 5), (5, 0, 1)]),CG(nc=6, r=10, tr=[(5, 2, 0), (3, 4, 1), (4, 3, 2), (4, 5, 3), (2, 0, 4), (4, 2, 5), (0, 1, 6), (1, 4, 7), (5, 3, 4), (3, 1, 0)]),8401,SAT
P26777,28,10,10,CG(nc=6, r=10, tr=[(5, 2, 0), (0, 3, 1), (4, 2, 2), (4, 3, 3), (5, 1, 4), (3, 5, 5), (3, 1, 6), (1, 3, 7), (1, 0, 0), (0, 4, 4)]),CG(nc=7, r=10, tr=[(1, 6, 0), (3, 4, 1), (6, 1, 2), (1, 4, 3), (0, 5, 4), (5, 1, 5), (2, 5, 6), (2, 3, 7), (6, 4, 4), (0, 3, 0)]),8109,SAT
P26778,30,11,11,CG(nc=7, r=11, tr=[(1, 6, 0), (3, 4, 1), (3, 1, 2), (5, 2, 3), (6, 5, 4), (2, 0, 5), (1, 5, 6), (2, 3, 7), (1, 0, 4), (4, 6, 7), (0, 4, 3)]),CG(nc=7, r=11, tr=[(1, 2, 0), (6, 4, 1), (2, 1, 2), (2, 0, 3), (1, 5, 4), (3, 2, 5), (4, 1, 6), (3, 6, 7), (6, 5, 3), (0, 5, 7), (4, 0, 5)]),3235349,SAT
P26779,30,11,11,CG(nc=8, r=11, tr=[(1, 2, 0), (3, 0, 1), (1, 4, 2), (5, 7, 3), (3, 6, 4), (2, 7, 5), (5, 6, 6), (4, 6, 7), (6, 0, 5), (7, 4, 1), (3, 2, 3)]),CG(nc=7, r=11, tr=[(0, 1, 0), (0, 2, 1), (3, 4, 2), (5, 3, 3), (4, 0, 4), (6, 2, 5), (1, 3, 6), (3, 2, 7), (2, 4, 3), (6, 5, 1), (1, 6, 4)]),3222558,SAT
P26782,32,12,12,CG(nc=8, r=12, tr=[(1, 2, 0), (0, 3, 1), (4, 1, 2), (7, 6, 3), (6, 2, 4), (0, 2, 5), (4, 6, 6), (7, 4, 7), (1, 3, 4), (6, 5, 2), (5, 3, 0), (4, 1, 3)]),CG(nc=7, r=12, tr=[(1, 2, 0), (0, 3, 1), (1, 2, 2), (4, 5, 3), (4, 0, 4), (2, 0, 5), (3, 5, 6), (1, 5, 7), (4, 6, 0), (6, 3, 5), (5, 1, 2), (1, 6, 4)]),1001247,SAT
P26783,30,11,11,CG(nc=7, r=11, tr=[(1, 2, 0), (3, 4, 1), (0, 2, 2), (5, 6, 3), (4, 2, 4), (1, 3, 5), (2, 6, 6), (6, 3, 7), (1, 5, 1), (0, 3, 3), (1, 5, 4)]),CG(nc=6, r=11, tr=[(1, 2, 0), (3, 0, 1), (0, 4, 2), (2, 0, 3), (2, 3, 4), (0, 1, 5), (5, 4, 6), (2, 4, 7), (4, 1, 1), (5, 3, 5), (5, 4, 3)]),3257330,SAT
P26792,26,9,9,CG(nc=6, r=9, tr=[(0, 1, 0), (2, 5, 1), (4, 2, 2), (4, 1, 3), (0, 3, 4), (1, 2, 5), (3, 2, 6), (5, 3, 7), (3, 5, 5)]),CG(nc=7, r=9, tr=[(1, 2, 0), (3, 4, 1), (2, 4, 2), (4, 3, 3), (4, 6, 4), (0, 2, 5), (3, 0, 6), (5, 6, 7), (5, 1, 6)]),3790,SAT
P26793,28,10,10,CG(nc=6, r=10, tr=[(0, 1, 0), (5, 3, 1), (0, 4, 2), (4, 2, 3), (5, 1, 4), (1, 4, 5), (5, 4, 6), (3, 2, 7), (0, 2, 4), (3, 2, 0)]),CG(nc=6, r=10, tr=[(1, 2, 0), (5, 1, 1), (5, 4, 2), (2, 3, 3), (4, 1, 4), (1, 3, 5), (4, 0, 6), (0, 3, 7), (5, 2, 6), (0, 3, 2)]),9729,SAT
P26794,26,9,9,CG(nc=6, r=9, tr=[(5, 2, 0), (2, 3, 1), (3, 4, 2), (0, 4, 3), (5, 1, 4), (1, 4, 5), (1, 2, 6), (3, 1, 7), (3, 0, 4)]),CG(nc=6, r=9, tr=[(5, 2, 0), (5, 3, 1), (4, 2, 2), (5, 2, 3), (2, 0, 4), (0, 1, 5), (2, 3, 6), (1, 3, 7), (4, 5, 5)]),4437,SAT
P26795,26,9,9,CG(nc=6, r=9, tr=[(5, 2, 0), (3, 2, 1), (3, 4, 2), (0, 4, 3), (3, 0, 4), (1, 4, 5), (1, 2, 6), (4, 5, 7), (1, 5, 4)]),CG(nc=6, r=9, tr=[(1, 0, 0), (2, 3, 1), (2, 0, 2), (3, 5, 3), (0, 3, 4), (2, 4, 5), (5, 2, 6), (1, 4, 7), (5, 4, 4)]),4101,SAT
P26796,28,10,10,CG(nc=6, r=10, tr=[(1, 2, 0), (1, 5, 1), (4, 3, 2), (3, 2, 3), (3, 0, 4), (1, 0, 5), (2, 5, 6), (4, 5, 7), (0, 4, 3), (1, 5, 4)]),CG(nc=6, r=10, tr=[(1, 5, 0), (3, 5, 1), (3, 5, 2), (5, 4, 3), (2, 3, 4), (0, 2, 5), (1, 4, 6), (2, 4, 7), (1, 0, 4), (3, 2, 3)]),9988,SAT
P26797,28,10,10,CG(nc=7, r=10, tr=[(1, 0, 0), (6, 3, 1), (4, 1, 2), (3, 4, 3), (0, 5, 4), (2, 1, 5), (6, 2, 6), (4, 0, 7), (6, 1, 4), (2, 5, 3)]),CG(nc=7, r=10, tr=[(1, 0, 0), (0, 2, 1), (3, 6, 2), (1, 3, 3), (5, 3, 4), (0, 5, 5), (2, 1, 6), (4, 2, 7), (4, 6, 5), (1, 6, 4)]),8632,SAT
P26798,26,9,9,CG(nc=6, r=9, tr=[(0, 1, 0), (2, 3, 1), (2, 5, 2), (1, 3, 3), (5, 1, 4), (4, 5, 5), (3, 4, 6), (4, 3, 7), (0, 4, 4)]),CG(nc=6, r=9, tr=[(1, 5, 0), (3, 4, 1), (2, 4, 2), (4, 1, 3), (5, 4, 4), (2, 0, 5), (1, 3, 6), (3, 2, 7), (1, 0, 4)]),3941,SAT
P26799,28,10,10,CG(nc=7, r=10, tr=[(6, 2, 0), (2, 3, 1), (4, 0, 2), (5, 0, 3), (1, 6, 4), (3, 1, 5), (5, 1, 6), (4, 1, 7), (3, 6, 6), (4, 3, 3)]),CG(nc=7, r=10, tr=[(1, 2, 0), (3, 4, 1), (0, 4, 2), (4, 6, 3), (4, 5, 4), (5, 2, 5), (5, 0, 6), (1, 6, 7), (6, 3, 6), (2, 6, 2)]),9845,SAT
P26812,28,10,10,CG(nc=7, r=10, tr=[(1, 2, 0), (6, 1, 1), (0, 4, 2), (2, 4, 3), (1, 5, 4), (4, 1, 5), (3, 0, 6), (5, 4, 7), (3, 5, 3), (3, 6, 5)]),CG(nc=7, r=10, tr=[(1, 0, 0), (2, 3, 1), (4, 6, 2), (1, 2, 3), (0, 2, 4), (5, 3, 5), (6, 3, 6), (5, 1, 7), (4, 2, 5), (5, 1, 4)]),9855,SAT
P26813,28,10,10,CG(nc=6, r=10, tr=[(1, 2, 0), (3, 0, 1), (2, 3, 2), (0, 4, 3), (4, 2, 4), (3, 1, 5), (0, 3, 6), (4, 5, 7), (5, 2, 6), (1, 5, 3)]),CG(nc=7, r=10, tr=[(1, 2, 0), (3, 4, 1), (3, 2, 2), (3, 6, 3), (5, 3, 4), (0, 2, 5), (0, 4, 6), (6, 5, 7), (0, 1, 3), (1, 5, 6)]),9253,SAT
P26814,28,10,10,CG(nc=7, r=10, tr=[(1, 2, 0), (6, 4, 1), (4, 1, 2), (0, 2, 3), (5, 2, 4), (6, 5, 5), (5, 4, 6), (3, 1, 7), (0, 3, 4), (1, 4, 5)]),CG(nc=7, r=10, tr=[(1, 6, 0), (3, 4, 1), (5, 3, 2), (3, 0, 3), (3, 6, 4), (5, 1, 5), (4, 1, 6), (0, 2, 7), (4, 2, 5), (1, 0, 4)]),10002,SAT
P26815,28,10,10,CG(nc=7, r=10, tr=[(6, 2, 0), (0, 3, 1), (3, 4, 2), (5, 0, 3), (4, 5, 4), (1, 2, 5), (1, 5, 6), (1, 4, 7), (4, 2, 3), (6, 1, 4)]),CG(nc=6, r=10, tr=[(1, 0, 0), (2, 0, 1), (2, 0, 2), (3, 0, 3), (5, 1, 4), (3, 4, 5), (1, 4, 6), (3, 5, 7), (2, 5, 3), (4, 2, 4)]),9407,SAT
P26856,22,8,8,CG(nc=6, r=8, tr=[(1, 2, 0), (3, 0, 1), (2, 5, 2), (1, 3, 3), (4, 0, 4), (2, 4, 5), (0, 1, 6), (4, 5, 6)]),CG(nc=5, r=8, tr=[(0, 1, 0), (2, 0, 1), (0, 3, 2), (0, 2, 3), (4, 1, 4), (3, 1, 5), (3, 4, 6), (2, 3, 4)]),3457,SAT
P26857,26,10,10,CG(nc=7, r=10, tr=[(6, 2, 0), (3, 4, 1), (2, 3, 2), (0, 4, 3), (5, 6, 4), (1, 2, 5), (0, 1, 6), (3, 0, 4), (1, 5, 2), (4, 5, 6)]),CG(nc=7, r=10, tr=[(6, 2, 0), (3, 4, 1), (2, 3, 2), (0, 4, 3), (5, 6, 4), (1, 2, 5), (0, 1, 6), (3, 0, 4), (1, 5, 2), (4, 5, 6)]),695325,SAT
P26858,22,8,8,CG(nc=6, r=8, tr=[(1, 2, 0), (5, 2, 1), (4, 1, 2), (4, 0, 3), (3, 0, 4), (2, 4, 5), (2, 3, 6), (3, 5, 5)]),CG(nc=6, r=8, tr=[(1, 5, 0), (3, 0, 1), (4, 2, 2), (4, 0, 3), (4, 5, 4), (0, 2, 5), (1, 2, 6), (4, 3, 6)]),3760,SAT
P26859,22,8,8,CG(nc=6, r=8, tr=[(0, 1, 0), (2, 3, 1), (1, 3, 2), (5, 2, 3), (3, 5, 4), (1, 4, 5), (2, 4, 6), (0, 4, 4)]),CG(nc=5, r=8, tr=[(4, 2, 0), (3, 4, 1), (3, 1, 2), (1, 0, 3), (4, 1, 4), (0, 3, 5), (2, 3, 6), (2, 0, 4)]),3394,SAT
P26862,22,8,8,CG(nc=5, r=8, tr=[(1, 2, 0), (2, 4, 1), (3, 0, 2), (1, 3, 3), (4, 2, 4), (2, 0, 5), (4, 3, 6), (1, 0, 4)]),CG(nc=6, r=8, tr=[(1, 2, 0), (3, 5, 1), (0, 4, 2), (1, 4, 3), (2, 4, 4), (2, 5, 5), (1, 0, 6), (3, 1, 4)]),3751,SAT
P26863,24,9,9,CG(nc=7, r=9, tr=[(1, 0, 0), (2, 1, 1), (6, 4, 2), (5, 3, 3), (3, 4, 4), (3, 0, 5), (5, 6, 6), (0, 2, 6), (2, 4, 3)]),CG(nc=5, r=9, tr=[(1, 2, 0), (1, 2, 1), (3, 0, 2), (3, 4, 3), (1, 4, 4), (1, 3, 5), (4, 3, 6), (1, 2, 3), (2, 0, 6)]),6012,SAT
P26878,24,9,9,CG(nc=6, r=9, tr=[(1, 0, 0), (2, 3, 1), (5, 2, 2), (1, 3, 3), (4, 0, 4), (4, 3, 5), (2, 4, 6), (5, 1, 4), (5, 2, 5)]),CG(nc=6, r=9, tr=[(0, 1, 0), (2, 5, 1), (4, 3, 2), (4, 1, 3), (5, 1, 4), (3, 5, 5), (4, 2, 6), (3, 1, 6), (0, 4, 4)]),7874,SAT
P26879,22,8,8,CG(nc=5, r=8, tr=[(1, 2, 0), (4, 3, 1), (3, 1, 2), (2, 0, 3), (4, 1, 4), (3, 2, 5), (4, 3, 6), (1, 2, 6)]),CG(nc=5, r=8, tr=[(1, 2, 0), (3, 0, 1), (1, 2, 2), (4, 0, 3), (4, 2, 4), (4, 3, 5), (3, 2, 6), (1, 0, 5)]),3575,SAT
P27030,32,12,12,CG(nc=7, r=12, tr=[(1, 6, 0), (3, 4, 1), (5, 2, 2), (4, 0, 3), (1, 0, 4), (2, 4, 5), (1, 2, 6), (6, 4, 7), (1, 3, 2), (6, 5, 4), (3, 5, 6), (0, 5, 0)]),CG(nc=8, r=12, tr=[(1, 2, 0), (2, 3, 1), (7, 1, 2), (0, 5, 3), (1, 6, 4), (6, 3, 5), (7, 4, 6), (3, 0, 7), (4, 6, 0), (5, 6, 1), (4, 2, 4), (2, 5, 5)]),6490983,SAT
P27031,33,12,13,CG(nc=7, r=12, tr=[(0, 1, 0), (2, 1, 1), (3, 2, 2), (3, 6, 3), (1, 6, 4), (2, 5, 5), (2, 4, 6), (0, 3, 7), (6, 5, 0), (5, 4, 7), (4, 0, 3), (4, 5, 4)]),CG(nc=8, r=13, tr=[(1, 2, 0), (3, 7, 1), (1, 5, 2), (7, 5, 3), (6, 5, 4), (4, 7, 5), (6, 4, 7), (3, 6, 6), (2, 0, 3), (3, 2, 5), (3, 2, 2), (0, 1, 7), (5, 1, 1)], dropped=[(1, 6)]),11369491,SAT
P27032,32,12,12,CG(nc=7, r=12, tr=[(1, 0, 0), (1, 2, 1), (2, 3, 2), (3, 6, 3), (0, 5, 4), (5, 2, 5), (0, 2, 6), (3, 5, 7), (4, 3, 6), (4, 6, 7), (1, 6, 4), (1, 4, 5)]),CG(nc=7, r=12, tr=[(6, 2, 0), (0, 3, 1), (4, 2, 2), (5, 3, 3), (5, 0, 4), (6, 3, 5), (5, 2, 6), (2, 5, 7), (1, 4, 6), (4, 3, 7), (1, 0, 0), (6, 1, 4)]),6490332,SAT
P27033,28,10,10,CG(nc=6, r=10, tr=[(0, 1, 0), (2, 3, 1), (0, 4, 2), (2, 4, 3), (0, 3, 4), (1, 2, 5), (5, 2, 6), (2, 5, 7), (1, 5, 4), (3, 5, 0)]),CG(nc=7, r=10, tr=[(1, 2, 0), (3, 0, 1), (3, 1, 2), (1, 3, 3), (4, 3, 4), (1, 0, 5), (5, 2, 6), (5, 4, 7), (4, 6, 5), (6, 2, 1)]),10817,SAT
P27034,32,12,12,CG(nc=7, r=12, tr=[(0, 1, 0), (2, 6, 1), (4, 5, 2), (3, 1, 3), (6, 1, 4), (5, 6, 5), (5, 3, 6), (4, 1, 7), (3, 2, 2), (0, 4, 6), (2, 0, 5), (0, 5, 1)]),CG(nc=7, r=12, tr=[(1, 6, 0), (3, 4, 1), (4, 6, 2), (6, 5, 3), (1, 0, 4), (1, 5, 5), (4, 0, 6), (5, 4, 7), (2, 3, 7), (3, 1, 3), (0, 2, 0), (2, 6, 4)]),6264060,SAT
P27035,32,12,12,CG(nc=8, r=12, tr=[(0, 1, 0), (2, 7, 1), (4, 7, 2), (2, 7, 3), (0, 5, 4), (1, 6, 5), (6, 2, 6), (6, 4, 7), (3, 5, 5), (1, 3, 1), (4, 3, 3), (5, 6, 1)]),CG(nc=7, r=12, tr=[(1, 6, 0), (3, 0, 1), (3, 1, 2), (3, 4, 3), (1, 0, 4), (5, 0, 5), (1, 4, 6), (4, 2, 7), (6, 3, 5), (5, 2, 6), (6, 2, 1), (4, 2, 2)]),6490920,SAT
P27038,34,12,14,CG(nc=7, r=12, tr=[(1, 2, 0), (2, 3, 1), (4, 0, 2), (4, 1, 3), (5, 1, 4), (5, 6, 5), (3, 2, 6), (1, 3, 7), (0, 5, 1), (6, 4, 6), (3, 6, 2), (0, 2, 5)]),CG(nc=9, r=14, tr=[(0, 1, 0), (2, 3, 1), (8, 5, 2), (6, 3, 3), (7, 0, 4), (3, 4, 5), (3, 8, 6), (4, 1, 7), (2, 7, 2), (1, 8, 4), (5, 7, 6), (5, 4, 1), (2, 1, 3), (2, 5, 5)]),9909365,SAT
P27039,30,11,11,CG(nc=7, r=11, tr=[(1, 2, 0), (1, 0, 1), (6, 4, 2), (2, 4, 3), (5, 2, 4), (5, 3, 5), (4, 0, 6), (3, 2, 7), (6, 5, 1), (3, 0, 2), (6, 1, 5)]),CG(nc=7, r=11, tr=[(1, 2, 0), (3, 1, 1), (6, 3, 2), (0, 3, 3), (5, 2, 4), (5, 3, 5), (2, 6, 6), (0, 4, 7), (2, 4, 2), (1, 4, 5), (5, 4, 1)]),3227978,SAT
P27048,28,10,10,CG(nc=6, r=10, tr=[(1, 0, 0), (2, 3, 1), (4, 2, 2), (3, 0, 3), (5, 1, 4), (5, 2, 5), (2, 1, 6), (1, 0, 7), (3, 4, 4), (4, 5, 0)]),CG(nc=7, r=10, tr=[(6, 2, 0), (2, 3, 1), (4, 3, 2), (2, 3, 3), (5, 6, 4), (4, 5, 5), (5, 2, 6), (1, 0, 7), (3, 0, 4), (1, 4, 0)]),8653,SAT
P27049,28,10,10,CG(nc=6, r=10, tr=[(1, 5, 0), (1, 3, 1), (0, 4, 2), (4, 3, 3), (5, 2, 4), (4, 2, 5), (5, 4, 6), (3, 5, 7), (1, 0, 4), (0, 2, 0)]),CG(nc=7, r=10, tr=[(1, 0, 0), (6, 3, 1), (3, 1, 2), (3, 4, 3), (5, 0, 4), (6, 2, 5), (5, 3, 6), (4, 1, 7), (2, 5, 2), (4, 2, 6)]),8570,SAT
P27050,28,10,10,CG(nc=6, r=10, tr=[(0, 1, 0), (5, 3, 1), (4, 3, 2), (4, 1, 3), (1, 5, 4), (0, 3, 5), (4, 2, 6), (0, 1, 7), (0, 2, 1), (5, 2, 5)]),CG(nc=6, r=10, tr=[(1, 5, 0), (3, 0, 1), (3, 4, 2), (1, 5, 3), (0, 1, 4), (3, 5, 5), (4, 2, 6), (1, 4, 7), (2, 0, 5), (2, 5, 1)]),8244,SAT
P27051,28,10,10,CG(nc=7, r=10, tr=[(1, 2, 0), (2, 3, 1), (3, 0, 2), (1, 6, 3), (5, 6, 4), (3, 5, 5), (4, 0, 6), (4, 2, 7), (4, 2, 5), (5, 4, 1)]),CG(nc=6, r=10, tr=[(1, 2, 0), (5, 2, 1), (5, 4, 2), (1, 2, 3), (2, 4, 4), (2, 3, 5), (1, 5, 6), (0, 3, 7), (4, 0, 6), (0, 1, 2)]),7884,SAT
P27052,30,11,11,CG(nc=7, r=11, tr=[(6, 2, 0), (3, 4, 1), (4, 0, 2), (2, 3, 3), (2, 5, 4), (1, 4, 5), (0, 5, 6), (3, 1, 7), (5, 3, 5), (1, 6, 4), (4, 6, 6)]),CG(nc=6, r=11, tr=[(1, 2, 0), (0, 3, 1), (3, 1, 2), (4, 2, 3), (2, 5, 4), (4, 0, 5), (4, 1, 6), (2, 5, 7), (0, 1, 4), (2, 4, 1), (3, 5, 5)]),3228493,SAT
P27053,28,10,10,CG(nc=7, r=10, tr=[(6, 2, 0), (3, 4, 1), (5, 4, 2), (3, 2, 3), (4, 6, 4), (5, 1, 5), (1, 2, 6), (5, 0, 7), (0, 1, 4), (5, 0, 0)]),CG(nc=7, r=10, tr=[(1, 6, 0), (3, 0, 1), (3, 1, 2), (3, 0, 3), (6, 4, 4), (5, 0, 5), (5, 2, 6), (2, 1, 7), (4, 3, 6), (4, 5, 2)]),11509,SAT
P27054,30,11,11,CG(nc=7, r=11, tr=[(1, 0, 0), (2, 3, 1), (1, 3, 2), (2, 6, 3), (5, 0, 4), (5, 3, 5), (2, 4, 6), (2, 5, 7), (1, 6, 4), (1, 4, 5), (3, 5, 6)]),CG(nc=6, r=11, tr=[(1, 2, 0), (5, 2, 1), (0, 4, 2), (1, 5, 3), (5, 2, 4), (0, 3, 5), (5, 4, 6), (3, 1, 7), (1, 0, 4), (4, 2, 5), (3, 4, 1)]),3230638,SAT
P27055,28,10,10,CG(nc=6, r=10, tr=[(1, 2, 0), (2, 3, 1), (4, 0, 2), (0, 3, 3), (4, 2, 4), (5, 2, 5), (5, 4, 6), (5, 3, 7), (1, 3, 6), (1, 5, 2)]),CG(nc=7, r=10, tr=[(1, 2, 0), (3, 1, 1), (3, 0, 2), (6, 3, 3), (5, 3, 4), (4, 5, 5), (1, 6, 6), (4, 2, 7), (6, 2, 2), (5, 0, 6)]),20691,SAT
P27068,32,12,12,CG(nc=8, r=12, tr=[(1, 2, 0), (3, 1, 1), (4, 0, 2), (5, 3, 3), (2, 4, 4), (6, 2, 5), (0, 1, 6), (2, 1, 7), (7, 3, 2), (6, 7, 6), (5, 6, 4), (4, 2, 3)]),CG(nc=8, r=12, tr=[(1, 2, 0), (3, 1, 1), (4, 7, 2), (3, 6, 3), (3, 5, 4), (5, 7, 5), (0, 6, 6), (2, 4, 7), (6, 4, 5), (5, 0, 1), (3, 0, 2), (7, 1, 6)]),6762615,SAT
P27069,30,11,11,CG(nc=7, r=11, tr=[(0, 1, 0), (2, 3, 1), (0, 2, 2), (4, 3, 3), (6, 1, 4), (1, 5, 5), (6, 5, 6), (1, 3, 7), (6, 4, 0), (4, 0, 4), (5, 2, 3)]),CG(nc=7, r=11, tr=[(6, 2, 0), (3, 4, 1), (3, 5, 2), (3, 2, 3), (1, 6, 4), (1, 5, 5), (4, 1, 6), (2, 5, 7), (4, 0, 0), (3, 0, 4), (5, 0, 3)]),3257980,SAT
P27070,30,11,11,CG(nc=8, r=11, tr=[(1, 2, 0), (3, 2, 1), (0, 3, 2), (1, 7, 3), (5, 7, 4), (2, 6, 5), (0, 6, 6), (5, 2, 7), (3, 4, 5), (5, 4, 3), (4, 6, 1)]),CG(nc=7, r=11, tr=[(1, 6, 0), (3, 4, 1), (0, 5, 2), (3, 1, 3), (6, 3, 4), (4, 2, 5), (0, 4, 6), (2, 1, 7), (2, 1, 4), (5, 3, 5), (5, 2, 1)]),3229498,SAT
P27071,30,11,11,CG(nc=7, r=11, tr=[(1, 2, 0), (1, 3, 1), (2, 0, 2), (0, 4, 3), (5, 2, 4), (0, 1, 5), (3, 2, 6), (6, 4, 7), (6, 3, 3), (3, 5, 5), (5, 4, 1)]),CG(nc=7, r=11, tr=[(1, 2, 0), (3, 2, 1), (3, 4, 2), (6, 5, 3), (6, 3, 4), (4, 5, 5), (2, 5, 6), (1, 0, 7), (5, 0, 4), (4, 6, 0), (3, 0, 3)]),3274355,SAT
P27112,28,10,10,CG(nc=7, r=10, tr=[(1, 2, 0), (2, 3, 1), (6, 5, 2), (3, 5, 3), (4, 5, 4), (1, 4, 5), (0, 4, 6), (5, 6, 7), (1, 0, 2), (6, 2, 6)]),CG(nc=7, r=10, tr=[(1, 2, 0), (3, 6, 1), (0, 5, 2), (5, 0, 3), (3, 1, 4), (2, 6, 5), (1, 0, 6), (5, 4, 7), (4, 3, 0), (2, 5, 4)]),9989,SAT
P27113,24,9,9,CG(nc=6, r=9, tr=[(1, 2, 0), (5, 4, 1), (2, 5, 2), (0, 3, 3), (4, 2, 4), (0, 4, 5), (0, 2, 6), (1, 5, 5), (1, 3, 1)]),CG(nc=6, r=9, tr=[(1, 5, 0), (3, 4, 1), (4, 1, 2), (1, 5, 3), (2, 0, 4), (2, 1, 5), (3, 2, 6), (5, 4, 4), (0, 3, 0)]),6118,SAT
P27114,28,10,10,CG(nc=7, r=10, tr=[(1, 2, 0), (0, 3, 1), (3, 2, 2), (1, 6, 3), (6, 5, 4), (0, 4, 5), (5, 3, 6), (4, 5, 7), (4, 2, 6), (5, 4, 2)]),CG(nc=6, r=10, tr=[(1, 5, 0), (3, 4, 1), (5, 4, 2), (5, 1, 3), (1, 0, 4), (4, 1, 5), (0, 4, 6), (3, 2, 7), (3, 5, 4), (0, 2, 0)]),11831,SAT
P27115,24,9,9,CG(nc=7, r=9, tr=[(1, 2, 0), (2, 3, 1), (3, 6, 2), (1, 0, 3), (0, 5, 4), (2, 4, 5), (4, 6, 6), (5, 3, 5), (4, 5, 1)]),CG(nc=5, r=9, tr=[(1, 2, 0), (4, 2, 1), (1, 0, 2), (1, 2, 3), (3, 1, 4), (3, 4, 5), (1, 4, 6), (3, 0, 1), (2, 0, 5)]),6001,SAT
P27118,28,10,10,CG(nc=6, r=10, tr=[(1, 5, 0), (3, 4, 1), (5, 3, 2), (0, 2, 3), (4, 5, 4), (3, 1, 5), (3, 2, 6), (4, 3, 7), (2, 4, 0), (1, 0, 4)]),CG(nc=7, r=10, tr=[(1, 2, 0), (6, 4, 1), (2, 4, 2), (0, 5, 3), (4, 5, 4), (6, 5, 5), (5, 1, 6), (3, 0, 7), (2, 0, 5), (1, 3, 1)]),12140,SAT
P27119,24,9,9,CG(nc=6, r=9, tr=[(1, 2, 0), (3, 1, 1), (2, 0, 2), (3, 5, 3), (4, 2, 4), (5, 4, 5), (3, 2, 6), (0, 1, 5), (0, 4, 1)]),CG(nc=6, r=9, tr=[(1, 2, 0), (3, 5, 1), (3, 1, 2), (0, 1, 3), (4, 3, 4), (5, 1, 5), (4, 2, 6), (0, 4, 5), (2, 0, 1)]),7919,SAT
P27134,30,11,11,CG(nc=7, r=11, tr=[(1, 2, 0), (3, 4, 1), (3, 1, 2), (4, 6, 3), (0, 5, 4), (3, 2, 5), (3, 5, 6), (2, 6, 7), (2, 0, 3), (6, 5, 0), (1, 4, 4)]),CG(nc=7, r=11, tr=[(6, 2, 0), (3, 4, 1), (0, 5, 2), (4, 2, 3), (6, 4, 4), (4, 5, 5), (3, 0, 6), (1, 5, 7), (1, 2, 1), (0, 2, 4), (3, 2, 5)]),3240549,SAT
P27135,24,9,9,CG(nc=7, r=9, tr=[(1, 2, 0), (3, 2, 1), (4, 3, 2), (0, 1, 3), (1, 5, 4), (4, 5, 5), (2, 5, 6), (3, 6, 4), (4, 6, 0)]),CG(nc=6, r=9, tr=[(1, 2, 0), (3, 0, 1), (2, 3, 2), (5, 0, 3), (3, 4, 4), (2, 0, 5), (4, 1, 6), (5, 4, 5), (1, 5, 1)]),8341,SAT
P27304,26,9,9,CG(nc=6, r=9, tr=[(0, 1, 0), (2, 3, 1), (5, 3, 2), (1, 2, 3), (4, 0, 4), (4, 2, 5), (2, 0, 6), (4, 5, 7), (5, 2, 4)]),CG(nc=6, r=9, tr=[(1, 2, 0), (1, 2, 1), (0, 3, 2), (0, 3, 3), (4, 3, 4), (5, 4, 5), (4, 1, 6), (2, 0, 7), (5, 1, 4)]),4531,SAT
P27305,30,11,11,CG(nc=7, r=11, tr=[(1, 2, 0), (3, 0, 1), (2, 6, 2), (3, 1, 3), (5, 2, 4), (4, 0, 5), (3, 2, 6), (3, 4, 7), (5, 6, 1), (2, 4, 4), (6, 1, 5)]),CG(nc=7, r=11, tr=[(1, 2, 0), (3, 0, 1), (2, 6, 2), (3, 1, 3), (5, 2, 4), (4, 0, 5), (3, 2, 6), (3, 4, 7), (5, 6, 1), (2, 4, 4), (6, 1, 5)]),3220219,SAT
P27306,24,8,8,CG(nc=6, r=8, tr=[(1, 5, 0), (1, 3, 1), (3, 4, 2), (4, 0, 3), (5, 2, 4), (0, 2, 5), (0, 2, 6), (2, 0, 7)]),CG(nc=6, r=8, tr=[(1, 5, 0), (3, 5, 1), (3, 5, 2), (3, 5, 3), (0, 3, 4), (4, 2, 5), (4, 1, 6), (0, 2, 7)]),2211,SAT
P27307,26,9,9,CG(nc=6, r=9, tr=[(5, 2, 0), (3, 4, 1), (3, 2, 2), (4, 0, 3), (3, 0, 4), (2, 5, 5), (1, 4, 6), (5, 2, 7), (1, 5, 4)]),CG(nc=7, r=9, tr=[(1, 2, 0), (3, 4, 1), (0, 3, 2), (6, 4, 3), (3, 6, 4), (5, 2, 5), (5, 0, 6), (1, 6, 7), (4, 0, 4)]),4189,SAT
P27308,26,9,9,CG(nc=6, r=9, tr=[(1, 5, 0), (0, 3, 1), (3, 4, 2), (4, 1, 3), (1, 0, 4), (0, 2, 5), (5, 4, 6), (2, 4, 7), (2, 5, 4)]),CG(nc=6, r=9, tr=[(1, 0, 0), (2, 1, 1), (2, 1, 2), (2, 3, 3), (4, 5, 4), (3, 5, 5), (3, 4, 6), (1, 4, 7), (0, 2, 4)]),4147,SAT
P27309,28,10,10,CG(nc=6, r=10, tr=[(0, 1, 0), (2, 5, 1), (2, 4, 2), (4, 1, 3), (1, 5, 4), (2, 3, 5), (0, 4, 6), (1, 3, 7), (0, 3, 2), (5, 2, 6)]),CG(nc=7, r=10, tr=[(0, 1, 0), (2, 3, 1), (1, 4, 2), (4, 6, 3), (0, 2, 4), (1, 5, 5), (3, 5, 6), (6, 3, 7), (4, 2, 5), (5, 6, 4)]),12250,SAT
P27310,26,9,9,CG(nc=7, r=9, tr=[(1, 2, 0), (0, 3, 1), (3, 2, 2), (1, 6, 3), (5, 6, 4), (5, 0, 5), (5, 4, 6), (5, 2, 7), (3, 4, 3)]),CG(nc=6, r=9, tr=[(1, 2, 0), (0, 3, 1), (3, 2, 2), (3, 0, 3), (5, 3, 4), (2, 4, 5), (1, 5, 6), (4, 0, 7), (5, 4, 3)]),4229,SAT
P27311,26,9,9,CG(nc=6, r=9, tr=[(1, 5, 0), (1, 3, 1), (3, 4, 2), (4, 0, 3), (4, 2, 4), (5, 2, 5), (2, 5, 6), (2, 5, 7), (0, 3, 4)]),CG(nc=5, r=9, tr=[(1, 0, 0), (0, 1, 1), (2, 0, 2), (4, 2, 3), (1, 4, 4), (3, 4, 5), (3, 2, 6), (2, 1, 7), (0, 1, 3)]),4269,SAT
P27324,28,10,10,CG(nc=6, r=10, tr=[(1, 5, 0), (0, 3, 1), (3, 4, 2), (1, 4, 3), (1, 0, 4), (3, 2, 5), (0, 3, 6), (4, 2, 7), (5, 2, 4), (4, 5, 6)]),CG(nc=6, r=10, tr=[(1, 2, 0), (3, 5, 1), (4, 1, 2), (0, 2, 3), (1, 0, 4), (4, 5, 5), (3, 1, 6), (2, 5, 7), (2, 4, 4), (3, 0, 5)]),10731,SAT
P27325,30,11,11,CG(nc=7, r=11, tr=[(1, 2, 0), (2, 3, 1), (0, 3, 2), (1, 6, 3), (0, 5, 4), (6, 2, 5), (5, 1, 6), (6, 4, 7), (5, 0, 7), (4, 2, 4), (4, 3, 3)]),CG(nc=7, r=11, tr=[(1, 2, 0), (1, 0, 1), (0, 1, 2), (2, 6, 3), (4, 1, 4), (4, 5, 5), (0, 3, 6), (6, 4, 7), (5, 3, 0), (3, 5, 3), (2, 5, 4)]),3215344,SAT
P27326,28,10,10,CG(nc=7, r=10, tr=[(1, 0, 0), (6, 3, 1), (1, 4, 2), (4, 3, 3), (5, 0, 4), (2, 6, 5), (4, 2, 6), (4, 5, 7), (1, 3, 4), (5, 2, 3)]),CG(nc=6, r=10, tr=[(5, 2, 0), (0, 3, 1), (3, 0, 2), (2, 4, 3), (3, 5, 4), (1, 4, 5), (2, 1, 6), (4, 0, 7), (3, 1, 3), (0, 1, 4)]),13670,SAT
P27327,26,9,9,CG(nc=7, r=9, tr=[(1, 2, 0), (2, 3, 1), (0, 3, 2), (4, 5, 3), (6, 5, 4), (4, 0, 5), (0, 4, 6), (5, 2, 7), (1, 6, 3)]),CG(nc=6, r=9, tr=[(1, 0, 0), (1, 2, 1), (1, 2, 2), (5, 2, 3), (1, 5, 4), (1, 4, 5), (5, 3, 6), (3, 4, 7), (0, 2, 4)]),4172,SAT
P27328,24,8,8,CG(nc=6, r=8, tr=[(0, 1, 0), (1, 2, 1), (3, 2, 2), (5, 3, 3), (4, 0, 4), (4, 5, 5), (4, 5, 6), (4, 0, 7)]),CG(nc=6, r=8, tr=[(1, 5, 0), (3, 4, 1), (4, 3, 2), (5, 1, 3), (0, 4, 4), (2, 1, 5), (0, 2, 6), (3, 5, 7)]),2042,SAT
P27329,28,10,10,CG(nc=6, r=10, tr=[(1, 2, 0), (3, 4, 1), (3, 1, 2), (0, 4, 3), (3, 0, 4), (5, 1, 5), (5, 1, 6), (2, 0, 7), (4, 1, 4), (5, 2, 3)]),CG(nc=7, r=10, tr=[(1, 2, 0), (3, 0, 1), (2, 3, 2), (1, 4, 3), (6, 5, 4), (4, 0, 5), (1, 6, 6), (3, 5, 7), (6, 4, 1), (0, 2, 5)]),17236,SAT
P27330,26,9,9,CG(nc=6, r=9, tr=[(1, 0, 0), (2, 3, 1), (2, 1, 2), (3, 5, 3), (4, 0, 4), (5, 4, 5), (4, 5, 6), (4, 2, 7), (3, 1, 7)]),CG(nc=6, r=9, tr=[(5, 2, 0), (3, 2, 1), (3, 4, 2), (2, 5, 3), (4, 0, 4), (2, 1, 5), (0, 1, 6), (5, 3, 7), (2, 4, 7)]),4325,SAT
P27331,28,10,10,CG(nc=7, r=10, tr=[(1, 2, 0), (0, 2, 1), (3, 4, 2), (5, 6, 3), (5, 4, 4), (4, 0, 5), (2, 3, 6), (6, 3, 7), (6, 3, 4), (1, 5, 2)]),CG(nc=7, r=10, tr=[(1, 2, 0), (3, 4, 1), (0, 3, 2), (1, 4, 3), (2, 4, 4), (6, 1, 5), (2, 0, 6), (5, 6, 7), (5, 3, 4), (2, 6, 2)]),15681,SAT
P27334,28,10,10,CG(nc=6, r=10, tr=[(1, 2, 0), (1, 3, 1), (0, 3, 2), (5, 4, 3), (1, 0, 4), (5, 1, 5), (4, 3, 6), (4, 0, 7), (5, 2, 6), (4, 2, 2)]),CG(nc=6, r=10, tr=[(5, 2, 0), (3, 5, 1), (5, 4, 2), (1, 3, 3), (2, 0, 4), (3, 0, 5), (3, 4, 6), (2, 4, 7), (2, 1, 2), (5, 4, 3)]),13117,SAT
P27335,28,10,10,CG(nc=6, r=10, tr=[(1, 0, 0), (2, 3, 1), (3, 5, 2), (4, 1, 3), (1, 5, 4), (4, 0, 5), (3, 1, 6), (2, 5, 7), (4, 2, 2), (0, 4, 6)]),CG(nc=6, r=10, tr=[(1, 2, 0), (2, 1, 1), (2, 3, 2), (5, 3, 3), (3, 5, 4), (4, 1, 5), (5, 4, 6), (2, 0, 7), (0, 1, 3), (1, 3, 7)]),11430,SAT
P27336,24,8,8,CG(nc=5, r=8, tr=[(0, 1, 0), (2, 4, 1), (1, 3, 2), (3, 2, 3), (1, 4, 4), (2, 0, 5), (0, 1, 6), (4, 2, 7)]),CG(nc=6, r=8, tr=[(1, 2, 0), (0, 3, 1), (2, 4, 2), (1, 2, 3), (5, 4, 4), (0, 2, 5), (5, 1, 6), (3, 4, 7)]),2077,SAT
P27337,28,10,10,CG(nc=7, r=10, tr=[(1, 6, 0), (0, 3, 1), (1, 4, 2), (5, 2, 3), (6, 2, 4), (5, 0, 5), (2, 3, 6), (1, 5, 7), (4, 6, 7), (4, 3, 3)]),CG(nc=7, r=10, tr=[(1, 2, 0), (3, 2, 1), (3, 6, 2), (0, 5, 3), (3, 4, 4), (4, 1, 5), (6, 2, 6), (4, 0, 7), (1, 5, 2), (5, 2, 5)]),12793,SAT
P27338,24,8,8,CG(nc=6, r=8, tr=[(5, 2, 0), (3, 2, 1), (0, 4, 2), (4, 3, 3), (0, 1, 4), (1, 5, 5), (5, 1, 6), (1, 4, 7)]),CG(nc=6, r=8, tr=[(1, 0, 0), (2, 3, 1), (0, 2, 2), (0, 1, 3), (2, 5, 4), (4, 5, 5), (4, 1, 6), (3, 0, 7)]),2136,SAT
P27339,26,9,9,CG(nc=6, r=9, tr=[(0, 1, 0), (1, 2, 1), (3, 5, 2), (1, 4, 3), (1, 5, 4), (0, 4, 5), (2, 0, 6), (3, 4, 7), (3, 4, 1)]),CG(nc=6, r=9, tr=[(1, 2, 0), (2, 5, 1), (0, 4, 2), (2, 4, 3), (4, 5, 4), (2, 0, 5), (1, 5, 6), (2, 3, 7), (3, 0, 4)]),4195,SAT
P27342,24,8,8,CG(nc=5, r=8, tr=[(1, 2, 0), (3, 0, 1), (3, 1, 2), (4, 2, 3), (0, 1, 4), (1, 4, 5), (2, 1, 6), (3, 0, 7)]),CG(nc=6, r=8, tr=[(1, 5, 0), (3, 4, 1), (4, 5, 2), (5, 2, 3), (4, 0, 4), (0, 2, 5), (1, 2, 6), (5, 3, 7)]),2055,SAT
P27343,24,8,8,CG(nc=5, r=8, tr=[(1, 4, 0), (3, 2, 1), (0, 3, 2), (1, 2, 3), (1, 0, 4), (2, 4, 5), (4, 2, 6), (2, 3, 7)]),CG(nc=6, r=8, tr=[(1, 2, 0), (0, 3, 1), (1, 3, 2), (5, 1, 3), (3, 4, 4), (1, 0, 5), (2, 5, 6), (4, 5, 7)]),2264,SAT
P27348,30,11,11,CG(nc=7, r=11, tr=[(6, 2, 0), (3, 6, 1), (4, 5, 2), (2, 1, 3), (2, 0, 4), (6, 1, 5), (2, 4, 6), (5, 1, 7), (0, 5, 0), (1, 2, 6), (4, 3, 3)]),CG(nc=7, r=11, tr=[(6, 2, 0), (0, 3, 1), (4, 5, 2), (5, 2, 3), (6, 1, 4), (4, 0, 5), (5, 1, 6), (1, 5, 7), (2, 4, 6), (3, 1, 0), (5, 3, 7)]),3221820,SAT
P27349,26,9,9,CG(nc=7, r=9, tr=[(1, 2, 0), (3, 2, 1), (1, 6, 2), (0, 3, 3), (3, 5, 4), (6, 5, 5), (5, 6, 6), (5, 4, 7), (0, 4, 0)]),CG(nc=6, r=9, tr=[(1, 2, 0), (5, 4, 1), (4, 5, 2), (5, 2, 3), (4, 2, 4), (1, 3, 5), (3, 5, 6), (2, 0, 7), (1, 0, 3)]),4591,SAT
P27350,30,11,11,CG(nc=7, r=11, tr=[(0, 1, 0), (2, 6, 1), (4, 1, 2), (5, 0, 3), (6, 1, 4), (2, 0, 5), (5, 1, 6), (2, 5, 7), (4, 3, 7), (4, 2, 3), (3, 6, 5)]),CG(nc=6, r=11, tr=[(0, 1, 0), (0, 2, 1), (3, 1, 2), (5, 4, 3), (1, 5, 4), (5, 2, 5), (1, 4, 6), (3, 0, 7), (3, 2, 3), (4, 2, 7), (3, 0, 6)]),3329766,SAT
P27351,28,10,10,CG(nc=6, r=10, tr=[(1, 2, 0), (0, 3, 1), (4, 3, 2), (5, 1, 3), (0, 4, 4), (5, 2, 5), (2, 5, 6), (0, 4, 7), (1, 3, 7), (2, 4, 3)]),CG(nc=7, r=10, tr=[(0, 1, 0), (2, 6, 1), (2, 4, 2), (0, 4, 3), (2, 5, 4), (3, 1, 5), (4, 3, 6), (5, 0, 7), (1, 6, 3), (4, 6, 7)]),13765,SAT
P27352,26,9,9,CG(nc=7, r=9, tr=[(1, 6, 0), (3, 0, 1), (4, 3, 2), (5, 2, 3), (6, 5, 4), (2, 0, 5), (5, 0, 6), (2, 1, 7), (1, 4, 3)]),CG(nc=6, r=9, tr=[(1, 2, 0), (3, 0, 1), (2, 3, 2), (3, 2, 3), (5, 4, 4), (4, 3, 5), (5, 1, 6), (4, 3, 7), (0, 2, 5)]),4209,SAT
P27353,26,9,9,CG(nc=6, r=9, tr=[(1, 0, 0), (1, 2, 1), (3, 2, 2), (4, 0, 3), (1, 5, 4), (1, 4, 5), (2, 0, 6), (4, 5, 7), (5, 3, 3)]),CG(nc=6, r=9, tr=[(1, 2, 0), (1, 3, 1), (5, 3, 2), (0, 2, 3), (4, 3, 4), (4, 2, 5), (5, 1, 6), (4, 0, 7), (1, 4, 3)]),4815,SAT
P27354,26,9,9,CG(nc=6, r=9, tr=[(1, 2, 0), (3, 2, 1), (5, 1, 2), (0, 3, 3), (5, 4, 4), (4, 3, 5), (4, 0, 6), (1, 3, 7), (0, 4, 0)]),CG(nc=6, r=9, tr=[(5, 2, 0), (3, 5, 1), (5, 2, 2), (4, 2, 3), (0, 2, 4), (4, 5, 5), (4, 1, 6), (2, 3, 7), (1, 0, 0)]),4129,SAT
P27355,26,9,9,CG(nc=7, r=9, tr=[(1, 2, 0), (3, 6, 1), (0, 1, 2), (5, 4, 3), (4, 0, 4), (6, 5, 5), (3, 4, 6), (2, 5, 7), (3, 2, 3)]),CG(nc=6, r=9, tr=[(1, 2, 0), (3, 2, 1), (3, 0, 2), (4, 1, 3), (5, 3, 4), (5, 1, 5), (0, 4, 6), (4, 2, 7), (2, 5, 3)]),4501,SAT
P27356,26,9,9,CG(nc=6, r=9, tr=[(1, 0, 0), (5, 3, 1), (3, 4, 2), (4, 1, 3), (5, 4, 4), (1, 2, 5), (0, 1, 6), (5, 2, 7), (2, 0, 3)]),CG(nc=6, r=9, tr=[(1, 2, 0), (3, 4, 1), (4, 3, 2), (1, 5, 3), (0, 3, 4), (1, 0, 5), (2, 4, 6), (4, 5, 7), (0, 4, 3)]),4612,SAT
P27357,26,9,9,CG(nc=7, r=9, tr=[(1, 6, 0), (1, 3, 1), (3, 4, 2), (0, 4, 3), (6, 5, 4), (2, 0, 5), (5, 4, 6), (2, 1, 7), (3, 5, 5)]),CG(nc=5, r=9, tr=[(1, 4, 0), (3, 2, 1), (1, 2, 2), (0, 2, 3), (0, 1, 4), (0, 3, 5), (3, 1, 6), (4, 2, 7), (2, 4, 5)]),4648,SAT
P27358,26,9,9,CG(nc=7, r=9, tr=[(1, 6, 0), (3, 4, 1), (4, 1, 2), (5, 2, 3), (6, 2, 4), (5, 0, 5), (4, 2, 6), (4, 5, 7), (0, 3, 3)]),CG(nc=6, r=9, tr=[(5, 2, 0), (3, 4, 1), (0, 1, 2), (2, 4, 3), (5, 1, 4), (4, 1, 5), (3, 0, 6), (4, 1, 7), (2, 3, 5)]),4370,SAT
P27359,26,9,9,CG(nc=6, r=9, tr=[(1, 2, 0), (1, 3, 1), (3, 5, 2), (4, 1, 3), (5, 4, 4), (0, 1, 5), (0, 3, 6), (2, 3, 7), (2, 0, 3)]),CG(nc=6, r=9, tr=[(1, 5, 0), (3, 5, 1), (5, 1, 2), (4, 5, 3), (0, 1, 4), (2, 1, 5), (4, 2, 6), (1, 3, 7), (0, 4, 0)]),4157,SAT
P27368,26,9,9,CG(nc=6, r=9, tr=[(1, 2, 0), (5, 4, 1), (1, 0, 2), (2, 4, 3), (3, 0, 4), (3, 5, 5), (3, 4, 6), (0, 1, 7), (4, 1, 5)]),CG(nc=6, r=9, tr=[(1, 2, 0), (1, 3, 1), (0, 4, 2), (1, 2, 3), (5, 3, 4), (3, 4, 5), (1, 0, 6), (4, 3, 7), (5, 2, 5)]),4796,SAT
P27369,28,10,10,CG(nc=6, r=10, tr=[(1, 2, 0), (5, 1, 1), (5, 4, 2), (2, 3, 3), (4, 1, 4), (1, 3, 5), (4, 0, 6), (0, 3, 7), (5, 2, 6), (0, 3, 2)]),CG(nc=6, r=10, tr=[(0, 1, 0), (5, 3, 1), (0, 4, 2), (4, 2, 3), (5, 1, 4), (1, 4, 5), (5, 4, 6), (3, 2, 7), (0, 2, 4), (3, 2, 0)]),12066,SAT
P27370,20,7,7,CG(nc=6, r=7, tr=[(1, 2, 0), (5, 4, 1), (1, 0, 2), (4, 2, 3), (5, 3, 4), (3, 0, 5), (0, 3, 6)]),CG(nc=5, r=7, tr=[(0, 1, 0), (2, 4, 1), (2, 4, 2), (2, 4, 3), (0, 2, 4), (3, 4, 5), (1, 3, 6)]),1894,SAT
P27371,22,8,8,CG(nc=5, r=8, tr=[(0, 1, 0), (4, 3, 1), (3, 2, 2), (1, 2, 3), (1, 3, 4), (0, 1, 5), (1, 0, 6), (4, 2, 4)]),CG(nc=6, r=8, tr=[(1, 5, 0), (3, 4, 1), (5, 3, 2), (0, 4, 3), (3, 0, 4), (2, 0, 5), (2, 1, 6), (5, 4, 4)]),3873,SAT
P27372,24,8,8,CG(nc=6, r=8, tr=[(1, 5, 0), (3, 0, 1), (4, 1, 2), (3, 4, 3), (5, 2, 4), (2, 0, 5), (4, 2, 6), (5, 4, 7)]),CG(nc=6, r=8, tr=[(1, 2, 0), (1, 3, 1), (4, 3, 2), (5, 2, 3), (3, 0, 4), (2, 0, 5), (1, 5, 6), (4, 5, 7)]),2056,SAT
P27373,26,9,9,CG(nc=7, r=9, tr=[(1, 2, 0), (6, 2, 1), (4, 1, 2), (4, 0, 3), (4, 5, 4), (1, 3, 5), (2, 5, 6), (0, 3, 7), (5, 6, 5)]),CG(nc=6, r=9, tr=[(1, 2, 0), (1, 3, 1), (0, 1, 2), (5, 2, 3), (3, 0, 4), (2, 0, 5), (5, 1, 6), (4, 1, 7), (4, 5, 4)]),4352,SAT
P27374,20,7,7,CG(nc=6, r=7, tr=[(1, 2, 0), (0, 1, 1), (2, 3, 2), (5, 3, 3), (4, 0, 4), (5, 4, 5), (3, 4, 6)]),CG(nc=5, r=7, tr=[(1, 2, 0), (3, 1, 1), (0, 3, 2), (2, 0, 3), (4, 3, 4), (2, 4, 5), (0, 1, 6)]),1880,SAT
P27375,20,7,7,CG(nc=5, r=7, tr=[(1, 2, 0), (3, 0, 1), (2, 3, 2), (1, 4, 3), (2, 0, 4), (3, 4, 5), (2, 1, 6)]),CG(nc=5, r=7, tr=[(1, 2, 0), (4, 3, 1), (1, 3, 2), (1, 0, 3), (3, 0, 4), (1, 4, 5), (0, 2, 6)]),2109,SAT
P27388,26,9,9,CG(nc=7, r=9, tr=[(1, 2, 0), (6, 1, 1), (2, 4, 2), (0, 4, 3), (5, 4, 4), (6, 5, 5), (1, 5, 6), (3, 0, 7), (3, 1, 5)]),CG(nc=6, r=9, tr=[(1, 2, 0), (5, 4, 1), (3, 5, 2), (1, 0, 3), (0, 2, 4), (5, 1, 5), (4, 2, 6), (3, 2, 7), (4, 0, 5)]),4131,SAT
P27389,26,9,9,CG(nc=6, r=9, tr=[(1, 2, 0), (3, 0, 1), (2, 3, 2), (5, 1, 3), (4, 0, 4), (5, 2, 5), (4, 1, 6), (0, 4, 7), (2, 4, 3)]),CG(nc=5, r=9, tr=[(1, 0, 0), (0, 2, 1), (0, 3, 2), (0, 2, 3), (4, 1, 4), (2, 4, 5), (2, 1, 6), (1, 3, 7), (4, 1, 3)]),4138,SAT
P27390,24,9,9,CG(nc=6, r=9, tr=[(1, 5, 0), (3, 4, 1), (0, 3, 2), (4, 1, 3), (2, 3, 4), (0, 2, 5), (3, 5, 6), (0, 1, 4), (4, 5, 5)]),CG(nc=6, r=9, tr=[(1, 5, 0), (5, 3, 1), (4, 0, 2), (2, 4, 3), (5, 4, 4), (2, 1, 5), (5, 4, 6), (2, 0, 6), (0, 3, 4)]),9986,SAT
P27391,20,7,7,CG(nc=5, r=7, tr=[(1, 0, 0), (4, 3, 1), (2, 3, 2), (2, 1, 3), (4, 2, 4), (0, 1, 5), (0, 1, 6)]),CG(nc=5, r=7, tr=[(1, 2, 0), (4, 3, 1), (4, 3, 2), (4, 0, 3), (3, 0, 4), (1, 4, 5), (0, 2, 6)]),2013,SAT
P27580,30,11,11,CG(nc=7, r=11, tr=[(1, 2, 0), (2, 6, 1), (4, 1, 2), (4, 0, 3), (5, 2, 4), (0, 5, 5), (4, 5, 6), (6, 4, 7), (6, 3, 5), (0, 3, 1), (3, 1, 4)]),CG(nc=7, r=11, tr=[(0, 1, 0), (2, 3, 1), (1, 2, 2), (6, 5, 3), (2, 0, 4), (3, 4, 5), (4, 1, 6), (3, 6, 7), (5, 2, 5), (1, 3, 4), (4, 5, 1)]),2846185,SAT
P27581,31,12,11,CG(nc=8, r=12, tr=[(1, 2, 0), (7, 4, 1), (2, 4, 2), (0, 1, 3), (5, 6, 4), (2, 0, 5), (1, 5, 6), (3, 0, 7), (6, 4, 3), (7, 5, 2), (7, 5, 7), (2, 3, 4)]),CG(nc=7, r=11, tr=[(1, 2, 0), (1, 3, 1), (4, 6, 2), (2, 0, 3), (3, 4, 4), (4, 2, 5), (4, 0, 6), (5, 0, 7), (6, 1, 7), (5, 3, 2), (6, 3, 3)]),4520058,SAT
P27582,30,11,11,CG(nc=7, r=11, tr=[(6, 2, 0), (3, 4, 1), (5, 6, 2), (2, 3, 3), (1, 6, 4), (3, 5, 5), (5, 2, 6), (3, 1, 7), (0, 2, 4), (0, 4, 2), (4, 1, 6)]),CG(nc=6, r=11, tr=[(1, 2, 0), (3, 4, 1), (1, 0, 2), (5, 4, 3), (3, 1, 4), (1, 4, 5), (5, 2, 6), (4, 0, 7), (1, 2, 1), (3, 0, 6), (5, 3, 2)]),3261953,SAT
P27583,28,10,10,CG(nc=8, r=10, tr=[(1, 2, 0), (3, 2, 1), (0, 1, 2), (7, 3, 3), (5, 1, 4), (5, 3, 5), (0, 6, 6), (7, 4, 7), (2, 6, 4), (4, 5, 1)]),CG(nc=6, r=10, tr=[(1, 2, 0), (3, 2, 1), (0, 4, 2), (4, 3, 3), (2, 4, 4), (3, 5, 5), (2, 0, 6), (1, 3, 7), (4, 5, 1), (2, 5, 2)]),13264,SAT
P27606,32,12,12,CG(nc=8, r=12, tr=[(1, 7, 0), (1, 3, 1), (4, 0, 2), (3, 4, 3), (5, 3, 4), (5, 7, 5), (0, 6, 6), (1, 2, 7), (6, 3, 7), (0, 5, 1), (4, 2, 5), (4, 7, 6)]),CG(nc=7, r=12, tr=[(1, 2, 0), (0, 3, 1), (4, 1, 2), (6, 1, 3), (3, 2, 4), (0, 2, 5), (4, 5, 6), (5, 6, 7), (3, 5, 2), (2, 4, 1), (4, 1, 5), (5, 0, 3)]),6660634,SAT
P27607,28,10,10,CG(nc=7, r=10, tr=[(1, 2, 0), (3, 6, 1), (3, 2, 2), (5, 2, 3), (5, 6, 4), (0, 3, 5), (4, 0, 6), (6, 1, 7), (0, 1, 3), (4, 2, 1)]),CG(nc=6, r=10, tr=[(1, 2, 0), (3, 4, 1), (3, 5, 2), (2, 5, 3), (2, 3, 4), (1, 4, 5), (5, 4, 6), (2, 0, 7), (4, 0, 2), (0, 1, 3)]),13896,SAT
P27608,28,10,10,CG(nc=7, r=10, tr=[(1, 6, 0), (0, 3, 1), (4, 3, 2), (4, 5, 3), (5, 0, 4), (3, 6, 5), (6, 1, 6), (2, 0, 7), (5, 1, 1), (1, 2, 5)]),CG(nc=7, r=10, tr=[(1, 2, 0), (3, 0, 1), (2, 3, 2), (6, 5, 3), (3, 1, 4), (5, 2, 5), (4, 5, 6), (6, 1, 7), (0, 2, 4), (0, 4, 0)]),20565,SAT
P27609,28,10,10,CG(nc=7, r=10, tr=[(1, 2, 0), (1, 6, 1), (4, 2, 2), (0, 4, 3), (5, 6, 4), (5, 2, 5), (3, 0, 6), (2, 6, 7), (0, 1, 5), (5, 3, 1)]),CG(nc=6, r=10, tr=[(1, 2, 0), (3, 0, 1), (3, 2, 2), (3, 2, 3), (0, 2, 4), (3, 5, 5), (4, 0, 6), (1, 2, 7), (4, 3, 0), (5, 1, 1)]),14077,SAT
P27610,28,10,10,CG(nc=6, r=10, tr=[(0, 1, 0), (2, 5, 1), (2, 4, 2), (1, 3, 3), (1, 2, 4), (0, 3, 5), (1, 0, 6), (5, 2, 7), (4, 3, 0), (4, 5, 4)]),CG(nc=7, r=10, tr=[(1, 6, 0), (1, 3, 1), (4, 0, 2), (5, 1, 3), (4, 6, 4), (6, 5, 5), (2, 0, 6), (3, 4, 7), (2, 5, 0), (1, 0, 4)]),15162,SAT
P27611,28,10,10,CG(nc=7, r=10, tr=[(1, 2, 0), (3, 4, 1), (5, 6, 2), (4, 5, 3), (4, 1, 4), (1, 0, 5), (0, 4, 6), (2, 5, 7), (1, 6, 1), (3, 0, 0)]),CG(nc=7, r=10, tr=[(1, 0, 0), (1, 2, 1), (3, 2, 2), (6, 2, 3), (5, 0, 4), (6, 4, 5), (4, 1, 6), (3, 6, 7), (5, 3, 1), (5, 2, 5)]),13288,SAT
P27614,28,10,10,CG(nc=8, r=10, tr=[(1, 2, 0), (3, 1, 1), (2, 7, 2), (3, 0, 3), (5, 2, 4), (3, 5, 5), (1, 6, 6), (0, 4, 7), (1, 4, 5), (6, 7, 4)]),CG(nc=6, r=10, tr=[(0, 1, 0), (2, 5, 1), (4, 1, 2), (3, 2, 3), (0, 4, 4), (3, 5, 5), (3, 1, 6), (2, 4, 7), (4, 2, 5), (5, 1, 4)]),12269,SAT
P27615,28,10,10,CG(nc=7, r=10, tr=[(1, 2, 0), (3, 1, 1), (3, 4, 2), (6, 5, 3), (1, 4, 4), (1, 5, 5), (5, 4, 6), (5, 0, 7), (3, 0, 3), (2, 6, 2)]),CG(nc=6, r=10, tr=[(1, 2, 0), (5, 4, 1), (4, 1, 2), (0, 1, 3), (3, 4, 4), (1, 5, 5), (2, 3, 6), (0, 3, 7), (0, 1, 1), (5, 3, 3)]),15962,SAT
P27624,28,10,10,CG(nc=7, r=10, tr=[(6, 2, 0), (0, 3, 1), (2, 4, 2), (4, 3, 3), (2, 0, 4), (6, 4, 5), (5, 6, 6), (4, 1, 7), (5, 3, 4), (1, 0, 6)]),CG(nc=6, r=10, tr=[(5, 2, 0), (3, 5, 1), (4, 5, 2), (5, 4, 3), (3, 4, 4), (3, 0, 5), (2, 3, 6), (0, 1, 7), (4, 1, 1), (2, 0, 4)]),17714,SAT
P27625,27,10,9,CG(nc=7, r=10, tr=[(1, 2, 0), (3, 4, 1), (6, 5, 2), (1, 5, 3), (4, 0, 4), (3, 2, 5), (6, 3, 6), (1, 0, 7), (0, 2, 1), (5, 4, 5)]),CG(nc=6, r=9, tr=[(1, 5, 0), (3, 0, 1), (3, 1, 2), (4, 2, 3), (2, 5, 4), (4, 1, 5), (4, 0, 6), (2, 3, 7), (1, 0, 4)]),8814,SAT
P27626,26,9,9,CG(nc=6, r=9, tr=[(5, 2, 0), (3, 4, 1), (0, 3, 2), (4, 2, 3), (4, 0, 4), (1, 4, 5), (5, 3, 6), (5, 1, 7), (5, 1, 2)]),CG(nc=6, r=9, tr=[(5, 2, 0), (3, 4, 1), (0, 3, 2), (5, 2, 3), (3, 5, 4), (1, 0, 5), (2, 1, 6), (2, 4, 7), (0, 1, 4)]),4533,SAT
P27627,22,8,8,CG(nc=6, r=8, tr=[(1, 0, 0), (2, 3, 1), (5, 3, 2), (2, 1, 3), (4, 3, 4), (4, 0, 5), (2, 0, 6), (5, 4, 1)]),CG(nc=5, r=8, tr=[(4, 2, 0), (2, 3, 1), (3, 0, 2), (2, 4, 3), (3, 4, 4), (2, 1, 5), (1, 0, 6), (0, 2, 4)]),3890,SAT
P27628,26,9,9,CG(nc=6, r=9, tr=[(1, 2, 0), (3, 1, 1), (5, 3, 2), (0, 2, 3), (1, 5, 4), (4, 0, 5), (4, 2, 6), (5, 2, 7), (3, 4, 4)]),CG(nc=6, r=9, tr=[(1, 2, 0), (3, 1, 1), (0, 3, 2), (4, 5, 3), (2, 3, 4), (0, 4, 5), (4, 1, 6), (5, 2, 7), (1, 0, 4)]),4968,SAT
P27629,26,9,9,CG(nc=6, r=9, tr=[(1, 2, 0), (3, 4, 1), (4, 5, 2), (0, 2, 3), (3, 5, 4), (0, 1, 5), (2, 4, 6), (4, 5, 7), (1, 3, 2)]),CG(nc=6, r=9, tr=[(5, 2, 0), (0, 3, 1), (2, 3, 2), (4, 5, 3), (0, 2, 4), (4, 0, 5), (4, 2, 6), (3, 1, 7), (1, 5, 4)]),4738,SAT
P27630,26,9,9,CG(nc=7, r=9, tr=[(0, 1, 0), (2, 6, 1), (6, 4, 2), (5, 2, 3), (3, 0, 4), (4, 3, 5), (3, 5, 6), (6, 4, 7), (5, 1, 2)]),CG(nc=6, r=9, tr=[(5, 2, 0), (3, 4, 1), (0, 4, 2), (1, 5, 3), (5, 4, 4), (1, 0, 5), (1, 2, 6), (2, 3, 7), (1, 0, 4)]),4402,SAT
P27631,22,8,8,CG(nc=6, r=8, tr=[(1, 2, 0), (5, 1, 1), (4, 2, 2), (4, 0, 3), (1, 3, 4), (0, 1, 5), (4, 3, 6), (5, 3, 2)]),CG(nc=5, r=8, tr=[(1, 0, 0), (2, 1, 1), (2, 4, 2), (1, 2, 3), (0, 2, 4), (1, 3, 5), (4, 3, 6), (3, 1, 4)]),4246,SAT
P27644,28,10,10,CG(nc=7, r=10, tr=[(1, 2, 0), (3, 1, 1), (2, 0, 2), (3, 6, 3), (5, 1, 4), (2, 4, 5), (0, 5, 6), (5, 4, 7), (6, 2, 6), (4, 3, 4)]),CG(nc=6, r=10, tr=[(1, 2, 0), (3, 0, 1), (0, 2, 2), (3, 1, 3), (3, 2, 4), (1, 0, 5), (5, 2, 6), (2, 4, 7), (3, 5, 5), (5, 4, 1)]),13278,SAT
P27645,28,10,10,CG(nc=7, r=10, tr=[(1, 2, 0), (3, 0, 1), (3, 2, 2), (1, 6, 3), (5, 3, 4), (1, 4, 5), (6, 4, 6), (2, 0, 7), (2, 0, 4), (4, 5, 3)]),CG(nc=6, r=10, tr=[(1, 2, 0), (2, 3, 1), (2, 5, 2), (4, 1, 3), (0, 1, 4), (3, 4, 5), (5, 4, 6), (1, 2, 7), (5, 3, 4), (0, 3, 0)]),14512,SAT
P27646,28,10,10,CG(nc=8, r=10, tr=[(1, 2, 0), (1, 3, 1), (2, 4, 2), (4, 0, 3), (2, 5, 4), (5, 7, 5), (1, 6, 6), (1, 5, 7), (3, 7, 3), (0, 6, 4)]),CG(nc=6, r=10, tr=[(0, 1, 0), (2, 3, 1), (2, 5, 2), (0, 4, 3), (0, 2, 4), (3, 4, 5), (5, 4, 6), (3, 1, 7), (2, 3, 3), (5, 1, 4)]),14465,SAT
P27647,22,8,8,CG(nc=6, r=8, tr=[(1, 2, 0), (3, 2, 1), (0, 3, 2), (5, 4, 3), (0, 2, 4), (1, 2, 5), (3, 4, 6), (4, 1, 2)]),CG(nc=4, r=8, tr=[(1, 0, 0), (2, 3, 1), (0, 2, 2), (3, 0, 3), (1, 3, 4), (1, 2, 5), (3, 2, 6), (1, 0, 1)]),4071,SAT
P28384,24,8,8,CG(nc=6, r=8, tr=[(1, 2, 0), (3, 2, 1), (5, 1, 2), (0, 3, 3), (4, 0, 4), (4, 5, 5), (0, 1, 6), (1, 5, 7)]),CG(nc=5, r=8, tr=[(1, 4, 0), (1, 4, 1), (3, 2, 2), (4, 1, 3), (0, 3, 4), (0, 3, 5), (3, 1, 6), (2, 4, 7)]),2260,SAT
P28385,28,10,10,CG(nc=7, r=10, tr=[(1, 2, 0), (6, 2, 1), (4, 1, 2), (5, 4, 3), (4, 0, 4), (1, 6, 5), (3, 2, 6), (3, 0, 7), (0, 5, 1), (5, 6, 5)]),CG(nc=6, r=10, tr=[(5, 2, 0), (2, 3, 1), (0, 4, 2), (3, 1, 3), (0, 2, 4), (0, 1, 5), (3, 5, 6), (5, 3, 7), (1, 4, 0), (3, 4, 5)]),15048,SAT
P28386,24,8,8,CG(nc=7, r=8, tr=[(1, 6, 0), (3, 0, 1), (3, 4, 2), (4, 1, 3), (5, 6, 4), (5, 0, 5), (2, 6, 6), (3, 2, 7)]),CG(nc=5, r=8, tr=[(1, 4, 0), (4, 3, 1), (4, 2, 2), (4, 1, 3), (0, 3, 4), (0, 3, 5), (1, 3, 6), (3, 2, 7)]),2330,SAT
P28387,26,9,9,CG(nc=7, r=9, tr=[(1, 2, 0), (2, 0, 1), (1, 3, 2), (3, 6, 3), (5, 0, 4), (6, 1, 5), (6, 4, 6), (4, 2, 7), (5, 3, 5)]),CG(nc=6, r=9, tr=[(5, 2, 0), (0, 3, 1), (4, 5, 2), (4, 3, 3), (5, 3, 4), (1, 2, 5), (4, 0, 6), (0, 1, 7), (4, 2, 5)]),4105,SAT
P28390,24,8,8,CG(nc=7, r=8, tr=[(6, 2, 0), (2, 3, 1), (4, 0, 2), (4, 3, 3), (5, 0, 4), (6, 5, 5), (1, 3, 6), (1, 0, 7)]),CG(nc=6, r=8, tr=[(5, 2, 0), (3, 0, 1), (5, 4, 2), (0, 1, 3), (5, 3, 4), (2, 0, 5), (1, 3, 6), (2, 4, 7)]),2123,SAT
P28391,26,9,9,CG(nc=7, r=9, tr=[(1, 2, 0), (1, 6, 1), (0, 4, 2), (2, 4, 3), (2, 0, 4), (5, 6, 5), (2, 3, 6), (0, 3, 7), (4, 5, 4)]),CG(nc=6, r=9, tr=[(5, 2, 0), (3, 0, 1), (0, 4, 2), (4, 2, 3), (4, 1, 4), (2, 0, 5), (5, 4, 6), (5, 1, 7), (3, 5, 4)]),4328,SAT
P28392,26,9,9,CG(nc=7, r=9, tr=[(6, 2, 0), (2, 3, 1), (3, 4, 2), (4, 0, 3), (2, 0, 4), (5, 0, 5), (2, 1, 6), (5, 1, 7), (6, 5, 4)]),CG(nc=5, r=9, tr=[(1, 4, 0), (3, 2, 1), (2, 3, 2), (3, 2, 3), (4, 2, 4), (3, 0, 5), (3, 1, 6), (1, 3, 7), (0, 1, 4)]),4686,SAT
P28393,30,11,11,CG(nc=7, r=11, tr=[(1, 6, 0), (3, 4, 1), (4, 6, 2), (3, 5, 3), (6, 3, 4), (0, 5, 5), (4, 2, 6), (2, 0, 7), (0, 5, 0), (1, 0, 4), (1, 4, 5)]),CG(nc=6, r=11, tr=[(1, 0, 0), (2, 0, 1), (3, 4, 2), (3, 1, 3), (4, 5, 4), (2, 5, 5), (2, 1, 6), (2, 1, 7), (5, 4, 1), (3, 0, 5), (4, 1, 4)]),3220536,SAT
P28394,24,8,8,CG(nc=6, r=8, tr=[(1, 5, 0), (3, 4, 1), (3, 1, 2), (0, 4, 3), (3, 0, 4), (3, 5, 5), (4, 2, 6), (2, 5, 7)]),CG(nc=5, r=8, tr=[(4, 2, 0), (3, 0, 1), (4, 2, 2), (3, 0, 3), (4, 3, 4), (1, 0, 5), (1, 2, 6), (2, 1, 7)]),2863,SAT
P28395,26,9,9,CG(nc=6, r=9, tr=[(5, 2, 0), (3, 4, 1), (0, 3, 2), (4, 2, 3), (0, 4, 4), (2, 5, 5), (1, 3, 6), (5, 1, 7), (2, 3, 4)]),CG(nc=5, r=9, tr=[(1, 0, 0), (2, 0, 1), (2, 3, 2), (4, 3, 3), (2, 4, 4), (4, 2, 5), (2, 1, 6), (1, 2, 7), (0, 3, 4)]),5082,SAT
P28398,16,6,6,CG(nc=6, r=6, tr=[(5, 2, 0), (3, 4, 1), (4, 0, 2), (2, 3, 3), (5, 1, 4), (0, 1, 5)]),CG(nc=3, r=6, tr=[(2, 1, 0), (1, 2, 1), (2, 1, 2), (1, 2, 3), (0, 1, 4), (1, 0, 5)]),2034,SAT
P28399,18,7,7,CG(nc=5, r=7, tr=[(4, 2, 0), (0, 3, 1), (2, 1, 2), (1, 3, 3), (1, 0, 4), (3, 2, 5), (4, 3, 5)]),CG(nc=5, r=7, tr=[(1, 4, 0), (0, 3, 1), (2, 3, 2), (4, 2, 3), (4, 3, 4), (1, 0, 5), (0, 2, 4)]),3833,SAT
P28402,24,8,8,CG(nc=6, r=8, tr=[(0, 1, 0), (2, 3, 1), (3, 1, 2), (5, 2, 3), (4, 0, 4), (2, 4, 5), (5, 2, 6), (0, 3, 7)]),CG(nc=5, r=8, tr=[(1, 0, 0), (2, 0, 1), (1, 0, 2), (3, 0, 3), (2, 4, 4), (3, 1, 5), (3, 4, 6), (4, 3, 7)]),2348,SAT
P28403,24,8,8,CG(nc=6, r=8, tr=[(1, 2, 0), (5, 4, 1), (0, 1, 2), (2, 4, 3), (2, 5, 4), (4, 0, 5), (3, 0, 6), (4, 3, 7)]),CG(nc=5, r=8, tr=[(4, 2, 0), (3, 0, 1), (3, 1, 2), (4, 1, 3), (3, 4, 4), (2, 1, 5), (1, 0, 6), (0, 1, 7)]),2276,SAT
P28406,24,8,8,CG(nc=5, r=8, tr=[(1, 0, 0), (4, 3, 1), (1, 2, 2), (2, 3, 3), (4, 2, 4), (3, 0, 5), (3, 2, 6), (1, 2, 7)]),CG(nc=6, r=8, tr=[(0, 1, 0), (5, 3, 1), (4, 0, 2), (2, 1, 3), (3, 0, 4), (1, 5, 5), (3, 2, 6), (1, 4, 7)]),2271,SAT
P28407,24,8,8,CG(nc=7, r=8, tr=[(6, 2, 0), (3, 2, 1), (4, 3, 2), (0, 4, 3), (5, 4, 4), (5, 6, 5), (1, 0, 6), (1, 3, 7)]),CG(nc=6, r=8, tr=[(1, 2, 0), (3, 5, 1), (2, 0, 2), (5, 1, 3), (0, 3, 4), (5, 4, 5), (0, 1, 6), (2, 4, 7)]),2551,SAT
P28408,26,9,9,CG(nc=7, r=9, tr=[(1, 2, 0), (3, 0, 1), (1, 3, 2), (2, 6, 3), (5, 0, 4), (5, 2, 5), (6, 4, 6), (5, 4, 7), (2, 0, 7)]),CG(nc=5, r=9, tr=[(4, 2, 0), (4, 2, 1), (4, 2, 2), (3, 4, 3), (0, 1, 4), (3, 1, 5), (3, 0, 6), (1, 2, 7), (0, 3, 7)]),4775,SAT
P28409,26,9,9,CG(nc=6, r=9, tr=[(1, 2, 0), (3, 2, 1), (0, 3, 2), (5, 1, 3), (0, 4, 4), (1, 4, 5), (5, 2, 6), (3, 4, 7), (3, 0, 5)]),CG(nc=6, r=9, tr=[(1, 0, 0), (1, 2, 1), (0, 3, 2), (5, 2, 3), (4, 3, 4), (1, 4, 5), (2, 0, 6), (5, 4, 7), (1, 5, 4)]),5188,SAT
P28410,24,8,8,CG(nc=6, r=8, tr=[(5, 2, 0), (2, 3, 1), (4, 3, 2), (0, 4, 3), (4, 1, 4), (5, 1, 5), (4, 0, 6), (1, 5, 7)]),CG(nc=5, r=8, tr=[(0, 1, 0), (2, 3, 1), (0, 1, 2), (4, 2, 3), (1, 4, 4), (4, 3, 5), (0, 2, 6), (1, 3, 7)]),2331,SAT
P28411,24,8,8,CG(nc=6, r=8, tr=[(5, 2, 0), (3, 4, 1), (3, 2, 2), (4, 0, 3), (1, 4, 4), (1, 5, 5), (3, 0, 6), (5, 1, 7)]),CG(nc=5, r=8, tr=[(1, 2, 0), (2, 4, 1), (4, 3, 2), (1, 0, 3), (0, 3, 4), (0, 2, 5), (4, 1, 6), (3, 2, 7)]),2714,SAT
P28414,20,7,7,CG(nc=5, r=7, tr=[(1, 0, 0), (4, 3, 1), (2, 1, 2), (3, 2, 3), (3, 4, 4), (0, 2, 5), (2, 3, 6)]),CG(nc=5, r=7, tr=[(1, 4, 0), (3, 4, 1), (4, 1, 2), (4, 2, 3), (3, 0, 4), (0, 1, 5), (0, 2, 6)]),2193,SAT
P28415,16,6,6,CG(nc=6, r=6, tr=[(1, 2, 0), (2, 3, 1), (0, 3, 2), (1, 5, 3), (0, 4, 4), (4, 1, 5)]),CG(nc=3, r=6, tr=[(2, 1, 0), (1, 2, 1), (2, 1, 2), (2, 0, 3), (0, 1, 4), (0, 1, 5)]),2098,SAT
P28662,24,8,8,CG(nc=5, r=8, tr=[(1, 2, 0), (3, 0, 1), (2, 3, 2), (4, 1, 3), (2, 0, 4), (3, 1, 5), (4, 1, 6), (3, 2, 7)]),CG(nc=4, r=8, tr=[(0, 1, 0), (0, 1, 1), (0, 2, 2), (2, 0, 3), (1, 3, 4), (1, 3, 5), (3, 2, 6), (2, 3, 7)]),2432,SAT
P28663,26,9,9,CG(nc=6, r=9, tr=[(1, 5, 0), (0, 3, 1), (4, 2, 2), (3, 2, 3), (3, 0, 4), (5, 4, 5), (2, 3, 6), (2, 1, 7), (1, 2, 2)]),CG(nc=5, r=9, tr=[(1, 0, 0), (0, 2, 1), (1, 4, 2), (4, 1, 3), (2, 4, 4), (3, 4, 5), (0, 1, 6), (1, 0, 7), (1, 3, 0)]),5324,SAT
P28664,26,9,9,CG(nc=7, r=9, tr=[(1, 2, 0), (0, 2, 1), (3, 6, 2), (3, 1, 3), (5, 1, 4), (0, 5, 5), (1, 2, 6), (5, 4, 7), (6, 4, 6)]),CG(nc=6, r=9, tr=[(1, 0, 0), (2, 1, 1), (3, 5, 2), (4, 0, 3), (1, 5, 4), (4, 1, 5), (4, 5, 6), (3, 0, 7), (2, 3, 7)]),4684,SAT
P28665,24,8,8,CG(nc=6, r=8, tr=[(1, 2, 0), (1, 3, 1), (3, 0, 2), (5, 2, 3), (3, 4, 4), (2, 4, 5), (1, 5, 6), (0, 4, 7)]),CG(nc=5, r=8, tr=[(4, 2, 0), (2, 3, 1), (0, 3, 2), (1, 4, 3), (2, 0, 4), (2, 1, 5), (1, 0, 6), (3, 4, 7)]),2470,SAT
P28666,24,8,8,CG(nc=5, r=8, tr=[(1, 0, 0), (2, 3, 1), (4, 2, 2), (1, 3, 3), (1, 2, 4), (3, 0, 5), (0, 1, 6), (2, 4, 7)]),CG(nc=6, r=8, tr=[(5, 2, 0), (0, 3, 1), (3, 4, 2), (0, 1, 3), (5, 3, 4), (0, 4, 5), (5, 1, 6), (2, 4, 7)]),2338,SAT
P28667,26,9,9,CG(nc=6, r=9, tr=[(1, 5, 0), (3, 0, 1), (4, 1, 2), (0, 2, 3), (2, 4, 4), (5, 1, 5), (4, 3, 6), (2, 5, 7), (3, 4, 3)]),CG(nc=5, r=9, tr=[(4, 2, 0), (4, 2, 1), (4, 3, 2), (4, 3, 3), (3, 1, 4), (0, 1, 5), (3, 0, 6), (1, 2, 7), (0, 3, 1)]),4861,SAT
P28670,26,9,9,CG(nc=7, r=9, tr=[(1, 2, 0), (3, 1, 1), (4, 6, 2), (0, 3, 3), (5, 4, 4), (3, 5, 5), (3, 0, 6), (4, 6, 7), (4, 2, 2)]),CG(nc=6, r=9, tr=[(5, 2, 0), (3, 4, 1), (4, 0, 2), (1, 5, 3), (3, 1, 4), (2, 0, 5), (1, 0, 6), (5, 4, 7), (4, 5, 5)]),5826,SAT
P28671,16,6,6,CG(nc=5, r=6, tr=[(1, 0, 0), (2, 3, 1), (1, 3, 2), (4, 2, 3), (2, 3, 4), (0, 1, 5)]),CG(nc=4, r=6, tr=[(3, 2, 0), (3, 1, 1), (3, 0, 2), (3, 0, 3), (1, 0, 4), (2, 0, 5)]),2517,SAT
P32488,30,11,11,CG(nc=7, r=11, tr=[(0, 1, 0), (2, 1, 1), (6, 4, 2), (4, 2, 3), (5, 1, 4), (0, 1, 5), (6, 5, 6), (0, 2, 7), (4, 3, 4), (3, 2, 5), (5, 3, 6)]),CG(nc=6, r=11, tr=[(1, 5, 0), (1, 3, 1), (5, 4, 2), (1, 3, 3), (0, 1, 4), (1, 4, 5), (4, 0, 6), (2, 4, 7), (3, 5, 6), (1, 2, 7), (2, 0, 5)]),3218273,SAT
P32489,31,12,11,CG(nc=8, r=12, tr=[(1, 7, 0), (3, 4, 1), (5, 0, 2), (1, 4, 3), (6, 2, 4), (2, 5, 5), (2, 4, 6), (3, 0, 7), (4, 7, 5), (5, 3, 0), (6, 0, 3), (7, 6, 7)]),CG(nc=7, r=11, tr=[(6, 2, 0), (0, 3, 1), (3, 4, 2), (4, 2, 3), (5, 6, 4), (6, 4, 5), (1, 2, 6), (1, 3, 7), (2, 0, 4), (1, 0, 5), (1, 5, 1)]),4476951,SAT
P32490,26,9,9,CG(nc=6, r=9, tr=[(0, 1, 0), (2, 3, 1), (1, 3, 2), (5, 2, 3), (5, 4, 4), (1, 4, 5), (1, 0, 6), (0, 3, 7), (3, 4, 6)]),CG(nc=6, r=9, tr=[(1, 2, 0), (5, 4, 1), (3, 1, 2), (5, 4, 3), (0, 4, 4), (3, 0, 5), (2, 0, 6), (5, 1, 7), (4, 3, 6)]),5269,SAT
P32491,28,10,10,CG(nc=7, r=10, tr=[(6, 2, 0), (2, 3, 1), (0, 4, 2), (3, 4, 3), (3, 0, 4), (2, 6, 5), (5, 2, 6), (5, 1, 7), (5, 4, 5), (6, 1, 4)]),CG(nc=6, r=10, tr=[(1, 2, 0), (3, 4, 1), (0, 4, 2), (5, 3, 3), (3, 0, 4), (4, 2, 5), (1, 0, 6), (2, 5, 7), (4, 5, 6), (4, 2, 4)]),12219,SAT
P32494,24,8,8,CG(nc=6, r=8, tr=[(1, 2, 0), (5, 4, 1), (4, 1, 2), (2, 0, 3), (4, 5, 4), (3, 4, 5), (2, 3, 6), (0, 3, 7)]),CG(nc=6, r=8, tr=[(1, 2, 0), (3, 5, 1), (0, 4, 2), (4, 0, 3), (0, 3, 4), (4, 5, 5), (5, 1, 6), (0, 2, 7)]),2465,SAT
P32495,26,9,9,CG(nc=6, r=9, tr=[(0, 1, 0), (2, 5, 1), (1, 4, 2), (4, 2, 3), (4, 5, 4), (0, 3, 5), (1, 3, 6), (1, 3, 7), (1, 2, 5)]),CG(nc=6, r=9, tr=[(0, 1, 0), (5, 3, 1), (5, 4, 2), (0, 4, 3), (3, 0, 4), (2, 4, 5), (2, 5, 6), (2, 1, 7), (3, 5, 2)]),4895,SAT
P32510,20,7,7,CG(nc=7, r=7, tr=[(1, 2, 0), (2, 6, 1), (0, 4, 2), (4, 1, 3), (5, 3, 4), (5, 6, 5), (0, 3, 6)]),CG(nc=4, r=7, tr=[(1, 3, 0), (2, 0, 1), (1, 3, 2), (2, 0, 3), (2, 3, 4), (1, 0, 5), (2, 3, 6)]),2377,SAT
P32511,20,7,7,CG(nc=6, r=7, tr=[(1, 5, 0), (3, 1, 1), (4, 0, 2), (4, 3, 3), (2, 5, 4), (4, 0, 5), (2, 3, 6)]),CG(nc=4, r=7, tr=[(1, 0, 0), (3, 2, 1), (0, 1, 2), (3, 0, 3), (2, 0, 4), (1, 3, 5), (1, 3, 6)]),2269,SAT
P32766,24,8,8,CG(nc=8, r=8, tr=[(1, 2, 0), (2, 3, 1), (3, 0, 2), (1, 7, 3), (5, 0, 4), (7, 6, 5), (5, 4, 6), (4, 6, 7)]),CG(nc=4, r=8, tr=[(1, 0, 0), (1, 0, 1), (3, 2, 2), (3, 2, 3), (0, 2, 4), (0, 2, 5), (3, 1, 6), (3, 1, 7)]),2484,SAT
P32767,8,4,4,CG(nc=5, r=4, tr=[(1, 4, 0), (3, 0, 1), (1, 2, 2), (3, 2, 3)]),CG(nc=2, r=4, tr=[(1, 0, 0), (1, 0, 1), (1, 0, 2), (1, 0, 3)]),2115,SAT
P32768,16,4,4,CG(nc=2, r=4, tr=[(1, 0, 4), (0, 1, 5), (1, 0, 6), (1, 0, 7)]),CG(nc=5, r=4, tr=[(1, 0, 4), (2, 3, 5), (3, 1, 6), (4, 2, 7)]),2137,SAT
P32769,24,8,8,CG(nc=4, r=8, tr=[(1, 0, 0), (1, 0, 1), (3, 2, 2), (3, 2, 3), (0, 2, 4), (0, 2, 5), (3, 1, 6), (3, 1, 7)]),CG(nc=8, r=8, tr=[(1, 2, 0), (2, 3, 1), (3, 0, 2), (1, 7, 3), (5, 0, 4), (7, 6, 5), (5, 4, 6), (4, 6, 7)]),2365,SAT
P32770,22,7,7,CG(nc=4, r=7, tr=[(1, 0, 1), (2, 3, 2), (3, 2, 3), (0, 3, 4), (0, 2, 5), (1, 3, 6), (0, 2, 7)]),CG(nc=7, r=7, tr=[(1, 2, 1), (3, 1, 2), (0, 3, 3), (2, 6, 4), (5, 2, 5), (5, 4, 6), (0, 4, 7)]),2155,SAT
P32771,22,7,7,CG(nc=4, r=7, tr=[(1, 0, 1), (3, 2, 2), (2, 3, 3), (3, 1, 4), (0, 2, 5), (3, 1, 6), (0, 2, 7)]),CG(nc=7, r=7, tr=[(1, 2, 1), (1, 0, 2), (2, 6, 3), (4, 6, 4), (5, 3, 5), (0, 3, 6), (5, 4, 7)]),2131,SAT
P32774,26,9,9,CG(nc=6, r=9, tr=[(1, 2, 0), (2, 5, 1), (5, 1, 2), (5, 4, 3), (0, 4, 4), (3, 5, 5), (4, 3, 6), (0, 1, 7), (3, 0, 3)]),CG(nc=7, r=9, tr=[(1, 2, 0), (3, 4, 1), (0, 1, 2), (3, 6, 3), (4, 1, 4), (6, 5, 5), (4, 5, 6), (1, 0, 7), (2, 3, 5)]),4441,SAT
P32775,24,8,8,CG(nc=5, r=8, tr=[(1, 4, 0), (1, 3, 1), (2, 0, 2), (4, 3, 3), (4, 2, 4), (4, 2, 5), (3, 0, 6), (0, 3, 7)]),CG(nc=6, r=8, tr=[(1, 2, 0), (1, 3, 1), (5, 2, 2), (0, 1, 3), (3, 2, 4), (4, 2, 5), (0, 4, 6), (3, 5, 7)]),2630,SAT
P32776,20,6,6,CG(nc=4, r=6, tr=[(1, 3, 2), (3, 2, 3), (3, 0, 4), (0, 3, 5), (0, 2, 6), (0, 1, 7)]),CG(nc=5, r=6, tr=[(1, 2, 2), (0, 3, 3), (1, 3, 4), (4, 2, 5), (0, 1, 6), (2, 3, 7)]),1972,SAT
P32777,26,9,9,CG(nc=6, r=9, tr=[(5, 2, 0), (3, 4, 1), (4, 0, 2), (1, 5, 3), (3, 1, 4), (2, 0, 5), (1, 0, 6), (5, 4, 7), (4, 5, 5)]),CG(nc=7, r=9, tr=[(1, 2, 0), (3, 1, 1), (4, 6, 2), (0, 3, 3), (5, 4, 4), (3, 5, 5), (3, 0, 6), (4, 6, 7), (4, 2, 2)]),4847,SAT
P32778,20,6,6,CG(nc=4, r=6, tr=[(1, 3, 2), (3, 2, 3), (3, 0, 4), (2, 0, 5), (0, 2, 6), (1, 0, 7)]),CG(nc=6, r=6, tr=[(5, 2, 2), (3, 2, 3), (0, 3, 4), (4, 5, 5), (1, 4, 6), (1, 3, 7)]),1913,SAT
P32779,22,7,7,CG(nc=5, r=7, tr=[(4, 2, 1), (3, 4, 2), (1, 0, 3), (2, 0, 4), (1, 4, 5), (4, 1, 6), (0, 3, 7)]),CG(nc=5, r=7, tr=[(1, 2, 1), (1, 0, 2), (2, 4, 3), (1, 2, 4), (2, 3, 5), (4, 3, 6), (1, 0, 7)]),1993,SAT
P32782,22,7,7,CG(nc=5, r=7, tr=[(1, 4, 2), (3, 4, 3), (4, 2, 4), (0, 1, 5), (0, 3, 6), (2, 1, 7), (2, 0, 2)]),CG(nc=6, r=7, tr=[(1, 2, 2), (3, 0, 3), (0, 1, 4), (1, 3, 5), (4, 3, 6), (5, 4, 7), (2, 5, 3)]),3664,SAT
P32783,20,6,6,CG(nc=3, r=6, tr=[(2, 1, 2), (2, 1, 3), (1, 0, 4), (1, 0, 5), (0, 1, 6), (1, 0, 7)]),CG(nc=6, r=6, tr=[(1, 0, 2), (5, 1, 3), (5, 3, 4), (4, 2, 5), (3, 4, 6), (2, 0, 7)]),2001,SAT
P32790,28,10,10,CG(nc=6, r=10, tr=[(1, 5, 0), (5, 3, 1), (3, 1, 2), (4, 2, 3), (4, 5, 4), (0, 3, 5), (3, 4, 6), (2, 1, 7), (2, 0, 1), (1, 2, 5)]),CG(nc=7, r=10, tr=[(1, 2, 0), (1, 3, 1), (6, 5, 2), (0, 1, 3), (5, 3, 4), (2, 5, 5), (4, 2, 6), (3, 6, 7), (6, 4, 1), (0, 4, 5)]),10296,SAT
P32791,26,9,9,CG(nc=5, r=9, tr=[(1, 2, 0), (3, 2, 1), (0, 2, 2), (1, 0, 3), (3, 4, 4), (4, 1, 5), (1, 4, 6), (4, 1, 7), (0, 3, 0)]),CG(nc=6, r=9, tr=[(0, 1, 0), (0, 2, 1), (3, 1, 2), (5, 3, 3), (2, 1, 4), (4, 5, 5), (2, 4, 6), (0, 1, 7), (2, 3, 0)]),4007,SAT
P32792,26,9,9,CG(nc=5, r=9, tr=[(0, 1, 0), (2, 4, 1), (3, 2, 2), (2, 3, 3), (2, 0, 4), (4, 1, 5), (1, 3, 6), (0, 3, 7), (3, 4, 3)]),CG(nc=6, r=9, tr=[(1, 2, 0), (5, 4, 1), (3, 1, 2), (2, 0, 3), (5, 3, 4), (0, 4, 5), (4, 1, 6), (3, 1, 7), (2, 1, 5)]),4133,SAT
P32793,24,8,8,CG(nc=6, r=8, tr=[(5, 2, 0), (0, 3, 1), (0, 4, 2), (1, 5, 3), (5, 3, 4), (4, 1, 5), (1, 0, 6), (4, 2, 7)]),CG(nc=6, r=8, tr=[(1, 5, 0), (3, 0, 1), (3, 4, 2), (3, 1, 3), (4, 0, 4), (5, 1, 5), (4, 2, 6), (2, 1, 7)]),2106,SAT
P32794,24,8,8,CG(nc=5, r=8, tr=[(1, 4, 0), (3, 0, 1), (2, 1, 2), (4, 2, 3), (4, 3, 4), (0, 2, 5), (3, 2, 6), (0, 2, 7)]),CG(nc=6, r=8, tr=[(1, 2, 0), (1, 0, 1), (3, 0, 2), (4, 5, 3), (4, 3, 4), (5, 2, 5), (4, 2, 6), (0, 3, 7)]),2142,SAT
P32795,24,8,8,CG(nc=5, r=8, tr=[(1, 2, 0), (4, 3, 1), (2, 4, 2), (4, 1, 3), (3, 0, 4), (1, 0, 5), (0, 1, 6), (0, 1, 7)]),CG(nc=6, r=8, tr=[(1, 0, 0), (5, 3, 1), (0, 1, 2), (1, 3, 3), (3, 5, 4), (4, 2, 5), (4, 0, 6), (3, 2, 7)]),2072,SAT
P32798,26,9,9,CG(nc=6, r=9, tr=[(1, 0, 0), (0, 1, 1), (2, 1, 2), (3, 5, 3), (0, 3, 4), (4, 5, 5), (4, 3, 6), (2, 5, 7), (0, 4, 3)]),CG(nc=7, r=9, tr=[(1, 0, 0), (1, 2, 1), (3, 4, 2), (6, 5, 3), (5, 4, 4), (4, 6, 5), (2, 5, 6), (2, 0, 7), (3, 0, 3)]),4392,SAT
P32799,24,8,8,CG(nc=5, r=8, tr=[(1, 0, 0), (2, 3, 1), (2, 4, 2), (3, 4, 3), (0, 3, 4), (0, 3, 5), (0, 3, 6), (2, 1, 7)]),CG(nc=7, r=8, tr=[(1, 2, 0), (0, 2, 1), (1, 0, 2), (1, 6, 3), (6, 4, 4), (5, 3, 5), (3, 0, 6), (5, 4, 7)]),2061,SAT
P32808,24,8,8,CG(nc=5, r=8, tr=[(1, 2, 1), (2, 4, 2), (3, 0, 3), (4, 0, 4), (3, 4, 5), (3, 1, 6), (0, 1, 7), (2, 4, 3)]),CG(nc=6, r=8, tr=[(1, 2, 1), (5, 4, 2), (3, 0, 3), (3, 1, 4), (4, 1, 5), (2, 5, 6), (3, 2, 7), (4, 0, 6)]),3904,SAT
P32809,28,10,10,CG(nc=6, r=10, tr=[(0, 1, 0), (2, 3, 1), (2, 5, 2), (0, 4, 3), (0, 2, 4), (3, 4, 5), (5, 4, 6), (3, 1, 7), (2, 3, 3), (5, 1, 4)]),CG(nc=8, r=10, tr=[(1, 2, 0), (1, 3, 1), (2, 4, 2), (4, 0, 3), (2, 5, 4), (5, 7, 5), (1, 6, 6), (1, 5, 7), (3, 7, 3), (0, 6, 4)]),11109,SAT
P32810,22,7,7,CG(nc=5, r=7, tr=[(1, 0, 1), (4, 3, 2), (4, 2, 3), (4, 0, 4), (0, 2, 5), (0, 2, 6), (1, 3, 7)]),CG(nc=5, r=7, tr=[(4, 2, 1), (4, 2, 2), (0, 3, 3), (3, 2, 4), (1, 0, 5), (2, 1, 6), (3, 4, 7)]),2169,SAT
P32811,26,9,9,CG(nc=6, r=9, tr=[(1, 2, 1), (2, 3, 2), (5, 4, 3), (2, 0, 4), (4, 0, 5), (4, 0, 6), (5, 3, 7), (1, 0, 2), (1, 5, 4)]),CG(nc=6, r=9, tr=[(0, 1, 1), (2, 3, 2), (2, 5, 3), (2, 1, 4), (4, 2, 5), (4, 5, 6), (3, 1, 7), (3, 0, 4), (1, 3, 2)]),8755,SAT
P32812,24,8,8,CG(nc=5, r=8, tr=[(1, 2, 1), (4, 2, 2), (3, 0, 3), (0, 2, 4), (4, 3, 5), (3, 1, 6), (1, 0, 7), (4, 1, 3)]),CG(nc=6, r=8, tr=[(1, 2, 1), (3, 5, 2), (1, 3, 3), (5, 2, 4), (2, 4, 5), (0, 3, 6), (3, 4, 7), (1, 0, 5)]),3893,SAT
P32813,26,9,9,CG(nc=6, r=9, tr=[(1, 0, 0), (2, 3, 1), (5, 2, 2), (4, 0, 3), (0, 2, 4), (3, 4, 5), (5, 4, 6), (3, 1, 7), (3, 5, 3)]),CG(nc=6, r=9, tr=[(1, 2, 0), (3, 0, 1), (0, 2, 2), (5, 1, 3), (1, 4, 4), (5, 3, 5), (3, 4, 6), (2, 0, 7), (1, 2, 5)]),3975,SAT
P32814,22,7,7,CG(nc=5, r=7, tr=[(1, 4, 1), (3, 0, 2), (2, 4, 3), (4, 3, 4), (3, 2, 5), (2, 0, 6), (1, 3, 7)]),CG(nc=5, r=7, tr=[(1, 0, 1), (2, 0, 2), (3, 4, 3), (1, 3, 4), (3, 2, 5), (2, 4, 6), (1, 0, 7)]),1968,SAT
P32815,22,7,7,CG(nc=5, r=7, tr=[(4, 2, 1), (3, 2, 2), (1, 0, 3), (1, 2, 4), (4, 1, 5), (1, 4, 6), (0, 3, 7)]),CG(nc=6, r=7, tr=[(1, 2, 1), (5, 2, 2), (2, 0, 3), (1, 5, 4), (4, 3, 5), (0, 4, 6), (3, 1, 7)]),1921,SAT
P32828,24,8,8,CG(nc=5, r=8, tr=[(1, 2, 1), (4, 1, 2), (1, 3, 3), (2, 0, 4), (3, 0, 5), (3, 4, 6), (2, 0, 7), (0, 2, 6)]),CG(nc=6, r=8, tr=[(1, 5, 1), (3, 4, 2), (0, 4, 3), (5, 2, 4), (0, 1, 5), (4, 1, 6), (4, 2, 7), (5, 3, 5)]),3607,SAT
P32829,26,9,9,CG(nc=6, r=9, tr=[(1, 2, 0), (3, 0, 1), (5, 1, 2), (4, 5, 3), (3, 1, 4), (5, 2, 5), (3, 4, 6), (3, 1, 7), (0, 4, 5)]),CG(nc=7, r=9, tr=[(1, 6, 0), (6, 3, 1), (1, 4, 2), (0, 4, 3), (5, 0, 4), (6, 1, 5), (4, 3, 6), (1, 2, 7), (2, 5, 6)]),4089,SAT
P32830,24,8,8,CG(nc=6, r=8, tr=[(1, 2, 1), (1, 5, 2), (4, 5, 3), (3, 5, 4), (0, 4, 5), (4, 3, 6), (2, 0, 7), (3, 0, 3)]),CG(nc=5, r=8, tr=[(1, 4, 1), (4, 3, 2), (1, 3, 3), (3, 2, 4), (1, 0, 5), (2, 1, 6), (4, 3, 7), (2, 0, 3)]),3596,SAT
P32831,22,7,7,CG(nc=5, r=7, tr=[(4, 2, 1), (0, 3, 2), (4, 1, 3), (0, 1, 4), (1, 0, 5), (0, 1, 6), (2, 3, 7)]),CG(nc=6, r=7, tr=[(0, 1, 1), (0, 1, 2), (1, 5, 3), (3, 5, 4), (4, 0, 5), (3, 2, 6), (4, 2, 7)]),1904,SAT
P32872,28,10,10,CG(nc=6, r=10, tr=[(0, 1, 0), (2, 5, 1), (4, 1, 2), (1, 3, 3), (0, 3, 4), (3, 5, 5), (3, 2, 6), (4, 2, 7), (1, 2, 5), (5, 1, 4)]),CG(nc=7, r=10, tr=[(6, 2, 0), (3, 6, 1), (6, 4, 2), (3, 5, 3), (4, 5, 4), (3, 0, 5), (2, 5, 6), (6, 1, 7), (0, 4, 6), (1, 5, 5)]),11273,SAT
P32873,30,11,11,CG(nc=7, r=11, tr=[(6, 2, 0), (3, 4, 1), (0, 5, 2), (4, 2, 3), (6, 4, 4), (4, 5, 5), (3, 0, 6), (1, 5, 7), (1, 2, 1), (0, 2, 4), (3, 2, 5)]),CG(nc=7, r=11, tr=[(1, 2, 0), (3, 4, 1), (3, 1, 2), (4, 6, 3), (0, 5, 4), (3, 2, 5), (3, 5, 6), (2, 6, 7), (2, 0, 3), (6, 5, 0), (1, 4, 4)]),3230618,SAT
P32874,26,9,9,CG(nc=5, r=9, tr=[(0, 1, 0), (2, 3, 1), (2, 4, 2), (1, 0, 3), (1, 4, 4), (0, 3, 5), (3, 0, 6), (1, 3, 7), (4, 3, 3)]),CG(nc=6, r=9, tr=[(1, 0, 0), (0, 2, 1), (0, 1, 2), (3, 5, 3), (2, 3, 4), (5, 4, 5), (2, 4, 6), (3, 0, 7), (2, 1, 3)]),4119,SAT
P32875,28,10,10,CG(nc=6, r=10, tr=[(1, 0, 0), (2, 3, 1), (1, 3, 2), (4, 5, 3), (0, 4, 4), (4, 3, 5), (4, 3, 6), (2, 5, 7), (3, 0, 3), (1, 2, 4)]),CG(nc=7, r=10, tr=[(6, 2, 0), (3, 2, 1), (3, 4, 2), (0, 4, 3), (5, 4, 4), (1, 5, 5), (1, 0, 6), (6, 4, 7), (2, 5, 3), (3, 6, 4)]),12439,SAT
P32878,26,9,9,CG(nc=6, r=9, tr=[(5, 2, 0), (3, 2, 1), (3, 4, 2), (0, 1, 3), (5, 1, 4), (1, 2, 5), (1, 5, 6), (4, 0, 7), (0, 2, 4)]),CG(nc=6, r=9, tr=[(1, 2, 0), (3, 0, 1), (0, 3, 2), (4, 5, 3), (4, 3, 4), (2, 5, 5), (2, 3, 6), (0, 4, 7), (1, 0, 3)]),4034,SAT
P32879,26,9,9,CG(nc=6, r=9, tr=[(5, 2, 0), (3, 2, 1), (0, 4, 2), (0, 1, 3), (1, 5, 4), (1, 2, 5), (1, 2, 6), (4, 3, 7), (4, 2, 4)]),CG(nc=6, r=9, tr=[(1, 2, 0), (1, 2, 1), (2, 3, 2), (5, 2, 3), (3, 1, 4), (1, 0, 5), (3, 4, 6), (5, 4, 7), (0, 3, 3)]),4146,SAT
P32894,26,9,9,CG(nc=7, r=9, tr=[(6, 2, 0), (3, 4, 1), (0, 4, 2), (4, 5, 3), (1, 5, 4), (6, 5, 5), (0, 1, 6), (3, 2, 7), (6, 1, 3)]),CG(nc=5, r=9, tr=[(0, 1, 0), (0, 1, 1), (1, 0, 2), (2, 4, 3), (1, 2, 4), (4, 3, 5), (2, 3, 6), (1, 0, 7), (1, 3, 3)]),3925,SAT
P32895,24,8,8,CG(nc=5, r=8, tr=[(0, 1, 0), (2, 1, 1), (2, 3, 2), (0, 3, 3), (4, 3, 4), (4, 2, 5), (4, 3, 6), (4, 3, 7)]),CG(nc=6, r=8, tr=[(5, 2, 0), (2, 5, 1), (2, 5, 2), (0, 2, 3), (5, 3, 4), (4, 0, 5), (1, 4, 6), (3, 1, 7)]),2180,SAT
P32896,12,3,3,CG(nc=2, r=3, tr=[(0, 1, 3), (1, 0, 4), (1, 0, 5)]),CG(nc=4, r=3, tr=[(0, 1, 3), (3, 2, 4), (1, 2, 5)]),1603,SAT
P32897,20,7,7,CG(nc=4, r=7, tr=[(1, 3, 0), (2, 0, 1), (1, 3, 2), (2, 0, 3), (2, 3, 4), (1, 0, 5), (2, 3, 6)]),CG(nc=7, r=7, tr=[(1, 2, 0), (2, 6, 1), (0, 4, 2), (4, 1, 3), (5, 3, 4), (5, 6, 5), (0, 3, 6)]),1832,SAT
P32898,18,6,6,CG(nc=3, r=6, tr=[(2, 1, 1), (2, 1, 2), (1, 2, 3), (2, 0, 4), (0, 1, 5), (1, 0, 6)]),CG(nc=5, r=6, tr=[(4, 2, 1), (3, 1, 2), (1, 0, 3), (3, 2, 4), (0, 2, 5), (4, 3, 6)]),1734,SAT
P32899,18,6,6,CG(nc=3, r=6, tr=[(1, 2, 1), (2, 1, 2), (2, 1, 3), (1, 0, 4), (0, 1, 5), (0, 1, 6)]),CG(nc=6, r=6, tr=[(1, 5, 1), (3, 0, 2), (1, 3, 3), (4, 5, 4), (2, 0, 5), (2, 4, 6)]),1991,SAT
P32902,22,8,8,CG(nc=5, r=8, tr=[(1, 4, 0), (0, 3, 1), (2, 4, 2), (2, 4, 3), (3, 2, 4), (0, 2, 5), (1, 3, 6), (4, 3, 5)]),CG(nc=6, r=8, tr=[(1, 2, 0), (3, 4, 1), (5, 1, 2), (4, 0, 3), (1, 3, 4), (2, 4, 5), (1, 0, 6), (3, 5, 5)]),3966,SAT
P32903,20,7,7,CG(nc=5, r=7, tr=[(1, 4, 0), (3, 0, 1), (2, 4, 2), (4, 2, 3), (0, 2, 4), (0, 2, 5), (3, 1, 6)]),CG(nc=6, r=7, tr=[(1, 0, 0), (1, 0, 1), (2, 1, 2), (5, 2, 3), (0, 4, 4), (3, 5, 5), (4, 3, 6)]),1859,SAT
P32904,14,4,4,CG(nc=3, r=4, tr=[(2, 1, 3), (2, 0, 4), (2, 0, 5), (0, 1, 6)]),CG(nc=4, r=4, tr=[(0, 1, 3), (3, 2, 4), (2, 1, 5), (0, 1, 6)]),1706,SAT
P32905,20,7,7,CG(nc=5, r=7, tr=[(1, 4, 0), (3, 4, 1), (4, 1, 2), (4, 2, 3), (3, 0, 4), (0, 1, 5), (0, 2, 6)]),CG(nc=5, r=7, tr=[(1, 0, 0), (4, 3, 1), (2, 1, 2), (3, 2, 3), (3, 4, 4), (0, 2, 5), (2, 3, 6)]),1846,SAT
P32906,16,5,5,CG(nc=4, r=5, tr=[(0, 1, 2), (3, 2, 3), (3, 0, 4), (1, 3, 5), (0, 2, 6)]),CG(nc=5, r=5, tr=[(4, 2, 2), (2, 3, 3), (3, 0, 4), (4, 1, 5), (3, 1, 6)]),1845,SAT
P32907,18,6,6,CG(nc=4, r=6, tr=[(1, 3, 1), (2, 0, 2), (2, 0, 3), (1, 0, 4), (2, 3, 5), (2, 3, 6)]),CG(nc=4, r=6, tr=[(0, 1, 1), (2, 3, 2), (2, 1, 3), (0, 1, 4), (2, 3, 5), (1, 2, 6)]),1760,SAT
P32910,18,6,6,CG(nc=4, r=6, tr=[(1, 3, 2), (0, 2, 3), (1, 0, 4), (1, 2, 5), (3, 2, 6), (0, 2, 2)]),CG(nc=5, r=6, tr=[(1, 0, 2), (2, 3, 3), (1, 2, 4), (0, 2, 5), (1, 4, 6), (4, 3, 2)]),3313,SAT
P32911,16,5,5,CG(nc=4, r=5, tr=[(1, 0, 2), (3, 2, 3), (3, 1, 4), (3, 1, 5), (0, 2, 6)]),CG(nc=5, r=5, tr=[(1, 4, 2), (0, 1, 3), (0, 3, 4), (2, 4, 5), (3, 2, 6)]),1729,SAT
P32918,24,9,9,CG(nc=6, r=9, tr=[(1, 2, 0), (0, 1, 1), (1, 3, 2), (3, 0, 3), (4, 3, 4), (3, 5, 5), (4, 2, 6), (0, 2, 5), (5, 4, 1)]),CG(nc=6, r=9, tr=[(1, 2, 0), (2, 3, 1), (1, 3, 2), (2, 0, 3), (4, 0, 4), (5, 3, 5), (3, 4, 6), (4, 5, 0), (1, 5, 4)]),6396,SAT
P32919,22,8,8,CG(nc=5, r=8, tr=[(1, 2, 0), (2, 3, 1), (0, 2, 2), (3, 0, 3), (3, 4, 4), (1, 4, 5), (4, 3, 6), (1, 0, 1)]),CG(nc=6, r=8, tr=[(1, 2, 0), (1, 0, 1), (3, 1, 2), (3, 5, 3), (5, 4, 4), (2, 0, 5), (2, 4, 6), (2, 3, 1)]),3733,SAT
P32920,20,7,7,CG(nc=5, r=7, tr=[(1, 2, 0), (3, 0, 1), (4, 2, 3), (4, 3, 4), (1, 4, 5), (3, 2, 6), (2, 0, 5)]),CG(nc=5, r=7, tr=[(1, 2, 0), (0, 3, 1), (3, 2, 3), (3, 0, 4), (2, 4, 5), (1, 4, 6), (3, 1, 5)]),3529,SAT
P32921,20,7,7,CG(nc=5, r=7, tr=[(1, 4, 0), (3, 0, 1), (1, 2, 3), (4, 3, 4), (1, 0, 5), (2, 3, 6), (3, 0, 3)]),CG(nc=6, r=7, tr=[(1, 2, 0), (0, 1, 1), (5, 2, 3), (5, 4, 4), (3, 0, 5), (4, 3, 6), (3, 2, 4)]),3383,SAT
P32922,20,7,7,CG(nc=5, r=7, tr=[(4, 2, 0), (3, 0, 1), (1, 2, 2), (1, 4, 3), (4, 3, 4), (0, 1, 5), (1, 3, 6)]),CG(nc=5, r=7, tr=[(4, 2, 0), (3, 0, 1), (2, 4, 2), (2, 1, 3), (1, 0, 4), (3, 4, 5), (1, 3, 6)]),2066,SAT
P32923,20,7,7,CG(nc=5, r=7, tr=[(1, 2, 0), (3, 0, 1), (1, 0, 2), (0, 2, 3), (4, 3, 4), (4, 2, 5), (4, 1, 6)]),CG(nc=5, r=7, tr=[(1, 0, 0), (4, 3, 1), (0, 1, 2), (1, 3, 3), (4, 3, 4), (2, 0, 5), (3, 2, 6)]),2188,SAT
P32926,24,9,9,CG(nc=6, r=9, tr=[(1, 2, 0), (2, 3, 1), (2, 0, 2), (2, 4, 3), (3, 5, 4), (4, 3, 5), (0, 4, 6), (2, 5, 6), (5, 1, 5)]),CG(nc=7, r=9, tr=[(6, 2, 0), (3, 4, 1), (5, 1, 2), (0, 1, 3), (5, 6, 4), (2, 5, 5), (1, 3, 6), (0, 4, 4), (4, 2, 6)]),6456,SAT
P32927,20,7,7,CG(nc=5, r=7, tr=[(0, 1, 0), (2, 3, 1), (4, 2, 2), (3, 4, 3), (3, 0, 4), (1, 2, 5), (1, 3, 6)]),CG(nc=6, r=7, tr=[(1, 0, 0), (1, 2, 1), (2, 0, 2), (2, 5, 3), (4, 3, 4), (5, 4, 5), (3, 0, 6)]),2018,SAT
P32936,18,6,6,CG(nc=4, r=6, tr=[(0, 1, 3), (3, 0, 4), (3, 1, 5), (2, 3, 6), (1, 2, 3), (2, 0, 5)]),CG(nc=5, r=6, tr=[(1, 4, 3), (3, 0, 4), (1, 3, 5), (3, 2, 6), (1, 4, 6), (4, 2, 3)]),4837,SAT
P32937,24,9,9,CG(nc=6, r=9, tr=[(1, 5, 0), (5, 3, 1), (4, 0, 2), (2, 4, 3), (5, 4, 4), (2, 1, 5), (5, 4, 6), (2, 0, 6), (0, 3, 4)]),CG(nc=6, r=9, tr=[(1, 5, 0), (3, 4, 1), (0, 3, 2), (4, 1, 3), (2, 3, 4), (0, 2, 5), (3, 5, 6), (0, 1, 4), (4, 5, 5)]),9090,SAT
P32938,14,4,4,CG(nc=3, r=4, tr=[(1, 2, 3), (2, 0, 4), (0, 1, 5), (0, 1, 6)]),CG(nc=4, r=4, tr=[(3, 2, 3), (0, 2, 4), (1, 3, 5), (2, 1, 6)]),2130,SAT
P32939,18,6,6,CG(nc=4, r=6, tr=[(3, 2, 1), (3, 2, 2), (1, 3, 3), (0, 2, 4), (0, 1, 5), (0, 1, 6)]),CG(nc=5, r=6, tr=[(1, 0, 1), (1, 2, 2), (4, 2, 3), (2, 0, 4), (4, 3, 5), (2, 3, 6)]),1909,SAT
P32940,18,6,6,CG(nc=4, r=6, tr=[(0, 1, 2), (2, 1, 3), (1, 3, 4), (2, 3, 5), (0, 2, 6), (3, 1, 6)]),CG(nc=5, r=6, tr=[(4, 2, 2), (3, 2, 3), (1, 4, 4), (0, 3, 5), (0, 2, 6), (3, 1, 6)]),3568,SAT
P32941,20,7,7,CG(nc=5, r=7, tr=[(1, 0, 0), (2, 4, 2), (2, 3, 3), (2, 0, 4), (3, 1, 5), (3, 4, 6), (2, 0, 6)]),CG(nc=5, r=7, tr=[(1, 4, 0), (3, 0, 2), (3, 1, 3), (1, 2, 4), (4, 1, 5), (4, 3, 6), (0, 2, 6)]),3436,SAT
P32942,16,5,5,CG(nc=4, r=5, tr=[(1, 0, 2), (3, 2, 3), (3, 1, 4), (1, 2, 5), (2, 0, 6)]),CG(nc=4, r=5, tr=[(3, 2, 2), (0, 1, 3), (1, 3, 4), (2, 1, 5), (0, 2, 6)]),1769,SAT
P32943,16,5,5,CG(nc=4, r=5, tr=[(1, 3, 2), (3, 2, 3), (0, 1, 4), (2, 0, 5), (0, 2, 6)]),CG(nc=4, r=5, tr=[(1, 0, 2), (3, 1, 3), (0, 1, 4), (3, 2, 5), (1, 2, 6)]),1811,SAT
P32956,20,7,7,CG(nc=4, r=7, tr=[(1, 2, 1), (3, 2, 2), (1, 3, 3), (1, 0, 4), (2, 3, 5), (2, 0, 6), (1, 0, 5)]),CG(nc=6, r=7, tr=[(1, 2, 1), (3, 5, 2), (2, 0, 3), (1, 4, 4), (4, 0, 5), (1, 5, 6), (2, 3, 5)]),3674,SAT
P32957,22,8,8,CG(nc=6, r=8, tr=[(1, 5, 0), (0, 3, 1), (3, 4, 2), (2, 5, 3), (4, 5, 4), (2, 0, 5), (3, 2, 6), (1, 3, 5)]),CG(nc=5, r=8, tr=[(0, 1, 0), (1, 2, 1), (3, 0, 2), (2, 4, 3), (2, 1, 4), (3, 2, 5), (0, 1, 6), (3, 4, 6)]),4285,SAT
P32958,20,7,7,CG(nc=5, r=7, tr=[(1, 0, 1), (2, 1, 2), (0, 1, 3), (4, 2, 4), (3, 2, 5), (3, 0, 6), (3, 4, 3)]),CG(nc=5, r=7, tr=[(1, 4, 1), (3, 1, 2), (2, 0, 3), (2, 4, 4), (0, 1, 5), (1, 2, 6), (3, 4, 3)]),3892,SAT
P32959,18,6,6,CG(nc=5, r=6, tr=[(4, 2, 1), (3, 2, 2), (0, 1, 3), (3, 0, 4), (1, 4, 5), (1, 2, 6)]),CG(nc=5, r=6, tr=[(1, 0, 1), (0, 1, 2), (1, 4, 3), (4, 3, 4), (3, 2, 5), (0, 2, 6)]),1825,SAT
P33000,22,8,8,CG(nc=4, r=8, tr=[(1, 0, 3), (0, 2, 4), (2, 3, 5), (1, 3, 6), (3, 1, 4), (0, 1, 5), (0, 2, 3), (3, 2, 6)]),CG(nc=7, r=8, tr=[(1, 2, 3), (0, 3, 4), (4, 0, 5), (6, 5, 6), (5, 2, 5), (6, 1, 4), (1, 4, 6), (3, 5, 3)]),2974220,SAT
P33001,24,9,9,CG(nc=6, r=9, tr=[(0, 1, 0), (2, 5, 1), (4, 3, 2), (4, 1, 3), (5, 1, 4), (3, 5, 5), (4, 2, 6), (3, 1, 6), (0, 4, 4)]),CG(nc=6, r=9, tr=[(1, 0, 0), (2, 3, 1), (5, 2, 2), (1, 3, 3), (4, 0, 4), (4, 3, 5), (2, 4, 6), (5, 1, 4), (5, 2, 5)]),7862,SAT
P33002,18,6,6,CG(nc=4, r=6, tr=[(1, 0, 3), (3, 1, 4), (2, 1, 5), (2, 1, 6), (2, 3, 3), (0, 2, 4)]),CG(nc=5, r=6, tr=[(1, 0, 3), (2, 0, 4), (3, 1, 5), (4, 3, 6), (1, 0, 4), (2, 4, 3)]),4159,SAT
P33003,22,8,8,CG(nc=5, r=8, tr=[(1, 0, 1), (2, 3, 2), (2, 4, 3), (1, 3, 4), (4, 1, 5), (2, 0, 6), (2, 0, 5), (4, 3, 6)]),CG(nc=6, r=8, tr=[(1, 5, 1), (1, 3, 2), (0, 3, 3), (5, 3, 4), (4, 5, 5), (2, 0, 6), (2, 4, 3), (4, 2, 4)]),5226,SAT
P33006,18,6,6,CG(nc=4, r=6, tr=[(0, 1, 3), (3, 1, 4), (1, 3, 5), (3, 1, 6), (2, 0, 5), (3, 2, 4)]),CG(nc=5, r=6, tr=[(0, 1, 3), (2, 0, 4), (1, 4, 5), (1, 3, 6), (4, 1, 4), (2, 3, 5)]),4347,SAT
P33007,20,7,7,CG(nc=5, r=7, tr=[(1, 2, 2), (2, 0, 3), (2, 4, 4), (2, 4, 5), (2, 4, 6), (3, 1, 5), (3, 0, 4)]),CG(nc=5, r=7, tr=[(1, 4, 2), (0, 1, 3), (4, 1, 4), (4, 1, 5), (3, 2, 6), (3, 0, 5), (4, 2, 4)]),5031,SAT
P33022,16,5,5,CG(nc=4, r=5, tr=[(1, 3, 3), (2, 3, 4), (1, 0, 5), (1, 2, 6), (2, 0, 3)]),CG(nc=4, r=5, tr=[(1, 3, 3), (2, 3, 4), (1, 0, 5), (1, 2, 6), (2, 0, 3)]),2942,SAT
P33023,14,4,4,CG(nc=3, r=4, tr=[(2, 1, 3), (0, 1, 4), (0, 1, 5), (1, 0, 6)]),CG(nc=4, r=4, tr=[(3, 0, 3), (2, 0, 4), (1, 3, 5), (2, 1, 6)]),1592,SAT
P33046,31,11,12,CG(nc=7, r=11, tr=[(1, 2, 0), (6, 4, 1), (2, 5, 2), (3, 2, 3), (6, 5, 4), (3, 0, 5), (4, 3, 6), (4, 5, 7), (6, 1, 5), (0, 2, 1), (0, 5, 0)]),CG(nc=9, r=12, tr=[(1, 8, 0), (3, 4, 1), (5, 0, 2), (6, 7, 3), (7, 8, 4), (2, 3, 5), (3, 0, 6), (6, 1, 7), (6, 5, 1), (7, 2, 7), (4, 5, 5), (4, 1, 3)]),4594782,SAT
P33047,30,11,11,CG(nc=6, r=11, tr=[(5, 2, 0), (3, 5, 1), (2, 4, 2), (5, 4, 3), (1, 0, 4), (1, 0, 5), (1, 0, 6), (0, 4, 7), (1, 2, 3), (1, 3, 2), (4, 2, 1)]),CG(nc=7, r=11, tr=[(0, 1, 0), (2, 6, 1), (0, 1, 2), (2, 1, 3), (0, 4, 4), (2, 4, 5), (6, 5, 6), (2, 5, 7), (5, 3, 0), (0, 3, 2), (5, 6, 3)]),3217824,SAT
P33048,24,8,8,CG(nc=5, r=8, tr=[(1, 4, 0), (3, 0, 1), (4, 2, 2), (1, 2, 3), (4, 3, 4), (0, 1, 5), (2, 0, 6), (2, 3, 7)]),CG(nc=6, r=8, tr=[(5, 2, 0), (3, 0, 1), (4, 2, 2), (1, 2, 3), (0, 4, 4), (1, 5, 5), (3, 1, 6), (3, 4, 7)]),4148,SAT
P33049,26,9,9,CG(nc=6, r=9, tr=[(5, 2, 0), (3, 4, 1), (5, 4, 2), (2, 4, 3), (0, 1, 4), (0, 2, 5), (0, 4, 6), (3, 0, 7), (5, 1, 1)]),CG(nc=7, r=9, tr=[(1, 2, 0), (3, 6, 1), (0, 5, 2), (2, 5, 3), (2, 4, 4), (6, 4, 5), (1, 0, 6), (1, 2, 7), (5, 3, 0)]),7567,SAT
P33050,26,9,9,CG(nc=6, r=9, tr=[(1, 2, 0), (0, 3, 1), (5, 1, 2), (0, 4, 3), (3, 5, 4), (1, 4, 5), (3, 2, 6), (0, 2, 7), (5, 2, 3)]),CG(nc=6, r=9, tr=[(1, 5, 0), (0, 3, 1), (4, 1, 2), (4, 5, 3), (2, 0, 4), (4, 5, 5), (3, 2, 6), (4, 3, 7), (2, 1, 3)]),7619,SAT
P33051,26,9,9,CG(nc=5, r=9, tr=[(1, 2, 0), (4, 3, 1), (2, 3, 2), (2, 4, 3), (3, 0, 4), (3, 0, 5), (0, 1, 6), (2, 0, 7), (1, 4, 2)]),CG(nc=7, r=9, tr=[(6, 2, 0), (2, 3, 1), (4, 5, 2), (4, 3, 3), (5, 6, 4), (1, 5, 5), (0, 4, 6), (4, 1, 7), (0, 3, 2)]),7807,SAT
P33054,30,11,11,CG(nc=7, r=11, tr=[(6, 2, 0), (2, 6, 1), (0, 3, 2), (4, 2, 3), (5, 6, 4), (1, 5, 5), (4, 0, 6), (2, 3, 7), (5, 3, 3), (6, 1, 2), (4, 1, 7)]),CG(nc=7, r=11, tr=[(6, 2, 0), (3, 4, 1), (2, 4, 2), (5, 1, 3), (1, 6, 4), (3, 5, 5), (0, 4, 6), (3, 0, 7), (0, 5, 2), (3, 2, 3), (5, 1, 6)]),3218611,SAT
P33055,26,9,9,CG(nc=6, r=9, tr=[(1, 5, 0), (5, 1, 1), (3, 0, 2), (5, 4, 3), (1, 2, 4), (3, 4, 5), (1, 2, 6), (1, 3, 7), (2, 0, 3)]),CG(nc=6, r=9, tr=[(1, 2, 0), (1, 5, 1), (4, 5, 2), (4, 0, 3), (5, 3, 4), (0, 2, 5), (2, 4, 6), (4, 3, 7), (0, 2, 2)]),7904,SAT
P33064,28,10,10,CG(nc=6, r=10, tr=[(1, 2, 0), (3, 4, 1), (5, 3, 2), (5, 4, 3), (5, 4, 4), (5, 2, 5), (4, 2, 6), (0, 4, 7), (0, 3, 4), (1, 0, 3)]),CG(nc=7, r=10, tr=[(1, 0, 0), (2, 3, 1), (3, 6, 2), (5, 3, 3), (1, 4, 4), (4, 5, 5), (0, 5, 6), (1, 2, 7), (6, 2, 4), (1, 0, 3)]),14200,SAT
P33065,28,10,10,CG(nc=5, r=10, tr=[(1, 4, 0), (3, 0, 1), (4, 2, 2), (0, 3, 3), (1, 0, 4), (1, 3, 5), (0, 2, 6), (2, 3, 7), (2, 1, 3), (4, 1, 1)]),CG(nc=8, r=10, tr=[(1, 2, 0), (2, 0, 1), (3, 4, 2), (4, 5, 3), (7, 3, 4), (5, 0, 5), (3, 6, 6), (6, 5, 7), (1, 7, 2), (6, 2, 3)]),13441,SAT
P33066,26,9,9,CG(nc=6, r=9, tr=[(1, 5, 0), (3, 4, 1), (4, 5, 2), (0, 2, 3), (0, 4, 4), (2, 4, 5), (2, 1, 6), (0, 3, 7), (5, 3, 4)]),CG(nc=7, r=9, tr=[(0, 1, 0), (2, 3, 1), (6, 2, 2), (2, 5, 3), (4, 3, 4), (0, 1, 5), (6, 4, 6), (3, 1, 7), (5, 0, 4)]),6444,SAT
P33067,26,9,9,CG(nc=6, r=9, tr=[(1, 2, 0), (3, 4, 1), (4, 5, 2), (0, 2, 3), (2, 3, 4), (4, 2, 5), (1, 5, 6), (3, 0, 7), (2, 1, 1)]),CG(nc=7, r=9, tr=[(1, 0, 0), (1, 2, 1), (6, 2, 2), (0, 4, 3), (4, 2, 4), (1, 5, 5), (0, 3, 6), (3, 5, 7), (6, 1, 4)]),7077,SAT
P33068,26,9,9,CG(nc=6, r=9, tr=[(1, 2, 0), (3, 5, 1), (0, 4, 2), (2, 0, 3), (4, 5, 4), (5, 1, 5), (3, 2, 6), (4, 3, 7), (3, 0, 5)]),CG(nc=6, r=9, tr=[(5, 2, 0), (3, 2, 1), (0, 4, 2), (1, 2, 3), (0, 3, 4), (5, 2, 5), (5, 1, 6), (3, 4, 7), (4, 1, 5)]),7417,SAT
P33069,26,9,9,CG(nc=6, r=9, tr=[(1, 0, 0), (2, 3, 1), (5, 2, 2), (5, 3, 3), (0, 2, 4), (4, 3, 5), (5, 4, 6), (3, 1, 7), (4, 1, 3)]),CG(nc=7, r=9, tr=[(1, 2, 0), (1, 0, 1), (2, 6, 2), (4, 2, 3), (5, 3, 4), (4, 0, 5), (3, 6, 6), (5, 4, 7), (5, 1, 3)]),7188,SAT
P33070,26,9,9,CG(nc=6, r=9, tr=[(0, 1, 0), (2, 0, 1), (3, 5, 2), (1, 4, 3), (0, 3, 4), (5, 2, 5), (5, 4, 6), (3, 2, 7), (2, 4, 3)]),CG(nc=6, r=9, tr=[(1, 2, 0), (1, 5, 1), (0, 4, 2), (4, 3, 3), (2, 0, 4), (5, 3, 5), (4, 3, 6), (2, 4, 7), (2, 1, 3)]),7001,SAT
P33071,24,8,8,CG(nc=5, r=8, tr=[(0, 1, 0), (2, 3, 1), (4, 3, 2), (4, 2, 3), (0, 3, 4), (1, 2, 5), (3, 0, 6), (2, 0, 7)]),CG(nc=6, r=8, tr=[(0, 1, 0), (1, 2, 1), (2, 5, 2), (2, 0, 3), (5, 1, 4), (4, 0, 5), (1, 3, 6), (4, 3, 7)]),3899,SAT
P33084,27,9,10,CG(nc=6, r=9, tr=[(1, 2, 0), (3, 0, 1), (4, 3, 2), (2, 5, 3), (3, 2, 4), (4, 1, 5), (0, 1, 6), (4, 5, 7), (4, 0, 3)]),CG(nc=8, r=10, tr=[(1, 2, 0), (3, 4, 1), (1, 7, 2), (3, 0, 3), (6, 5, 4), (1, 3, 5), (4, 7, 6), (6, 0, 7), (4, 5, 5), (2, 6, 1)]),11767,SAT
P33085,28,10,10,CG(nc=6, r=10, tr=[(1, 2, 0), (3, 4, 1), (3, 5, 2), (4, 5, 3), (3, 1, 4), (5, 2, 5), (0, 3, 6), (1, 3, 7), (1, 0, 1), (1, 0, 3)]),CG(nc=7, r=10, tr=[(0, 1, 0), (1, 2, 1), (6, 2, 2), (0, 4, 3), (5, 6, 4), (2, 4, 5), (3, 6, 6), (5, 4, 7), (2, 0, 6), (3, 4, 1)]),16038,SAT
P33086,28,10,10,CG(nc=6, r=10, tr=[(1, 2, 0), (3, 0, 1), (4, 3, 2), (4, 0, 3), (3, 1, 4), (3, 5, 5), (2, 0, 6), (4, 5, 7), (1, 5, 3), (2, 1, 7)]),CG(nc=7, r=10, tr=[(0, 1, 0), (2, 3, 1), (3, 4, 2), (0, 5, 3), (5, 4, 4), (0, 4, 5), (2, 5, 6), (2, 6, 7), (1, 4, 7), (6, 3, 3)]),16997,SAT
P33087,26,9,9,CG(nc=6, r=9, tr=[(1, 2, 0), (3, 4, 1), (3, 5, 2), (0, 1, 3), (4, 0, 4), (3, 1, 5), (2, 5, 6), (4, 0, 7), (2, 1, 1)]),CG(nc=6, r=9, tr=[(1, 2, 0), (2, 0, 1), (5, 1, 2), (0, 4, 3), (0, 3, 4), (1, 4, 5), (3, 1, 6), (5, 4, 7), (5, 4, 1)]),6306,SAT
P33128,31,11,12,CG(nc=7, r=11, tr=[(1, 2, 0), (3, 4, 1), (5, 1, 2), (6, 2, 3), (3, 5, 4), (0, 1, 5), (3, 2, 6), (0, 2, 7), (3, 6, 5), (4, 0, 3), (6, 5, 1)]),CG(nc=8, r=12, tr=[(1, 2, 0), (3, 1, 1), (7, 2, 2), (5, 1, 3), (3, 0, 4), (6, 0, 5), (7, 5, 6), (3, 0, 7), (7, 4, 7), (4, 6, 3), (2, 4, 4), (6, 2, 6)]),4499470,SAT
P33129,30,11,11,CG(nc=7, r=11, tr=[(1, 2, 0), (2, 0, 1), (3, 1, 2), (6, 5, 3), (5, 3, 4), (4, 5, 5), (5, 2, 6), (6, 4, 7), (4, 2, 3), (1, 0, 5), (3, 4, 1)]),CG(nc=7, r=11, tr=[(1, 2, 0), (2, 6, 1), (0, 1, 2), (6, 4, 3), (5, 3, 4), (0, 2, 5), (5, 4, 6), (0, 4, 7), (0, 3, 1), (6, 3, 5), (5, 1, 3)]),2779266,SAT
P33130,30,11,11,CG(nc=7, r=11, tr=[(1, 6, 0), (1, 3, 1), (4, 3, 2), (5, 1, 3), (6, 2, 4), (5, 0, 5), (0, 5, 6), (5, 2, 7), (2, 3, 3), (4, 0, 7), (4, 0, 4)]),CG(nc=8, r=11, tr=[(7, 2, 0), (3, 0, 1), (4, 3, 2), (5, 6, 3), (5, 4, 4), (0, 5, 5), (2, 6, 6), (6, 7, 7), (4, 2, 7), (7, 1, 3), (3, 1, 4)]),3219796,SAT
P33131,28,10,10,CG(nc=7, r=10, tr=[(1, 2, 0), (0, 2, 1), (1, 3, 2), (6, 5, 3), (3, 5, 4), (5, 4, 5), (5, 2, 6), (6, 3, 7), (0, 4, 2), (0, 1, 3)]),CG(nc=7, r=10, tr=[(1, 0, 0), (2, 6, 1), (1, 2, 2), (2, 4, 3), (0, 4, 4), (5, 6, 5), (1, 3, 6), (3, 0, 7), (5, 3, 3), (1, 5, 4)]),10519,SAT
P33134,28,10,10,CG(nc=6, r=10, tr=[(1, 5, 0), (3, 0, 1), (3, 4, 2), (4, 0, 3), (3, 2, 4), (5, 3, 5), (1, 4, 6), (2, 0, 7), (4, 1, 7), (2, 5, 3)]),CG(nc=6, r=10, tr=[(1, 5, 0), (3, 4, 1), (1, 4, 2), (5, 3, 3), (2, 1, 4), (2, 3, 5), (1, 5, 6), (3, 0, 7), (2, 0, 0), (0, 4, 4)]),11909,SAT
P33135,26,9,9,CG(nc=6, r=9, tr=[(1, 2, 0), (1, 3, 1), (0, 2, 2), (0, 1, 3), (3, 4, 4), (2, 4, 5), (5, 2, 6), (3, 5, 7), (5, 4, 3)]),CG(nc=7, r=9, tr=[(1, 6, 0), (0, 3, 1), (1, 3, 2), (1, 4, 3), (6, 5, 4), (0, 4, 5), (5, 2, 6), (2, 4, 7), (3, 5, 3)]),3785,SAT
P33150,30,11,11,CG(nc=7, r=11, tr=[(1, 2, 0), (2, 0, 1), (3, 4, 2), (3, 6, 3), (4, 0, 4), (2, 6, 5), (2, 3, 6), (1, 5, 7), (6, 5, 2), (1, 0, 3), (4, 3, 7)]),CG(nc=7, r=11, tr=[(1, 2, 0), (2, 0, 1), (3, 4, 2), (3, 6, 3), (4, 0, 4), (2, 6, 5), (2, 3, 6), (1, 5, 7), (6, 5, 2), (1, 0, 3), (4, 3, 7)]),420869,SAT
P33151,26,9,9,CG(nc=5, r=9, tr=[(1, 2, 0), (4, 3, 1), (3, 1, 2), (1, 4, 3), (2, 0, 4), (3, 0, 5), (0, 2, 6), (0, 2, 7), (2, 3, 3)]),CG(nc=7, r=9, tr=[(6, 2, 0), (2, 3, 1), (3, 0, 2), (6, 3, 3), (4, 6, 4), (0, 5, 5), (4, 1, 6), (5, 1, 7), (2, 0, 3)]),4883,SAT
P33152,22,7,7,CG(nc=4, r=7, tr=[(1, 0, 0), (3, 2, 1), (1, 0, 2), (2, 0, 4), (1, 3, 5), (0, 2, 6), (2, 3, 7)]),CG(nc=7, r=7, tr=[(1, 2, 0), (3, 6, 1), (2, 3, 2), (0, 5, 4), (4, 6, 5), (5, 4, 6), (1, 0, 7)]),2553,SAT
P33153,18,6,6,CG(nc=4, r=6, tr=[(1, 3, 0), (0, 2, 1), (2, 0, 2), (2, 3, 3), (3, 2, 4), (0, 1, 5)]),CG(nc=6, r=6, tr=[(5, 2, 0), (3, 0, 1), (2, 3, 2), (4, 5, 3), (4, 1, 4), (0, 1, 5)]),1965,SAT
P33154,24,8,8,CG(nc=6, r=8, tr=[(5, 2, 0), (3, 4, 1), (1, 0, 2), (0, 4, 3), (5, 3, 4), (1, 5, 5), (2, 4, 6), (3, 0, 7)]),CG(nc=7, r=8, tr=[(1, 2, 0), (2, 3, 1), (3, 0, 2), (4, 2, 3), (6, 4, 4), (5, 0, 5), (5, 4, 6), (1, 6, 7)]),2461,SAT
P33155,20,7,7,CG(nc=5, r=7, tr=[(1, 0, 0), (2, 4, 1), (3, 0, 2), (3, 1, 3), (0, 2, 4), (4, 3, 5), (2, 0, 6)]),CG(nc=6, r=7, tr=[(1, 5, 0), (3, 1, 1), (0, 3, 2), (5, 1, 3), (4, 5, 4), (4, 2, 5), (0, 2, 6)]),2113,SAT
P33158,28,10,10,CG(nc=6, r=10, tr=[(1, 2, 0), (3, 0, 1), (5, 2, 2), (5, 1, 3), (3, 1, 4), (0, 2, 5), (4, 3, 6), (2, 1, 7), (4, 5, 0), (5, 3, 5)]),CG(nc=7, r=10, tr=[(1, 6, 0), (3, 4, 1), (0, 4, 2), (5, 3, 3), (0, 1, 4), (2, 1, 5), (5, 2, 6), (1, 3, 7), (2, 4, 3), (6, 5, 4)]),10719,SAT
P33159,24,9,9,CG(nc=6, r=9, tr=[(1, 0, 0), (2, 5, 1), (4, 5, 2), (3, 1, 3), (0, 4, 4), (4, 0, 5), (3, 5, 6), (2, 4, 3), (1, 3, 1)]),CG(nc=7, r=9, tr=[(1, 6, 0), (1, 6, 1), (3, 1, 2), (0, 3, 3), (4, 5, 4), (6, 4, 5), (5, 0, 6), (0, 2, 1), (2, 3, 0)]),9220,SAT
P33160,24,8,8,CG(nc=5, r=8, tr=[(1, 4, 0), (1, 4, 1), (0, 3, 2), (2, 1, 3), (3, 4, 4), (3, 4, 5), (0, 2, 6), (3, 0, 7)]),CG(nc=7, r=8, tr=[(1, 2, 0), (1, 0, 1), (3, 6, 2), (5, 4, 3), (4, 0, 4), (6, 5, 5), (4, 5, 6), (3, 2, 7)]),2541,SAT
P33161,20,7,7,CG(nc=4, r=7, tr=[(1, 3, 0), (1, 3, 1), (1, 3, 2), (2, 1, 3), (0, 1, 4), (1, 0, 5), (2, 0, 6)]),CG(nc=6, r=7, tr=[(1, 5, 0), (3, 1, 1), (3, 0, 2), (0, 4, 3), (4, 2, 4), (2, 5, 5), (0, 4, 6)]),2115,SAT
P33162,24,8,8,CG(nc=5, r=8, tr=[(4, 2, 0), (0, 3, 1), (4, 1, 2), (1, 2, 3), (4, 3, 4), (0, 1, 5), (0, 1, 6), (3, 0, 7)]),CG(nc=6, r=8, tr=[(1, 0, 0), (2, 5, 1), (1, 4, 2), (1, 0, 3), (5, 4, 4), (0, 3, 5), (4, 3, 6), (2, 4, 7)]),2596,SAT
P33163,20,7,7,CG(nc=6, r=7, tr=[(5, 2, 0), (3, 0, 1), (4, 0, 2), (2, 1, 3), (5, 3, 4), (4, 5, 5), (1, 0, 6)]),CG(nc=5, r=7, tr=[(4, 2, 0), (3, 0, 1), (2, 3, 2), (4, 2, 3), (2, 1, 4), (1, 0, 5), (2, 4, 6)]),2474,SAT
P33166,26,9,9,CG(nc=5, r=9, tr=[(1, 0, 0), (0, 2, 1), (0, 1, 2), (3, 4, 3), (4, 1, 4), (1, 3, 5), (2, 3, 6), (0, 2, 7), (4, 3, 2)]),CG(nc=7, r=9, tr=[(1, 2, 0), (3, 4, 1), (4, 0, 2), (4, 5, 3), (5, 6, 4), (1, 5, 5), (0, 1, 6), (3, 1, 7), (2, 6, 2)]),4879,SAT
P33167,20,7,7,CG(nc=5, r=7, tr=[(4, 2, 0), (2, 4, 1), (3, 4, 2), (1, 0, 3), (3, 0, 4), (0, 3, 5), (1, 2, 6)]),CG(nc=6, r=7, tr=[(1, 5, 0), (1, 3, 1), (0, 3, 2), (3, 5, 3), (0, 4, 4), (5, 2, 5), (2, 4, 6)]),2196,SAT
P33174,30,11,11,CG(nc=7, r=11, tr=[(1, 2, 0), (0, 3, 1), (4, 2, 2), (6, 2, 3), (5, 1, 4), (4, 0, 5), (5, 4, 6), (6, 1, 7), (3, 5, 2), (2, 3, 6), (1, 4, 3)]),CG(nc=7, r=11, tr=[(1, 2, 0), (6, 4, 1), (0, 1, 2), (5, 2, 3), (3, 4, 4), (4, 0, 5), (3, 6, 6), (4, 2, 7), (5, 0, 1), (3, 1, 3), (6, 5, 5)]),440832,SAT
P33175,26,10,10,CG(nc=6, r=10, tr=[(1, 5, 0), (1, 3, 1), (3, 5, 2), (3, 4, 3), (2, 4, 4), (1, 2, 5), (0, 3, 6), (0, 2, 2), (2, 0, 3), (5, 4, 1)]),CG(nc=7, r=10, tr=[(1, 2, 0), (3, 0, 1), (6, 2, 2), (5, 6, 3), (4, 2, 4), (6, 4, 5), (0, 2, 6), (0, 3, 0), (3, 5, 2), (1, 5, 1)]),411998,SAT
P33176,26,9,9,CG(nc=5, r=9, tr=[(1, 0, 0), (0, 1, 1), (0, 2, 2), (1, 2, 3), (1, 4, 4), (1, 4, 5), (2, 4, 6), (3, 1, 7), (3, 0, 6)]),CG(nc=7, r=9, tr=[(1, 2, 0), (2, 6, 1), (1, 4, 2), (5, 1, 3), (6, 3, 4), (5, 3, 5), (5, 0, 6), (0, 4, 7), (0, 1, 4)]),5316,SAT
P33177,20,7,7,CG(nc=4, r=7, tr=[(3, 2, 0), (3, 2, 1), (3, 1, 2), (1, 2, 3), (2, 0, 4), (0, 2, 5), (0, 1, 6)]),CG(nc=6, r=7, tr=[(1, 0, 0), (2, 1, 1), (5, 2, 2), (2, 4, 3), (3, 0, 4), (4, 3, 5), (4, 5, 6)]),2149,SAT
P33178,26,9,9,CG(nc=6, r=9, tr=[(1, 2, 0), (0, 3, 1), (2, 5, 2), (4, 2, 3), (5, 3, 4), (0, 4, 5), (3, 1, 6), (1, 4, 7), (1, 5, 3)]),CG(nc=6, r=9, tr=[(1, 2, 0), (3, 0, 1), (1, 5, 2), (1, 4, 3), (0, 4, 4), (3, 5, 5), (4, 3, 6), (3, 2, 7), (2, 5, 3)]),5348,SAT
P33179,22,8,8,CG(nc=6, r=8, tr=[(1, 0, 0), (2, 5, 1), (4, 2, 2), (4, 5, 3), (0, 2, 4), (5, 3, 5), (4, 1, 6), (1, 3, 2)]),CG(nc=6, r=8, tr=[(1, 2, 0), (2, 0, 1), (3, 1, 2), (5, 1, 3), (3, 0, 4), (3, 4, 5), (4, 5, 6), (3, 5, 0)]),4697,SAT
P33182,28,10,10,CG(nc=6, r=10, tr=[(1, 2, 0), (5, 4, 1), (3, 0, 2), (0, 3, 3), (4, 3, 4), (4, 0, 5), (3, 1, 6), (5, 1, 7), (4, 2, 2), (5, 2, 3)]),CG(nc=6, r=10, tr=[(1, 2, 0), (5, 2, 1), (1, 4, 2), (3, 0, 3), (0, 1, 4), (3, 2, 5), (1, 3, 6), (0, 4, 7), (5, 2, 4), (5, 4, 3)]),13981,SAT
P33183,22,8,8,CG(nc=5, r=8, tr=[(1, 2, 0), (2, 1, 1), (0, 3, 2), (4, 1, 3), (1, 3, 4), (3, 1, 5), (0, 2, 6), (2, 4, 2)]),CG(nc=6, r=8, tr=[(1, 5, 0), (3, 1, 1), (4, 5, 2), (4, 3, 3), (2, 4, 4), (2, 5, 5), (4, 0, 6), (0, 3, 2)]),4609,SAT
P33192,26,9,9,CG(nc=6, r=9, tr=[(1, 0, 0), (0, 2, 1), (3, 5, 2), (2, 4, 3), (0, 3, 4), (4, 1, 5), (4, 5, 6), (3, 5, 7), (5, 2, 5)]),CG(nc=7, r=9, tr=[(1, 6, 0), (0, 3, 1), (1, 4, 2), (5, 2, 3), (6, 5, 4), (2, 0, 5), (2, 3, 6), (4, 3, 7), (5, 3, 5)]),5067,SAT
P33193,24,9,9,CG(nc=5, r=9, tr=[(0, 1, 0), (2, 0, 1), (0, 1, 2), (1, 2, 3), (1, 4, 4), (2, 4, 5), (3, 1, 6), (3, 4, 3), (1, 2, 6)]),CG(nc=6, r=9, tr=[(0, 1, 0), (5, 3, 1), (4, 1, 2), (4, 2, 3), (5, 1, 4), (2, 0, 5), (4, 0, 6), (3, 1, 2), (1, 2, 6)]),9053,SAT
P33194,24,8,8,CG(nc=5, r=8, tr=[(4, 2, 0), (0, 3, 1), (0, 3, 2), (2, 1, 3), (4, 3, 4), (1, 0, 5), (0, 1, 6), (0, 3, 7)]),CG(nc=6, r=8, tr=[(1, 0, 0), (2, 3, 1), (5, 3, 2), (0, 4, 3), (5, 4, 4), (1, 4, 5), (2, 0, 6), (2, 1, 7)]),2883,SAT
P33195,20,7,7,CG(nc=5, r=7, tr=[(1, 2, 0), (4, 3, 1), (3, 4, 2), (2, 4, 3), (3, 0, 4), (1, 0, 5), (1, 0, 6)]),CG(nc=5, r=7, tr=[(1, 4, 0), (3, 0, 1), (1, 3, 2), (4, 1, 3), (0, 1, 4), (4, 2, 5), (1, 2, 6)]),2410,SAT
P33196,26,9,9,CG(nc=5, r=9, tr=[(1, 2, 0), (2, 1, 1), (4, 2, 2), (4, 1, 3), (0, 2, 4), (2, 3, 5), (2, 0, 6), (4, 3, 7), (0, 3, 3)]),CG(nc=6, r=9, tr=[(5, 2, 0), (2, 3, 1), (3, 4, 2), (3, 5, 3), (0, 1, 4), (0, 4, 5), (2, 1, 6), (0, 4, 7), (2, 5, 5)]),4839,SAT
P33197,22,8,8,CG(nc=6, r=8, tr=[(1, 2, 0), (5, 4, 1), (0, 3, 2), (1, 4, 3), (3, 5, 4), (2, 5, 5), (0, 1, 6), (0, 4, 5)]),CG(nc=6, r=8, tr=[(1, 0, 0), (2, 1, 1), (5, 2, 2), (2, 4, 3), (3, 4, 4), (4, 0, 5), (1, 0, 6), (5, 3, 6)]),4561,SAT
P33198,24,8,8,CG(nc=5, r=8, tr=[(1, 4, 0), (3, 2, 1), (1, 4, 2), (0, 3, 3), (1, 0, 4), (1, 3, 5), (4, 2, 6), (3, 4, 7)]),CG(nc=5, r=8, tr=[(1, 2, 0), (0, 2, 1), (4, 3, 2), (1, 0, 3), (1, 4, 4), (2, 3, 5), (0, 2, 6), (1, 3, 7)]),2525,SAT
P33199,20,7,7,CG(nc=5, r=7, tr=[(1, 4, 0), (4, 1, 1), (0, 3, 2), (0, 2, 3), (3, 4, 4), (1, 2, 5), (1, 2, 6)]),CG(nc=5, r=7, tr=[(1, 2, 0), (1, 4, 1), (0, 2, 2), (4, 2, 3), (0, 2, 4), (4, 3, 5), (2, 3, 6)]),2387,SAT
P33212,28,10,10,CG(nc=7, r=10, tr=[(1, 2, 0), (3, 6, 1), (3, 1, 2), (1, 6, 3), (5, 0, 4), (3, 0, 5), (2, 0, 6), (6, 4, 7), (5, 1, 1), (3, 4, 6)]),CG(nc=6, r=10, tr=[(0, 1, 0), (2, 3, 1), (1, 3, 2), (0, 2, 3), (3, 1, 4), (4, 5, 5), (3, 5, 6), (4, 5, 7), (0, 1, 5), (4, 2, 2)]),15604,SAT
P33213,24,9,9,CG(nc=6, r=9, tr=[(1, 2, 0), (2, 3, 1), (4, 0, 2), (3, 5, 3), (3, 4, 4), (1, 5, 5), (2, 0, 6), (3, 4, 5), (2, 5, 2)]),CG(nc=6, r=9, tr=[(5, 2, 0), (3, 0, 1), (3, 2, 2), (4, 5, 3), (4, 1, 4), (3, 5, 5), (4, 3, 6), (0, 1, 5), (1, 4, 2)]),7924,SAT
P33214,26,9,9,CG(nc=6, r=9, tr=[(0, 1, 0), (1, 2, 1), (3, 2, 2), (4, 5, 3), (5, 3, 4), (4, 3, 5), (4, 1, 6), (1, 0, 7), (0, 2, 3)]),CG(nc=7, r=9, tr=[(1, 2, 0), (3, 6, 1), (2, 0, 2), (5, 2, 3), (5, 4, 4), (6, 5, 5), (4, 0, 6), (3, 1, 7), (4, 3, 3)]),4818,SAT
P33215,22,8,8,CG(nc=5, r=8, tr=[(1, 4, 0), (3, 2, 1), (2, 0, 2), (0, 3, 3), (1, 3, 4), (3, 1, 5), (2, 4, 6), (1, 4, 2)]),CG(nc=5, r=8, tr=[(1, 2, 0), (1, 4, 1), (0, 2, 2), (0, 3, 3), (4, 3, 4), (0, 1, 5), (3, 1, 6), (3, 4, 2)]),4560,SAT
P33256,30,11,11,CG(nc=7, r=11, tr=[(1, 2, 0), (3, 6, 1), (1, 2, 2), (0, 1, 3), (5, 0, 4), (6, 2, 5), (4, 2, 6), (0, 4, 7), (4, 6, 3), (3, 5, 6), (2, 4, 4)]),CG(nc=8, r=11, tr=[(1, 2, 0), (2, 3, 1), (7, 3, 2), (0, 5, 3), (6, 3, 4), (6, 5, 5), (0, 3, 6), (0, 1, 7), (4, 5, 5), (4, 7, 6), (6, 4, 3)]),416061,SAT
P33257,26,10,10,CG(nc=6, r=10, tr=[(5, 2, 0), (3, 4, 1), (3, 4, 2), (2, 4, 3), (5, 3, 4), (4, 0, 5), (2, 4, 6), (2, 1, 6), (1, 0, 3), (0, 2, 4)]),CG(nc=7, r=10, tr=[(0, 1, 0), (2, 6, 1), (1, 2, 2), (1, 4, 3), (2, 1, 4), (6, 5, 5), (3, 5, 6), (3, 5, 3), (3, 4, 6), (0, 3, 4)]),411505,SAT
P33258,26,9,9,CG(nc=6, r=9, tr=[(1, 2, 0), (2, 1, 1), (3, 4, 2), (0, 2, 3), (4, 0, 4), (1, 5, 5), (5, 1, 6), (4, 1, 7), (5, 3, 3)]),CG(nc=7, r=9, tr=[(1, 6, 0), (3, 4, 1), (1, 3, 2), (5, 1, 3), (6, 5, 4), (2, 0, 5), (5, 2, 6), (4, 0, 7), (1, 0, 4)]),5110,SAT
P33259,22,8,8,CG(nc=5, r=8, tr=[(4, 2, 0), (3, 1, 1), (1, 3, 2), (3, 2, 3), (2, 0, 4), (3, 0, 5), (3, 0, 6), (4, 1, 4)]),CG(nc=6, r=8, tr=[(0, 1, 0), (1, 2, 1), (2, 5, 2), (4, 5, 3), (4, 0, 4), (1, 3, 5), (4, 3, 6), (5, 1, 4)]),4661,SAT
P33262,26,9,9,CG(nc=6, r=9, tr=[(1, 2, 0), (3, 1, 1), (3, 4, 2), (0, 1, 3), (5, 3, 4), (2, 5, 5), (5, 2, 6), (4, 3, 7), (0, 4, 5)]),CG(nc=6, r=9, tr=[(1, 2, 0), (2, 0, 1), (5, 4, 2), (3, 5, 3), (5, 1, 4), (0, 3, 5), (3, 4, 6), (1, 4, 7), (1, 2, 3)]),4950,SAT
P33263,22,8,8,CG(nc=5, r=8, tr=[(0, 1, 0), (0, 2, 1), (1, 0, 2), (3, 4, 3), (3, 2, 4), (2, 4, 5), (3, 1, 6), (1, 3, 5)]),CG(nc=5, r=8, tr=[(1, 4, 0), (1, 3, 1), (3, 0, 2), (4, 3, 3), (2, 1, 4), (3, 0, 5), (2, 0, 6), (4, 1, 5)]),4580,SAT
P33278,26,9,9,CG(nc=5, r=9, tr=[(0, 1, 0), (0, 1, 1), (1, 0, 2), (2, 4, 3), (1, 2, 4), (4, 3, 5), (2, 3, 6), (1, 0, 7), (1, 3, 3)]),CG(nc=7, r=9, tr=[(6, 2, 0), (3, 4, 1), (0, 4, 2), (4, 5, 3), (1, 5, 4), (6, 5, 5), (0, 1, 6), (3, 2, 7), (6, 1, 3)]),4710,SAT
P33279,20,7,7,CG(nc=5, r=7, tr=[(1, 2, 0), (3, 4, 1), (3, 4, 2), (0, 1, 3), (3, 1, 4), (4, 2, 5), (2, 4, 6)]),CG(nc=6, r=7, tr=[(1, 0, 0), (5, 3, 1), (3, 1, 2), (5, 0, 3), (0, 4, 4), (5, 2, 5), (4, 2, 6)]),2320,SAT
P33320,26,9,9,CG(nc=6, r=9, tr=[(0, 1, 1), (2, 5, 2), (1, 4, 3), (0, 5, 4), (0, 3, 5), (5, 4, 6), (4, 3, 7), (1, 2, 7), (3, 2, 3)]),CG(nc=6, r=9, tr=[(1, 2, 1), (0, 3, 2), (4, 3, 3), (2, 5, 4), (1, 0, 5), (3, 2, 6), (3, 1, 7), (0, 4, 1), (2, 4, 5)]),9118,SAT
P33321,30,11,11,CG(nc=6, r=11, tr=[(1, 2, 0), (3, 4, 1), (1, 0, 2), (5, 4, 3), (3, 1, 4), (1, 4, 5), (5, 2, 6), (4, 0, 7), (1, 2, 1), (3, 0, 6), (5, 3, 2)]),CG(nc=7, r=11, tr=[(6, 2, 0), (3, 4, 1), (5, 6, 2), (2, 3, 3), (1, 6, 4), (3, 5, 5), (5, 2, 6), (3, 1, 7), (0, 2, 4), (0, 4, 2), (4, 1, 6)]),454858,SAT
P33322,24,8,8,CG(nc=6, r=8, tr=[(1, 2, 1), (0, 2, 2), (5, 4, 3), (5, 0, 4), (4, 2, 5), (3, 0, 6), (1, 5, 7), (3, 4, 1)]),CG(nc=5, r=8, tr=[(1, 2, 1), (0, 3, 2), (0, 2, 3), (1, 4, 4), (2, 0, 5), (3, 1, 6), (2, 3, 7), (3, 1, 3)]),4798,SAT
P33323,26,9,9,CG(nc=6, r=9, tr=[(1, 5, 1), (3, 5, 2), (4, 2, 3), (4, 3, 4), (5, 2, 5), (0, 3, 6), (1, 4, 7), (1, 3, 3), (4, 0, 2)]),CG(nc=6, r=9, tr=[(1, 2, 1), (1, 0, 2), (3, 1, 3), (4, 3, 4), (2, 5, 5), (0, 4, 6), (3, 2, 7), (4, 5, 2), (5, 2, 3)]),8499,SAT
P33324,26,9,9,CG(nc=6, r=9, tr=[(1, 5, 1), (1, 3, 2), (4, 1, 3), (3, 0, 4), (3, 5, 5), (4, 2, 6), (2, 3, 7), (0, 2, 1), (4, 0, 5)]),CG(nc=6, r=9, tr=[(1, 5, 1), (5, 3, 2), (1, 3, 3), (4, 0, 4), (2, 5, 5), (3, 4, 6), (3, 2, 7), (2, 4, 1), (0, 1, 5)]),7852,SAT
P33325,28,10,10,CG(nc=7, r=10, tr=[(1, 2, 0), (3, 4, 1), (5, 3, 2), (0, 3, 3), (6, 3, 4), (5, 2, 5), (1, 4, 6), (0, 5, 7), (6, 4, 7), (6, 1, 3)]),CG(nc=6, r=10, tr=[(0, 1, 0), (1, 2, 1), (2, 3, 2), (4, 0, 3), (1, 5, 4), (0, 2, 5), (4, 2, 6), (3, 0, 7), (5, 3, 3), (4, 1, 7)]),15209,SAT
P33326,26,9,9,CG(nc=6, r=9, tr=[(1, 2, 1), (3, 5, 2), (0, 2, 3), (3, 0, 4), (2, 3, 5), (1, 5, 6), (4, 3, 7), (1, 2, 4), (4, 0, 1)]),CG(nc=7, r=9, tr=[(1, 2, 1), (6, 4, 2), (5, 4, 3), (6, 2, 4), (5, 3, 5), (2, 5, 6), (3, 0, 7), (1, 0, 3), (1, 3, 2)]),8649,SAT
P33327,24,8,8,CG(nc=5, r=8, tr=[(0, 1, 1), (2, 1, 2), (0, 2, 3), (0, 3, 4), (1, 3, 5), (1, 3, 6), (4, 2, 7), (3, 4, 3)]),CG(nc=5, r=8, tr=[(1, 4, 1), (3, 0, 2), (2, 0, 3), (1, 3, 4), (0, 1, 5), (3, 2, 6), (4, 2, 7), (2, 4, 2)]),4906,SAT
P33340,26,9,9,CG(nc=6, r=9, tr=[(0, 1, 1), (5, 3, 2), (1, 4, 3), (2, 4, 4), (2, 0, 5), (5, 4, 6), (3, 1, 7), (4, 2, 7), (2, 3, 3)]),CG(nc=6, r=9, tr=[(1, 2, 1), (2, 3, 2), (3, 5, 3), (5, 1, 4), (2, 0, 5), (4, 3, 6), (3, 0, 7), (0, 4, 1), (4, 1, 5)]),8635,SAT
P33341,28,10,10,CG(nc=6, r=10, tr=[(0, 1, 0), (2, 5, 1), (2, 4, 2), (3, 0, 3), (4, 0, 4), (1, 2, 5), (3, 2, 6), (5, 3, 7), (4, 5, 3), (4, 0, 7)]),CG(nc=7, r=10, tr=[(1, 0, 0), (2, 3, 1), (1, 2, 2), (4, 0, 3), (3, 5, 4), (4, 1, 5), (3, 4, 6), (0, 1, 7), (2, 6, 3), (5, 6, 7)]),10222,SAT
P33342,24,8,8,CG(nc=6, r=8, tr=[(1, 0, 1), (2, 5, 2), (4, 1, 3), (4, 3, 4), (3, 0, 5), (4, 5, 6), (2, 1, 7), (3, 2, 3)]),CG(nc=6, r=8, tr=[(1, 2, 1), (3, 2, 2), (5, 2, 3), (3, 0, 4), (3, 4, 5), (1, 4, 6), (1, 5, 7), (4, 0, 3)]),4732,SAT
P33343,24,8,8,CG(nc=5, r=8, tr=[(1, 2, 1), (4, 2, 2), (1, 4, 3), (1, 0, 4), (3, 2, 5), (2, 0, 6), (0, 1, 7), (3, 0, 3)]),CG(nc=6, r=8, tr=[(1, 2, 1), (0, 2, 2), (5, 2, 3), (4, 5, 4), (3, 4, 5), (1, 0, 6), (3, 1, 7), (4, 3, 2)]),4817,SAT
P33344,26,9,9,CG(nc=6, r=9, tr=[(1, 5, 0), (3, 4, 1), (2, 5, 2), (4, 0, 3), (4, 2, 4), (0, 2, 5), (3, 1, 6), (0, 1, 7), (4, 5, 4)]),CG(nc=6, r=9, tr=[(1, 2, 0), (3, 4, 1), (2, 5, 2), (3, 0, 3), (0, 3, 4), (1, 4, 5), (1, 3, 6), (4, 2, 7), (2, 5, 5)]),5636,SAT
P33345,24,8,8,CG(nc=6, r=8, tr=[(1, 2, 0), (5, 1, 1), (4, 0, 2), (0, 3, 3), (3, 5, 4), (5, 4, 5), (0, 1, 6), (2, 4, 7)]),CG(nc=6, r=8, tr=[(0, 1, 0), (2, 3, 1), (2, 1, 2), (3, 5, 3), (3, 5, 4), (4, 1, 5), (4, 3, 6), (1, 0, 7)]),2481,SAT
P33346,24,8,8,CG(nc=6, r=8, tr=[(1, 5, 0), (3, 0, 1), (1, 4, 2), (2, 0, 3), (2, 5, 4), (4, 2, 5), (3, 5, 6), (0, 4, 7)]),CG(nc=7, r=8, tr=[(0, 1, 0), (6, 3, 1), (4, 3, 2), (1, 5, 3), (4, 0, 4), (2, 6, 5), (5, 2, 6), (4, 5, 7)]),2743,SAT
P33347,24,8,8,CG(nc=5, r=8, tr=[(1, 2, 0), (1, 4, 1), (4, 1, 2), (3, 0, 3), (4, 3, 4), (0, 1, 5), (1, 0, 6), (0, 2, 7)]),CG(nc=5, r=8, tr=[(1, 2, 0), (0, 2, 1), (4, 3, 2), (2, 3, 3), (2, 3, 4), (4, 1, 5), (0, 3, 6), (1, 2, 7)]),2628,SAT
P33350,24,8,8,CG(nc=4, r=8, tr=[(1, 3, 0), (0, 2, 1), (2, 0, 2), (3, 1, 3), (1, 0, 4), (3, 2, 5), (1, 2, 6), (2, 1, 7)]),CG(nc=6, r=8, tr=[(5, 2, 0), (3, 5, 1), (4, 0, 2), (2, 3, 3), (3, 4, 4), (0, 3, 5), (5, 1, 6), (4, 1, 7)]),2691,SAT
P33351,24,8,8,CG(nc=6, r=8, tr=[(1, 5, 0), (3, 1, 1), (4, 5, 2), (0, 2, 3), (5, 2, 4), (4, 0, 5), (0, 3, 6), (3, 0, 7)]),CG(nc=5, r=8, tr=[(1, 4, 0), (4, 1, 1), (1, 3, 2), (3, 0, 3), (0, 3, 4), (1, 3, 5), (2, 4, 6), (1, 2, 7)]),2516,SAT
P33352,28,10,10,CG(nc=7, r=10, tr=[(1, 2, 0), (3, 4, 1), (2, 5, 2), (6, 5, 3), (5, 3, 4), (0, 1, 5), (6, 4, 6), (6, 1, 7), (0, 5, 7), (0, 3, 3)]),CG(nc=7, r=10, tr=[(0, 1, 0), (2, 6, 1), (4, 5, 2), (4, 3, 3), (5, 0, 4), (5, 2, 5), (6, 4, 6), (4, 2, 7), (1, 6, 4), (3, 1, 5)]),11731,SAT
P33353,28,10,10,CG(nc=6, r=10, tr=[(1, 2, 0), (3, 0, 1), (5, 2, 2), (3, 4, 3), (1, 4, 4), (3, 5, 5), (4, 5, 6), (3, 1, 7), (1, 2, 3), (2, 0, 5)]),CG(nc=8, r=10, tr=[(1, 2, 0), (7, 4, 1), (4, 2, 2), (0, 1, 3), (5, 1, 4), (6, 7, 5), (2, 6, 6), (3, 0, 7), (6, 5, 2), (2, 3, 4)]),14384,SAT
P33354,26,9,9,CG(nc=6, r=9, tr=[(1, 2, 0), (3, 4, 1), (2, 0, 2), (2, 3, 3), (4, 5, 4), (5, 2, 5), (4, 0, 6), (1, 5, 7), (5, 2, 6)]),CG(nc=6, r=9, tr=[(5, 2, 0), (3, 4, 1), (3, 5, 2), (3, 4, 3), (4, 0, 4), (2, 4, 5), (1, 5, 6), (1, 2, 7), (0, 3, 6)]),5470,SAT
P33355,26,9,9,CG(nc=5, r=9, tr=[(1, 2, 0), (2, 3, 1), (4, 3, 2), (1, 4, 3), (2, 4, 4), (0, 3, 5), (0, 3, 6), (1, 0, 7), (1, 0, 4)]),CG(nc=7, r=9, tr=[(1, 2, 0), (3, 2, 1), (0, 3, 2), (1, 6, 3), (5, 6, 4), (4, 2, 5), (0, 4, 6), (2, 5, 7), (3, 5, 3)]),5757,SAT
P33358,24,8,8,CG(nc=6, r=8, tr=[(5, 2, 0), (3, 4, 1), (1, 0, 2), (4, 5, 3), (1, 3, 4), (5, 1, 5), (3, 0, 6), (2, 1, 7)]),CG(nc=5, r=8, tr=[(1, 0, 0), (2, 1, 1), (0, 1, 2), (3, 4, 3), (4, 2, 4), (3, 1, 5), (2, 1, 6), (0, 3, 7)]),2572,SAT
P33359,24,8,8,CG(nc=6, r=8, tr=[(1, 2, 0), (5, 2, 1), (4, 0, 2), (0, 3, 3), (5, 3, 4), (4, 5, 5), (3, 2, 6), (4, 1, 7)]),CG(nc=6, r=8, tr=[(1, 2, 0), (2, 1, 1), (2, 0, 2), (5, 2, 3), (5, 4, 4), (0, 3, 5), (1, 3, 6), (1, 4, 7)]),3106,SAT
P33364,26,9,9,CG(nc=6, r=9, tr=[(0, 1, 0), (2, 5, 1), (4, 3, 2), (4, 5, 3), (4, 0, 4), (3, 2, 5), (1, 2, 6), (5, 1, 7), (0, 3, 5)]),CG(nc=6, r=9, tr=[(5, 2, 0), (3, 4, 1), (1, 4, 2), (3, 0, 3), (0, 1, 4), (3, 2, 5), (1, 2, 6), (5, 3, 7), (1, 0, 3)]),5860,SAT
P33365,24,8,8,CG(nc=6, r=8, tr=[(5, 2, 0), (0, 3, 1), (5, 4, 2), (0, 1, 3), (5, 1, 4), (4, 1, 5), (2, 3, 6), (2, 0, 7)]),CG(nc=6, r=8, tr=[(5, 2, 0), (5, 3, 1), (4, 1, 2), (0, 2, 3), (4, 3, 4), (1, 4, 5), (3, 5, 6), (0, 1, 7)]),2619,SAT
P33366,26,9,9,CG(nc=6, r=9, tr=[(1, 2, 0), (2, 5, 1), (5, 2, 2), (4, 0, 3), (4, 5, 4), (1, 0, 5), (1, 4, 6), (3, 1, 7), (0, 3, 0)]),CG(nc=7, r=9, tr=[(1, 0, 0), (2, 3, 1), (3, 6, 2), (5, 6, 3), (0, 2, 4), (4, 6, 5), (5, 4, 6), (2, 5, 7), (4, 1, 3)]),5423,SAT
P33367,24,8,8,CG(nc=5, r=8, tr=[(1, 2, 0), (2, 0, 1), (2, 0, 2), (3, 4, 3), (3, 0, 4), (4, 1, 5), (3, 2, 6), (1, 4, 7)]),CG(nc=7, r=8, tr=[(0, 1, 0), (2, 6, 1), (2, 4, 2), (6, 1, 3), (0, 4, 4), (6, 5, 5), (5, 3, 6), (3, 4, 7)]),2962,SAT
P33368,28,10,10,CG(nc=7, r=10, tr=[(1, 2, 0), (6, 4, 1), (1, 6, 2), (5, 0, 3), (4, 3, 4), (3, 6, 5), (5, 4, 6), (2, 0, 7), (3, 5, 2), (2, 3, 6)]),CG(nc=7, r=10, tr=[(1, 2, 0), (6, 4, 1), (2, 5, 2), (2, 6, 3), (4, 5, 4), (4, 0, 5), (1, 0, 6), (3, 5, 7), (0, 3, 2), (6, 3, 6)]),12622,SAT
P33369,28,10,10,CG(nc=7, r=10, tr=[(1, 2, 0), (3, 4, 1), (4, 1, 2), (6, 4, 3), (5, 6, 4), (0, 1, 5), (5, 3, 6), (4, 0, 7), (0, 5, 3), (6, 2, 7)]),CG(nc=6, r=10, tr=[(1, 0, 0), (2, 5, 1), (1, 4, 2), (2, 1, 3), (2, 3, 4), (4, 0, 5), (5, 2, 6), (0, 1, 7), (4, 3, 7), (5, 3, 3)]),13587,SAT
P33370,26,9,9,CG(nc=6, r=9, tr=[(1, 2, 0), (3, 0, 1), (0, 1, 2), (4, 5, 3), (4, 0, 4), (2, 5, 5), (2, 4, 6), (5, 2, 7), (3, 2, 3)]),CG(nc=7, r=9, tr=[(1, 0, 0), (2, 6, 1), (4, 2, 2), (1, 5, 3), (0, 4, 4), (4, 3, 5), (6, 5, 6), (5, 3, 7), (6, 2, 3)]),5094,SAT
P33371,26,9,9,CG(nc=6, r=9, tr=[(1, 0, 0), (2, 3, 1), (5, 4, 2), (1, 2, 3), (1, 5, 4), (1, 4, 5), (3, 5, 6), (4, 1, 7), (0, 2, 4)]),CG(nc=6, r=9, tr=[(0, 1, 0), (2, 5, 1), (0, 4, 2), (1, 2, 3), (1, 5, 4), (0, 3, 5), (5, 2, 6), (4, 3, 7), (2, 4, 4)]),5572,SAT
P33372,26,9,9,CG(nc=6, r=9, tr=[(1, 5, 0), (3, 1, 1), (4, 3, 2), (2, 0, 3), (2, 5, 4), (3, 0, 5), (2, 3, 6), (4, 0, 7), (4, 1, 5)]),CG(nc=6, r=9, tr=[(1, 5, 0), (3, 1, 1), (4, 5, 2), (2, 0, 3), (1, 0, 4), (5, 3, 5), (2, 1, 6), (3, 4, 7), (2, 4, 5)]),5904,SAT
P33373,26,9,9,CG(nc=6, r=9, tr=[(1, 2, 0), (3, 5, 1), (2, 3, 2), (0, 4, 3), (5, 4, 4), (4, 3, 5), (3, 4, 6), (1, 0, 7), (2, 5, 5)]),CG(nc=6, r=9, tr=[(1, 5, 0), (3, 4, 1), (4, 0, 2), (0, 1, 3), (3, 1, 4), (3, 2, 5), (2, 0, 6), (1, 5, 7), (2, 5, 2)]),5555,SAT
P33374,26,9,9,CG(nc=6, r=9, tr=[(1, 2, 0), (5, 2, 1), (4, 0, 2), (0, 3, 3), (3, 5, 4), (1, 0, 5), (1, 3, 6), (1, 4, 7), (5, 2, 2)]),CG(nc=6, r=9, tr=[(5, 2, 0), (2, 3, 1), (2, 5, 2), (4, 0, 3), (0, 3, 4), (2, 1, 5), (3, 4, 6), (5, 1, 7), (4, 2, 5)]),5508,SAT
P33375,24,8,8,CG(nc=6, r=8, tr=[(1, 5, 0), (0, 3, 1), (4, 0, 2), (5, 2, 3), (2, 0, 4), (2, 4, 5), (2, 3, 6), (4, 1, 7)]),CG(nc=5, r=8, tr=[(4, 2, 0), (0, 3, 1), (2, 4, 2), (2, 0, 3), (2, 3, 4), (1, 4, 5), (0, 3, 6), (2, 1, 7)]),3148,SAT
P33384,30,11,11,CG(nc=6, r=11, tr=[(0, 1, 0), (2, 1, 1), (5, 4, 2), (0, 1, 3), (2, 3, 4), (5, 2, 5), (0, 4, 6), (4, 2, 7), (0, 3, 5), (3, 5, 1), (4, 3, 3)]),CG(nc=7, r=11, tr=[(6, 2, 0), (6, 3, 1), (4, 6, 2), (4, 5, 3), (0, 2, 4), (2, 5, 5), (6, 1, 6), (1, 5, 7), (2, 1, 2), (0, 4, 6), (3, 5, 4)]),425043,SAT
P33385,30,11,11,CG(nc=7, r=11, tr=[(1, 6, 0), (3, 4, 1), (0, 5, 2), (3, 1, 3), (6, 3, 4), (4, 2, 5), (0, 4, 6), (2, 1, 7), (2, 1, 4), (5, 3, 5), (5, 2, 1)]),CG(nc=8, r=11, tr=[(1, 2, 0), (3, 2, 1), (0, 3, 2), (1, 7, 3), (5, 7, 4), (2, 6, 5), (0, 6, 6), (5, 2, 7), (3, 4, 5), (5, 4, 3), (4, 6, 1)]),424142,SAT
P33386,28,10,10,CG(nc=6, r=10, tr=[(1, 2, 0), (3, 2, 1), (5, 3, 2), (1, 5, 3), (4, 1, 4), (4, 3, 5), (0, 3, 6), (1, 0, 7), (5, 3, 4), (4, 0, 3)]),CG(nc=7, r=10, tr=[(1, 6, 0), (3, 4, 1), (3, 0, 2), (4, 0, 3), (6, 5, 4), (1, 2, 5), (2, 4, 6), (4, 5, 7), (0, 1, 4), (5, 3, 3)]),14126,SAT
P33387,28,10,10,CG(nc=6, r=10, tr=[(1, 5, 0), (3, 4, 1), (3, 2, 2), (0, 3, 3), (1, 0, 4), (2, 5, 5), (5, 4, 6), (1, 3, 7), (0, 2, 1), (1, 5, 3)]),CG(nc=6, r=10, tr=[(1, 5, 0), (1, 3, 1), (4, 3, 2), (0, 2, 3), (0, 1, 4), (1, 4, 5), (4, 2, 6), (2, 5, 7), (4, 2, 1), (5, 3, 3)]),13751,SAT
P33388,28,10,10,CG(nc=7, r=10, tr=[(1, 2, 0), (0, 3, 1), (6, 2, 2), (5, 3, 3), (2, 5, 4), (0, 4, 5), (6, 5, 6), (3, 1, 7), (4, 2, 3), (4, 5, 7)]),CG(nc=6, r=10, tr=[(5, 2, 0), (3, 4, 1), (5, 3, 2), (5, 4, 3), (0, 2, 4), (3, 1, 5), (2, 3, 6), (2, 4, 7), (0, 1, 3), (5, 1, 7)]),12206,SAT
P33389,30,11,11,CG(nc=7, r=11, tr=[(1, 6, 0), (3, 0, 1), (4, 5, 2), (2, 0, 3), (2, 6, 4), (2, 5, 5), (4, 3, 6), (0, 4, 7), (1, 5, 1), (4, 1, 3), (3, 1, 5)]),CG(nc=7, r=11, tr=[(1, 2, 0), (6, 4, 1), (5, 2, 2), (3, 4, 3), (3, 1, 4), (2, 6, 5), (1, 5, 6), (3, 0, 7), (4, 1, 2), (2, 5, 7), (0, 5, 3)]),420750,SAT
P33390,28,10,10,CG(nc=6, r=10, tr=[(1, 2, 0), (2, 3, 1), (1, 0, 2), (4, 2, 3), (0, 4, 4), (5, 4, 5), (2, 5, 6), (5, 3, 7), (5, 2, 4), (4, 0, 1)]),CG(nc=6, r=10, tr=[(1, 2, 0), (1, 2, 1), (1, 0, 2), (0, 2, 3), (3, 1, 4), (1, 4, 5), (5, 3, 6), (4, 0, 7), (5, 4, 3), (3, 5, 1)]),12256,SAT
P33391,26,9,9,CG(nc=6, r=9, tr=[(1, 2, 0), (2, 5, 1), (4, 1, 2), (0, 3, 3), (5, 3, 4), (3, 1, 5), (3, 2, 6), (0, 4, 7), (4, 5, 3)]),CG(nc=6, r=9, tr=[(1, 2, 0), (1, 2, 1), (2, 0, 2), (2, 5, 3), (4, 1, 4), (1, 3, 5), (0, 3, 6), (4, 5, 7), (3, 4, 3)]),4869,SAT
P33404,28,10,10,CG(nc=6, r=10, tr=[(1, 2, 0), (1, 3, 1), (2, 5, 2), (3, 5, 3), (0, 3, 4), (3, 4, 5), (4, 5, 6), (0, 3, 7), (0, 4, 2), (0, 1, 6)]),CG(nc=7, r=10, tr=[(1, 0, 0), (2, 1, 1), (3, 2, 2), (0, 2, 3), (4, 6, 4), (5, 3, 5), (5, 1, 6), (3, 4, 7), (0, 1, 7), (6, 5, 3)]),12023,SAT
P33405,28,10,10,CG(nc=6, r=10, tr=[(0, 1, 0), (2, 3, 1), (1, 2, 2), (3, 0, 3), (3, 5, 4), (2, 4, 5), (5, 2, 6), (3, 5, 7), (1, 4, 7), (5, 4, 3)]),CG(nc=6, r=10, tr=[(1, 5, 0), (5, 3, 1), (4, 1, 2), (0, 1, 3), (0, 2, 4), (3, 2, 5), (3, 1, 6), (5, 1, 7), (5, 4, 5), (4, 2, 1)]),9464,SAT
P33406,26,9,9,CG(nc=7, r=9, tr=[(1, 2, 0), (3, 6, 1), (2, 0, 2), (5, 2, 3), (5, 4, 4), (6, 5, 5), (4, 0, 6), (3, 1, 7), (4, 3, 3)]),CG(nc=6, r=9, tr=[(0, 1, 0), (1, 2, 1), (3, 2, 2), (4, 5, 3), (5, 3, 4), (4, 3, 5), (4, 1, 6), (1, 0, 7), (0, 2, 3)]),5850,SAT
P33407,26,9,9,CG(nc=6, r=9, tr=[(1, 2, 0), (1, 0, 1), (3, 2, 2), (0, 3, 3), (3, 5, 4), (5, 2, 5), (4, 5, 6), (3, 5, 7), (4, 1, 3)]),CG(nc=6, r=9, tr=[(1, 0, 0), (2, 1, 1), (0, 1, 2), (1, 5, 3), (5, 4, 4), (2, 3, 5), (2, 0, 6), (3, 4, 7), (4, 2, 2)]),4633,SAT
P33408,20,6,6,CG(nc=4, r=6, tr=[(1, 0, 1), (3, 2, 2), (2, 1, 4), (2, 0, 5), (1, 3, 6), (2, 3, 7)]),CG(nc=6, r=6, tr=[(1, 2, 1), (5, 4, 2), (0, 1, 4), (5, 3, 5), (3, 1, 6), (4, 2, 7)]),2405,SAT
P33409,24,8,8,CG(nc=5, r=8, tr=[(4, 2, 0), (3, 4, 1), (1, 0, 2), (2, 4, 3), (2, 0, 4), (4, 1, 5), (0, 3, 6), (2, 3, 7)]),CG(nc=5, r=8, tr=[(0, 1, 0), (1, 2, 1), (3, 4, 2), (2, 3, 3), (1, 3, 4), (4, 3, 5), (0, 1, 6), (2, 0, 7)]),2540,SAT
P33410,16,5,5,CG(nc=4, r=5, tr=[(1, 3, 1), (3, 2, 2), (3, 0, 3), (0, 2, 4), (1, 0, 5)]),CG(nc=5, r=5, tr=[(4, 2, 1), (3, 2, 2), (3, 0, 3), (4, 1, 4), (3, 1, 5)]),2553,SAT
P33411,20,7,7,CG(nc=5, r=7, tr=[(0, 1, 1), (2, 4, 2), (3, 1, 3), (1, 2, 4), (2, 0, 5), (4, 3, 6), (0, 3, 1)]),CG(nc=5, r=7, tr=[(1, 4, 1), (0, 3, 2), (3, 2, 3), (1, 3, 4), (0, 3, 5), (1, 4, 6), (4, 2, 1)]),4025,SAT
P33412,24,8,8,CG(nc=6, r=8, tr=[(1, 2, 0), (1, 0, 1), (3, 4, 2), (5, 4, 3), (0, 4, 4), (3, 0, 5), (5, 2, 6), (5, 3, 7)]),CG(nc=6, r=8, tr=[(1, 2, 0), (3, 4, 1), (1, 4, 2), (0, 4, 3), (0, 3, 4), (5, 2, 5), (2, 3, 6), (5, 1, 7)]),3390,SAT
P33413,24,8,8,CG(nc=4, r=8, tr=[(3, 2, 0), (2, 1, 1), (1, 3, 2), (3, 2, 3), (2, 0, 4), (0, 1, 5), (0, 1, 6), (2, 1, 7)]),CG(nc=6, r=8, tr=[(1, 0, 0), (2, 3, 1), (2, 1, 2), (2, 5, 3), (3, 5, 4), (3, 4, 5), (0, 4, 6), (1, 0, 7)]),2413,SAT
P33414,22,8,8,CG(nc=5, r=8, tr=[(1, 4, 0), (1, 3, 1), (4, 3, 2), (2, 0, 3), (4, 2, 4), (3, 2, 5), (0, 3, 6), (2, 0, 2)]),CG(nc=6, r=8, tr=[(1, 0, 0), (2, 0, 1), (3, 2, 2), (5, 4, 3), (3, 5, 4), (3, 1, 5), (1, 0, 6), (4, 2, 5)]),4497,SAT
P33415,20,7,7,CG(nc=5, r=7, tr=[(1, 0, 0), (4, 3, 1), (2, 0, 2), (0, 1, 3), (2, 3, 4), (4, 2, 5), (1, 3, 6)]),CG(nc=5, r=7, tr=[(1, 2, 0), (3, 4, 1), (0, 2, 2), (1, 4, 3), (3, 2, 4), (3, 0, 5), (2, 4, 6)]),2228,SAT
P33416,22,7,7,CG(nc=5, r=7, tr=[(1, 2, 1), (0, 3, 2), (0, 1, 3), (0, 4, 4), (4, 3, 5), (2, 4, 6), (0, 3, 7)]),CG(nc=5, r=7, tr=[(0, 1, 1), (2, 4, 2), (1, 0, 3), (1, 3, 4), (3, 4, 5), (1, 0, 6), (2, 3, 7)]),2399,SAT
P33417,26,9,9,CG(nc=6, r=9, tr=[(1, 0, 0), (2, 3, 1), (3, 2, 2), (5, 2, 3), (2, 0, 4), (3, 1, 5), (3, 4, 6), (5, 3, 7), (1, 4, 3)]),CG(nc=6, r=9, tr=[(1, 5, 0), (3, 4, 1), (3, 1, 2), (4, 2, 3), (4, 0, 4), (2, 5, 5), (2, 4, 6), (5, 1, 7), (2, 0, 1)]),4792,SAT
P33418,18,6,6,CG(nc=5, r=6, tr=[(1, 4, 1), (4, 3, 2), (2, 1, 3), (4, 0, 4), (0, 3, 5), (0, 2, 6)]),CG(nc=5, r=6, tr=[(4, 2, 1), (3, 2, 2), (1, 3, 3), (0, 3, 4), (4, 1, 5), (3, 1, 6)]),1991,SAT
P33419,20,7,7,CG(nc=5, r=7, tr=[(0, 1, 1), (0, 1, 2), (2, 3, 3), (0, 3, 4), (1, 4, 5), (1, 2, 6), (4, 3, 1)]),CG(nc=5, r=7, tr=[(4, 2, 1), (3, 1, 2), (4, 1, 3), (1, 2, 4), (0, 2, 5), (1, 4, 6), (0, 3, 1)]),4179,SAT
P33420,22,7,7,CG(nc=5, r=7, tr=[(0, 1, 1), (2, 3, 2), (4, 2, 3), (0, 2, 4), (3, 0, 5), (2, 1, 6), (3, 4, 7)]),CG(nc=5, r=7, tr=[(1, 2, 1), (2, 3, 2), (3, 0, 3), (1, 0, 4), (4, 2, 5), (2, 1, 6), (4, 3, 7)]),2251,SAT
P33421,24,8,8,CG(nc=6, r=8, tr=[(0, 1, 0), (5, 3, 1), (4, 0, 2), (0, 2, 3), (3, 4, 4), (4, 5, 5), (2, 3, 6), (4, 1, 7)]),CG(nc=5, r=8, tr=[(1, 4, 0), (1, 3, 1), (2, 1, 2), (2, 0, 3), (0, 3, 4), (4, 1, 5), (3, 1, 6), (4, 2, 7)]),2505,SAT
P33422,20,7,7,CG(nc=5, r=7, tr=[(1, 0, 1), (2, 1, 2), (1, 3, 3), (4, 2, 4), (2, 0, 5), (4, 3, 6), (1, 4, 5)]),CG(nc=5, r=7, tr=[(1, 4, 1), (3, 4, 2), (3, 1, 3), (2, 1, 4), (1, 0, 5), (2, 4, 6), (2, 0, 2)]),3865,SAT
P33423,18,6,6,CG(nc=5, r=6, tr=[(4, 2, 1), (3, 0, 2), (0, 1, 3), (3, 2, 4), (3, 4, 5), (1, 2, 6)]),CG(nc=5, r=6, tr=[(1, 2, 1), (2, 4, 2), (0, 2, 3), (1, 0, 4), (1, 3, 5), (3, 4, 6)]),2391,SAT
P33428,26,9,9,CG(nc=6, r=9, tr=[(1, 2, 0), (1, 0, 1), (3, 1, 2), (0, 3, 3), (5, 3, 4), (5, 1, 5), (5, 2, 6), (4, 0, 7), (2, 4, 5)]),CG(nc=6, r=9, tr=[(1, 2, 0), (1, 3, 1), (3, 4, 2), (0, 3, 3), (4, 0, 4), (2, 4, 5), (5, 2, 6), (1, 5, 7), (1, 5, 5)]),4941,SAT
P33429,26,9,9,CG(nc=6, r=9, tr=[(5, 2, 0), (3, 0, 1), (2, 4, 2), (1, 0, 3), (1, 5, 4), (0, 4, 5), (3, 2, 6), (2, 4, 7), (1, 3, 2)]),CG(nc=7, r=9, tr=[(1, 2, 0), (0, 1, 1), (3, 1, 2), (2, 6, 3), (5, 3, 4), (0, 3, 5), (6, 5, 6), (4, 5, 7), (4, 6, 1)]),4639,SAT
P33430,24,9,9,CG(nc=6, r=9, tr=[(1, 2, 0), (0, 2, 1), (3, 2, 2), (2, 1, 3), (3, 4, 4), (3, 0, 5), (4, 1, 6), (1, 5, 5), (4, 5, 1)]),CG(nc=6, r=9, tr=[(1, 5, 0), (3, 1, 1), (5, 3, 2), (4, 3, 3), (1, 0, 4), (2, 4, 5), (4, 0, 6), (0, 2, 0), (2, 5, 4)]),6946,SAT
P33431,22,8,8,CG(nc=5, r=8, tr=[(1, 4, 0), (3, 1, 1), (3, 4, 2), (1, 4, 3), (0, 1, 4), (2, 0, 5), (3, 0, 6), (2, 1, 2)]),CG(nc=5, r=8, tr=[(1, 4, 0), (3, 2, 1), (2, 4, 2), (3, 0, 3), (0, 1, 4), (2, 4, 5), (1, 2, 6), (1, 3, 2)]),4150,SAT
P33432,26,9,9,CG(nc=6, r=9, tr=[(1, 0, 0), (2, 3, 1), (5, 4, 2), (2, 0, 3), (3, 0, 4), (1, 4, 5), (3, 5, 6), (5, 4, 7), (2, 4, 4)]),CG(nc=6, r=9, tr=[(1, 5, 0), (3, 4, 1), (3, 2, 2), (1, 4, 3), (4, 0, 4), (1, 5, 5), (3, 0, 6), (5, 2, 7), (3, 1, 4)]),5276,SAT
P33433,26,9,9,CG(nc=6, r=9, tr=[(5, 2, 0), (0, 3, 1), (4, 2, 2), (1, 3, 3), (0, 1, 4), (0, 4, 5), (1, 2, 6), (2, 4, 7), (3, 5, 4)]),CG(nc=6, r=9, tr=[(1, 0, 0), (2, 1, 1), (3, 4, 2), (5, 2, 3), (4, 0, 4), (2, 4, 5), (1, 3, 6), (3, 2, 7), (1, 5, 4)]),5302,SAT
P33434,22,8,8,CG(nc=6, r=8, tr=[(1, 2, 0), (5, 4, 1), (2, 0, 2), (0, 3, 3), (4, 0, 4), (1, 5, 5), (3, 4, 6), (3, 1, 4)]),CG(nc=5, r=8, tr=[(0, 1, 0), (4, 3, 1), (1, 0, 2), (2, 3, 3), (2, 4, 4), (0, 3, 5), (2, 1, 6), (1, 3, 4)]),5106,SAT
P33435,22,8,8,CG(nc=5, r=8, tr=[(1, 0, 0), (2, 3, 1), (3, 4, 2), (2, 4, 3), (3, 4, 4), (3, 1, 5), (1, 3, 6), (2, 0, 4)]),CG(nc=6, r=8, tr=[(1, 0, 0), (5, 3, 1), (3, 4, 2), (3, 1, 3), (5, 1, 4), (2, 1, 5), (0, 2, 6), (0, 4, 4)]),4628,SAT
P33436,26,9,9,CG(nc=6, r=9, tr=[(1, 2, 0), (3, 1, 1), (1, 0, 2), (3, 0, 3), (5, 3, 4), (5, 2, 5), (2, 4, 6), (4, 0, 7), (4, 5, 3)]),CG(nc=6, r=9, tr=[(0, 1, 0), (2, 3, 1), (4, 3, 2), (5, 3, 3), (5, 2, 4), (4, 0, 5), (2, 1, 6), (0, 4, 7), (0, 1, 5)]),5067,SAT
P33437,26,9,9,CG(nc=6, r=9, tr=[(0, 1, 0), (2, 3, 1), (2, 5, 2), (5, 3, 3), (3, 0, 4), (1, 4, 5), (2, 1, 6), (5, 4, 7), (2, 1, 5)]),CG(nc=5, r=9, tr=[(1, 0, 0), (4, 3, 1), (1, 2, 2), (3, 1, 3), (3, 2, 4), (3, 0, 5), (4, 2, 6), (1, 0, 7), (2, 4, 3)]),4860,SAT
P33438,22,8,8,CG(nc=5, r=8, tr=[(1, 0, 0), (2, 3, 1), (4, 3, 2), (2, 4, 3), (0, 2, 4), (1, 3, 5), (0, 3, 6), (4, 1, 4)]),CG(nc=6, r=8, tr=[(5, 2, 0), (2, 3, 1), (4, 2, 2), (1, 0, 3), (5, 4, 4), (1, 4, 5), (3, 1, 6), (0, 3, 4)]),4304,SAT
P33439,20,7,7,CG(nc=5, r=7, tr=[(1, 2, 0), (1, 3, 1), (1, 0, 2), (0, 3, 3), (4, 3, 4), (4, 2, 5), (2, 4, 6)]),CG(nc=5, r=7, tr=[(0, 1, 0), (2, 1, 1), (2, 0, 2), (4, 2, 3), (4, 1, 4), (3, 0, 5), (1, 3, 6)]),2308,SAT
P33448,24,8,8,CG(nc=5, r=8, tr=[(1, 2, 1), (3, 4, 2), (1, 0, 3), (4, 0, 4), (1, 3, 5), (4, 2, 6), (4, 1, 7), (3, 0, 6)]),CG(nc=5, r=8, tr=[(1, 2, 1), (2, 3, 2), (1, 3, 3), (4, 1, 4), (2, 0, 5), (0, 3, 6), (0, 3, 7), (2, 1, 6)]),4453,SAT
P33449,28,10,10,CG(nc=6, r=10, tr=[(5, 2, 0), (0, 3, 1), (3, 0, 2), (2, 4, 3), (3, 5, 4), (1, 4, 5), (2, 1, 6), (4, 0, 7), (3, 1, 3), (0, 1, 4)]),CG(nc=7, r=10, tr=[(1, 0, 0), (6, 3, 1), (1, 4, 2), (4, 3, 3), (5, 0, 4), (2, 6, 5), (4, 2, 6), (4, 5, 7), (1, 3, 4), (5, 2, 3)]),13699,SAT
P33450,18,6,6,CG(nc=5, r=6, tr=[(1, 0, 1), (2, 3, 2), (2, 4, 3), (4, 0, 4), (3, 0, 5), (2, 1, 6)]),CG(nc=5, r=6, tr=[(1, 2, 1), (2, 0, 2), (1, 0, 3), (1, 4, 4), (3, 1, 5), (0, 3, 6)]),2636,SAT
P33451,22,8,8,CG(nc=5, r=8, tr=[(1, 4, 1), (4, 1, 2), (3, 2, 3), (0, 1, 4), (1, 3, 5), (2, 4, 6), (0, 3, 1), (2, 0, 2)]),CG(nc=6, r=8, tr=[(1, 2, 1), (2, 3, 2), (1, 0, 3), (1, 5, 4), (4, 5, 5), (4, 3, 6), (0, 3, 4), (3, 5, 3)]),7051,SAT
P33452,26,9,9,CG(nc=6, r=9, tr=[(1, 0, 1), (1, 2, 2), (3, 1, 3), (5, 2, 4), (0, 2, 5), (4, 5, 6), (4, 2, 7), (3, 5, 6), (5, 3, 5)]),CG(nc=6, r=9, tr=[(0, 1, 1), (1, 2, 2), (3, 0, 3), (4, 5, 4), (5, 1, 5), (4, 3, 6), (2, 4, 7), (2, 0, 3), (0, 3, 5)]),8848,SAT
P33453,28,10,10,CG(nc=6, r=10, tr=[(1, 5, 0), (1, 3, 1), (4, 5, 2), (4, 3, 3), (0, 2, 4), (0, 3, 5), (0, 4, 6), (2, 4, 7), (2, 1, 5), (2, 5, 3)]),CG(nc=7, r=10, tr=[(1, 2, 0), (2, 3, 1), (2, 6, 2), (1, 0, 3), (5, 3, 4), (2, 1, 5), (4, 1, 6), (0, 5, 7), (6, 4, 4), (2, 0, 6)]),11773,SAT
P33454,20,7,7,CG(nc=5, r=7, tr=[(0, 1, 1), (2, 3, 2), (2, 4, 3), (4, 3, 4), (3, 0, 5), (1, 2, 6), (0, 2, 4)]),CG(nc=5, r=7, tr=[(1, 0, 1), (4, 3, 2), (0, 2, 3), (2, 4, 4), (3, 2, 5), (0, 3, 6), (1, 2, 2)]),4439,SAT
P33455,20,7,7,CG(nc=5, r=7, tr=[(1, 2, 1), (3, 4, 2), (1, 0, 3), (2, 3, 4), (3, 1, 5), (4, 2, 6), (0, 2, 2)]),CG(nc=5, r=7, tr=[(1, 2, 1), (0, 2, 2), (3, 2, 3), (1, 4, 4), (1, 3, 5), (3, 0, 6), (4, 3, 2)]),4778,SAT
P33468,24,8,8,CG(nc=6, r=8, tr=[(1, 5, 1), (0, 3, 2), (1, 4, 3), (3, 1, 4), (5, 2, 5), (0, 4, 6), (4, 2, 7), (2, 3, 3)]),CG(nc=6, r=8, tr=[(1, 2, 1), (2, 3, 2), (4, 5, 3), (0, 3, 4), (4, 3, 5), (1, 4, 6), (5, 1, 7), (0, 2, 3)]),4739,SAT
P33469,26,9,9,CG(nc=7, r=9, tr=[(1, 2, 0), (0, 3, 1), (4, 6, 2), (2, 3, 3), (4, 3, 4), (5, 0, 5), (6, 2, 6), (5, 1, 7), (5, 4, 3)]),CG(nc=6, r=9, tr=[(1, 0, 0), (2, 1, 1), (2, 3, 2), (2, 5, 3), (5, 1, 4), (3, 4, 5), (4, 1, 6), (0, 3, 7), (4, 0, 3)]),5714,SAT
P33470,22,8,8,CG(nc=5, r=8, tr=[(4, 2, 1), (3, 4, 2), (2, 3, 3), (3, 1, 4), (1, 4, 5), (0, 3, 6), (0, 1, 1), (0, 2, 5)]),CG(nc=5, r=8, tr=[(4, 2, 1), (3, 4, 2), (2, 3, 3), (3, 1, 4), (1, 4, 5), (0, 3, 6), (0, 1, 1), (0, 2, 5)]),6543,SAT
P33471,20,7,7,CG(nc=5, r=7, tr=[(1, 2, 1), (0, 2, 2), (3, 2, 3), (1, 4, 4), (4, 3, 5), (2, 4, 6), (1, 0, 3)]),CG(nc=5, r=7, tr=[(1, 2, 1), (1, 0, 2), (0, 2, 3), (4, 2, 4), (3, 2, 5), (3, 0, 6), (4, 1, 3)]),4785,SAT
P33472,22,7,7,CG(nc=4, r=7, tr=[(1, 0, 1), (1, 0, 2), (0, 2, 3), (3, 2, 4), (1, 3, 5), (1, 3, 6), (0, 1, 7)]),CG(nc=6, r=7, tr=[(0, 1, 1), (2, 3, 2), (5, 3, 3), (3, 5, 4), (0, 4, 5), (4, 3, 6), (1, 2, 7)]),2393,SAT
P33473,24,8,8,CG(nc=6, r=8, tr=[(1, 0, 0), (2, 0, 1), (0, 3, 2), (5, 4, 3), (0, 4, 4), (5, 3, 5), (5, 2, 6), (1, 3, 7)]),CG(nc=5, r=8, tr=[(1, 4, 0), (3, 1, 1), (0, 2, 2), (2, 3, 3), (3, 2, 4), (0, 2, 5), (4, 3, 6), (1, 4, 7)]),2725,SAT
P33474,20,7,7,CG(nc=5, r=7, tr=[(1, 2, 1), (4, 3, 2), (0, 1, 3), (4, 1, 4), (3, 0, 5), (2, 4, 6), (1, 0, 6)]),CG(nc=6, r=7, tr=[(1, 2, 1), (1, 3, 2), (5, 2, 3), (2, 5, 4), (0, 4, 5), (2, 4, 6), (3, 0, 4)]),4637,SAT
P33475,18,6,6,CG(nc=5, r=6, tr=[(4, 2, 1), (0, 3, 2), (2, 1, 3), (1, 3, 4), (3, 4, 5), (2, 0, 6)]),CG(nc=5, r=6, tr=[(1, 2, 1), (2, 0, 2), (1, 4, 3), (4, 1, 4), (3, 1, 5), (0, 3, 6)]),2505,SAT
P33476,24,8,8,CG(nc=6, r=8, tr=[(5, 2, 0), (2, 3, 1), (5, 4, 2), (1, 0, 3), (5, 1, 4), (0, 4, 5), (3, 0, 6), (5, 4, 7)]),CG(nc=6, r=8, tr=[(5, 2, 0), (3, 4, 1), (0, 1, 2), (4, 2, 3), (3, 5, 4), (4, 0, 5), (3, 4, 6), (4, 1, 7)]),2594,SAT
P33477,24,8,8,CG(nc=6, r=8, tr=[(1, 0, 0), (2, 3, 1), (4, 0, 2), (0, 2, 3), (5, 2, 4), (4, 5, 5), (3, 5, 6), (3, 1, 7)]),CG(nc=6, r=8, tr=[(0, 1, 0), (1, 2, 1), (3, 1, 2), (3, 5, 3), (5, 3, 4), (4, 0, 5), (4, 3, 6), (0, 2, 7)]),2483,SAT
P33478,20,7,7,CG(nc=4, r=7, tr=[(1, 3, 0), (2, 0, 1), (2, 0, 2), (1, 3, 3), (1, 0, 4), (3, 2, 5), (2, 1, 6)]),CG(nc=5, r=7, tr=[(1, 0, 0), (2, 0, 1), (4, 3, 2), (2, 1, 3), (3, 2, 4), (4, 2, 5), (0, 3, 6)]),2573,SAT
P33479,20,7,7,CG(nc=6, r=7, tr=[(1, 2, 0), (5, 2, 1), (0, 4, 2), (3, 5, 3), (0, 3, 4), (4, 5, 5), (0, 1, 6)]),CG(nc=5, r=7, tr=[(1, 2, 0), (4, 3, 1), (0, 2, 2), (4, 1, 3), (3, 2, 4), (2, 0, 5), (3, 4, 6)]),2187,SAT
P33480,26,9,9,CG(nc=6, r=9, tr=[(1, 0, 1), (2, 5, 2), (4, 1, 3), (4, 5, 4), (0, 2, 5), (3, 5, 6), (4, 2, 7), (4, 3, 6), (0, 3, 4)]),CG(nc=6, r=9, tr=[(1, 0, 1), (2, 3, 2), (3, 0, 3), (0, 4, 4), (1, 5, 5), (4, 3, 6), (2, 5, 7), (1, 3, 4), (4, 1, 3)]),9915,SAT
P33481,26,9,9,CG(nc=5, r=9, tr=[(1, 2, 0), (0, 3, 1), (3, 0, 2), (2, 4, 3), (1, 4, 4), (3, 4, 5), (1, 3, 6), (2, 0, 7), (2, 0, 4)]),CG(nc=6, r=9, tr=[(1, 2, 0), (0, 3, 1), (1, 5, 2), (3, 2, 3), (4, 3, 4), (5, 3, 5), (1, 0, 6), (1, 4, 7), (4, 0, 3)]),5046,SAT
P33482,20,7,7,CG(nc=5, r=7, tr=[(1, 0, 1), (4, 3, 2), (2, 1, 3), (2, 3, 4), (0, 3, 5), (4, 2, 6), (3, 0, 6)]),CG(nc=5, r=7, tr=[(1, 2, 1), (1, 4, 2), (2, 1, 3), (2, 0, 4), (4, 3, 5), (2, 3, 6), (0, 1, 6)]),4302,SAT
P33483,22,8,8,CG(nc=6, r=8, tr=[(1, 2, 1), (3, 0, 2), (2, 5, 3), (2, 4, 4), (3, 5, 5), (0, 1, 6), (4, 0, 3), (5, 4, 4)]),CG(nc=5, r=8, tr=[(0, 1, 1), (4, 3, 2), (2, 1, 3), (2, 0, 4), (3, 4, 5), (0, 1, 6), (2, 3, 3), (1, 3, 4)]),6667,SAT
P33484,22,7,7,CG(nc=4, r=7, tr=[(1, 0, 1), (1, 0, 2), (3, 2, 3), (2, 0, 4), (3, 1, 5), (2, 1, 6), (0, 1, 7)]),CG(nc=5, r=7, tr=[(0, 1, 1), (2, 4, 2), (1, 0, 3), (1, 3, 4), (4, 1, 5), (3, 0, 6), (2, 3, 7)]),2506,SAT
P33485,24,8,8,CG(nc=6, r=8, tr=[(1, 2, 0), (3, 4, 1), (2, 0, 2), (4, 0, 3), (5, 4, 4), (2, 5, 5), (5, 3, 6), (1, 0, 7)]),CG(nc=5, r=8, tr=[(1, 0, 0), (2, 3, 1), (3, 1, 2), (4, 3, 3), (2, 4, 4), (3, 0, 5), (3, 2, 6), (1, 0, 7)]),2918,SAT
P33486,18,6,6,CG(nc=5, r=6, tr=[(4, 2, 1), (3, 0, 2), (1, 2, 3), (3, 1, 4), (3, 4, 5), (0, 1, 6)]),CG(nc=5, r=6, tr=[(1, 0, 1), (1, 2, 2), (4, 3, 3), (2, 4, 4), (0, 3, 5), (3, 2, 6)]),2435,SAT
P33487,18,6,6,CG(nc=5, r=6, tr=[(4, 2, 1), (3, 0, 2), (0, 1, 3), (4, 1, 4), (4, 3, 5), (1, 2, 6)]),CG(nc=4, r=6, tr=[(1, 0, 1), (2, 3, 2), (2, 0, 3), (1, 2, 4), (2, 3, 5), (0, 1, 6)]),2732,SAT
P33492,26,9,9,CG(nc=6, r=9, tr=[(1, 2, 0), (2, 5, 1), (5, 1, 2), (5, 4, 3), (0, 4, 4), (1, 3, 5), (1, 0, 6), (3, 5, 7), (0, 2, 5)]),CG(nc=7, r=9, tr=[(1, 6, 0), (3, 0, 1), (4, 5, 2), (2, 1, 3), (5, 3, 4), (0, 2, 5), (3, 2, 6), (6, 4, 7), (5, 6, 5)]),5523,SAT
P33493,24,8,8,CG(nc=5, r=8, tr=[(1, 2, 0), (3, 1, 1), (4, 2, 2), (4, 3, 3), (3, 0, 4), (1, 0, 5), (1, 0, 6), (4, 2, 7)]),CG(nc=6, r=8, tr=[(0, 1, 0), (2, 3, 1), (4, 0, 2), (1, 5, 3), (3, 4, 4), (0, 4, 5), (3, 5, 6), (5, 2, 7)]),2375,SAT
P33494,22,8,8,CG(nc=6, r=8, tr=[(1, 0, 0), (2, 1, 1), (1, 3, 2), (4, 5, 3), (4, 0, 4), (3, 5, 5), (3, 4, 6), (2, 5, 6)]),CG(nc=6, r=8, tr=[(5, 2, 0), (3, 2, 1), (5, 3, 2), (4, 0, 3), (2, 0, 4), (5, 1, 5), (1, 2, 6), (4, 1, 0)]),4757,SAT
P33495,20,7,7,CG(nc=6, r=7, tr=[(1, 0, 0), (5, 3, 1), (1, 4, 2), (5, 2, 3), (0, 2, 4), (4, 5, 5), (1, 3, 6)]),CG(nc=6, r=7, tr=[(1, 0, 0), (2, 3, 1), (5, 3, 2), (1, 5, 3), (0, 2, 4), (5, 4, 5), (2, 4, 6)]),2608,SAT
P33496,26,9,9,CG(nc=6, r=9, tr=[(1, 5, 0), (3, 0, 1), (4, 1, 2), (5, 1, 3), (3, 4, 4), (4, 0, 5), (2, 5, 6), (2, 4, 7), (2, 3, 3)]),CG(nc=6, r=9, tr=[(1, 2, 0), (3, 5, 1), (0, 1, 2), (5, 4, 3), (4, 3, 4), (3, 0, 5), (1, 5, 6), (1, 4, 7), (0, 2, 3)]),5581,SAT
P33497,26,9,9,CG(nc=6, r=9, tr=[(1, 5, 0), (0, 3, 1), (1, 4, 2), (1, 2, 3), (2, 5, 4), (0, 4, 5), (3, 2, 6), (4, 1, 7), (0, 1, 4)]),CG(nc=6, r=9, tr=[(1, 0, 0), (1, 2, 1), (3, 0, 2), (5, 2, 3), (5, 1, 4), (0, 4, 5), (1, 2, 6), (2, 3, 7), (4, 2, 4)]),5330,SAT
P33498,22,8,8,CG(nc=5, r=8, tr=[(1, 2, 0), (2, 0, 1), (2, 0, 2), (1, 3, 3), (1, 4, 4), (4, 1, 5), (3, 4, 6), (3, 0, 4)]),CG(nc=6, r=8, tr=[(1, 5, 0), (3, 5, 1), (3, 1, 2), (4, 1, 3), (0, 1, 4), (5, 2, 5), (4, 0, 6), (2, 4, 4)]),4713,SAT
P33499,22,8,8,CG(nc=6, r=8, tr=[(1, 0, 0), (2, 5, 1), (4, 1, 2), (1, 3, 3), (1, 5, 4), (5, 4, 5), (3, 2, 6), (0, 3, 4)]),CG(nc=5, r=8, tr=[(1, 0, 0), (2, 4, 1), (3, 2, 2), (2, 1, 3), (3, 0, 4), (2, 3, 5), (2, 4, 6), (4, 1, 4)]),4687,SAT
P33500,24,8,8,CG(nc=5, r=8, tr=[(1, 0, 0), (2, 0, 1), (2, 1, 2), (4, 3, 3), (3, 0, 4), (4, 2, 5), (3, 2, 6), (3, 0, 7)]),CG(nc=6, r=8, tr=[(0, 1, 0), (2, 1, 1), (0, 3, 2), (5, 4, 3), (2, 5, 4), (4, 0, 5), (2, 4, 6), (1, 3, 7)]),2490,SAT
P33501,24,8,8,CG(nc=6, r=8, tr=[(5, 2, 0), (3, 4, 1), (1, 2, 2), (4, 5, 3), (0, 4, 4), (0, 1, 5), (3, 0, 6), (2, 1, 7)]),CG(nc=5, r=8, tr=[(1, 4, 0), (1, 3, 1), (4, 2, 2), (0, 1, 3), (3, 0, 4), (1, 4, 5), (3, 1, 6), (2, 1, 7)]),3090,SAT
P33502,20,7,7,CG(nc=5, r=7, tr=[(1, 2, 0), (2, 0, 1), (2, 0, 2), (4, 3, 3), (0, 3, 4), (4, 1, 5), (1, 3, 6)]),CG(nc=5, r=7, tr=[(1, 4, 0), (3, 4, 1), (3, 1, 2), (0, 2, 3), (1, 0, 4), (2, 4, 5), (1, 2, 6)]),2647,SAT
P33503,20,7,7,CG(nc=6, r=7, tr=[(1, 0, 0), (2, 3, 1), (5, 4, 2), (2, 5, 3), (0, 2, 4), (1, 4, 5), (0, 3, 6)]),CG(nc=5, r=7, tr=[(1, 0, 0), (0, 2, 1), (3, 2, 2), (4, 1, 3), (3, 4, 4), (1, 0, 5), (3, 1, 6)]),2401,SAT
P33512,26,9,9,CG(nc=6, r=9, tr=[(1, 0, 1), (2, 3, 2), (1, 4, 3), (3, 1, 4), (3, 0, 5), (4, 5, 6), (3, 4, 7), (1, 5, 5), (2, 5, 3)]),CG(nc=6, r=9, tr=[(1, 2, 1), (3, 1, 2), (4, 0, 3), (2, 5, 4), (4, 2, 5), (1, 4, 6), (3, 0, 7), (3, 5, 3), (3, 1, 5)]),10472,SAT
P33513,28,10,10,CG(nc=7, r=10, tr=[(1, 6, 0), (3, 4, 1), (5, 3, 2), (3, 0, 3), (3, 6, 4), (5, 1, 5), (4, 1, 6), (0, 2, 7), (4, 2, 5), (1, 0, 4)]),CG(nc=7, r=10, tr=[(1, 2, 0), (6, 4, 1), (4, 1, 2), (0, 2, 3), (5, 2, 4), (6, 5, 5), (5, 4, 6), (3, 1, 7), (0, 3, 4), (1, 4, 5)]),11788,SAT
P33514,22,8,8,CG(nc=5, r=8, tr=[(1, 0, 1), (1, 0, 2), (1, 2, 3), (2, 0, 4), (2, 4, 5), (4, 2, 6), (3, 4, 4), (3, 0, 3)]),CG(nc=6, r=8, tr=[(1, 2, 1), (2, 0, 2), (1, 0, 3), (1, 5, 4), (4, 3, 5), (5, 3, 6), (4, 1, 3), (4, 0, 4)]),7136,SAT
P33515,22,8,8,CG(nc=5, r=8, tr=[(1, 2, 1), (2, 1, 2), (2, 0, 3), (3, 2, 4), (4, 1, 5), (1, 4, 6), (0, 3, 4), (3, 4, 3)]),CG(nc=5, r=8, tr=[(1, 0, 1), (4, 3, 2), (3, 1, 3), (0, 2, 4), (4, 1, 5), (3, 0, 6), (1, 3, 4), (4, 2, 3)]),7295,SAT
P33516,24,8,8,CG(nc=5, r=8, tr=[(1, 2, 1), (1, 2, 2), (2, 0, 3), (4, 2, 4), (1, 3, 5), (4, 1, 6), (3, 0, 7), (3, 4, 3)]),CG(nc=6, r=8, tr=[(1, 0, 1), (2, 1, 2), (1, 3, 3), (5, 4, 4), (5, 1, 5), (3, 4, 6), (2, 4, 7), (3, 0, 5)]),4847,SAT
P33517,26,9,9,CG(nc=6, r=9, tr=[(1, 2, 0), (2, 3, 1), (3, 1, 2), (5, 3, 3), (0, 3, 4), (1, 4, 5), (2, 0, 6), (5, 4, 7), (0, 4, 3)]),CG(nc=6, r=9, tr=[(1, 2, 0), (1, 3, 1), (3, 4, 2), (0, 2, 3), (1, 5, 4), (4, 2, 5), (2, 1, 6), (0, 4, 7), (5, 4, 3)]),5210,SAT
P33518,20,7,7,CG(nc=5, r=7, tr=[(0, 1, 1), (2, 3, 2), (1, 2, 3), (4, 3, 4), (1, 4, 5), (4, 2, 6), (3, 0, 5)]),CG(nc=5, r=7, tr=[(4, 2, 1), (3, 2, 2), (2, 1, 3), (0, 3, 4), (2, 0, 5), (1, 3, 6), (4, 1, 5)]),4667,SAT
P33519,22,8,8,CG(nc=6, r=8, tr=[(1, 2, 1), (3, 0, 2), (4, 5, 3), (4, 5, 4), (3, 4, 5), (4, 2, 6), (0, 1, 3), (4, 1, 4)]),CG(nc=5, r=8, tr=[(4, 2, 1), (3, 0, 2), (0, 1, 3), (2, 3, 4), (3, 0, 5), (2, 4, 6), (1, 4, 4), (4, 3, 3)]),7866,SAT
P33532,24,8,8,CG(nc=6, r=8, tr=[(0, 1, 1), (5, 3, 2), (4, 3, 3), (4, 2, 4), (4, 0, 5), (2, 5, 6), (2, 4, 7), (1, 2, 3)]),CG(nc=5, r=8, tr=[(1, 2, 1), (0, 3, 2), (4, 2, 3), (1, 4, 4), (0, 2, 5), (3, 1, 6), (2, 3, 7), (3, 0, 3)]),4812,SAT
P33533,26,9,9,CG(nc=6, r=9, tr=[(1, 2, 0), (3, 4, 1), (3, 4, 2), (2, 5, 3), (0, 2, 4), (3, 1, 5), (3, 5, 6), (2, 0, 7), (0, 4, 3)]),CG(nc=6, r=9, tr=[(1, 5, 0), (3, 5, 1), (4, 2, 2), (1, 0, 3), (2, 3, 4), (1, 5, 5), (1, 2, 6), (4, 0, 7), (4, 3, 5)]),5054,SAT
P33534,20,7,7,CG(nc=5, r=7, tr=[(1, 4, 1), (3, 1, 2), (2, 0, 3), (2, 4, 4), (0, 1, 5), (1, 2, 6), (3, 4, 3)]),CG(nc=5, r=7, tr=[(1, 0, 1), (2, 1, 2), (0, 1, 3), (4, 2, 4), (3, 2, 5), (3, 0, 6), (3, 4, 3)]),4259,SAT
P33535,18,6,6,CG(nc=5, r=6, tr=[(4, 2, 1), (4, 3, 2), (1, 0, 3), (4, 1, 4), (1, 3, 5), (1, 2, 6)]),CG(nc=5, r=6, tr=[(1, 0, 1), (2, 1, 2), (4, 0, 3), (4, 2, 4), (0, 3, 5), (3, 2, 6)]),2881,SAT
P33596,26,9,9,CG(nc=6, r=9, tr=[(1, 5, 1), (3, 4, 2), (2, 3, 3), (5, 2, 4), (5, 2, 5), (1, 2, 6), (4, 1, 7), (3, 0, 1), (0, 4, 5)]),CG(nc=6, r=9, tr=[(0, 1, 1), (5, 3, 2), (3, 4, 3), (2, 5, 4), (4, 0, 5), (0, 3, 6), (1, 3, 7), (5, 4, 1), (2, 1, 5)]),7179,SAT
P33597,28,10,10,CG(nc=6, r=10, tr=[(0, 1, 0), (2, 5, 1), (4, 0, 2), (3, 4, 3), (2, 4, 4), (5, 3, 5), (5, 4, 6), (2, 4, 7), (3, 0, 1), (1, 2, 5)]),CG(nc=7, r=10, tr=[(0, 1, 0), (6, 3, 1), (3, 1, 2), (0, 4, 3), (5, 1, 4), (2, 6, 5), (2, 5, 6), (1, 0, 7), (4, 2, 2), (4, 3, 6)]),10396,SAT
P33598,28,10,10,CG(nc=7, r=10, tr=[(6, 2, 1), (0, 3, 2), (2, 4, 3), (3, 5, 4), (1, 6, 5), (4, 0, 6), (5, 0, 7), (3, 1, 3), (5, 2, 2), (3, 1, 6)]),CG(nc=6, r=10, tr=[(1, 2, 1), (3, 5, 2), (5, 4, 3), (1, 5, 4), (2, 4, 5), (2, 1, 6), (4, 0, 7), (0, 2, 2), (0, 3, 6), (4, 3, 1)]),411680,SAT
P33599,24,8,8,CG(nc=5, r=8, tr=[(1, 0, 1), (0, 2, 2), (1, 2, 3), (2, 3, 4), (4, 1, 5), (2, 4, 6), (2, 3, 7), (4, 3, 1)]),CG(nc=5, r=8, tr=[(0, 1, 1), (2, 4, 2), (1, 4, 3), (3, 2, 4), (4, 1, 5), (3, 0, 6), (1, 2, 7), (0, 2, 3)]),4369,SAT
P33622,28,10,10,CG(nc=6, r=10, tr=[(1, 0, 0), (5, 3, 1), (5, 4, 2), (0, 1, 3), (3, 2, 4), (1, 4, 5), (2, 5, 6), (3, 1, 7), (4, 0, 6), (1, 2, 1)]),CG(nc=7, r=10, tr=[(1, 2, 0), (6, 1, 1), (4, 1, 2), (2, 5, 3), (3, 4, 4), (5, 6, 5), (3, 5, 6), (4, 0, 7), (0, 3, 1), (0, 1, 5)]),14088,SAT
P33623,24,8,8,CG(nc=5, r=8, tr=[(4, 2, 0), (0, 3, 1), (2, 1, 2), (2, 4, 3), (2, 3, 4), (0, 1, 5), (2, 3, 6), (3, 2, 7)]),CG(nc=7, r=8, tr=[(6, 2, 0), (6, 3, 1), (3, 0, 2), (0, 2, 3), (6, 4, 4), (4, 5, 5), (5, 1, 6), (1, 0, 7)]),2798,SAT
P33624,28,10,10,CG(nc=6, r=10, tr=[(1, 2, 0), (5, 4, 1), (0, 1, 2), (3, 4, 3), (3, 1, 4), (1, 3, 5), (3, 0, 6), (5, 2, 7), (5, 4, 2), (1, 2, 6)]),CG(nc=7, r=10, tr=[(1, 2, 0), (0, 3, 1), (4, 3, 2), (3, 0, 3), (4, 5, 4), (5, 1, 5), (2, 0, 6), (6, 4, 7), (2, 1, 7), (6, 1, 3)]),11897,SAT
P33625,28,10,10,CG(nc=6, r=10, tr=[(0, 1, 0), (2, 3, 1), (4, 3, 2), (0, 1, 3), (1, 4, 4), (1, 4, 5), (2, 0, 6), (3, 1, 7), (3, 5, 3), (5, 4, 7)]),CG(nc=6, r=10, tr=[(0, 1, 0), (5, 3, 1), (1, 3, 2), (4, 5, 3), (2, 4, 4), (0, 3, 5), (2, 5, 6), (3, 4, 7), (2, 1, 3), (1, 0, 7)]),13100,SAT
P33626,26,9,9,CG(nc=6, r=9, tr=[(1, 5, 0), (0, 3, 1), (1, 4, 2), (3, 2, 3), (5, 2, 4), (4, 0, 5), (2, 1, 6), (4, 3, 7), (3, 1, 4)]),CG(nc=7, r=9, tr=[(1, 2, 0), (3, 4, 1), (3, 6, 2), (0, 2, 3), (3, 2, 4), (1, 5, 5), (6, 1, 6), (4, 0, 7), (4, 5, 4)]),5613,SAT
P33627,26,9,9,CG(nc=6, r=9, tr=[(0, 1, 0), (2, 3, 1), (4, 1, 2), (1, 2, 3), (2, 0, 4), (4, 5, 5), (5, 3, 6), (4, 5, 7), (4, 5, 4)]),CG(nc=6, r=9, tr=[(1, 2, 0), (5, 4, 1), (0, 4, 2), (5, 2, 3), (2, 4, 4), (3, 0, 5), (1, 0, 6), (2, 3, 7), (5, 4, 6)]),4851,SAT
P33630,28,10,10,CG(nc=7, r=10, tr=[(6, 2, 0), (3, 0, 1), (4, 2, 2), (2, 5, 3), (1, 6, 4), (4, 0, 5), (5, 1, 6), (3, 4, 7), (3, 1, 3), (3, 5, 5)]),CG(nc=7, r=10, tr=[(1, 2, 0), (3, 6, 1), (5, 0, 2), (6, 2, 3), (6, 4, 4), (1, 3, 5), (0, 1, 6), (4, 3, 7), (5, 4, 1), (5, 2, 5)]),14711,SAT
P33631,24,8,8,CG(nc=6, r=8, tr=[(1, 0, 0), (2, 5, 1), (5, 4, 2), (0, 3, 3), (4, 3, 4), (1, 4, 5), (3, 2, 6), (4, 1, 7)]),CG(nc=5, r=8, tr=[(1, 0, 0), (4, 3, 1), (0, 3, 2), (1, 4, 3), (1, 3, 4), (1, 2, 5), (3, 4, 6), (0, 2, 7)]),2740,SAT
P33640,30,11,11,CG(nc=7, r=11, tr=[(6, 2, 0), (3, 0, 1), (4, 5, 2), (1, 4, 3), (1, 6, 4), (0, 5, 5), (1, 3, 6), (3, 5, 7), (2, 3, 4), (2, 1, 5), (2, 4, 1)]),CG(nc=8, r=11, tr=[(1, 2, 0), (7, 4, 1), (0, 5, 2), (6, 5, 3), (6, 1, 4), (7, 1, 5), (0, 3, 6), (5, 4, 7), (2, 3, 3), (4, 2, 4), (3, 6, 7)]),469026,SAT
P33641,32,12,12,CG(nc=8, r=12, tr=[(1, 7, 0), (3, 0, 1), (4, 5, 2), (1, 5, 3), (5, 7, 4), (4, 0, 5), (6, 4, 6), (1, 6, 7), (3, 2, 4), (5, 3, 6), (2, 1, 2), (3, 2, 7)]),CG(nc=7, r=12, tr=[(1, 0, 0), (2, 6, 1), (1, 2, 2), (4, 5, 3), (5, 6, 4), (5, 3, 5), (3, 1, 6), (0, 1, 7), (4, 6, 3), (1, 4, 4), (0, 3, 1), (2, 0, 5)]),856823,SAT
P33642,28,10,10,CG(nc=6, r=10, tr=[(1, 0, 0), (2, 5, 1), (2, 4, 2), (2, 3, 3), (0, 3, 4), (0, 2, 5), (3, 1, 6), (1, 4, 7), (4, 5, 3), (4, 5, 4)]),CG(nc=7, r=10, tr=[(6, 2, 0), (0, 3, 1), (4, 3, 2), (4, 0, 3), (2, 0, 4), (4, 5, 5), (2, 5, 6), (6, 4, 7), (6, 1, 4), (1, 3, 3)]),10877,SAT
P33643,28,10,10,CG(nc=7, r=10, tr=[(1, 2, 0), (6, 4, 1), (5, 3, 2), (0, 3, 3), (3, 2, 4), (5, 6, 5), (4, 3, 6), (2, 0, 7), (4, 2, 3), (1, 4, 2)]),CG(nc=6, r=10, tr=[(1, 2, 0), (3, 0, 1), (0, 2, 2), (0, 1, 3), (4, 2, 4), (3, 5, 5), (2, 3, 6), (4, 0, 7), (3, 5, 2), (5, 4, 3)]),13014,SAT
P33644,28,10,10,CG(nc=6, r=10, tr=[(1, 2, 0), (5, 4, 1), (1, 4, 2), (1, 5, 3), (3, 4, 4), (4, 0, 5), (4, 3, 6), (5, 3, 7), (0, 2, 7), (3, 0, 3)]),CG(nc=7, r=10, tr=[(0, 1, 0), (2, 3, 1), (2, 1, 2), (6, 5, 3), (5, 4, 4), (1, 5, 5), (4, 3, 6), (3, 6, 7), (1, 0, 7), (2, 0, 3)]),10258,SAT
P33645,30,11,11,CG(nc=7, r=11, tr=[(1, 2, 0), (3, 4, 1), (1, 3, 2), (3, 6, 3), (1, 0, 4), (3, 6, 5), (4, 5, 6), (2, 6, 7), (0, 5, 3), (0, 4, 7), (1, 5, 5)]),CG(nc=7, r=11, tr=[(0, 1, 0), (2, 1, 1), (2, 6, 2), (4, 5, 3), (4, 3, 4), (4, 1, 5), (3, 6, 6), (1, 0, 7), (5, 6, 5), (0, 5, 1), (4, 0, 2)]),438479,SAT
P33646,28,10,10,CG(nc=7, r=10, tr=[(1, 2, 0), (6, 4, 1), (1, 4, 2), (0, 5, 3), (3, 6, 4), (3, 2, 5), (5, 4, 6), (2, 0, 7), (6, 1, 3), (5, 3, 2)]),CG(nc=7, r=10, tr=[(1, 2, 0), (3, 4, 1), (6, 4, 2), (5, 6, 3), (2, 6, 4), (2, 5, 5), (3, 5, 6), (0, 3, 7), (1, 4, 4), (0, 1, 3)]),11077,SAT
P33647,28,10,10,CG(nc=6, r=10, tr=[(1, 2, 0), (0, 3, 1), (1, 5, 2), (2, 4, 3), (0, 2, 4), (2, 1, 5), (2, 0, 6), (3, 2, 7), (4, 5, 1), (0, 4, 5)]),CG(nc=7, r=10, tr=[(1, 2, 0), (6, 4, 1), (4, 1, 2), (5, 1, 3), (2, 4, 4), (5, 6, 5), (3, 1, 6), (0, 1, 7), (5, 3, 4), (0, 2, 3)]),12365,SAT
P33660,28,10,10,CG(nc=6, r=10, tr=[(1, 2, 0), (0, 3, 1), (1, 4, 2), (4, 5, 3), (0, 1, 4), (5, 3, 5), (4, 3, 6), (0, 4, 7), (0, 1, 5), (2, 5, 1)]),CG(nc=7, r=10, tr=[(1, 0, 0), (6, 3, 1), (4, 1, 2), (1, 5, 3), (2, 0, 4), (5, 6, 5), (3, 5, 6), (4, 3, 7), (2, 1, 1), (2, 4, 5)]),10897,SAT
P33661,28,10,10,CG(nc=7, r=10, tr=[(1, 2, 0), (3, 1, 1), (4, 6, 2), (3, 5, 3), (6, 5, 4), (4, 5, 5), (6, 5, 6), (4, 2, 7), (1, 0, 6), (3, 0, 2)]),CG(nc=6, r=10, tr=[(1, 2, 0), (0, 1, 1), (3, 0, 2), (1, 3, 3), (4, 5, 4), (1, 4, 5), (5, 3, 6), (2, 1, 7), (0, 2, 6), (2, 5, 2)]),10572,SAT
P33662,28,10,10,CG(nc=7, r=10, tr=[(0, 1, 0), (2, 3, 1), (3, 4, 2), (0, 5, 3), (5, 4, 4), (0, 4, 5), (2, 5, 6), (2, 6, 7), (1, 4, 7), (6, 3, 3)]),CG(nc=6, r=10, tr=[(1, 2, 0), (3, 0, 1), (4, 3, 2), (4, 0, 3), (3, 1, 4), (3, 5, 5), (2, 0, 6), (4, 5, 7), (1, 5, 3), (2, 1, 7)]),15455,SAT
P33663,26,9,9,CG(nc=6, r=9, tr=[(5, 2, 0), (3, 0, 1), (4, 1, 2), (5, 4, 3), (0, 1, 4), (0, 1, 5), (4, 3, 6), (3, 4, 7), (1, 2, 1)]),CG(nc=6, r=9, tr=[(0, 1, 0), (1, 0, 1), (2, 1, 2), (5, 1, 3), (4, 5, 4), (0, 2, 5), (4, 3, 6), (2, 3, 7), (5, 3, 1)]),4736,SAT
P33664,20,6,6,CG(nc=4, r=6, tr=[(1, 0, 1), (2, 3, 2), (2, 0, 4), (0, 2, 5), (1, 3, 6), (0, 1, 7)]),CG(nc=6, r=6, tr=[(1, 2, 1), (5, 1, 2), (4, 3, 4), (4, 5, 5), (0, 3, 6), (2, 0, 7)]),2251,SAT
P33665,22,7,7,CG(nc=5, r=7, tr=[(1, 0, 0), (0, 2, 1), (4, 3, 2), (3, 0, 4), (3, 0, 5), (2, 4, 6), (1, 2, 7)]),CG(nc=6, r=7, tr=[(5, 2, 0), (3, 0, 1), (2, 3, 2), (4, 5, 4), (4, 1, 5), (0, 1, 6), (5, 2, 7)]),2097,SAT
P33666,22,7,7,CG(nc=4, r=7, tr=[(3, 2, 1), (2, 3, 2), (1, 0, 4), (0, 2, 5), (2, 0, 6), (1, 3, 7), (3, 1, 2)]),CG(nc=6, r=7, tr=[(1, 0, 1), (1, 2, 2), (5, 2, 4), (4, 5, 5), (4, 3, 6), (2, 5, 7), (3, 0, 4)]),4228,SAT
P33667,16,5,5,CG(nc=4, r=5, tr=[(3, 2, 1), (3, 1, 2), (1, 0, 3), (0, 1, 4), (0, 2, 5)]),CG(nc=5, r=5, tr=[(1, 0, 1), (4, 1, 2), (4, 3, 3), (3, 2, 4), (0, 2, 5)]),2081,SAT
P33668,24,8,8,CG(nc=5, r=8, tr=[(1, 4, 0), (0, 3, 1), (0, 2, 2), (3, 2, 3), (4, 2, 4), (3, 4, 5), (1, 3, 6), (3, 0, 7)]),CG(nc=7, r=8, tr=[(1, 2, 0), (3, 1, 1), (1, 0, 2), (4, 2, 3), (0, 5, 4), (4, 6, 5), (5, 4, 6), (6, 3, 7)]),2812,SAT
P33669,24,8,8,CG(nc=5, r=8, tr=[(0, 1, 0), (2, 3, 1), (0, 3, 2), (2, 0, 3), (3, 4, 4), (4, 3, 5), (4, 3, 6), (1, 3, 7)]),CG(nc=7, r=8, tr=[(1, 6, 0), (3, 6, 1), (4, 0, 2), (1, 4, 3), (6, 5, 4), (0, 2, 5), (2, 5, 6), (4, 3, 7)]),2352,SAT
P33670,26,9,9,CG(nc=6, r=9, tr=[(1, 2, 0), (2, 0, 1), (2, 3, 2), (1, 2, 3), (3, 4, 4), (0, 4, 5), (1, 5, 6), (1, 3, 7), (5, 4, 2)]),CG(nc=6, r=9, tr=[(1, 0, 0), (0, 2, 1), (2, 3, 2), (3, 4, 3), (5, 4, 4), (4, 1, 5), (0, 1, 6), (5, 3, 7), (2, 5, 5)]),4685,SAT
P33671,20,7,7,CG(nc=5, r=7, tr=[(4, 2, 0), (0, 3, 1), (4, 1, 2), (2, 4, 3), (1, 0, 4), (0, 1, 5), (2, 3, 6)]),CG(nc=6, r=7, tr=[(1, 2, 0), (0, 2, 1), (5, 2, 2), (0, 1, 3), (4, 3, 4), (4, 5, 5), (0, 3, 6)]),2534,SAT
P33672,22,7,7,CG(nc=5, r=7, tr=[(1, 0, 1), (4, 3, 2), (1, 2, 3), (1, 4, 4), (3, 0, 5), (2, 4, 6), (3, 4, 7)]),CG(nc=6, r=7, tr=[(1, 2, 1), (5, 1, 2), (4, 3, 3), (4, 0, 4), (5, 3, 5), (4, 3, 6), (2, 0, 7)]),2271,SAT
P33673,24,8,8,CG(nc=5, r=8, tr=[(1, 4, 0), (4, 3, 1), (3, 4, 2), (2, 0, 3), (0, 3, 4), (0, 3, 5), (3, 2, 6), (3, 1, 7)]),CG(nc=6, r=8, tr=[(0, 1, 0), (2, 5, 1), (2, 1, 2), (4, 3, 3), (0, 3, 4), (5, 4, 5), (4, 3, 6), (0, 1, 7)]),2656,SAT
P33674,22,7,7,CG(nc=5, r=7, tr=[(1, 0, 1), (4, 3, 2), (2, 4, 3), (4, 1, 4), (0, 3, 5), (2, 1, 6), (0, 1, 7)]),CG(nc=5, r=7, tr=[(0, 1, 1), (2, 4, 2), (3, 0, 3), (3, 2, 4), (4, 2, 5), (3, 0, 6), (2, 1, 7)]),2288,SAT
P33675,18,6,6,CG(nc=5, r=6, tr=[(1, 0, 1), (4, 3, 2), (2, 4, 3), (1, 4, 4), (0, 3, 5), (1, 2, 6)]),CG(nc=5, r=6, tr=[(1, 0, 1), (1, 4, 2), (1, 3, 3), (0, 3, 4), (4, 2, 5), (3, 2, 6)]),2228,SAT
P33676,22,7,7,CG(nc=5, r=7, tr=[(0, 1, 1), (2, 3, 2), (4, 2, 3), (1, 2, 4), (0, 3, 5), (2, 1, 6), (3, 4, 7)]),CG(nc=6, r=7, tr=[(1, 5, 1), (3, 0, 2), (3, 4, 3), (0, 2, 4), (4, 5, 5), (4, 2, 6), (1, 3, 7)]),2632,SAT
P33677,24,8,8,CG(nc=5, r=8, tr=[(4, 2, 0), (3, 0, 1), (0, 1, 2), (3, 1, 3), (1, 4, 4), (3, 2, 5), (1, 4, 6), (3, 0, 7)]),CG(nc=6, r=8, tr=[(1, 2, 0), (0, 1, 1), (5, 2, 2), (4, 2, 3), (4, 3, 4), (4, 0, 5), (5, 3, 6), (2, 1, 7)]),2388,SAT
P33678,24,8,8,CG(nc=5, r=8, tr=[(0, 1, 1), (2, 0, 2), (2, 1, 3), (1, 3, 4), (2, 3, 5), (4, 2, 6), (1, 0, 7), (3, 4, 2)]),CG(nc=6, r=8, tr=[(1, 0, 1), (5, 3, 2), (4, 3, 3), (5, 2, 4), (4, 0, 5), (4, 2, 6), (1, 3, 7), (1, 2, 2)]),4433,SAT
P33679,18,6,6,CG(nc=5, r=6, tr=[(1, 0, 1), (4, 3, 2), (4, 2, 3), (3, 0, 4), (0, 3, 5), (1, 2, 6)]),CG(nc=5, r=6, tr=[(1, 4, 1), (0, 1, 2), (1, 4, 3), (0, 3, 4), (4, 2, 5), (3, 2, 6)]),2137,SAT
P33684,28,10,10,CG(nc=7, r=10, tr=[(1, 0, 0), (2, 6, 1), (2, 4, 2), (0, 1, 3), (4, 0, 4), (6, 5, 5), (0, 3, 6), (3, 5, 7), (2, 1, 6), (5, 1, 2)]),CG(nc=7, r=10, tr=[(1, 2, 0), (3, 0, 1), (6, 5, 2), (0, 1, 3), (4, 2, 4), (5, 2, 5), (6, 4, 6), (3, 5, 7), (0, 5, 6), (2, 4, 1)]),11351,SAT
P33685,26,9,9,CG(nc=5, r=9, tr=[(1, 0, 0), (1, 2, 1), (0, 2, 2), (3, 2, 3), (4, 3, 4), (3, 4, 5), (2, 4, 6), (3, 1, 7), (0, 1, 3)]),CG(nc=7, r=9, tr=[(6, 2, 0), (3, 4, 1), (4, 0, 2), (4, 2, 3), (5, 6, 4), (1, 5, 5), (0, 1, 6), (3, 6, 7), (0, 3, 3)]),4895,SAT
P33686,28,10,10,CG(nc=6, r=10, tr=[(1, 2, 0), (1, 0, 1), (0, 2, 2), (2, 1, 3), (3, 1, 4), (5, 1, 5), (4, 0, 6), (3, 4, 7), (2, 5, 6), (5, 3, 2)]),CG(nc=7, r=10, tr=[(1, 2, 0), (3, 4, 1), (6, 3, 2), (3, 2, 3), (4, 5, 4), (5, 1, 5), (1, 6, 6), (4, 0, 7), (0, 4, 6), (0, 5, 2)]),10368,SAT
P33687,22,8,8,CG(nc=5, r=8, tr=[(1, 2, 0), (0, 2, 1), (2, 3, 2), (2, 1, 3), (3, 4, 4), (4, 3, 5), (4, 1, 6), (0, 1, 2)]),CG(nc=6, r=8, tr=[(1, 2, 0), (1, 3, 1), (0, 1, 2), (5, 2, 3), (3, 4, 4), (4, 5, 5), (0, 3, 6), (5, 3, 2)]),4311,SAT
P33688,26,9,9,CG(nc=6, r=9, tr=[(1, 2, 0), (3, 0, 1), (4, 0, 2), (3, 4, 3), (3, 5, 4), (2, 4, 5), (5, 4, 6), (2, 0, 7), (5, 1, 5)]),CG(nc=6, r=9, tr=[(1, 0, 0), (5, 3, 1), (3, 4, 2), (1, 2, 3), (2, 5, 4), (0, 3, 5), (3, 2, 6), (0, 4, 7), (1, 4, 5)]),4623,SAT
P33689,24,8,8,CG(nc=5, r=8, tr=[(1, 2, 0), (0, 1, 1), (0, 3, 2), (1, 3, 3), (1, 4, 4), (1, 4, 5), (3, 4, 6), (0, 2, 7)]),CG(nc=5, r=8, tr=[(0, 1, 0), (2, 4, 1), (1, 2, 2), (3, 1, 3), (3, 4, 4), (0, 2, 5), (3, 2, 6), (0, 1, 7)]),2629,SAT
P33690,26,9,9,CG(nc=6, r=9, tr=[(0, 1, 0), (2, 5, 1), (5, 4, 2), (2, 4, 3), (2, 0, 4), (1, 4, 5), (3, 2, 6), (5, 3, 7), (0, 4, 6)]),CG(nc=6, r=9, tr=[(5, 2, 0), (3, 4, 1), (5, 3, 2), (3, 2, 3), (0, 2, 4), (1, 5, 5), (0, 4, 6), (4, 0, 7), (1, 2, 6)]),4555,SAT
P33691,20,7,7,CG(nc=5, r=7, tr=[(1, 2, 0), (0, 3, 1), (0, 1, 2), (3, 1, 3), (4, 3, 4), (4, 2, 5), (4, 1, 6)]),CG(nc=5, r=7, tr=[(1, 0, 0), (4, 3, 1), (0, 3, 2), (2, 3, 3), (4, 2, 4), (1, 0, 5), (1, 2, 6)]),2196,SAT
P33692,26,9,9,CG(nc=6, r=9, tr=[(1, 5, 0), (3, 4, 1), (2, 3, 2), (3, 0, 3), (5, 4, 4), (1, 2, 5), (4, 1, 6), (0, 2, 7), (2, 4, 3)]),CG(nc=7, r=9, tr=[(1, 2, 0), (3, 6, 1), (0, 5, 2), (5, 4, 3), (1, 4, 4), (4, 6, 5), (0, 1, 6), (5, 3, 7), (2, 3, 3)]),5107,SAT
P33693,26,9,9,CG(nc=6, r=9, tr=[(1, 0, 0), (2, 3, 1), (4, 2, 2), (0, 1, 3), (3, 0, 4), (4, 1, 5), (3, 0, 6), (4, 5, 7), (5, 2, 3)]),CG(nc=6, r=9, tr=[(5, 2, 0), (3, 2, 1), (4, 2, 2), (3, 4, 3), (5, 1, 4), (1, 4, 5), (0, 4, 6), (2, 5, 7), (0, 3, 2)]),4769,SAT
P33694,28,10,10,CG(nc=6, r=10, tr=[(0, 1, 0), (1, 2, 1), (3, 1, 2), (0, 1, 3), (3, 4, 4), (3, 5, 5), (4, 2, 6), (2, 0, 7), (4, 5, 3), (4, 5, 2)]),CG(nc=6, r=10, tr=[(5, 2, 0), (3, 4, 1), (0, 3, 2), (4, 0, 3), (5, 1, 4), (1, 2, 5), (2, 3, 6), (5, 1, 7), (4, 1, 2), (3, 0, 4)]),13082,SAT
P33695,22,8,8,CG(nc=5, r=8, tr=[(0, 1, 0), (0, 2, 1), (3, 0, 2), (3, 2, 3), (1, 4, 4), (4, 2, 5), (3, 4, 6), (2, 1, 2)]),CG(nc=5, r=8, tr=[(4, 2, 0), (3, 1, 1), (3, 4, 2), (1, 2, 3), (3, 2, 4), (2, 4, 5), (3, 0, 6), (0, 1, 2)]),5016,SAT
P33704,24,8,8,CG(nc=5, r=8, tr=[(4, 2, 1), (4, 3, 2), (3, 1, 3), (2, 0, 4), (0, 1, 5), (2, 1, 6), (2, 4, 7), (0, 3, 6)]),CG(nc=6, r=8, tr=[(1, 5, 1), (3, 1, 2), (4, 0, 3), (5, 2, 4), (3, 4, 5), (4, 2, 6), (3, 0, 7), (3, 2, 3)]),4356,SAT
P33705,26,9,9,CG(nc=6, r=9, tr=[(1, 2, 0), (5, 4, 1), (4, 5, 2), (3, 0, 3), (0, 4, 4), (3, 1, 5), (0, 2, 6), (3, 5, 7), (4, 2, 3)]),CG(nc=6, r=9, tr=[(1, 2, 0), (2, 3, 1), (5, 3, 2), (4, 2, 3), (5, 4, 4), (1, 4, 5), (2, 1, 6), (2, 0, 7), (0, 1, 3)]),5333,SAT
P33706,22,7,7,CG(nc=5, r=7, tr=[(1, 2, 1), (3, 4, 2), (2, 0, 3), (3, 0, 4), (3, 2, 5), (4, 1, 6), (4, 3, 7)]),CG(nc=6, r=7, tr=[(5, 2, 1), (2, 3, 2), (0, 4, 3), (4, 5, 4), (4, 1, 5), (0, 1, 6), (0, 3, 7)]),2786,SAT
P33707,18,6,6,CG(nc=4, r=6, tr=[(3, 2, 1), (3, 2, 2), (1, 0, 3), (0, 2, 4), (1, 2, 5), (2, 1, 6)]),CG(nc=5, r=6, tr=[(4, 2, 1), (0, 2, 2), (4, 3, 3), (3, 0, 4), (4, 1, 5), (3, 1, 6)]),2415,SAT
P33708,24,8,8,CG(nc=5, r=8, tr=[(4, 2, 1), (3, 4, 2), (0, 1, 3), (3, 0, 4), (0, 2, 5), (2, 1, 6), (4, 1, 7), (3, 2, 3)]),CG(nc=6, r=8, tr=[(0, 1, 1), (5, 3, 2), (4, 3, 3), (2, 4, 4), (4, 0, 5), (2, 5, 6), (1, 3, 7), (3, 1, 6)]),5072,SAT
P33709,26,9,9,CG(nc=6, r=9, tr=[(1, 0, 0), (5, 3, 1), (4, 5, 2), (3, 4, 3), (0, 4, 4), (1, 3, 5), (3, 2, 6), (2, 5, 7), (0, 2, 3)]),CG(nc=6, r=9, tr=[(1, 5, 0), (0, 3, 1), (3, 1, 2), (4, 3, 3), (5, 2, 4), (0, 4, 5), (4, 2, 6), (5, 1, 7), (1, 5, 5)]),5251,SAT
P33710,22,7,7,CG(nc=5, r=7, tr=[(0, 1, 1), (0, 2, 2), (4, 3, 3), (2, 4, 4), (2, 3, 5), (1, 3, 6), (0, 1, 7)]),CG(nc=5, r=7, tr=[(1, 2, 1), (1, 4, 2), (3, 0, 3), (3, 4, 4), (1, 3, 5), (2, 1, 6), (0, 2, 7)]),2247,SAT
P33711,18,6,6,CG(nc=5, r=6, tr=[(1, 0, 1), (2, 0, 2), (4, 3, 3), (4, 2, 4), (2, 3, 5), (1, 3, 6)]),CG(nc=5, r=6, tr=[(1, 4, 1), (1, 0, 2), (3, 1, 3), (3, 2, 4), (3, 4, 5), (0, 2, 6)]),2477,SAT
P33724,26,9,9,CG(nc=5, r=9, tr=[(1, 2, 1), (1, 0, 2), (2, 3, 3), (4, 2, 4), (1, 3, 5), (1, 4, 6), (0, 3, 7), (0, 3, 1), (2, 4, 5)]),CG(nc=6, r=9, tr=[(1, 2, 1), (3, 0, 2), (3, 4, 3), (1, 2, 4), (2, 4, 5), (0, 1, 6), (5, 4, 7), (5, 2, 3), (3, 4, 1)]),6877,SAT
P33725,28,10,10,CG(nc=7, r=10, tr=[(0, 1, 0), (6, 3, 1), (6, 4, 2), (5, 0, 3), (0, 2, 4), (4, 5, 5), (4, 1, 6), (5, 6, 7), (2, 4, 1), (3, 2, 3)]),CG(nc=7, r=10, tr=[(1, 2, 0), (3, 1, 1), (6, 1, 2), (2, 0, 3), (2, 5, 4), (5, 4, 5), (3, 5, 6), (0, 3, 7), (3, 6, 3), (6, 4, 4)]),15142,SAT
P33726,24,8,8,CG(nc=6, r=8, tr=[(1, 2, 1), (3, 2, 2), (5, 2, 3), (3, 0, 4), (3, 4, 5), (1, 4, 6), (1, 5, 7), (4, 0, 3)]),CG(nc=6, r=8, tr=[(1, 0, 1), (2, 5, 2), (4, 1, 3), (4, 3, 4), (3, 0, 5), (4, 5, 6), (2, 1, 7), (3, 2, 3)]),4672,SAT
P33727,20,7,7,CG(nc=5, r=7, tr=[(4, 2, 1), (2, 3, 2), (3, 4, 3), (3, 1, 4), (0, 2, 5), (3, 1, 6), (0, 1, 1)]),CG(nc=5, r=7, tr=[(1, 4, 1), (3, 1, 2), (1, 0, 3), (2, 0, 4), (4, 3, 5), (2, 3, 6), (0, 3, 1)]),4247,SAT
P33728,22,7,7,CG(nc=4, r=7, tr=[(1, 0, 1), (0, 1, 2), (1, 2, 3), (3, 2, 4), (1, 3, 5), (3, 1, 6), (0, 1, 7)]),CG(nc=5, r=7, tr=[(1, 0, 1), (2, 4, 2), (3, 4, 3), (4, 3, 4), (1, 3, 5), (1, 0, 6), (2, 1, 7)]),2413,SAT
P33729,24,8,8,CG(nc=6, r=8, tr=[(5, 2, 0), (3, 0, 1), (5, 4, 2), (1, 3, 3), (5, 1, 4), (4, 0, 5), (5, 3, 6), (4, 2, 7)]),CG(nc=6, r=8, tr=[(1, 5, 0), (0, 3, 1), (1, 3, 2), (5, 4, 3), (4, 5, 4), (2, 4, 5), (2, 0, 6), (5, 1, 7)]),2379,SAT
P33730,22,7,7,CG(nc=5, r=7, tr=[(0, 1, 1), (2, 4, 2), (3, 1, 3), (4, 3, 4), (0, 2, 5), (4, 1, 6), (3, 2, 7)]),CG(nc=6, r=7, tr=[(1, 5, 1), (1, 3, 2), (0, 4, 3), (3, 4, 4), (5, 2, 5), (2, 4, 6), (0, 3, 7)]),2309,SAT
P33731,18,6,6,CG(nc=5, r=6, tr=[(4, 2, 1), (4, 3, 2), (1, 0, 3), (1, 3, 4), (0, 3, 5), (2, 0, 6)]),CG(nc=5, r=6, tr=[(0, 1, 1), (4, 1, 2), (4, 3, 3), (3, 4, 4), (2, 0, 5), (2, 3, 6)]),2108,SAT
P33732,24,8,8,CG(nc=4, r=8, tr=[(1, 0, 0), (3, 2, 1), (3, 2, 2), (1, 0, 3), (1, 2, 4), (0, 2, 5), (2, 1, 6), (2, 3, 7)]),CG(nc=7, r=8, tr=[(1, 2, 0), (3, 0, 1), (4, 3, 2), (6, 1, 3), (5, 6, 4), (0, 2, 5), (5, 2, 6), (6, 4, 7)]),2508,SAT
P33733,24,8,8,CG(nc=6, r=8, tr=[(1, 0, 0), (2, 5, 1), (4, 0, 2), (3, 2, 3), (3, 0, 4), (5, 4, 5), (2, 1, 6), (1, 4, 7)]),CG(nc=6, r=8, tr=[(1, 0, 0), (5, 3, 1), (1, 3, 2), (4, 1, 3), (0, 2, 4), (4, 5, 5), (4, 2, 6), (0, 1, 7)]),2745,SAT
P33734,24,8,8,CG(nc=5, r=8, tr=[(1, 4, 0), (0, 3, 1), (0, 3, 2), (4, 2, 3), (3, 2, 4), (3, 4, 5), (1, 3, 6), (2, 0, 7)]),CG(nc=6, r=8, tr=[(1, 0, 0), (2, 3, 1), (0, 3, 2), (5, 4, 3), (2, 4, 4), (1, 4, 5), (1, 0, 6), (2, 5, 7)]),2257,SAT
P33735,20,7,7,CG(nc=5, r=7, tr=[(4, 2, 0), (3, 2, 1), (0, 1, 2), (4, 2, 3), (3, 0, 4), (4, 1, 5), (3, 0, 6)]),CG(nc=5, r=7, tr=[(1, 2, 0), (0, 2, 1), (4, 2, 2), (1, 0, 3), (0, 1, 4), (1, 3, 5), (3, 4, 6)]),2205,SAT
P33736,26,9,9,CG(nc=5, r=9, tr=[(0, 1, 1), (0, 1, 2), (2, 3, 3), (2, 1, 4), (4, 1, 5), (2, 4, 6), (1, 0, 7), (3, 4, 2), (3, 1, 6)]),CG(nc=7, r=9, tr=[(1, 6, 1), (3, 0, 2), (4, 0, 3), (0, 5, 4), (6, 2, 5), (5, 4, 6), (1, 3, 7), (2, 4, 4), (2, 4, 6)]),8711,SAT
P33737,28,10,10,CG(nc=6, r=10, tr=[(1, 5, 0), (5, 3, 1), (5, 3, 2), (0, 4, 3), (4, 2, 4), (3, 0, 5), (2, 0, 6), (1, 4, 7), (2, 3, 3), (3, 4, 6)]),CG(nc=6, r=10, tr=[(1, 2, 0), (3, 0, 1), (1, 5, 2), (3, 4, 3), (0, 2, 4), (5, 4, 5), (1, 0, 6), (3, 1, 7), (3, 4, 4), (2, 4, 3)]),21522,SAT
P33738,24,8,8,CG(nc=6, r=8, tr=[(1, 2, 1), (3, 0, 2), (4, 3, 3), (5, 4, 4), (5, 3, 5), (1, 0, 6), (1, 4, 7), (2, 5, 3)]),CG(nc=6, r=8, tr=[(1, 0, 1), (1, 2, 2), (5, 4, 3), (4, 3, 4), (0, 3, 5), (2, 4, 6), (5, 2, 7), (2, 3, 3)]),4538,SAT
P33739,20,7,7,CG(nc=5, r=7, tr=[(1, 2, 1), (0, 3, 2), (3, 1, 3), (4, 1, 4), (3, 4, 5), (2, 0, 6), (4, 3, 6)]),CG(nc=5, r=7, tr=[(0, 1, 1), (4, 1, 2), (0, 3, 3), (3, 1, 4), (4, 2, 5), (2, 3, 6), (1, 0, 6)]),3912,SAT
P33740,22,7,7,CG(nc=5, r=7, tr=[(1, 0, 1), (4, 3, 2), (1, 2, 3), (4, 2, 4), (3, 0, 5), (2, 4, 6), (3, 4, 7)]),CG(nc=6, r=7, tr=[(0, 1, 1), (1, 2, 2), (0, 3, 3), (0, 4, 4), (5, 3, 5), (4, 3, 6), (2, 5, 7)]),2361,SAT
P33741,24,8,8,CG(nc=6, r=8, tr=[(1, 2, 0), (3, 5, 1), (2, 5, 2), (0, 4, 3), (3, 4, 4), (0, 2, 5), (4, 3, 6), (1, 5, 7)]),CG(nc=6, r=8, tr=[(1, 0, 0), (1, 2, 1), (5, 2, 2), (4, 5, 3), (3, 5, 4), (0, 4, 5), (3, 4, 6), (0, 1, 7)]),2272,SAT
P33742,22,7,7,CG(nc=5, r=7, tr=[(1, 2, 1), (0, 3, 2), (4, 1, 3), (3, 1, 4), (3, 4, 5), (0, 2, 6), (1, 0, 7)]),CG(nc=5, r=7, tr=[(1, 2, 1), (4, 1, 2), (0, 3, 3), (3, 1, 4), (3, 4, 5), (0, 1, 6), (2, 0, 7)]),2327,SAT
P33743,18,6,6,CG(nc=5, r=6, tr=[(1, 0, 1), (4, 3, 2), (4, 2, 3), (1, 2, 4), (3, 0, 5), (1, 2, 6)]),CG(nc=5, r=6, tr=[(1, 4, 1), (1, 0, 2), (0, 3, 3), (2, 3, 4), (4, 3, 5), (0, 2, 6)]),1879,SAT
P33748,26,9,9,CG(nc=6, r=9, tr=[(1, 5, 0), (3, 1, 1), (1, 4, 2), (5, 1, 3), (4, 0, 4), (5, 2, 5), (3, 0, 6), (2, 3, 7), (4, 0, 5)]),CG(nc=7, r=9, tr=[(1, 2, 0), (2, 6, 1), (4, 2, 2), (5, 3, 3), (0, 1, 4), (6, 5, 5), (5, 1, 6), (0, 4, 7), (0, 3, 0)]),4988,SAT
P33749,24,8,8,CG(nc=5, r=8, tr=[(1, 2, 0), (2, 4, 1), (2, 4, 2), (0, 3, 3), (2, 3, 4), (0, 1, 5), (0, 1, 6), (2, 4, 7)]),CG(nc=6, r=8, tr=[(0, 1, 0), (0, 2, 1), (3, 5, 2), (5, 1, 3), (0, 4, 4), (2, 5, 5), (2, 4, 6), (3, 2, 7)]),2540,SAT
P33750,28,10,10,CG(nc=6, r=10, tr=[(1, 2, 0), (5, 2, 1), (1, 5, 2), (0, 4, 3), (4, 2, 4), (1, 4, 5), (1, 0, 6), (4, 3, 7), (5, 3, 4), (0, 3, 0)]),CG(nc=7, r=10, tr=[(1, 2, 0), (0, 3, 1), (4, 3, 2), (6, 2, 3), (2, 4, 4), (0, 1, 5), (0, 1, 6), (6, 4, 7), (5, 2, 5), (5, 0, 6)]),13008,SAT
P33751,20,7,7,CG(nc=5, r=7, tr=[(4, 2, 0), (3, 2, 1), (1, 2, 2), (2, 4, 3), (0, 3, 4), (1, 0, 5), (3, 0, 6)]),CG(nc=6, r=7, tr=[(1, 5, 0), (3, 5, 1), (3, 0, 2), (0, 1, 3), (4, 2, 4), (2, 5, 5), (0, 4, 6)]),2234,SAT
P33752,26,9,9,CG(nc=5, r=9, tr=[(1, 2, 0), (0, 2, 1), (0, 2, 2), (3, 4, 3), (4, 1, 4), (1, 4, 5), (1, 3, 6), (3, 0, 7), (2, 1, 3)]),CG(nc=6, r=9, tr=[(1, 2, 0), (3, 5, 1), (3, 2, 2), (2, 5, 3), (4, 0, 4), (4, 3, 5), (1, 0, 6), (0, 2, 7), (5, 3, 6)]),4737,SAT
P33753,26,9,9,CG(nc=6, r=9, tr=[(1, 0, 0), (2, 3, 1), (1, 4, 2), (1, 3, 3), (3, 0, 4), (5, 4, 5), (5, 2, 6), (4, 1, 7), (4, 5, 4)]),CG(nc=6, r=9, tr=[(5, 2, 0), (2, 3, 1), (0, 3, 2), (3, 4, 3), (5, 1, 4), (4, 1, 5), (4, 0, 6), (5, 2, 7), (3, 2, 6)]),5097,SAT
P33754,26,9,9,CG(nc=6, r=9, tr=[(5, 2, 0), (0, 3, 1), (4, 0, 2), (1, 5, 3), (4, 1, 4), (4, 2, 5), (4, 5, 6), (1, 0, 7), (3, 1, 6)]),CG(nc=6, r=9, tr=[(1, 5, 0), (3, 4, 1), (0, 4, 2), (2, 0, 3), (0, 1, 4), (2, 3, 5), (1, 2, 6), (5, 3, 7), (3, 5, 4)]),4809,SAT
P33755,22,8,8,CG(nc=6, r=8, tr=[(1, 2, 0), (5, 4, 1), (1, 5, 2), (3, 1, 3), (0, 3, 4), (2, 0, 5), (4, 3, 6), (2, 0, 6)]),CG(nc=5, r=8, tr=[(1, 2, 0), (0, 3, 1), (4, 3, 2), (1, 3, 3), (0, 1, 4), (1, 2, 5), (4, 2, 6), (0, 3, 6)]),4234,SAT
P33756,24,8,8,CG(nc=5, r=8, tr=[(1, 4, 0), (3, 0, 1), (3, 0, 2), (2, 3, 3), (4, 2, 4), (1, 3, 5), (1, 2, 6), (3, 0, 7)]),CG(nc=6, r=8, tr=[(5, 2, 0), (3, 5, 1), (3, 4, 2), (1, 0, 3), (4, 2, 4), (5, 1, 5), (2, 1, 6), (0, 4, 7)]),2635,SAT
P33757,24,8,8,CG(nc=5, r=8, tr=[(1, 2, 0), (4, 1, 1), (1, 4, 2), (0, 3, 3), (1, 3, 4), (0, 2, 5), (1, 3, 6), (1, 4, 7)]),CG(nc=5, r=8, tr=[(4, 2, 0), (0, 3, 1), (2, 3, 2), (0, 2, 3), (1, 0, 4), (4, 3, 5), (1, 3, 6), (4, 2, 7)]),2417,SAT
P33758,26,9,9,CG(nc=6, r=9, tr=[(1, 2, 0), (1, 0, 1), (0, 3, 2), (5, 4, 3), (4, 3, 4), (5, 1, 5), (1, 4, 6), (3, 0, 7), (3, 2, 2)]),CG(nc=6, r=9, tr=[(1, 2, 0), (0, 2, 1), (2, 1, 2), (5, 4, 3), (5, 1, 4), (4, 0, 5), (1, 4, 6), (3, 1, 7), (3, 5, 2)]),4549,SAT
P33759,20,7,7,CG(nc=5, r=7, tr=[(1, 0, 0), (4, 3, 1), (3, 4, 2), (2, 3, 3), (2, 0, 4), (3, 1, 5), (1, 2, 6)]),CG(nc=5, r=7, tr=[(4, 2, 0), (3, 0, 1), (3, 4, 2), (0, 2, 3), (1, 0, 4), (2, 4, 5), (1, 2, 6)]),2605,SAT
P33768,28,10,10,CG(nc=6, r=10, tr=[(1, 2, 1), (3, 5, 2), (3, 2, 3), (0, 2, 4), (1, 4, 5), (5, 1, 6), (2, 1, 7), (0, 2, 5), (5, 4, 4), (0, 3, 6)]),CG(nc=7, r=10, tr=[(1, 6, 1), (1, 3, 2), (6, 3, 3), (0, 4, 4), (0, 4, 5), (3, 5, 6), (0, 3, 7), (2, 5, 5), (2, 6, 4), (4, 5, 3)]),411829,SAT
P33769,30,11,11,CG(nc=7, r=11, tr=[(1, 2, 0), (6, 4, 1), (5, 1, 2), (0, 5, 3), (3, 0, 4), (0, 4, 5), (5, 3, 6), (2, 5, 7), (4, 5, 4), (1, 6, 5), (5, 4, 6)]),CG(nc=7, r=11, tr=[(1, 2, 0), (1, 6, 1), (2, 0, 2), (4, 2, 3), (5, 3, 4), (5, 6, 5), (0, 3, 6), (2, 1, 7), (3, 5, 3), (1, 2, 6), (4, 5, 4)]),419239,SAT
P33770,24,8,8,CG(nc=5, r=8, tr=[(1, 2, 1), (2, 1, 2), (4, 2, 3), (1, 0, 4), (1, 3, 5), (1, 3, 6), (4, 3, 7), (3, 0, 3)]),CG(nc=6, r=8, tr=[(1, 0, 1), (2, 1, 2), (2, 0, 3), (2, 3, 4), (4, 3, 5), (4, 0, 6), (5, 2, 7), (3, 5, 3)]),4719,SAT
P33771,22,8,8,CG(nc=6, r=8, tr=[(0, 1, 1), (0, 2, 2), (3, 5, 3), (2, 3, 4), (4, 2, 5), (1, 4, 6), (3, 4, 3), (5, 4, 4)]),CG(nc=6, r=8, tr=[(0, 1, 1), (1, 5, 2), (3, 5, 3), (4, 5, 4), (0, 2, 5), (3, 2, 6), (3, 5, 4), (4, 0, 3)]),6659,SAT
P33772,24,8,8,CG(nc=6, r=8, tr=[(1, 5, 1), (0, 3, 2), (1, 4, 3), (0, 4, 4), (2, 5, 5), (0, 4, 6), (2, 4, 7), (3, 2, 3)]),CG(nc=5, r=8, tr=[(1, 2, 1), (2, 0, 2), (0, 1, 3), (3, 2, 4), (2, 0, 5), (4, 3, 6), (1, 4, 7), (1, 4, 5)]),4298,SAT
P33773,26,9,9,CG(nc=6, r=9, tr=[(1, 2, 0), (3, 0, 1), (1, 4, 2), (1, 3, 3), (5, 1, 4), (0, 4, 5), (5, 1, 6), (4, 2, 7), (3, 5, 5)]),CG(nc=6, r=9, tr=[(1, 5, 0), (0, 3, 1), (3, 1, 2), (4, 3, 3), (2, 5, 4), (4, 0, 5), (2, 4, 6), (5, 1, 7), (5, 3, 5)]),4710,SAT
P33774,24,8,8,CG(nc=5, r=8, tr=[(1, 0, 1), (0, 1, 2), (4, 3, 3), (2, 3, 4), (4, 2, 5), (3, 1, 6), (3, 0, 7), (1, 2, 3)]),CG(nc=5, r=8, tr=[(1, 2, 1), (2, 0, 2), (1, 0, 3), (2, 3, 4), (3, 0, 5), (1, 2, 6), (4, 1, 7), (4, 3, 3)]),4358,SAT
P33775,20,7,7,CG(nc=5, r=7, tr=[(1, 4, 1), (3, 4, 2), (1, 2, 3), (0, 2, 4), (0, 1, 5), (2, 0, 6), (2, 3, 5)]),CG(nc=5, r=7, tr=[(1, 0, 1), (4, 1, 2), (3, 4, 3), (3, 2, 4), (3, 0, 5), (2, 1, 6), (4, 1, 5)]),3948,SAT
P33788,24,8,8,CG(nc=5, r=8, tr=[(0, 1, 1), (2, 3, 2), (2, 4, 3), (3, 0, 4), (4, 1, 5), (2, 1, 6), (0, 2, 7), (0, 3, 5)]),CG(nc=5, r=8, tr=[(0, 1, 1), (2, 1, 2), (0, 2, 3), (0, 3, 4), (4, 1, 5), (4, 2, 6), (4, 2, 7), (3, 1, 6)]),3850,SAT
P33789,26,9,9,CG(nc=7, r=9, tr=[(1, 2, 0), (3, 4, 1), (0, 5, 2), (2, 5, 3), (4, 5, 4), (2, 6, 5), (3, 0, 6), (1, 3, 7), (4, 6, 3)]),CG(nc=6, r=9, tr=[(1, 0, 0), (2, 3, 1), (0, 2, 2), (5, 1, 3), (4, 1, 4), (2, 4, 5), (2, 5, 6), (5, 3, 7), (0, 1, 6)]),4946,SAT
P33790,24,8,8,CG(nc=5, r=8, tr=[(1, 4, 1), (4, 3, 2), (1, 3, 3), (3, 2, 4), (1, 0, 5), (2, 1, 6), (4, 3, 7), (2, 0, 3)]),CG(nc=6, r=8, tr=[(1, 2, 1), (1, 5, 2), (4, 5, 3), (3, 5, 4), (0, 4, 5), (4, 3, 6), (2, 0, 7), (3, 0, 3)]),4118,SAT
P33791,18,6,6,CG(nc=5, r=6, tr=[(1, 2, 1), (3, 0, 2), (4, 2, 3), (1, 0, 4), (2, 3, 5), (1, 0, 6)]),CG(nc=5, r=6, tr=[(1, 4, 1), (1, 0, 2), (0, 4, 3), (0, 3, 4), (2, 4, 5), (3, 2, 6)]),1895,SAT
P34400,28,10,10,CG(nc=6, r=10, tr=[(1, 0, 0), (2, 5, 1), (4, 2, 2), (4, 3, 3), (0, 3, 4), (5, 3, 5), (1, 2, 6), (1, 4, 7), (2, 0, 5), (4, 3, 6)]),CG(nc=7, r=10, tr=[(1, 2, 0), (3, 2, 1), (4, 0, 2), (0, 2, 3), (4, 3, 4), (0, 5, 5), (4, 6, 6), (2, 6, 7), (1, 4, 5), (3, 5, 7)]),13196,SAT
P34401,32,12,12,CG(nc=7, r=12, tr=[(1, 6, 0), (3, 4, 1), (0, 4, 2), (5, 3, 3), (5, 6, 4), (4, 5, 5), (4, 5, 6), (2, 3, 7), (1, 3, 5), (1, 2, 4), (2, 1, 1), (0, 2, 6)]),CG(nc=9, r=12, tr=[(1, 2, 0), (1, 3, 1), (0, 4, 2), (8, 1, 3), (6, 3, 4), (6, 2, 5), (6, 0, 6), (7, 8, 7), (2, 4, 1), (4, 5, 0), (7, 2, 4), (7, 5, 5)]),941164,SAT
P34402,28,10,10,CG(nc=7, r=10, tr=[(1, 2, 0), (6, 2, 1), (4, 5, 2), (4, 3, 3), (0, 5, 4), (5, 6, 5), (1, 0, 6), (3, 1, 7), (3, 0, 0), (2, 3, 4)]),CG(nc=7, r=10, tr=[(1, 2, 0), (3, 6, 1), (5, 0, 2), (5, 0, 3), (0, 2, 4), (6, 1, 5), (2, 4, 6), (4, 1, 7), (5, 3, 4), (4, 5, 0)]),13677,SAT
P34403,30,11,11,CG(nc=7, r=11, tr=[(1, 2, 0), (3, 6, 1), (1, 5, 2), (2, 3, 3), (2, 5, 4), (5, 6, 5), (1, 4, 6), (4, 3, 7), (4, 0, 0), (0, 1, 4), (3, 4, 5)]),CG(nc=7, r=11, tr=[(1, 2, 0), (6, 4, 1), (0, 5, 2), (2, 0, 3), (4, 5, 4), (6, 3, 5), (5, 2, 6), (6, 2, 7), (1, 4, 2), (1, 3, 6), (4, 0, 5)]),429194,SAT
P34406,26,9,9,CG(nc=6, r=9, tr=[(5, 2, 0), (3, 2, 1), (4, 1, 2), (2, 1, 3), (5, 4, 4), (4, 0, 5), (0, 3, 6), (3, 0, 7), (0, 3, 4)]),CG(nc=6, r=9, tr=[(5, 2, 0), (3, 4, 1), (0, 1, 2), (0, 4, 3), (5, 3, 4), (4, 2, 5), (5, 1, 6), (4, 1, 7), (0, 2, 4)]),4914,SAT
P34407,30,11,11,CG(nc=7, r=11, tr=[(0, 1, 0), (2, 6, 1), (4, 5, 2), (3, 2, 3), (4, 3, 4), (1, 0, 5), (1, 2, 6), (2, 1, 7), (0, 5, 3), (4, 6, 5), (2, 3, 2)]),CG(nc=7, r=11, tr=[(1, 0, 0), (2, 3, 1), (2, 1, 2), (1, 4, 3), (1, 6, 4), (4, 6, 5), (3, 2, 6), (2, 4, 7), (5, 3, 3), (6, 5, 1), (0, 3, 4)]),418249,SAT
P34408,30,11,11,CG(nc=6, r=11, tr=[(1, 2, 0), (2, 5, 1), (1, 4, 2), (5, 4, 3), (1, 0, 4), (0, 2, 5), (3, 1, 6), (4, 0, 7), (2, 5, 4), (5, 3, 7), (0, 3, 3)]),CG(nc=8, r=11, tr=[(1, 2, 0), (3, 1, 1), (0, 4, 2), (5, 1, 3), (3, 7, 4), (7, 2, 5), (0, 5, 6), (1, 4, 7), (6, 4, 3), (6, 5, 7), (2, 6, 4)]),425880,SAT
P34409,34,14,12,CG(nc=9, r=14, tr=[(0, 1, 0), (2, 3, 1), (8, 5, 2), (6, 3, 3), (7, 0, 4), (3, 4, 5), (3, 8, 6), (4, 1, 7), (2, 7, 2), (1, 8, 4), (5, 7, 6), (5, 4, 1), (2, 1, 3), (2, 5, 5)]),CG(nc=7, r=12, tr=[(1, 2, 0), (2, 3, 1), (4, 0, 2), (4, 1, 3), (5, 1, 4), (5, 6, 5), (3, 2, 6), (1, 3, 7), (0, 5, 1), (6, 4, 6), (3, 6, 2), (0, 2, 5)]),4003949,SAT
P34410,30,11,11,CG(nc=7, r=11, tr=[(6, 2, 0), (3, 0, 1), (2, 4, 2), (4, 5, 3), (6, 5, 4), (5, 0, 5), (4, 5, 6), (4, 3, 7), (1, 3, 6), (0, 1, 4), (2, 1, 3)]),CG(nc=7, r=11, tr=[(1, 2, 0), (3, 2, 1), (6, 5, 2), (4, 1, 3), (5, 4, 4), (0, 3, 5), (2, 6, 6), (2, 5, 7), (3, 1, 2), (4, 3, 6), (1, 0, 4)]),435913,SAT
P34411,32,12,12,CG(nc=7, r=12, tr=[(1, 2, 0), (3, 4, 1), (0, 2, 2), (6, 4, 3), (1, 5, 4), (4, 1, 5), (2, 6, 6), (0, 3, 7), (6, 5, 7), (5, 1, 1), (0, 5, 3), (4, 2, 4)]),CG(nc=8, r=12, tr=[(1, 2, 0), (3, 1, 1), (3, 4, 2), (5, 0, 3), (2, 6, 4), (0, 2, 5), (6, 5, 6), (7, 5, 7), (0, 3, 4), (7, 4, 3), (1, 5, 2), (1, 4, 6)]),2693613,SAT
P34414,28,10,10,CG(nc=6, r=10, tr=[(1, 0, 0), (2, 1, 1), (3, 0, 2), (3, 2, 3), (1, 5, 4), (1, 0, 5), (3, 5, 6), (5, 4, 7), (2, 4, 2), (5, 2, 5)]),CG(nc=7, r=10, tr=[(1, 2, 0), (6, 4, 1), (2, 0, 2), (5, 2, 3), (2, 4, 4), (6, 1, 5), (5, 0, 6), (3, 5, 7), (5, 1, 2), (1, 3, 4)]),13408,SAT
P34415,28,10,10,CG(nc=7, r=10, tr=[(1, 6, 0), (3, 1, 1), (4, 5, 2), (4, 0, 3), (5, 6, 4), (5, 3, 5), (3, 4, 6), (2, 0, 7), (2, 6, 3), (2, 3, 2)]),CG(nc=7, r=10, tr=[(1, 2, 0), (3, 1, 1), (4, 1, 2), (0, 1, 3), (5, 2, 4), (2, 6, 5), (4, 5, 6), (4, 0, 7), (4, 6, 3), (3, 6, 4)]),11486,SAT
P34418,28,10,10,CG(nc=6, r=10, tr=[(1, 5, 0), (3, 0, 1), (4, 2, 2), (0, 4, 3), (5, 2, 4), (2, 1, 5), (3, 1, 6), (1, 2, 7), (0, 3, 4), (3, 2, 0)]),CG(nc=6, r=10, tr=[(5, 2, 0), (5, 2, 1), (3, 0, 2), (0, 4, 3), (3, 2, 4), (3, 1, 5), (4, 2, 6), (4, 5, 7), (0, 1, 4), (4, 1, 0)]),15779,SAT
P34419,28,10,10,CG(nc=6, r=10, tr=[(5, 2, 0), (0, 3, 1), (4, 1, 2), (0, 4, 3), (5, 1, 4), (2, 1, 5), (3, 2, 6), (1, 2, 7), (4, 2, 4), (1, 3, 0)]),CG(nc=7, r=10, tr=[(1, 2, 0), (1, 6, 1), (1, 2, 2), (0, 1, 3), (2, 4, 4), (6, 5, 5), (2, 5, 6), (0, 4, 7), (5, 3, 2), (3, 4, 0)]),13979,SAT
P34422,28,10,10,CG(nc=7, r=10, tr=[(1, 2, 0), (6, 4, 1), (1, 6, 2), (0, 5, 3), (6, 2, 4), (5, 2, 5), (3, 5, 6), (0, 3, 7), (5, 1, 4), (4, 3, 0)]),CG(nc=6, r=10, tr=[(0, 1, 0), (0, 2, 1), (3, 5, 2), (3, 5, 3), (2, 3, 4), (2, 5, 5), (4, 0, 6), (3, 4, 7), (2, 1, 2), (3, 4, 0)]),14647,SAT
P34423,26,9,9,CG(nc=6, r=9, tr=[(0, 1, 0), (2, 1, 1), (5, 4, 2), (0, 3, 3), (4, 3, 4), (2, 4, 5), (5, 2, 6), (5, 2, 7), (3, 2, 2)]),CG(nc=6, r=9, tr=[(0, 1, 0), (0, 1, 1), (1, 2, 2), (5, 1, 3), (2, 4, 4), (3, 2, 5), (4, 0, 6), (3, 5, 7), (3, 4, 2)]),5040,SAT
P34424,32,12,12,CG(nc=7, r=12, tr=[(1, 0, 0), (2, 3, 1), (0, 2, 2), (1, 3, 3), (3, 4, 4), (0, 1, 5), (2, 6, 6), (0, 4, 7), (2, 4, 5), (3, 5, 0), (5, 6, 7), (6, 4, 3)]),CG(nc=8, r=12, tr=[(1, 2, 0), (1, 2, 1), (1, 3, 2), (1, 0, 3), (4, 2, 4), (5, 6, 5), (2, 6, 6), (3, 0, 7), (5, 3, 4), (2, 4, 5), (7, 4, 7), (7, 6, 3)]),942904,SAT
P34425,32,12,12,CG(nc=7, r=12, tr=[(1, 6, 0), (3, 4, 1), (5, 2, 2), (0, 4, 3), (0, 1, 4), (3, 2, 5), (3, 1, 6), (6, 4, 7), (2, 6, 3), (0, 2, 7), (5, 1, 1), (0, 5, 5)]),CG(nc=7, r=12, tr=[(1, 2, 0), (0, 3, 1), (6, 5, 2), (4, 0, 3), (2, 4, 4), (5, 2, 5), (0, 5, 6), (4, 6, 7), (3, 2, 2), (1, 3, 6), (1, 6, 3), (1, 0, 7)]),2869852,SAT
P34426,30,11,11,CG(nc=7, r=11, tr=[(1, 2, 0), (3, 1, 1), (4, 6, 2), (5, 2, 3), (5, 4, 4), (4, 3, 5), (3, 0, 6), (3, 4, 7), (0, 2, 2), (6, 5, 5), (6, 5, 6)]),CG(nc=7, r=11, tr=[(6, 2, 0), (6, 2, 1), (2, 3, 2), (2, 4, 3), (5, 3, 4), (1, 3, 5), (5, 6, 6), (0, 1, 7), (6, 1, 3), (5, 0, 2), (4, 0, 6)]),423875,SAT
P34427,30,11,11,CG(nc=7, r=11, tr=[(1, 2, 0), (1, 0, 1), (3, 2, 2), (3, 0, 3), (4, 3, 4), (5, 1, 5), (2, 5, 6), (3, 6, 7), (6, 2, 4), (4, 1, 6), (6, 5, 3)]),CG(nc=7, r=11, tr=[(1, 2, 0), (1, 3, 1), (4, 6, 2), (3, 0, 3), (3, 4, 4), (3, 5, 5), (4, 0, 6), (1, 0, 7), (1, 6, 3), (4, 2, 5), (5, 6, 7)]),415836,SAT
P34430,28,10,10,CG(nc=6, r=10, tr=[(1, 2, 0), (5, 2, 1), (1, 4, 2), (3, 0, 3), (0, 1, 4), (3, 2, 5), (1, 3, 6), (0, 4, 7), (5, 2, 4), (5, 4, 3)]),CG(nc=6, r=10, tr=[(1, 2, 0), (5, 4, 1), (3, 0, 2), (0, 3, 3), (4, 3, 4), (4, 0, 5), (3, 1, 6), (5, 1, 7), (4, 2, 2), (5, 2, 3)]),14892,SAT
P34431,28,10,10,CG(nc=6, r=10, tr=[(0, 1, 0), (2, 5, 1), (4, 2, 2), (3, 1, 3), (4, 1, 4), (0, 2, 5), (3, 2, 6), (1, 4, 7), (3, 0, 2), (4, 5, 3)]),CG(nc=7, r=10, tr=[(0, 1, 0), (6, 3, 1), (3, 4, 2), (1, 4, 3), (0, 5, 4), (2, 6, 5), (2, 4, 6), (4, 5, 7), (0, 3, 3), (1, 2, 2)]),13861,SAT
P34432,24,8,8,CG(nc=5, r=8, tr=[(1, 4, 0), (3, 1, 1), (2, 0, 2), (4, 2, 4), (2, 3, 5), (0, 3, 6), (4, 3, 7), (3, 4, 2)]),CG(nc=6, r=8, tr=[(1, 2, 0), (2, 3, 1), (3, 1, 2), (3, 4, 4), (5, 3, 5), (4, 0, 6), (0, 2, 7), (4, 5, 2)]),4727,SAT
P34433,28,10,10,CG(nc=6, r=10, tr=[(5, 2, 0), (2, 3, 1), (4, 0, 2), (3, 1, 3), (5, 4, 4), (4, 3, 5), (1, 0, 6), (1, 2, 7), (3, 5, 7), (1, 5, 2)]),CG(nc=7, r=10, tr=[(0, 1, 0), (6, 3, 1), (3, 4, 2), (1, 4, 3), (5, 0, 4), (2, 6, 5), (5, 2, 6), (2, 4, 7), (2, 5, 1), (3, 1, 5)]),11470,SAT
P34434,24,8,8,CG(nc=4, r=8, tr=[(1, 2, 0), (2, 0, 1), (1, 0, 2), (0, 2, 4), (2, 3, 5), (3, 1, 6), (1, 2, 7), (1, 3, 4)]),CG(nc=7, r=8, tr=[(1, 6, 0), (3, 4, 1), (3, 0, 2), (4, 6, 4), (5, 0, 5), (5, 4, 6), (1, 2, 7), (2, 3, 5)]),4743,SAT
P34435,26,9,9,CG(nc=6, r=9, tr=[(1, 2, 0), (2, 0, 1), (5, 4, 2), (1, 3, 3), (4, 0, 4), (4, 1, 5), (5, 3, 6), (3, 2, 7), (3, 0, 2)]),CG(nc=6, r=9, tr=[(5, 2, 0), (3, 5, 1), (4, 3, 2), (4, 0, 3), (2, 0, 4), (3, 0, 5), (1, 2, 6), (4, 2, 7), (1, 5, 5)]),5011,SAT
P34438,20,7,7,CG(nc=5, r=7, tr=[(1, 4, 0), (3, 0, 1), (3, 2, 2), (2, 4, 3), (2, 0, 4), (1, 3, 5), (3, 4, 4)]),CG(nc=6, r=7, tr=[(1, 5, 0), (3, 4, 1), (0, 4, 2), (3, 5, 3), (4, 1, 4), (0, 2, 5), (2, 3, 4)]),4349,SAT
P34439,22,8,8,CG(nc=6, r=8, tr=[(5, 2, 0), (0, 3, 1), (4, 5, 2), (5, 1, 3), (3, 4, 4), (3, 1, 5), (3, 2, 6), (4, 0, 5)]),CG(nc=5, r=8, tr=[(1, 4, 0), (1, 4, 1), (3, 1, 2), (2, 1, 3), (3, 0, 4), (2, 3, 5), (4, 2, 6), (0, 2, 2)]),4228,SAT
P34440,26,9,9,CG(nc=6, r=9, tr=[(1, 2, 0), (2, 0, 1), (3, 2, 2), (1, 4, 3), (3, 5, 4), (3, 0, 5), (5, 4, 6), (2, 3, 7), (2, 5, 5)]),CG(nc=6, r=9, tr=[(1, 0, 0), (0, 2, 1), (1, 3, 2), (4, 0, 3), (4, 2, 4), (2, 5, 5), (4, 0, 6), (2, 3, 7), (5, 1, 4)]),4729,SAT
P34441,28,10,10,CG(nc=7, r=10, tr=[(6, 2, 0), (3, 2, 1), (4, 5, 2), (5, 0, 3), (1, 6, 4), (4, 2, 5), (5, 3, 6), (0, 4, 7), (5, 1, 5), (4, 1, 1)]),CG(nc=6, r=10, tr=[(1, 2, 0), (3, 1, 1), (5, 3, 2), (0, 2, 3), (2, 4, 4), (4, 5, 5), (0, 2, 6), (2, 3, 7), (4, 0, 1), (0, 1, 5)]),11061,SAT
P34442,26,9,9,CG(nc=6, r=9, tr=[(1, 0, 0), (2, 5, 1), (4, 3, 2), (4, 2, 3), (0, 3, 4), (3, 5, 5), (1, 4, 6), (2, 3, 7), (4, 1, 5)]),CG(nc=7, r=9, tr=[(1, 2, 0), (3, 6, 1), (5, 3, 2), (4, 5, 3), (0, 5, 4), (4, 6, 5), (4, 5, 6), (4, 2, 7), (1, 0, 2)]),4869,SAT
P34443,28,10,10,CG(nc=7, r=10, tr=[(1, 2, 0), (3, 6, 1), (5, 0, 2), (0, 1, 3), (5, 3, 4), (6, 4, 5), (2, 3, 6), (5, 0, 7), (4, 0, 2), (4, 1, 4)]),CG(nc=7, r=10, tr=[(1, 2, 0), (2, 3, 1), (4, 6, 2), (1, 0, 3), (0, 3, 4), (0, 1, 5), (6, 5, 6), (4, 2, 7), (3, 4, 3), (5, 3, 5)]),12698,SAT
P34446,22,8,8,CG(nc=6, r=8, tr=[(1, 2, 0), (3, 5, 1), (0, 4, 2), (2, 3, 3), (3, 4, 4), (5, 4, 5), (0, 1, 6), (1, 3, 5)]),CG(nc=6, r=8, tr=[(1, 5, 0), (0, 3, 1), (3, 4, 2), (5, 1, 3), (4, 5, 4), (0, 2, 5), (2, 4, 6), (1, 2, 2)]),4395,SAT
P34447,22,8,8,CG(nc=6, r=8, tr=[(1, 2, 0), (5, 2, 1), (0, 4, 2), (3, 0, 3), (4, 2, 4), (2, 1, 5), (1, 3, 6), (4, 5, 5)]),CG(nc=6, r=8, tr=[(1, 2, 0), (3, 2, 1), (0, 2, 2), (2, 5, 3), (5, 3, 4), (1, 5, 5), (1, 4, 6), (4, 0, 4)]),4826,SAT
P34448,26,9,9,CG(nc=6, r=9, tr=[(1, 2, 0), (1, 5, 1), (1, 4, 2), (3, 4, 3), (4, 0, 4), (3, 5, 5), (0, 2, 6), (5, 2, 7), (0, 1, 5)]),CG(nc=6, r=9, tr=[(1, 2, 0), (3, 1, 1), (4, 2, 2), (5, 2, 3), (5, 2, 4), (4, 5, 5), (0, 3, 6), (1, 0, 7), (4, 3, 4)]),5398,SAT
P34449,28,10,10,CG(nc=6, r=10, tr=[(0, 1, 0), (1, 2, 1), (3, 1, 2), (4, 3, 3), (3, 0, 4), (5, 4, 5), (5, 2, 6), (3, 1, 7), (2, 5, 4), (3, 4, 0)]),CG(nc=6, r=10, tr=[(1, 2, 0), (2, 0, 1), (3, 5, 2), (1, 5, 3), (4, 3, 4), (1, 3, 5), (4, 0, 6), (2, 4, 7), (4, 0, 0), (1, 5, 4)]),12041,SAT
P34450,27,9,10,CG(nc=6, r=9, tr=[(1, 0, 0), (5, 3, 1), (1, 4, 2), (2, 4, 3), (0, 2, 4), (4, 5, 5), (1, 3, 6), (2, 3, 7), (1, 5, 4)]),CG(nc=7, r=10, tr=[(1, 2, 0), (1, 3, 1), (3, 6, 2), (2, 6, 3), (1, 0, 4), (3, 5, 5), (3, 0, 6), (4, 0, 7), (5, 6, 4), (4, 5, 0)]),10644,SAT
P34451,26,9,9,CG(nc=6, r=9, tr=[(1, 2, 0), (2, 3, 1), (4, 0, 2), (5, 1, 3), (4, 1, 4), (3, 4, 5), (3, 0, 6), (2, 5, 7), (1, 3, 2)]),CG(nc=6, r=9, tr=[(1, 2, 0), (1, 0, 1), (5, 4, 2), (5, 2, 3), (5, 3, 4), (3, 4, 5), (4, 0, 6), (2, 0, 7), (3, 1, 2)]),5662,SAT
P34454,24,9,9,CG(nc=6, r=9, tr=[(1, 2, 0), (5, 4, 1), (3, 1, 2), (5, 4, 3), (4, 3, 4), (5, 2, 5), (2, 4, 6), (3, 0, 5), (0, 1, 1)]),CG(nc=6, r=9, tr=[(5, 2, 0), (3, 4, 1), (0, 3, 2), (0, 1, 3), (4, 5, 4), (3, 2, 5), (3, 5, 6), (4, 1, 0), (2, 0, 4)]),7250,SAT
P34455,24,9,9,CG(nc=6, r=9, tr=[(0, 1, 0), (1, 2, 1), (2, 0, 2), (0, 3, 3), (5, 1, 4), (4, 5, 5), (2, 5, 6), (4, 3, 2), (3, 1, 5)]),CG(nc=6, r=9, tr=[(0, 1, 0), (5, 3, 1), (1, 4, 2), (3, 1, 3), (0, 4, 4), (2, 5, 5), (4, 2, 6), (3, 1, 4), (2, 4, 0)]),6733,SAT
P34456,30,11,11,CG(nc=6, r=11, tr=[(1, 2, 0), (3, 2, 1), (1, 3, 2), (0, 4, 3), (0, 1, 4), (4, 2, 5), (1, 4, 6), (5, 4, 7), (5, 2, 4), (5, 3, 0), (1, 0, 5)]),CG(nc=7, r=11, tr=[(1, 6, 0), (3, 4, 1), (0, 4, 2), (6, 5, 3), (6, 2, 4), (1, 5, 5), (4, 2, 6), (5, 4, 7), (0, 3, 0), (5, 2, 1), (0, 1, 4)]),425973,SAT
P34457,28,10,10,CG(nc=6, r=10, tr=[(0, 1, 0), (2, 0, 1), (1, 2, 2), (3, 1, 3), (5, 1, 4), (5, 2, 5), (4, 5, 6), (1, 2, 7), (3, 0, 5), (3, 4, 1)]),CG(nc=7, r=10, tr=[(1, 0, 0), (2, 1, 1), (1, 3, 2), (4, 2, 3), (2, 6, 4), (5, 4, 5), (6, 4, 6), (3, 5, 7), (0, 5, 4), (4, 6, 0)]),16128,SAT
P34458,28,10,10,CG(nc=6, r=10, tr=[(5, 2, 0), (3, 0, 1), (0, 4, 2), (4, 1, 3), (0, 2, 4), (2, 4, 5), (5, 4, 6), (3, 1, 7), (1, 5, 4), (3, 1, 0)]),CG(nc=6, r=10, tr=[(1, 2, 0), (1, 0, 1), (5, 4, 2), (2, 3, 3), (4, 1, 4), (3, 1, 5), (4, 0, 6), (3, 5, 7), (0, 2, 2), (5, 3, 6)]),13247,SAT
P34459,28,10,10,CG(nc=7, r=10, tr=[(1, 6, 0), (3, 4, 1), (0, 5, 2), (5, 2, 3), (4, 0, 4), (1, 5, 5), (1, 4, 6), (6, 3, 7), (6, 2, 4), (0, 3, 3)]),CG(nc=7, r=10, tr=[(1, 6, 0), (1, 3, 1), (4, 3, 2), (3, 0, 3), (4, 6, 4), (1, 5, 5), (6, 5, 6), (2, 0, 7), (2, 5, 2), (1, 0, 4)]),12342,SAT
P34462,26,10,10,CG(nc=7, r=10, tr=[(1, 2, 0), (3, 0, 1), (2, 0, 2), (3, 2, 3), (6, 5, 4), (4, 0, 5), (6, 1, 6), (3, 5, 2), (6, 1, 5), (4, 5, 6)]),CG(nc=7, r=10, tr=[(1, 2, 0), (3, 0, 1), (2, 0, 2), (3, 2, 3), (6, 5, 4), (4, 0, 5), (6, 1, 6), (3, 5, 2), (6, 1, 5), (4, 5, 6)]),412690,SAT
P34463,22,8,8,CG(nc=6, r=8, tr=[(1, 2, 0), (1, 3, 1), (1, 5, 2), (5, 3, 3), (3, 4, 4), (4, 2, 5), (2, 0, 6), (4, 0, 2)]),CG(nc=5, r=8, tr=[(1, 2, 0), (4, 2, 1), (1, 4, 2), (1, 0, 3), (2, 3, 4), (2, 0, 5), (4, 3, 6), (0, 3, 2)]),8138,SAT
P34464,26,9,9,CG(nc=6, r=9, tr=[(1, 2, 0), (2, 3, 1), (4, 5, 2), (1, 0, 3), (0, 4, 4), (4, 2, 5), (5, 3, 6), (0, 3, 7), (5, 2, 4)]),CG(nc=6, r=9, tr=[(1, 2, 0), (1, 2, 1), (2, 5, 2), (4, 3, 3), (0, 3, 4), (3, 4, 5), (5, 4, 6), (1, 3, 7), (4, 0, 2)]),7998,SAT
P34465,28,10,10,CG(nc=6, r=10, tr=[(1, 0, 0), (1, 2, 1), (0, 3, 2), (4, 2, 3), (5, 3, 4), (4, 5, 5), (3, 5, 6), (1, 3, 7), (3, 2, 0), (0, 2, 4)]),CG(nc=6, r=10, tr=[(1, 2, 0), (2, 5, 1), (4, 0, 2), (4, 1, 3), (4, 3, 4), (1, 4, 5), (3, 5, 6), (2, 3, 7), (3, 5, 0), (1, 0, 4)]),16289,SAT
P34466,26,9,9,CG(nc=6, r=9, tr=[(5, 2, 0), (3, 0, 1), (0, 4, 2), (2, 1, 3), (0, 2, 4), (4, 1, 5), (3, 2, 6), (2, 5, 7), (5, 4, 4)]),CG(nc=6, r=9, tr=[(1, 2, 0), (3, 0, 1), (5, 4, 2), (4, 2, 3), (5, 2, 4), (2, 4, 5), (0, 4, 6), (1, 0, 7), (4, 3, 4)]),7887,SAT
P34467,26,9,9,CG(nc=6, r=9, tr=[(0, 1, 0), (1, 2, 1), (5, 4, 2), (3, 4, 3), (2, 4, 4), (3, 0, 5), (5, 2, 6), (0, 1, 7), (0, 2, 2)]),CG(nc=6, r=9, tr=[(1, 2, 0), (2, 3, 1), (2, 0, 2), (3, 4, 3), (5, 3, 4), (3, 4, 5), (4, 0, 6), (3, 1, 7), (5, 4, 2)]),8622,SAT
P34468,26,9,9,CG(nc=6, r=9, tr=[(1, 5, 0), (3, 4, 1), (2, 4, 2), (4, 1, 3), (2, 5, 4), (2, 0, 5), (0, 3, 6), (3, 1, 7), (3, 0, 4)]),CG(nc=7, r=9, tr=[(1, 0, 0), (2, 3, 1), (2, 6, 2), (5, 6, 3), (0, 4, 4), (2, 1, 5), (4, 5, 6), (3, 4, 7), (6, 5, 5)]),9062,SAT
P34469,26,9,9,CG(nc=6, r=9, tr=[(5, 2, 0), (0, 3, 1), (0, 4, 2), (2, 1, 3), (5, 4, 4), (4, 1, 5), (2, 3, 6), (3, 0, 7), (3, 0, 4)]),CG(nc=7, r=9, tr=[(0, 1, 0), (2, 6, 1), (4, 2, 2), (5, 2, 3), (0, 3, 4), (6, 5, 5), (5, 3, 6), (3, 4, 7), (1, 5, 2)]),7512,SAT
P34470,22,8,8,CG(nc=5, r=8, tr=[(1, 4, 0), (3, 0, 1), (1, 4, 2), (0, 2, 3), (0, 1, 4), (3, 4, 5), (3, 1, 6), (2, 3, 2)]),CG(nc=5, r=8, tr=[(1, 4, 0), (3, 4, 1), (1, 3, 2), (1, 3, 3), (1, 0, 4), (1, 2, 5), (2, 4, 6), (0, 2, 2)]),6681,SAT
P34471,22,8,8,CG(nc=6, r=8, tr=[(1, 5, 0), (0, 3, 1), (4, 0, 2), (2, 4, 3), (5, 4, 4), (1, 2, 5), (3, 1, 6), (1, 0, 4)]),CG(nc=6, r=8, tr=[(1, 2, 0), (1, 3, 1), (0, 1, 2), (2, 5, 3), (3, 5, 4), (2, 5, 5), (4, 0, 6), (4, 2, 4)]),5619,SAT
P34472,28,10,10,CG(nc=6, r=10, tr=[(1, 5, 0), (3, 0, 1), (4, 2, 2), (2, 1, 3), (0, 2, 4), (4, 0, 5), (2, 3, 6), (4, 2, 7), (5, 4, 4), (3, 1, 5)]),CG(nc=7, r=10, tr=[(1, 2, 0), (3, 0, 1), (6, 5, 2), (2, 1, 3), (6, 4, 4), (0, 1, 5), (1, 4, 6), (5, 2, 7), (3, 6, 5), (2, 3, 4)]),16303,SAT
P34473,30,11,11,CG(nc=6, r=11, tr=[(1, 2, 0), (1, 0, 1), (0, 2, 2), (5, 4, 3), (1, 0, 4), (5, 3, 5), (2, 3, 6), (4, 0, 7), (4, 3, 1), (2, 5, 4), (4, 1, 5)]),CG(nc=7, r=11, tr=[(6, 2, 0), (3, 4, 1), (3, 2, 2), (5, 1, 3), (6, 5, 4), (0, 1, 5), (3, 5, 6), (1, 3, 7), (0, 2, 4), (4, 0, 3), (6, 4, 7)]),459235,SAT
P34474,26,9,9,CG(nc=6, r=9, tr=[(5, 2, 0), (3, 4, 1), (3, 1, 2), (0, 3, 3), (0, 4, 4), (1, 2, 5), (4, 2, 6), (5, 4, 7), (5, 1, 4)]),CG(nc=6, r=9, tr=[(1, 2, 0), (0, 3, 1), (3, 2, 2), (1, 3, 3), (5, 2, 4), (3, 4, 5), (2, 1, 6), (4, 5, 7), (0, 1, 5)]),10274,SAT
P34475,26,9,9,CG(nc=6, r=9, tr=[(1, 5, 0), (3, 4, 1), (1, 2, 2), (0, 3, 3), (2, 5, 4), (2, 3, 5), (4, 1, 6), (2, 3, 7), (1, 0, 4)]),CG(nc=6, r=9, tr=[(1, 5, 0), (3, 4, 1), (3, 0, 2), (4, 1, 3), (0, 1, 4), (3, 2, 5), (3, 5, 6), (1, 2, 7), (4, 5, 4)]),6925,SAT
P34476,28,10,10,CG(nc=6, r=10, tr=[(1, 2, 0), (0, 2, 1), (3, 4, 2), (1, 4, 3), (3, 5, 4), (0, 3, 5), (4, 5, 6), (3, 4, 7), (5, 2, 5), (4, 0, 2)]),CG(nc=6, r=10, tr=[(5, 2, 0), (5, 3, 1), (3, 2, 2), (2, 5, 3), (4, 2, 4), (0, 3, 5), (1, 5, 6), (4, 0, 7), (2, 1, 5), (4, 0, 6)]),12381,SAT
P34477,28,10,10,CG(nc=7, r=10, tr=[(1, 0, 0), (2, 1, 1), (3, 6, 2), (5, 2, 3), (0, 3, 4), (3, 2, 5), (5, 6, 6), (4, 5, 7), (4, 5, 2), (4, 1, 5)]),CG(nc=7, r=10, tr=[(1, 2, 0), (3, 4, 1), (1, 6, 2), (5, 4, 3), (5, 6, 4), (4, 2, 5), (2, 5, 6), (4, 0, 7), (0, 2, 3), (3, 5, 2)]),11470,SAT
P34478,22,8,8,CG(nc=5, r=8, tr=[(1, 0, 0), (2, 3, 1), (3, 2, 2), (3, 4, 3), (4, 1, 4), (2, 0, 5), (2, 1, 6), (0, 1, 2)]),CG(nc=5, r=8, tr=[(1, 0, 0), (2, 0, 1), (1, 2, 2), (0, 1, 3), (3, 0, 4), (4, 2, 5), (3, 2, 6), (1, 4, 4)]),5535,SAT
P34479,22,8,8,CG(nc=6, r=8, tr=[(0, 1, 0), (2, 5, 1), (5, 4, 2), (3, 1, 3), (1, 5, 4), (3, 4, 5), (3, 2, 6), (0, 4, 4)]),CG(nc=5, r=8, tr=[(4, 2, 0), (3, 2, 1), (4, 3, 2), (3, 1, 3), (0, 2, 4), (2, 1, 5), (4, 1, 6), (1, 0, 2)]),4619,SAT
P34480,26,9,9,CG(nc=6, r=9, tr=[(1, 2, 0), (2, 3, 1), (4, 0, 2), (1, 5, 3), (1, 4, 4), (2, 4, 5), (3, 0, 6), (3, 5, 7), (2, 0, 4)]),CG(nc=7, r=9, tr=[(1, 2, 0), (6, 4, 1), (5, 0, 2), (3, 4, 3), (3, 1, 4), (6, 1, 5), (0, 3, 6), (2, 5, 7), (2, 4, 4)]),4701,SAT
P34481,28,10,10,CG(nc=7, r=10, tr=[(1, 2, 0), (2, 3, 1), (0, 4, 2), (5, 4, 3), (4, 1, 4), (6, 5, 5), (3, 0, 6), (6, 2, 7), (1, 6, 1), (1, 3, 5)]),CG(nc=7, r=10, tr=[(6, 2, 0), (3, 0, 1), (6, 4, 2), (3, 2, 3), (2, 5, 4), (0, 5, 5), (6, 2, 6), (1, 4, 7), (1, 3, 4), (1, 5, 0)]),13786,SAT
P34482,28,10,10,CG(nc=6, r=10, tr=[(0, 1, 0), (2, 1, 1), (3, 1, 2), (4, 5, 3), (5, 2, 4), (4, 3, 5), (4, 5, 6), (3, 4, 7), (0, 3, 4), (5, 2, 6)]),CG(nc=7, r=10, tr=[(1, 2, 0), (3, 0, 1), (6, 5, 2), (4, 3, 3), (1, 6, 4), (1, 5, 5), (0, 5, 6), (0, 2, 7), (3, 5, 4), (4, 6, 6)]),15558,SAT
P34483,26,9,9,CG(nc=6, r=9, tr=[(1, 5, 0), (1, 3, 1), (4, 3, 2), (4, 5, 3), (2, 4, 4), (3, 2, 5), (3, 0, 6), (1, 5, 7), (2, 0, 2)]),CG(nc=6, r=9, tr=[(0, 1, 0), (0, 2, 1), (5, 4, 2), (5, 2, 3), (4, 2, 4), (5, 2, 5), (4, 0, 6), (1, 3, 7), (3, 2, 2)]),4805,SAT
P34484,26,9,9,CG(nc=6, r=9, tr=[(1, 0, 0), (2, 3, 1), (4, 2, 2), (2, 5, 3), (3, 5, 4), (4, 1, 5), (3, 1, 6), (5, 3, 7), (0, 4, 4)]),CG(nc=6, r=9, tr=[(0, 1, 0), (2, 3, 1), (5, 3, 2), (2, 5, 3), (1, 5, 4), (1, 3, 5), (3, 0, 6), (4, 0, 7), (4, 2, 4)]),5253,SAT
P34485,28,10,10,CG(nc=6, r=10, tr=[(5, 2, 0), (3, 0, 1), (4, 3, 2), (3, 1, 3), (5, 4, 4), (5, 3, 5), (1, 2, 6), (1, 0, 7), (0, 1, 2), (0, 2, 4)]),CG(nc=7, r=10, tr=[(6, 2, 0), (3, 0, 1), (4, 6, 2), (3, 2, 3), (3, 5, 4), (1, 2, 5), (6, 2, 6), (4, 5, 7), (0, 1, 4), (1, 0, 2)]),14973,SAT
P34486,24,9,9,CG(nc=7, r=9, tr=[(1, 2, 0), (0, 1, 1), (6, 4, 2), (5, 4, 3), (3, 0, 4), (0, 5, 5), (6, 2, 6), (3, 4, 1), (3, 2, 5)]),CG(nc=6, r=9, tr=[(1, 2, 0), (3, 2, 1), (2, 5, 2), (4, 3, 3), (0, 3, 4), (1, 0, 5), (4, 5, 6), (4, 1, 4), (0, 2, 6)]),6040,SAT
P34487,22,8,8,CG(nc=6, r=8, tr=[(0, 1, 0), (1, 2, 1), (3, 1, 2), (4, 5, 3), (3, 0, 4), (4, 3, 5), (5, 2, 6), (2, 5, 4)]),CG(nc=5, r=8, tr=[(1, 4, 0), (3, 4, 1), (3, 1, 2), (0, 3, 3), (0, 1, 4), (0, 3, 5), (4, 2, 6), (3, 2, 4)]),5041,SAT
P34488,28,10,10,CG(nc=7, r=10, tr=[(1, 0, 0), (2, 3, 1), (4, 2, 2), (6, 2, 3), (4, 0, 4), (4, 1, 5), (4, 5, 6), (5, 6, 7), (6, 3, 4), (3, 1, 6)]),CG(nc=6, r=10, tr=[(1, 0, 0), (2, 3, 1), (4, 5, 2), (4, 5, 3), (5, 1, 4), (1, 2, 5), (4, 3, 6), (4, 2, 7), (2, 0, 3), (0, 3, 4)]),10861,SAT
P34489,30,11,11,CG(nc=7, r=11, tr=[(1, 2, 0), (6, 4, 1), (4, 6, 2), (4, 1, 3), (4, 5, 4), (0, 1, 5), (3, 2, 6), (5, 3, 7), (6, 5, 5), (5, 3, 2), (0, 3, 1)]),CG(nc=7, r=11, tr=[(1, 2, 0), (0, 3, 1), (4, 5, 2), (1, 3, 3), (2, 6, 4), (5, 2, 5), (2, 1, 6), (4, 6, 7), (3, 5, 4), (1, 0, 5), (2, 6, 1)]),437024,SAT
P34490,26,9,9,CG(nc=6, r=9, tr=[(0, 1, 0), (2, 3, 1), (4, 3, 2), (3, 5, 3), (5, 2, 4), (1, 4, 5), (2, 1, 6), (3, 0, 7), (4, 0, 4)]),CG(nc=6, r=9, tr=[(0, 1, 0), (2, 0, 1), (1, 2, 2), (3, 5, 3), (3, 0, 4), (4, 2, 5), (2, 3, 6), (5, 4, 7), (5, 1, 4)]),5314,SAT
P34491,28,10,10,CG(nc=6, r=10, tr=[(1, 2, 0), (5, 4, 1), (1, 4, 2), (5, 2, 3), (0, 1, 4), (0, 4, 5), (3, 1, 6), (2, 1, 7), (3, 0, 1), (2, 4, 4)]),CG(nc=6, r=10, tr=[(1, 2, 0), (5, 4, 1), (4, 1, 2), (3, 0, 3), (1, 0, 4), (0, 4, 5), (4, 3, 6), (5, 2, 7), (3, 5, 4), (4, 3, 1)]),12656,SAT
P34492,28,10,10,CG(nc=7, r=10, tr=[(0, 1, 0), (1, 2, 1), (1, 0, 2), (2, 3, 3), (2, 4, 4), (5, 0, 5), (6, 3, 6), (5, 3, 7), (5, 4, 3), (6, 4, 2)]),CG(nc=7, r=10, tr=[(1, 2, 0), (0, 3, 1), (2, 6, 2), (5, 6, 3), (4, 3, 4), (1, 0, 5), (5, 3, 6), (2, 4, 7), (1, 5, 4), (6, 3, 5)]),12511,SAT
P34493,28,10,10,CG(nc=7, r=10, tr=[(1, 2, 0), (6, 2, 1), (0, 4, 2), (4, 5, 3), (4, 2, 4), (6, 5, 5), (3, 0, 6), (1, 6, 7), (1, 3, 3), (3, 2, 5)]),CG(nc=6, r=10, tr=[(1, 2, 0), (2, 3, 1), (4, 3, 2), (0, 3, 3), (4, 0, 4), (0, 3, 5), (1, 2, 6), (5, 2, 7), (5, 1, 3), (1, 4, 5)]),12657,SAT
P34494,22,8,8,CG(nc=6, r=8, tr=[(5, 2, 0), (2, 3, 1), (4, 2, 2), (1, 0, 3), (5, 4, 4), (1, 4, 5), (3, 1, 6), (0, 3, 4)]),CG(nc=5, r=8, tr=[(1, 0, 0), (2, 3, 1), (4, 3, 2), (2, 4, 3), (0, 2, 4), (1, 3, 5), (0, 3, 6), (4, 1, 4)]),4133,SAT
P34495,24,9,9,CG(nc=6, r=9, tr=[(1, 5, 0), (0, 3, 1), (4, 5, 2), (3, 2, 3), (0, 1, 4), (5, 3, 5), (1, 2, 6), (1, 4, 1), (0, 2, 2)]),CG(nc=6, r=9, tr=[(5, 2, 0), (3, 0, 1), (2, 4, 2), (3, 5, 3), (2, 3, 4), (0, 4, 5), (5, 1, 6), (4, 1, 4), (1, 5, 1)]),7118,SAT
P34528,26,9,9,CG(nc=6, r=9, tr=[(1, 2, 0), (3, 1, 1), (5, 4, 2), (0, 3, 3), (1, 4, 4), (4, 3, 5), (2, 5, 6), (2, 0, 7), (2, 1, 5)]),CG(nc=6, r=9, tr=[(1, 2, 0), (3, 4, 1), (5, 3, 2), (5, 1, 3), (1, 4, 4), (2, 3, 5), (3, 0, 6), (0, 1, 7), (2, 5, 4)]),5459,SAT
P34529,30,11,11,CG(nc=7, r=11, tr=[(1, 2, 0), (6, 4, 1), (5, 0, 2), (1, 5, 3), (5, 2, 4), (6, 2, 5), (3, 0, 6), (4, 1, 7), (3, 1, 4), (6, 3, 2), (3, 4, 0)]),CG(nc=7, r=11, tr=[(1, 2, 0), (3, 1, 1), (4, 6, 2), (1, 4, 3), (6, 3, 4), (6, 2, 5), (0, 4, 6), (5, 1, 7), (3, 0, 0), (5, 0, 2), (2, 4, 4)]),452111,SAT
P34530,26,9,9,CG(nc=6, r=9, tr=[(1, 2, 0), (1, 0, 1), (3, 4, 2), (4, 5, 3), (3, 1, 4), (3, 0, 5), (2, 5, 6), (1, 2, 7), (1, 5, 5)]),CG(nc=6, r=9, tr=[(1, 0, 0), (0, 2, 1), (2, 3, 2), (2, 3, 3), (5, 3, 4), (2, 5, 5), (0, 4, 6), (1, 3, 7), (3, 4, 5)]),5063,SAT
P34531,30,11,11,CG(nc=7, r=11, tr=[(1, 6, 0), (3, 4, 1), (1, 5, 2), (4, 2, 3), (6, 2, 4), (3, 2, 5), (0, 5, 6), (6, 1, 7), (4, 5, 5), (3, 0, 2), (1, 5, 1)]),CG(nc=7, r=11, tr=[(1, 6, 0), (0, 3, 1), (3, 4, 2), (4, 6, 3), (5, 0, 4), (0, 2, 5), (4, 2, 6), (1, 5, 7), (4, 6, 4), (5, 2, 3), (5, 2, 2)]),416059,SAT
P34534,22,8,8,CG(nc=5, r=8, tr=[(0, 1, 0), (2, 1, 1), (3, 0, 2), (2, 3, 3), (1, 4, 4), (2, 4, 5), (4, 2, 6), (0, 1, 5)]),CG(nc=6, r=8, tr=[(1, 2, 0), (2, 3, 1), (0, 2, 2), (0, 2, 3), (5, 3, 4), (1, 5, 5), (0, 4, 6), (3, 4, 5)]),4478,SAT
P34535,26,10,10,CG(nc=7, r=10, tr=[(0, 1, 0), (1, 2, 1), (2, 0, 2), (0, 3, 3), (4, 3, 4), (3, 5, 5), (6, 2, 6), (4, 5, 4), (4, 2, 5), (6, 5, 2)]),CG(nc=6, r=10, tr=[(0, 1, 0), (2, 3, 1), (5, 2, 2), (4, 1, 3), (1, 5, 4), (4, 5, 5), (3, 2, 6), (0, 3, 4), (2, 1, 5), (1, 2, 3)]),410395,SAT
P34536,28,10,10,CG(nc=6, r=10, tr=[(5, 2, 0), (3, 2, 1), (4, 1, 2), (0, 4, 3), (1, 5, 4), (3, 0, 5), (3, 4, 6), (5, 4, 7), (2, 1, 5), (0, 2, 4)]),CG(nc=7, r=10, tr=[(1, 2, 0), (6, 4, 1), (2, 5, 2), (3, 0, 3), (1, 3, 4), (4, 0, 5), (2, 3, 6), (0, 5, 7), (1, 6, 5), (2, 4, 4)]),11302,SAT
P34537,32,12,12,CG(nc=7, r=12, tr=[(1, 2, 0), (0, 3, 1), (1, 2, 2), (4, 5, 3), (4, 0, 4), (2, 0, 5), (3, 5, 6), (1, 5, 7), (4, 6, 0), (6, 3, 5), (5, 1, 2), (1, 6, 4)]),CG(nc=8, r=12, tr=[(1, 2, 0), (0, 3, 1), (4, 1, 2), (7, 6, 3), (6, 2, 4), (0, 2, 5), (4, 6, 6), (7, 4, 7), (1, 3, 4), (6, 5, 2), (5, 3, 0), (4, 1, 3)]),1003283,SAT
P34538,26,9,9,CG(nc=6, r=9, tr=[(0, 1, 0), (2, 3, 1), (3, 4, 2), (3, 1, 3), (5, 1, 4), (5, 4, 5), (2, 5, 6), (3, 4, 7), (4, 0, 4)]),CG(nc=6, r=9, tr=[(1, 0, 0), (2, 3, 1), (4, 3, 2), (2, 1, 3), (1, 5, 4), (5, 3, 5), (2, 3, 6), (1, 4, 7), (2, 0, 4)]),6069,SAT
P34539,28,10,10,CG(nc=6, r=10, tr=[(5, 2, 0), (3, 4, 1), (2, 1, 2), (5, 1, 3), (2, 0, 4), (1, 4, 5), (4, 2, 6), (3, 5, 7), (4, 3, 2), (3, 0, 3)]),CG(nc=6, r=10, tr=[(1, 2, 0), (0, 3, 1), (3, 2, 2), (1, 5, 3), (0, 1, 4), (5, 3, 5), (2, 4, 6), (1, 0, 7), (0, 4, 5), (2, 5, 4)]),12365,SAT
P34542,22,8,8,CG(nc=6, r=8, tr=[(1, 0, 0), (2, 5, 1), (4, 3, 2), (1, 4, 3), (0, 3, 4), (3, 5, 5), (4, 2, 6), (1, 5, 4)]),CG(nc=5, r=8, tr=[(1, 4, 0), (3, 2, 1), (2, 0, 2), (3, 0, 3), (4, 3, 4), (1, 2, 5), (3, 2, 6), (1, 0, 4)]),4372,SAT
P34543,24,9,9,CG(nc=6, r=9, tr=[(0, 1, 0), (5, 3, 1), (4, 2, 2), (3, 2, 3), (4, 1, 4), (5, 4, 5), (2, 1, 6), (0, 3, 5), (0, 1, 2)]),CG(nc=6, r=9, tr=[(1, 0, 0), (2, 3, 1), (5, 2, 2), (3, 1, 3), (5, 1, 4), (3, 4, 5), (5, 4, 6), (1, 2, 5), (0, 3, 4)]),7930,SAT
P34544,26,9,9,CG(nc=6, r=9, tr=[(1, 2, 0), (5, 1, 1), (4, 0, 2), (3, 4, 3), (2, 3, 4), (3, 5, 5), (0, 2, 6), (5, 2, 7), (2, 5, 2)]),CG(nc=6, r=9, tr=[(1, 2, 0), (1, 5, 1), (5, 2, 2), (4, 0, 3), (4, 3, 4), (0, 3, 5), (4, 5, 6), (1, 3, 7), (4, 0, 2)]),4851,SAT
P34545,28,10,10,CG(nc=6, r=10, tr=[(1, 5, 0), (1, 3, 1), (5, 3, 2), (4, 0, 3), (1, 4, 4), (2, 4, 5), (0, 3, 6), (4, 5, 7), (5, 1, 5), (2, 3, 0)]),CG(nc=6, r=10, tr=[(1, 2, 0), (1, 0, 1), (3, 2, 2), (3, 5, 3), (1, 4, 4), (1, 5, 5), (3, 0, 6), (3, 4, 7), (0, 4, 0), (2, 5, 4)]),14956,SAT
P34546,26,9,9,CG(nc=6, r=9, tr=[(1, 2, 0), (1, 0, 1), (3, 4, 2), (3, 5, 3), (2, 4, 4), (4, 0, 5), (5, 2, 6), (1, 2, 7), (2, 0, 2)]),CG(nc=7, r=9, tr=[(1, 2, 0), (3, 0, 1), (6, 2, 2), (0, 5, 3), (2, 3, 4), (4, 1, 5), (5, 6, 6), (4, 0, 7), (5, 1, 4)]),4775,SAT
P34547,26,9,9,CG(nc=6, r=9, tr=[(5, 2, 0), (0, 3, 1), (4, 2, 2), (1, 0, 3), (4, 5, 4), (4, 1, 5), (2, 3, 6), (5, 2, 7), (1, 2, 4)]),CG(nc=6, r=9, tr=[(1, 0, 0), (0, 2, 1), (5, 4, 2), (2, 5, 3), (2, 4, 4), (4, 3, 5), (2, 0, 6), (1, 3, 7), (3, 5, 4)]),4796,SAT
P34550,22,8,8,CG(nc=6, r=8, tr=[(5, 2, 0), (2, 3, 1), (4, 0, 2), (4, 1, 3), (5, 1, 4), (3, 1, 5), (3, 0, 6), (3, 5, 2)]),CG(nc=5, r=8, tr=[(1, 2, 0), (2, 4, 1), (3, 0, 2), (3, 0, 3), (2, 3, 4), (0, 2, 5), (3, 4, 6), (1, 4, 2)]),4471,SAT
P34551,22,8,8,CG(nc=6, r=8, tr=[(1, 5, 0), (1, 3, 1), (3, 4, 2), (5, 4, 3), (3, 2, 4), (2, 4, 5), (0, 3, 6), (0, 2, 2)]),CG(nc=5, r=8, tr=[(4, 2, 0), (4, 3, 1), (1, 3, 2), (2, 0, 3), (0, 1, 4), (1, 2, 5), (2, 4, 6), (0, 3, 5)]),3951,SAT
P34552,28,10,10,CG(nc=6, r=10, tr=[(1, 2, 0), (1, 3, 1), (3, 2, 2), (5, 3, 3), (5, 1, 4), (4, 1, 5), (0, 2, 6), (5, 4, 7), (0, 4, 3), (4, 2, 4)]),CG(nc=6, r=10, tr=[(1, 0, 0), (0, 2, 1), (3, 5, 2), (5, 3, 3), (5, 1, 4), (1, 4, 5), (3, 0, 6), (4, 3, 7), (4, 2, 4), (2, 0, 3)]),11695,SAT
P34553,30,11,11,CG(nc=7, r=11, tr=[(0, 1, 0), (2, 3, 1), (4, 1, 2), (6, 5, 3), (0, 4, 4), (4, 5, 5), (3, 6, 6), (5, 0, 7), (1, 2, 3), (4, 3, 0), (2, 5, 4)]),CG(nc=7, r=11, tr=[(1, 0, 0), (1, 2, 1), (3, 6, 2), (0, 5, 3), (4, 5, 4), (4, 2, 5), (5, 6, 6), (0, 2, 7), (4, 3, 0), (6, 2, 3), (3, 1, 4)]),438133,SAT
P34554,28,10,10,CG(nc=7, r=10, tr=[(1, 2, 0), (3, 2, 1), (0, 4, 2), (6, 3, 3), (2, 4, 4), (4, 3, 5), (1, 0, 6), (5, 6, 7), (5, 1, 4), (2, 0, 5)]),CG(nc=6, r=10, tr=[(1, 0, 0), (2, 3, 1), (3, 5, 2), (5, 2, 3), (1, 5, 4), (4, 1, 5), (2, 4, 6), (4, 3, 7), (2, 0, 4), (0, 3, 6)]),12422,SAT
P34555,28,10,10,CG(nc=7, r=10, tr=[(6, 2, 0), (3, 4, 1), (5, 1, 2), (0, 5, 3), (4, 0, 4), (2, 1, 5), (3, 5, 6), (5, 1, 7), (6, 1, 4), (2, 4, 3)]),CG(nc=6, r=10, tr=[(1, 0, 0), (0, 2, 1), (5, 4, 2), (0, 1, 3), (3, 2, 4), (1, 3, 5), (0, 2, 6), (4, 3, 7), (2, 5, 3), (5, 1, 4)]),13412,SAT
P34558,24,9,9,CG(nc=7, r=9, tr=[(6, 2, 0), (3, 4, 1), (5, 1, 2), (0, 1, 3), (5, 6, 4), (2, 5, 5), (1, 3, 6), (0, 4, 4), (4, 2, 6)]),CG(nc=6, r=9, tr=[(1, 2, 0), (2, 3, 1), (2, 0, 2), (2, 4, 3), (3, 5, 4), (4, 3, 5), (0, 4, 6), (2, 5, 6), (5, 1, 5)]),7252,SAT
P34559,22,8,8,CG(nc=6, r=8, tr=[(1, 2, 0), (3, 2, 1), (5, 4, 2), (3, 0, 3), (2, 4, 4), (5, 2, 5), (5, 1, 6), (3, 4, 5)]),CG(nc=6, r=8, tr=[(5, 2, 0), (3, 4, 1), (0, 4, 2), (5, 0, 3), (3, 5, 4), (1, 0, 5), (3, 1, 6), (2, 1, 2)]),4786,SAT
P34678,28,10,10,CG(nc=7, r=10, tr=[(1, 2, 0), (2, 6, 1), (0, 4, 2), (4, 5, 3), (5, 2, 4), (6, 5, 5), (1, 3, 6), (1, 0, 7), (0, 3, 1), (2, 3, 5)]),CG(nc=6, r=10, tr=[(1, 2, 0), (3, 4, 1), (0, 4, 2), (0, 4, 3), (3, 5, 4), (4, 2, 5), (4, 1, 6), (1, 3, 7), (5, 2, 0), (2, 0, 4)]),14232,SAT
P34679,24,8,8,CG(nc=6, r=8, tr=[(1, 5, 0), (3, 1, 1), (4, 2, 2), (0, 4, 3), (5, 2, 4), (5, 2, 5), (3, 4, 6), (0, 3, 7)]),CG(nc=6, r=8, tr=[(1, 5, 0), (1, 5, 1), (0, 1, 2), (0, 1, 3), (5, 3, 4), (4, 2, 5), (0, 2, 6), (3, 4, 7)]),2340,SAT
P34680,28,10,10,CG(nc=6, r=10, tr=[(1, 2, 0), (2, 5, 1), (1, 4, 2), (5, 4, 3), (0, 1, 4), (0, 1, 5), (3, 1, 6), (5, 3, 7), (3, 0, 3), (0, 4, 7)]),CG(nc=7, r=10, tr=[(6, 2, 0), (2, 3, 1), (4, 2, 2), (5, 0, 3), (3, 6, 4), (1, 3, 5), (5, 2, 6), (0, 4, 7), (4, 1, 6), (5, 1, 2)]),9029,SAT
P34681,32,12,12,CG(nc=8, r=12, tr=[(1, 2, 0), (2, 0, 1), (1, 3, 2), (3, 0, 3), (1, 4, 4), (7, 2, 5), (6, 0, 6), (1, 6, 7), (7, 4, 1), (6, 5, 0), (5, 7, 2), (5, 4, 3)]),CG(nc=7, r=12, tr=[(1, 0, 0), (2, 3, 1), (4, 6, 2), (1, 3, 3), (4, 3, 4), (5, 6, 5), (4, 0, 6), (5, 3, 7), (6, 2, 3), (0, 2, 7), (1, 0, 5), (4, 2, 0)]),879123,SAT
P34682,28,10,10,CG(nc=7, r=10, tr=[(1, 2, 0), (3, 1, 1), (4, 6, 2), (5, 3, 3), (5, 4, 4), (5, 6, 5), (5, 6, 6), (4, 2, 7), (3, 0, 2), (0, 2, 6)]),CG(nc=6, r=10, tr=[(1, 2, 0), (1, 2, 1), (5, 1, 2), (0, 4, 3), (1, 4, 4), (5, 3, 5), (1, 0, 6), (2, 0, 7), (5, 2, 3), (4, 3, 7)]),17195,SAT
P34683,28,10,10,CG(nc=6, r=10, tr=[(1, 2, 0), (5, 2, 1), (0, 4, 2), (1, 3, 3), (0, 1, 4), (4, 2, 5), (3, 0, 6), (4, 1, 7), (3, 5, 2), (2, 4, 6)]),CG(nc=6, r=10, tr=[(1, 2, 0), (3, 2, 1), (2, 0, 2), (0, 1, 3), (3, 1, 4), (0, 4, 5), (5, 2, 6), (5, 1, 7), (4, 3, 6), (3, 5, 2)]),12405,SAT
P34686,30,11,11,CG(nc=7, r=11, tr=[(6, 2, 0), (3, 4, 1), (2, 4, 2), (5, 1, 3), (1, 6, 4), (3, 5, 5), (0, 4, 6), (3, 0, 7), (0, 5, 2), (3, 2, 3), (5, 1, 6)]),CG(nc=7, r=11, tr=[(6, 2, 0), (2, 6, 1), (0, 3, 2), (4, 2, 3), (5, 6, 4), (1, 5, 5), (4, 0, 6), (2, 3, 7), (5, 3, 3), (6, 1, 2), (4, 1, 7)]),414965,SAT
P34687,26,9,9,CG(nc=6, r=9, tr=[(1, 2, 0), (3, 1, 1), (4, 0, 2), (2, 5, 3), (2, 4, 4), (2, 4, 5), (0, 3, 6), (2, 0, 7), (3, 5, 2)]),CG(nc=6, r=9, tr=[(1, 2, 0), (1, 2, 1), (1, 0, 2), (5, 1, 3), (4, 0, 4), (4, 3, 5), (3, 2, 6), (2, 5, 7), (3, 0, 3)]),5192,SAT
P34688,22,7,7,CG(nc=5, r=7, tr=[(0, 1, 0), (4, 3, 1), (2, 0, 2), (2, 3, 4), (4, 2, 5), (3, 1, 6), (0, 2, 7)]),CG(nc=6, r=7, tr=[(5, 2, 0), (5, 2, 1), (3, 2, 2), (4, 0, 4), (1, 4, 5), (5, 1, 6), (3, 0, 7)]),2474,SAT
P34689,26,9,9,CG(nc=6, r=9, tr=[(5, 2, 0), (3, 0, 1), (0, 4, 2), (5, 4, 4), (5, 4, 5), (1, 2, 6), (3, 4, 7), (3, 0, 0), (1, 0, 1)]),CG(nc=7, r=9, tr=[(6, 2, 0), (0, 3, 1), (3, 2, 2), (4, 5, 4), (0, 4, 5), (5, 6, 6), (6, 1, 7), (0, 3, 7), (1, 2, 1)]),8978,SAT
P34690,22,7,7,CG(nc=4, r=7, tr=[(3, 2, 0), (1, 2, 1), (3, 1, 2), (0, 2, 4), (0, 1, 5), (0, 1, 6), (3, 2, 7)]),CG(nc=6, r=7, tr=[(1, 0, 0), (2, 3, 1), (3, 5, 2), (2, 0, 4), (4, 2, 5), (5, 4, 6), (3, 1, 7)]),2030,SAT
P34691,22,7,7,CG(nc=5, r=7, tr=[(1, 2, 0), (1, 4, 1), (4, 3, 2), (3, 0, 4), (3, 0, 5), (0, 2, 6), (3, 1, 7)]),CG(nc=6, r=7, tr=[(5, 2, 0), (3, 5, 1), (3, 0, 2), (5, 4, 4), (1, 0, 5), (1, 4, 6), (3, 2, 7)]),2169,SAT
P34694,24,8,8,CG(nc=6, r=8, tr=[(1, 5, 0), (3, 1, 1), (4, 0, 2), (5, 4, 4), (2, 4, 5), (3, 0, 6), (3, 2, 7), (2, 5, 2)]),CG(nc=6, r=8, tr=[(5, 2, 0), (3, 4, 1), (4, 0, 2), (5, 3, 4), (0, 1, 5), (1, 3, 6), (1, 4, 7), (1, 2, 2)]),3969,SAT
P34695,18,6,6,CG(nc=5, r=6, tr=[(1, 4, 0), (3, 1, 1), (2, 4, 2), (2, 0, 3), (0, 2, 4), (0, 3, 5)]),CG(nc=5, r=6, tr=[(1, 0, 0), (0, 1, 1), (4, 1, 2), (3, 0, 3), (4, 2, 4), (3, 2, 5)]),2496,SAT
P34696,24,8,8,CG(nc=6, r=8, tr=[(5, 2, 0), (0, 3, 1), (4, 0, 2), (3, 1, 3), (5, 4, 4), (4, 5, 5), (1, 2, 6), (0, 4, 7)]),CG(nc=5, r=8, tr=[(1, 0, 0), (0, 1, 1), (1, 2, 2), (2, 0, 3), (1, 3, 4), (4, 3, 5), (1, 0, 6), (4, 2, 7)]),2273,SAT
P34697,26,9,9,CG(nc=6, r=9, tr=[(5, 2, 0), (2, 3, 1), (4, 5, 2), (3, 1, 3), (4, 0, 4), (4, 0, 5), (1, 0, 6), (4, 2, 7), (3, 5, 7)]),CG(nc=6, r=9, tr=[(1, 2, 0), (3, 2, 1), (5, 1, 2), (0, 3, 3), (3, 4, 4), (4, 5, 5), (3, 0, 6), (1, 3, 7), (0, 2, 7)]),5036,SAT
P34698,24,8,8,CG(nc=5, r=8, tr=[(1, 0, 0), (2, 3, 1), (0, 2, 2), (3, 1, 3), (1, 4, 4), (4, 2, 5), (2, 4, 6), (1, 0, 7)]),CG(nc=6, r=8, tr=[(5, 2, 0), (5, 2, 1), (3, 0, 2), (4, 3, 3), (4, 5, 4), (4, 1, 5), (1, 0, 6), (2, 3, 7)]),2250,SAT
P34699,24,8,8,CG(nc=5, r=8, tr=[(1, 2, 0), (0, 2, 1), (1, 0, 2), (3, 4, 3), (4, 1, 4), (4, 2, 5), (1, 3, 6), (3, 2, 7)]),CG(nc=6, r=8, tr=[(1, 2, 0), (1, 5, 1), (1, 0, 2), (1, 4, 3), (4, 5, 4), (0, 3, 5), (4, 3, 6), (2, 5, 7)]),2436,SAT
P34702,26,9,9,CG(nc=6, r=9, tr=[(1, 2, 0), (2, 3, 1), (3, 5, 2), (1, 5, 3), (0, 2, 4), (4, 2, 5), (0, 3, 6), (5, 4, 7), (3, 0, 5)]),CG(nc=7, r=9, tr=[(1, 2, 0), (3, 1, 1), (6, 1, 2), (5, 0, 3), (3, 0, 4), (5, 1, 5), (3, 4, 6), (0, 2, 7), (4, 6, 5)]),4226,SAT
P34703,20,7,7,CG(nc=6, r=7, tr=[(1, 0, 0), (2, 3, 1), (0, 4, 2), (2, 5, 3), (5, 4, 4), (4, 5, 5), (1, 3, 6)]),CG(nc=5, r=7, tr=[(1, 0, 0), (0, 1, 1), (1, 4, 2), (3, 2, 3), (3, 0, 4), (2, 4, 5), (2, 3, 6)]),1895,SAT
P34704,26,9,9,CG(nc=6, r=9, tr=[(1, 0, 0), (2, 1, 1), (3, 5, 2), (0, 4, 3), (1, 5, 4), (1, 3, 5), (5, 2, 6), (0, 2, 7), (4, 1, 2)]),CG(nc=7, r=9, tr=[(1, 2, 0), (0, 3, 1), (0, 4, 2), (5, 3, 3), (5, 0, 4), (1, 6, 5), (5, 1, 6), (2, 4, 7), (2, 6, 1)]),5214,SAT
P34705,26,9,9,CG(nc=5, r=9, tr=[(0, 1, 0), (2, 3, 1), (2, 4, 2), (1, 0, 3), (3, 0, 4), (2, 1, 5), (1, 2, 6), (4, 2, 7), (4, 3, 0)]),CG(nc=6, r=9, tr=[(0, 1, 0), (5, 3, 1), (4, 2, 2), (1, 3, 3), (3, 2, 4), (3, 0, 5), (5, 2, 6), (0, 4, 7), (5, 2, 0)]),4320,SAT
P34706,26,9,9,CG(nc=6, r=9, tr=[(1, 2, 0), (0, 3, 1), (4, 2, 2), (5, 2, 3), (4, 3, 4), (4, 0, 5), (1, 3, 6), (1, 5, 7), (2, 5, 1)]),CG(nc=6, r=9, tr=[(1, 2, 0), (2, 3, 1), (2, 0, 2), (1, 0, 3), (3, 5, 4), (4, 0, 5), (3, 4, 6), (1, 5, 7), (5, 4, 1)]),4702,SAT
P34707,24,8,8,CG(nc=6, r=8, tr=[(0, 1, 0), (2, 5, 1), (5, 4, 2), (3, 4, 3), (0, 3, 4), (1, 4, 5), (2, 1, 6), (2, 3, 7)]),CG(nc=6, r=8, tr=[(1, 2, 0), (1, 0, 1), (1, 5, 2), (2, 5, 3), (4, 3, 4), (5, 3, 5), (4, 0, 6), (2, 0, 7)]),2476,SAT
P34710,28,10,10,CG(nc=6, r=10, tr=[(1, 0, 0), (1, 2, 1), (5, 4, 2), (3, 0, 3), (1, 5, 4), (4, 3, 5), (2, 5, 6), (1, 3, 7), (0, 4, 6), (2, 0, 2)]),CG(nc=7, r=10, tr=[(0, 1, 0), (2, 3, 1), (3, 4, 2), (1, 5, 3), (0, 4, 4), (4, 5, 5), (2, 5, 6), (0, 4, 7), (6, 2, 4), (3, 6, 0)]),9445,SAT
P34711,22,8,8,CG(nc=6, r=8, tr=[(1, 0, 0), (2, 3, 1), (5, 3, 2), (2, 3, 3), (2, 0, 4), (3, 1, 5), (4, 1, 6), (4, 5, 1)]),CG(nc=6, r=8, tr=[(1, 5, 0), (3, 4, 1), (3, 5, 2), (1, 4, 3), (0, 4, 4), (4, 2, 5), (5, 2, 6), (3, 0, 0)]),3665,SAT
P34712,28,10,10,CG(nc=6, r=10, tr=[(1, 2, 0), (0, 2, 1), (1, 0, 2), (3, 5, 3), (4, 5, 4), (5, 4, 5), (4, 3, 6), (3, 0, 7), (4, 1, 3), (2, 4, 2)]),CG(nc=7, r=10, tr=[(1, 2, 0), (0, 1, 1), (3, 1, 2), (3, 0, 3), (4, 3, 4), (5, 4, 5), (5, 2, 6), (0, 2, 7), (3, 6, 7), (6, 5, 3)]),12799,SAT
P34713,28,10,10,CG(nc=7, r=10, tr=[(1, 2, 0), (3, 4, 1), (1, 0, 2), (6, 4, 3), (6, 3, 4), (6, 2, 5), (0, 5, 6), (1, 5, 7), (3, 5, 0), (1, 4, 4)]),CG(nc=7, r=10, tr=[(1, 0, 0), (2, 3, 1), (4, 0, 2), (1, 3, 3), (3, 6, 4), (5, 0, 5), (5, 3, 6), (4, 2, 7), (1, 0, 5), (6, 2, 0)]),13504,SAT
P34714,28,10,10,CG(nc=7, r=10, tr=[(1, 2, 0), (3, 0, 1), (4, 1, 2), (1, 6, 3), (5, 4, 4), (4, 0, 5), (2, 5, 6), (2, 6, 7), (3, 2, 4), (5, 3, 3)]),CG(nc=6, r=10, tr=[(0, 1, 0), (2, 3, 1), (0, 2, 2), (2, 1, 3), (1, 5, 4), (4, 0, 5), (5, 3, 6), (5, 3, 7), (1, 4, 6), (1, 3, 2)]),12849,SAT
P34715,26,9,9,CG(nc=6, r=9, tr=[(1, 2, 0), (3, 5, 1), (1, 5, 2), (3, 2, 3), (0, 4, 4), (0, 2, 5), (1, 0, 6), (4, 3, 7), (1, 4, 3)]),CG(nc=6, r=9, tr=[(1, 2, 0), (1, 0, 1), (1, 5, 2), (2, 5, 3), (4, 2, 4), (0, 4, 5), (3, 5, 6), (4, 2, 7), (3, 4, 4)]),4653,SAT
P34718,28,10,10,CG(nc=7, r=10, tr=[(1, 6, 0), (3, 4, 1), (0, 5, 2), (1, 3, 3), (4, 5, 4), (5, 1, 5), (0, 4, 6), (1, 2, 7), (3, 6, 2), (6, 2, 6)]),CG(nc=7, r=10, tr=[(1, 2, 0), (0, 1, 1), (2, 0, 2), (3, 4, 3), (0, 4, 4), (4, 5, 5), (5, 6, 6), (1, 3, 7), (2, 5, 3), (3, 6, 2)]),11446,SAT
P34719,22,8,8,CG(nc=6, r=8, tr=[(1, 2, 0), (3, 0, 1), (3, 4, 2), (3, 2, 3), (5, 4, 4), (1, 5, 5), (5, 1, 6), (0, 2, 2)]),CG(nc=6, r=8, tr=[(1, 5, 0), (3, 0, 1), (0, 1, 2), (3, 1, 3), (4, 2, 4), (0, 4, 5), (2, 5, 6), (5, 3, 2)]),3995,SAT
P34720,24,8,8,CG(nc=6, r=8, tr=[(1, 2, 0), (5, 1, 1), (4, 0, 2), (4, 3, 3), (5, 4, 4), (3, 5, 5), (0, 2, 6), (5, 2, 7)]),CG(nc=6, r=8, tr=[(1, 5, 0), (5, 1, 1), (1, 3, 2), (0, 4, 3), (5, 2, 4), (4, 0, 5), (4, 2, 6), (3, 0, 7)]),2285,SAT
P34721,28,10,10,CG(nc=7, r=10, tr=[(1, 2, 0), (3, 0, 1), (4, 6, 2), (1, 4, 3), (4, 0, 4), (2, 0, 5), (5, 6, 6), (5, 1, 7), (6, 2, 1), (3, 1, 6)]),CG(nc=7, r=10, tr=[(0, 1, 0), (6, 3, 1), (4, 3, 2), (6, 5, 3), (2, 0, 4), (6, 5, 5), (2, 5, 6), (2, 4, 7), (4, 1, 2), (5, 2, 0)]),18607,SAT
P34722,24,8,8,CG(nc=6, r=8, tr=[(1, 5, 0), (1, 3, 1), (0, 4, 2), (5, 2, 3), (4, 5, 4), (2, 4, 5), (0, 3, 6), (0, 4, 7)]),CG(nc=5, r=8, tr=[(0, 1, 0), (1, 0, 1), (1, 2, 2), (4, 3, 3), (1, 3, 4), (4, 3, 5), (0, 1, 6), (4, 2, 7)]),2599,SAT
P34723,24,8,8,CG(nc=6, r=8, tr=[(1, 0, 0), (2, 5, 1), (5, 4, 2), (3, 4, 3), (0, 4, 4), (3, 1, 5), (2, 1, 6), (0, 1, 7)]),CG(nc=6, r=8, tr=[(1, 2, 0), (0, 3, 1), (3, 5, 2), (4, 3, 3), (4, 5, 4), (0, 2, 5), (2, 4, 6), (1, 3, 7)]),2315,SAT
P34724,24,8,8,CG(nc=6, r=8, tr=[(0, 1, 0), (1, 2, 1), (3, 5, 2), (3, 4, 3), (3, 0, 4), (0, 4, 5), (2, 5, 6), (4, 2, 7)]),CG(nc=6, r=8, tr=[(1, 2, 0), (1, 2, 1), (5, 1, 2), (0, 4, 3), (3, 5, 4), (4, 2, 5), (3, 4, 6), (2, 0, 7)]),2212,SAT
P34725,24,8,8,CG(nc=6, r=8, tr=[(5, 2, 0), (0, 3, 1), (5, 4, 2), (4, 1, 3), (4, 3, 4), (1, 0, 5), (3, 2, 6), (3, 1, 7)]),CG(nc=6, r=8, tr=[(0, 1, 0), (2, 0, 1), (5, 1, 2), (2, 4, 3), (5, 3, 4), (0, 4, 5), (3, 4, 6), (2, 1, 7)]),2316,SAT
P34726,24,8,8,CG(nc=6, r=8, tr=[(1, 2, 0), (0, 2, 1), (0, 3, 2), (5, 4, 3), (5, 3, 4), (3, 4, 5), (5, 1, 6), (0, 4, 7)]),CG(nc=5, r=8, tr=[(0, 1, 0), (0, 1, 1), (2, 4, 2), (3, 1, 3), (3, 4, 4), (2, 3, 5), (0, 1, 6), (1, 2, 7)]),2182,SAT
P34727,20,7,7,CG(nc=6, r=7, tr=[(1, 2, 0), (5, 1, 1), (5, 4, 2), (4, 3, 3), (0, 4, 4), (0, 3, 5), (0, 2, 6)]),CG(nc=5, r=7, tr=[(1, 0, 0), (0, 1, 1), (4, 1, 2), (3, 1, 3), (3, 4, 4), (0, 2, 5), (3, 2, 6)]),2198,SAT
P34728,26,9,9,CG(nc=6, r=9, tr=[(0, 1, 0), (2, 5, 1), (4, 5, 2), (3, 2, 3), (4, 0, 4), (3, 4, 5), (1, 3, 6), (4, 5, 7), (2, 1, 5)]),CG(nc=6, r=9, tr=[(0, 1, 0), (0, 1, 1), (2, 1, 2), (1, 3, 3), (4, 5, 4), (0, 3, 5), (3, 4, 6), (2, 5, 7), (1, 4, 5)]),4686,SAT
P34729,28,10,10,CG(nc=7, r=10, tr=[(0, 1, 0), (2, 3, 1), (4, 6, 2), (5, 4, 3), (0, 4, 4), (1, 5, 5), (2, 6, 6), (2, 5, 7), (4, 3, 7), (1, 3, 3)]),CG(nc=6, r=10, tr=[(1, 5, 0), (3, 4, 1), (0, 3, 2), (2, 5, 3), (1, 0, 4), (2, 1, 5), (2, 4, 6), (3, 2, 7), (5, 4, 7), (4, 1, 3)]),27159,SAT
P34730,24,8,8,CG(nc=5, r=8, tr=[(1, 4, 0), (3, 1, 1), (2, 4, 2), (3, 2, 3), (1, 0, 4), (0, 3, 5), (2, 0, 6), (4, 1, 7)]),CG(nc=6, r=8, tr=[(1, 5, 0), (1, 5, 1), (1, 3, 2), (4, 0, 3), (5, 4, 4), (2, 0, 5), (4, 2, 6), (0, 3, 7)]),2254,SAT
P34731,24,8,8,CG(nc=5, r=8, tr=[(1, 0, 0), (1, 2, 1), (0, 2, 2), (4, 3, 3), (2, 4, 4), (2, 3, 5), (2, 3, 6), (0, 1, 7)]),CG(nc=6, r=8, tr=[(1, 2, 0), (1, 5, 1), (1, 0, 2), (5, 4, 3), (4, 0, 4), (5, 3, 5), (4, 3, 6), (5, 2, 7)]),2051,SAT
P34732,26,9,9,CG(nc=6, r=9, tr=[(1, 0, 0), (2, 1, 1), (3, 0, 2), (2, 3, 3), (5, 3, 4), (5, 2, 5), (3, 5, 6), (4, 0, 7), (2, 4, 6)]),CG(nc=6, r=9, tr=[(1, 5, 0), (5, 1, 1), (1, 3, 2), (1, 4, 3), (0, 2, 4), (5, 4, 5), (2, 4, 6), (3, 0, 7), (3, 0, 5)]),4124,SAT
P34733,26,9,9,CG(nc=6, r=9, tr=[(1, 2, 0), (3, 2, 1), (4, 5, 2), (1, 0, 3), (4, 0, 4), (1, 4, 5), (5, 3, 6), (3, 2, 7), (0, 4, 6)]),CG(nc=6, r=9, tr=[(0, 1, 0), (2, 0, 1), (5, 1, 2), (4, 1, 3), (3, 4, 4), (4, 0, 5), (1, 0, 6), (2, 1, 7), (5, 3, 6)]),4792,SAT
P34734,24,8,8,CG(nc=6, r=8, tr=[(1, 5, 0), (3, 0, 1), (4, 0, 2), (2, 1, 3), (4, 5, 4), (2, 4, 5), (2, 3, 6), (0, 2, 7)]),CG(nc=5, r=8, tr=[(0, 1, 0), (2, 0, 1), (3, 4, 2), (0, 1, 3), (1, 4, 4), (3, 1, 5), (0, 3, 6), (3, 2, 7)]),2230,SAT
P34735,20,7,7,CG(nc=5, r=7, tr=[(4, 2, 0), (3, 2, 1), (3, 4, 2), (0, 1, 3), (3, 0, 4), (1, 3, 5), (3, 1, 6)]),CG(nc=5, r=7, tr=[(1, 4, 0), (1, 4, 1), (0, 1, 2), (4, 3, 3), (3, 0, 4), (4, 2, 5), (3, 2, 6)]),2014,SAT
P34736,24,8,8,CG(nc=6, r=8, tr=[(1, 2, 0), (1, 0, 1), (3, 5, 2), (0, 4, 3), (3, 1, 4), (4, 3, 5), (5, 2, 6), (2, 0, 7)]),CG(nc=6, r=8, tr=[(5, 2, 0), (2, 3, 1), (0, 4, 2), (1, 0, 3), (5, 3, 4), (0, 1, 5), (1, 3, 6), (2, 4, 7)]),2623,SAT
P34737,26,9,9,CG(nc=6, r=9, tr=[(1, 2, 0), (3, 2, 1), (4, 3, 2), (3, 5, 3), (0, 4, 4), (0, 4, 5), (0, 1, 6), (2, 5, 7), (4, 3, 7)]),CG(nc=6, r=9, tr=[(1, 5, 0), (3, 1, 1), (1, 4, 2), (3, 0, 3), (2, 0, 4), (1, 2, 5), (1, 5, 6), (4, 0, 7), (5, 3, 7)]),4109,SAT
P34738,26,9,9,CG(nc=6, r=9, tr=[(1, 5, 0), (0, 3, 1), (4, 0, 2), (2, 4, 3), (2, 5, 4), (5, 2, 5), (1, 3, 6), (2, 3, 7), (0, 1, 4)]),CG(nc=6, r=9, tr=[(0, 1, 0), (1, 2, 1), (3, 5, 2), (2, 4, 3), (1, 3, 4), (4, 2, 5), (4, 5, 6), (1, 3, 7), (0, 2, 4)]),4878,SAT
P34739,24,8,8,CG(nc=6, r=8, tr=[(0, 1, 0), (2, 5, 1), (4, 5, 2), (4, 3, 3), (0, 3, 4), (3, 1, 5), (2, 1, 6), (3, 2, 7)]),CG(nc=6, r=8, tr=[(1, 2, 0), (2, 5, 1), (2, 0, 2), (0, 2, 3), (4, 5, 4), (3, 4, 5), (3, 0, 6), (1, 5, 7)]),2853,SAT
P34740,24,8,8,CG(nc=6, r=8, tr=[(1, 2, 0), (2, 5, 1), (0, 4, 2), (4, 3, 3), (4, 2, 4), (3, 5, 5), (1, 0, 6), (3, 1, 7)]),CG(nc=6, r=8, tr=[(1, 5, 0), (1, 3, 1), (1, 4, 2), (0, 2, 3), (5, 3, 4), (2, 4, 5), (3, 2, 6), (4, 0, 7)]),2641,SAT
P34741,24,8,8,CG(nc=6, r=8, tr=[(1, 2, 0), (3, 1, 1), (3, 4, 2), (5, 3, 3), (4, 0, 4), (4, 0, 5), (0, 2, 6), (5, 1, 7)]),CG(nc=6, r=8, tr=[(5, 2, 0), (5, 3, 1), (2, 0, 2), (3, 4, 3), (1, 5, 4), (1, 4, 5), (0, 4, 6), (3, 2, 7)]),2437,SAT
P34742,26,9,9,CG(nc=7, r=9, tr=[(1, 2, 0), (2, 6, 1), (0, 4, 2), (5, 4, 3), (4, 2, 4), (5, 6, 5), (0, 1, 6), (3, 5, 7), (1, 3, 4)]),CG(nc=6, r=9, tr=[(1, 5, 0), (3, 4, 1), (2, 1, 2), (3, 0, 3), (4, 5, 4), (3, 2, 5), (1, 4, 6), (0, 2, 7), (3, 1, 4)]),4233,SAT
P34743,20,7,7,CG(nc=5, r=7, tr=[(1, 4, 0), (3, 1, 1), (4, 3, 2), (2, 3, 3), (1, 0, 4), (0, 2, 5), (3, 0, 6)]),CG(nc=4, r=7, tr=[(0, 1, 0), (0, 2, 1), (3, 1, 2), (3, 2, 3), (1, 2, 4), (3, 2, 5), (0, 1, 6)]),2029,SAT
P34744,28,10,10,CG(nc=6, r=10, tr=[(1, 2, 0), (5, 1, 1), (4, 3, 2), (0, 3, 3), (2, 0, 4), (4, 5, 5), (2, 3, 6), (5, 3, 7), (2, 1, 2), (2, 0, 5)]),CG(nc=7, r=10, tr=[(0, 1, 0), (1, 2, 1), (3, 6, 2), (5, 4, 3), (2, 0, 4), (6, 4, 5), (2, 4, 6), (1, 3, 7), (2, 5, 5), (5, 6, 3)]),14573,SAT
P34745,28,10,10,CG(nc=7, r=10, tr=[(1, 6, 0), (3, 4, 1), (5, 6, 2), (0, 3, 3), (0, 2, 4), (0, 2, 5), (1, 4, 6), (2, 4, 7), (5, 2, 3), (3, 6, 7)]),CG(nc=6, r=10, tr=[(1, 2, 0), (2, 0, 1), (3, 4, 2), (1, 3, 3), (2, 0, 4), (5, 1, 5), (1, 2, 6), (0, 4, 7), (3, 2, 5), (5, 3, 1)]),13021,SAT
P34746,26,9,9,CG(nc=6, r=9, tr=[(0, 1, 0), (2, 3, 1), (2, 0, 2), (2, 4, 3), (3, 5, 4), (4, 5, 5), (4, 5, 6), (0, 1, 7), (3, 1, 6)]),CG(nc=6, r=9, tr=[(1, 5, 0), (5, 3, 1), (4, 1, 2), (2, 0, 3), (5, 2, 4), (4, 3, 5), (2, 3, 6), (4, 0, 7), (1, 3, 2)]),4602,SAT
P34747,24,8,8,CG(nc=5, r=8, tr=[(1, 2, 0), (1, 4, 1), (4, 3, 2), (3, 2, 3), (0, 2, 4), (0, 2, 5), (3, 0, 6), (1, 2, 7)]),CG(nc=6, r=8, tr=[(1, 2, 0), (5, 1, 1), (1, 0, 2), (4, 1, 3), (5, 3, 4), (4, 3, 5), (0, 4, 6), (5, 2, 7)]),2220,SAT
P34748,26,9,9,CG(nc=6, r=9, tr=[(5, 2, 0), (3, 4, 1), (4, 5, 2), (1, 0, 3), (3, 0, 4), (4, 1, 5), (4, 0, 6), (1, 5, 7), (2, 3, 3)]),CG(nc=6, r=9, tr=[(1, 5, 0), (1, 3, 1), (1, 4, 2), (3, 4, 3), (5, 3, 4), (2, 4, 5), (2, 3, 6), (0, 4, 7), (2, 0, 3)]),4245,SAT
P34749,26,9,9,CG(nc=7, r=9, tr=[(1, 2, 0), (6, 4, 1), (5, 0, 2), (2, 4, 3), (5, 4, 4), (6, 3, 5), (0, 1, 6), (3, 2, 7), (5, 3, 3)]),CG(nc=6, r=9, tr=[(0, 1, 0), (2, 1, 1), (1, 5, 2), (4, 3, 3), (0, 4, 4), (2, 3, 5), (3, 5, 6), (2, 4, 7), (2, 5, 3)]),4798,SAT
P34750,26,9,9,CG(nc=7, r=9, tr=[(6, 2, 0), (3, 4, 1), (5, 3, 2), (3, 0, 3), (5, 6, 4), (5, 1, 5), (1, 4, 6), (0, 4, 7), (1, 2, 3)]),CG(nc=6, r=9, tr=[(1, 2, 0), (2, 0, 1), (3, 5, 2), (5, 4, 3), (0, 4, 4), (2, 5, 5), (2, 4, 6), (3, 2, 7), (1, 0, 2)]),4535,SAT
P34751,20,7,7,CG(nc=5, r=7, tr=[(1, 4, 0), (1, 3, 1), (4, 3, 2), (2, 0, 3), (0, 1, 4), (2, 3, 5), (3, 2, 6)]),CG(nc=5, r=7, tr=[(4, 2, 0), (3, 2, 1), (0, 2, 2), (0, 3, 3), (4, 3, 4), (3, 1, 5), (1, 0, 6)]),2291,SAT
P34784,28,10,10,CG(nc=7, r=10, tr=[(1, 0, 0), (1, 2, 1), (3, 4, 2), (3, 0, 3), (6, 4, 4), (5, 4, 5), (2, 5, 6), (0, 5, 7), (5, 6, 3), (2, 6, 6)]),CG(nc=7, r=10, tr=[(1, 6, 0), (3, 4, 1), (5, 1, 2), (2, 1, 3), (2, 6, 4), (3, 2, 5), (0, 3, 6), (0, 5, 7), (6, 3, 2), (1, 4, 4)]),19577,SAT
P34785,28,10,10,CG(nc=7, r=10, tr=[(1, 2, 0), (6, 4, 1), (5, 0, 2), (5, 1, 3), (4, 1, 4), (2, 6, 5), (0, 3, 6), (3, 1, 7), (3, 4, 0), (2, 5, 4)]),CG(nc=7, r=10, tr=[(0, 1, 0), (2, 3, 1), (6, 2, 2), (1, 3, 3), (5, 0, 4), (3, 4, 5), (6, 4, 6), (2, 1, 7), (4, 5, 3), (3, 5, 7)]),28756,SAT
P34786,26,9,9,CG(nc=6, r=9, tr=[(1, 2, 0), (0, 2, 1), (5, 4, 2), (4, 3, 3), (3, 2, 4), (1, 5, 5), (5, 1, 6), (1, 2, 7), (0, 3, 5)]),CG(nc=6, r=9, tr=[(1, 2, 0), (0, 3, 1), (5, 2, 2), (5, 2, 3), (2, 3, 4), (4, 0, 5), (2, 4, 6), (1, 0, 7), (5, 3, 5)]),4606,SAT
P34787,28,10,10,CG(nc=7, r=10, tr=[(1, 2, 0), (2, 0, 1), (3, 6, 2), (3, 5, 3), (4, 3, 4), (4, 0, 5), (1, 6, 6), (1, 2, 7), (3, 4, 3), (0, 5, 4)]),CG(nc=6, r=10, tr=[(5, 2, 0), (5, 3, 1), (3, 0, 2), (4, 1, 3), (4, 2, 4), (1, 2, 5), (0, 4, 6), (1, 3, 7), (5, 3, 6), (2, 5, 3)]),19184,SAT
P34790,26,9,9,CG(nc=7, r=9, tr=[(6, 2, 0), (3, 0, 1), (4, 5, 2), (5, 0, 3), (6, 4, 4), (1, 4, 5), (3, 2, 6), (0, 1, 7), (6, 1, 3)]),CG(nc=5, r=9, tr=[(1, 4, 0), (4, 1, 1), (0, 3, 2), (2, 1, 3), (3, 2, 4), (2, 0, 5), (4, 1, 6), (1, 3, 7), (0, 3, 3)]),4485,SAT
P34791,24,9,9,CG(nc=6, r=9, tr=[(0, 1, 0), (5, 3, 1), (1, 0, 2), (4, 3, 3), (4, 1, 4), (4, 2, 5), (1, 3, 6), (5, 2, 2), (3, 0, 5)]),CG(nc=6, r=9, tr=[(1, 5, 0), (5, 1, 1), (1, 0, 2), (3, 1, 3), (4, 3, 4), (0, 3, 5), (4, 2, 6), (2, 0, 1), (5, 2, 5)]),8746,SAT
P34792,30,11,11,CG(nc=7, r=11, tr=[(1, 2, 0), (2, 0, 1), (3, 4, 2), (4, 6, 3), (5, 1, 4), (1, 6, 5), (5, 6, 6), (5, 3, 7), (0, 3, 4), (0, 3, 5), (4, 1, 6)]),CG(nc=7, r=11, tr=[(1, 6, 0), (3, 6, 1), (4, 0, 2), (5, 3, 3), (5, 2, 4), (2, 6, 5), (4, 2, 6), (1, 4, 7), (3, 1, 4), (0, 3, 5), (0, 4, 3)]),418963,SAT
P34793,30,11,11,CG(nc=7, r=11, tr=[(1, 2, 0), (2, 3, 1), (4, 6, 2), (0, 3, 3), (4, 2, 4), (5, 0, 5), (0, 4, 6), (6, 3, 7), (4, 5, 3), (6, 1, 6), (5, 2, 7)]),CG(nc=7, r=11, tr=[(6, 2, 0), (2, 3, 1), (0, 4, 2), (4, 5, 3), (6, 3, 4), (3, 1, 5), (0, 1, 6), (2, 4, 7), (1, 5, 4), (4, 2, 6), (5, 3, 0)]),482842,SAT
P34794,26,9,9,CG(nc=6, r=9, tr=[(0, 1, 0), (2, 1, 1), (2, 3, 2), (5, 4, 3), (5, 2, 4), (4, 2, 5), (2, 4, 6), (4, 0, 7), (0, 3, 3)]),CG(nc=6, r=9, tr=[(5, 2, 0), (5, 2, 1), (2, 3, 2), (0, 4, 3), (3, 4, 4), (1, 5, 5), (4, 1, 6), (3, 0, 7), (3, 5, 3)]),5248,SAT
P34795,26,9,9,CG(nc=6, r=9, tr=[(1, 2, 0), (5, 2, 1), (5, 4, 2), (1, 4, 3), (0, 1, 4), (0, 2, 5), (4, 0, 6), (3, 4, 7), (3, 2, 4)]),CG(nc=6, r=9, tr=[(1, 2, 0), (0, 1, 1), (1, 5, 2), (2, 1, 3), (2, 4, 4), (3, 0, 5), (5, 4, 6), (3, 2, 7), (3, 4, 3)]),4682,SAT
P34798,26,9,9,CG(nc=7, r=9, tr=[(0, 1, 0), (2, 3, 1), (2, 4, 2), (2, 6, 3), (6, 5, 4), (1, 4, 5), (3, 1, 6), (5, 1, 7), (0, 4, 4)]),CG(nc=6, r=9, tr=[(1, 0, 0), (0, 2, 1), (5, 4, 2), (3, 5, 3), (2, 4, 4), (3, 0, 5), (4, 3, 6), (4, 1, 7), (5, 2, 5)]),4625,SAT
P34799,24,9,9,CG(nc=6, r=9, tr=[(1, 2, 0), (5, 2, 1), (1, 4, 2), (4, 5, 3), (1, 0, 4), (5, 4, 5), (0, 3, 6), (0, 3, 5), (1, 3, 3)]),CG(nc=6, r=9, tr=[(5, 2, 0), (3, 2, 1), (2, 0, 2), (5, 4, 3), (3, 5, 4), (0, 1, 5), (1, 3, 6), (1, 5, 3), (4, 0, 4)]),9312,SAT
P34800,24,8,8,CG(nc=6, r=8, tr=[(1, 2, 0), (1, 3, 1), (0, 4, 2), (5, 2, 3), (2, 4, 4), (4, 1, 5), (3, 0, 6), (3, 5, 7)]),CG(nc=6, r=8, tr=[(5, 2, 0), (2, 5, 1), (3, 2, 2), (0, 4, 3), (4, 1, 4), (3, 1, 5), (4, 5, 6), (0, 3, 7)]),2273,SAT
P34801,28,10,10,CG(nc=6, r=10, tr=[(1, 5, 0), (1, 5, 1), (3, 0, 2), (4, 3, 3), (4, 5, 4), (5, 2, 5), (1, 3, 6), (0, 3, 7), (2, 0, 1), (4, 2, 0)]),CG(nc=7, r=10, tr=[(1, 2, 0), (1, 0, 1), (3, 6, 2), (2, 6, 3), (5, 4, 4), (4, 2, 5), (5, 6, 6), (1, 3, 7), (0, 2, 7), (2, 0, 6)]),16871,SAT
P34802,24,8,8,CG(nc=5, r=8, tr=[(0, 1, 0), (1, 2, 1), (0, 2, 2), (4, 3, 3), (1, 3, 4), (2, 3, 5), (2, 4, 6), (1, 0, 7)]),CG(nc=6, r=8, tr=[(0, 1, 0), (2, 3, 1), (5, 2, 2), (4, 0, 3), (3, 0, 4), (3, 4, 5), (5, 4, 6), (2, 1, 7)]),2527,SAT
P34803,24,8,8,CG(nc=6, r=8, tr=[(1, 0, 0), (2, 5, 1), (4, 3, 2), (4, 0, 3), (5, 3, 4), (3, 5, 5), (1, 2, 6), (1, 0, 7)]),CG(nc=5, r=8, tr=[(1, 2, 0), (0, 1, 1), (1, 4, 2), (1, 4, 3), (1, 3, 4), (3, 4, 5), (1, 0, 6), (2, 0, 7)]),2157,SAT
P34806,26,9,9,CG(nc=6, r=9, tr=[(1, 2, 0), (5, 1, 1), (4, 3, 2), (4, 0, 3), (4, 2, 4), (5, 3, 5), (0, 2, 6), (3, 4, 7), (2, 1, 2)]),CG(nc=6, r=9, tr=[(1, 2, 0), (3, 5, 1), (0, 1, 2), (3, 4, 3), (0, 4, 4), (5, 2, 5), (2, 4, 6), (3, 1, 7), (0, 1, 3)]),4731,SAT
P34807,20,7,7,CG(nc=5, r=7, tr=[(0, 1, 0), (2, 1, 1), (2, 0, 2), (3, 4, 3), (1, 3, 4), (2, 3, 5), (2, 4, 6)]),CG(nc=5, r=7, tr=[(0, 1, 0), (1, 0, 1), (4, 1, 2), (4, 1, 3), (0, 3, 4), (3, 2, 5), (4, 2, 6)]),2161,SAT
P34808,26,9,9,CG(nc=7, r=9, tr=[(1, 2, 0), (3, 2, 1), (1, 4, 2), (1, 0, 3), (6, 4, 4), (4, 6, 5), (3, 6, 6), (0, 5, 7), (5, 4, 6)]),CG(nc=6, r=9, tr=[(1, 5, 0), (5, 1, 1), (0, 3, 2), (4, 5, 3), (3, 2, 4), (4, 2, 5), (1, 5, 6), (3, 1, 7), (0, 4, 6)]),4428,SAT
P34809,28,10,10,CG(nc=7, r=10, tr=[(1, 2, 0), (3, 1, 1), (0, 4, 2), (3, 6, 3), (6, 5, 4), (5, 6, 5), (0, 2, 6), (3, 2, 7), (1, 5, 7), (5, 4, 3)]),CG(nc=7, r=10, tr=[(0, 1, 0), (2, 1, 1), (3, 1, 2), (6, 2, 3), (6, 5, 4), (4, 5, 5), (4, 2, 6), (2, 0, 7), (4, 0, 3), (3, 6, 7)]),21250,SAT
P34810,26,9,9,CG(nc=6, r=9, tr=[(1, 2, 0), (2, 5, 1), (4, 5, 2), (4, 1, 3), (0, 1, 4), (4, 3, 5), (1, 3, 6), (3, 5, 7), (3, 0, 3)]),CG(nc=6, r=9, tr=[(5, 2, 0), (5, 2, 1), (2, 3, 2), (0, 4, 3), (4, 5, 4), (3, 1, 5), (1, 4, 6), (3, 0, 7), (1, 2, 3)]),4648,SAT
P34811,26,9,9,CG(nc=6, r=9, tr=[(1, 0, 0), (2, 3, 1), (4, 0, 2), (3, 5, 3), (5, 1, 4), (3, 4, 5), (2, 1, 6), (0, 3, 7), (4, 3, 4)]),CG(nc=5, r=9, tr=[(1, 2, 0), (4, 2, 1), (2, 0, 2), (0, 1, 3), (4, 1, 4), (2, 3, 5), (4, 2, 6), (1, 4, 7), (3, 0, 4)]),4326,SAT
P34814,26,9,9,CG(nc=7, r=9, tr=[(1, 0, 0), (1, 2, 1), (3, 4, 2), (6, 5, 3), (5, 4, 4), (4, 6, 5), (2, 5, 6), (2, 0, 7), (3, 0, 3)]),CG(nc=6, r=9, tr=[(1, 0, 0), (0, 1, 1), (2, 1, 2), (3, 5, 3), (0, 3, 4), (4, 5, 5), (4, 3, 6), (2, 5, 7), (0, 4, 3)]),4432,SAT
P34815,20,7,7,CG(nc=6, r=7, tr=[(1, 5, 0), (3, 4, 1), (5, 2, 2), (0, 3, 3), (2, 4, 4), (3, 2, 5), (1, 4, 6)]),CG(nc=5, r=7, tr=[(4, 2, 0), (4, 2, 1), (2, 0, 2), (4, 0, 3), (0, 3, 4), (1, 4, 5), (3, 1, 6)]),2239,SAT
P34944,16,4,4,CG(nc=3, r=4, tr=[(0, 2, 4), (2, 0, 5), (2, 1, 6), (0, 1, 7)]),CG(nc=4, r=4, tr=[(3, 2, 4), (0, 1, 5), (1, 2, 6), (1, 2, 7)]),1775,SAT
P34945,24,8,8,CG(nc=6, r=8, tr=[(1, 2, 0), (3, 5, 1), (0, 4, 2), (4, 0, 3), (0, 3, 4), (4, 5, 5), (5, 1, 6), (0, 2, 7)]),CG(nc=6, r=8, tr=[(1, 2, 0), (5, 4, 1), (4, 1, 2), (2, 0, 3), (4, 5, 4), (3, 4, 5), (2, 3, 6), (0, 3, 7)]),2217,SAT
P34946,22,7,7,CG(nc=4, r=7, tr=[(1, 0, 1), (0, 1, 2), (0, 1, 3), (3, 0, 4), (3, 1, 5), (2, 3, 6), (1, 2, 7)]),CG(nc=6, r=7, tr=[(1, 0, 1), (2, 3, 2), (1, 3, 3), (2, 5, 4), (0, 4, 5), (2, 4, 6), (2, 4, 7)]),2213,SAT
P34947,22,7,7,CG(nc=5, r=7, tr=[(1, 0, 1), (2, 4, 2), (4, 2, 3), (1, 4, 4), (0, 2, 5), (3, 4, 6), (1, 3, 7)]),CG(nc=6, r=7, tr=[(1, 2, 1), (5, 1, 2), (2, 0, 3), (4, 5, 4), (3, 0, 5), (3, 4, 6), (4, 3, 7)]),1995,SAT
P34950,26,9,9,CG(nc=6, r=9, tr=[(1, 0, 0), (5, 3, 1), (4, 0, 2), (0, 4, 3), (4, 3, 4), (5, 4, 5), (1, 2, 6), (2, 3, 7), (0, 2, 5)]),CG(nc=6, r=9, tr=[(1, 0, 0), (2, 0, 1), (3, 4, 2), (4, 5, 3), (2, 3, 4), (5, 2, 5), (3, 0, 6), (1, 0, 7), (3, 1, 5)]),4532,SAT
P34951,24,8,8,CG(nc=6, r=8, tr=[(1, 2, 0), (0, 3, 1), (5, 4, 2), (5, 4, 3), (4, 0, 4), (0, 4, 5), (2, 5, 6), (3, 1, 7)]),CG(nc=6, r=8, tr=[(0, 1, 0), (1, 0, 1), (1, 2, 2), (5, 2, 3), (5, 4, 4), (3, 0, 5), (3, 4, 6), (3, 4, 7)]),2201,SAT
P34952,8,2,2,CG(nc=2, r=2, tr=[(1, 0, 2), (1, 0, 3)]),CG(nc=3, r=2, tr=[(2, 1, 2), (0, 1, 3)]),2128,SAT
P34953,16,6,6,CG(nc=3, r=6, tr=[(2, 1, 0), (1, 2, 1), (2, 1, 2), (1, 2, 3), (0, 1, 4), (1, 0, 5)]),CG(nc=6, r=6, tr=[(5, 2, 0), (3, 4, 1), (4, 0, 2), (2, 3, 3), (5, 1, 4), (0, 1, 5)]),1863,SAT
P34954,12,4,4,CG(nc=3, r=4, tr=[(1, 2, 2), (2, 1, 3), (2, 0, 4), (0, 1, 5)]),CG(nc=4, r=4, tr=[(0, 1, 2), (1, 2, 3), (3, 2, 4), (0, 2, 5)]),2118,SAT
P34955,14,5,5,CG(nc=4, r=5, tr=[(1, 3, 1), (2, 3, 2), (3, 2, 3), (0, 1, 4), (0, 2, 5)]),CG(nc=5, r=5, tr=[(1, 0, 1), (2, 1, 2), (2, 4, 3), (4, 3, 4), (0, 3, 5)]),2721,SAT
P34958,16,6,6,CG(nc=4, r=6, tr=[(1, 2, 2), (2, 1, 3), (2, 3, 4), (3, 1, 5), (0, 2, 5), (1, 0, 4)]),CG(nc=5, r=6, tr=[(0, 1, 2), (1, 2, 3), (0, 3, 4), (4, 2, 5), (4, 3, 5), (4, 2, 4)]),5470,SAT
P34959,12,4,4,CG(nc=3, r=4, tr=[(1, 2, 2), (1, 2, 3), (0, 1, 4), (0, 1, 5)]),CG(nc=4, r=4, tr=[(3, 2, 2), (2, 0, 3), (3, 1, 4), (0, 1, 5)]),1881,SAT
P34960,22,7,7,CG(nc=5, r=7, tr=[(1, 0, 0), (2, 4, 1), (1, 0, 3), (0, 2, 4), (1, 4, 5), (3, 4, 6), (3, 0, 7)]),CG(nc=5, r=7, tr=[(0, 1, 0), (2, 3, 1), (2, 4, 3), (4, 3, 4), (1, 0, 5), (3, 1, 6), (1, 3, 7)]),2288,SAT
P34961,22,7,7,CG(nc=5, r=7, tr=[(0, 1, 0), (2, 4, 1), (4, 2, 3), (0, 2, 4), (1, 4, 5), (3, 0, 6), (3, 2, 7)]),CG(nc=6, r=7, tr=[(1, 2, 0), (5, 2, 1), (1, 0, 3), (5, 4, 4), (4, 3, 5), (0, 3, 6), (0, 3, 7)]),2159,SAT
P34962,26,9,9,CG(nc=6, r=9, tr=[(1, 5, 0), (3, 0, 1), (4, 1, 2), (5, 4, 3), (5, 3, 4), (4, 0, 5), (2, 3, 6), (2, 1, 7), (4, 2, 4)]),CG(nc=6, r=9, tr=[(0, 1, 0), (1, 2, 1), (0, 3, 2), (3, 2, 3), (4, 2, 4), (0, 4, 5), (5, 3, 6), (1, 4, 7), (5, 1, 4)]),4323,SAT
P34963,24,8,8,CG(nc=6, r=8, tr=[(1, 5, 0), (3, 0, 1), (4, 2, 2), (5, 2, 3), (5, 3, 4), (2, 0, 5), (3, 4, 6), (4, 1, 7)]),CG(nc=6, r=8, tr=[(5, 2, 0), (3, 0, 1), (5, 2, 2), (2, 3, 3), (4, 5, 4), (1, 4, 5), (1, 0, 6), (0, 1, 7)]),2209,SAT
P34966,28,10,10,CG(nc=6, r=10, tr=[(1, 5, 0), (5, 3, 1), (1, 3, 2), (1, 4, 3), (5, 4, 4), (3, 0, 5), (3, 4, 6), (2, 4, 7), (2, 0, 0), (1, 0, 4)]),CG(nc=6, r=10, tr=[(1, 2, 0), (3, 1, 1), (2, 3, 2), (3, 5, 3), (4, 2, 4), (1, 0, 5), (2, 0, 6), (0, 2, 7), (4, 5, 5), (0, 4, 1)]),13701,SAT
P34967,26,9,9,CG(nc=6, r=9, tr=[(1, 2, 0), (3, 1, 1), (4, 1, 2), (0, 4, 3), (5, 4, 4), (4, 5, 5), (3, 5, 6), (0, 2, 7), (0, 3, 2)]),CG(nc=6, r=9, tr=[(1, 2, 0), (1, 3, 1), (1, 0, 2), (2, 5, 3), (4, 3, 4), (5, 4, 5), (3, 0, 6), (0, 3, 7), (3, 2, 2)]),4329,SAT
P34968,18,6,6,CG(nc=4, r=6, tr=[(1, 0, 0), (3, 2, 1), (1, 0, 3), (2, 0, 4), (1, 3, 5), (2, 3, 6)]),CG(nc=6, r=6, tr=[(1, 2, 0), (5, 4, 1), (4, 1, 3), (5, 3, 4), (0, 3, 5), (0, 2, 6)]),1934,SAT
P34969,14,5,5,CG(nc=4, r=5, tr=[(1, 3, 0), (2, 3, 1), (2, 3, 2), (0, 2, 3), (1, 0, 4)]),CG(nc=5, r=5, tr=[(1, 0, 0), (2, 1, 1), (4, 2, 2), (4, 3, 3), (0, 3, 4)]),1871,SAT
P34970,20,7,7,CG(nc=4, r=7, tr=[(1, 0, 0), (0, 1, 1), (1, 2, 2), (2, 0, 3), (3, 1, 4), (2, 3, 5), (0, 1, 6)]),CG(nc=6, r=7, tr=[(5, 2, 0), (3, 4, 1), (4, 1, 2), (0, 4, 3), (5, 1, 4), (0, 1, 5), (3, 2, 6)]),2126,SAT
P34971,16,6,6,CG(nc=5, r=6, tr=[(0, 1, 0), (2, 4, 1), (1, 3, 2), (0, 3, 3), (0, 2, 4), (3, 4, 5)]),CG(nc=5, r=6, tr=[(1, 2, 0), (0, 2, 1), (2, 1, 2), (1, 4, 3), (4, 3, 4), (0, 3, 5)]),2159,SAT
P34974,22,8,8,CG(nc=5, r=8, tr=[(1, 4, 0), (3, 2, 1), (2, 0, 2), (3, 0, 3), (4, 3, 4), (1, 2, 5), (3, 2, 6), (1, 0, 4)]),CG(nc=6, r=8, tr=[(1, 0, 0), (2, 5, 1), (4, 3, 2), (1, 4, 3), (0, 3, 4), (3, 5, 5), (4, 2, 6), (1, 5, 4)]),4334,SAT
P34975,16,6,6,CG(nc=4, r=6, tr=[(1, 2, 0), (1, 2, 1), (3, 1, 2), (2, 3, 3), (0, 2, 4), (0, 2, 5)]),CG(nc=5, r=6, tr=[(0, 1, 0), (1, 2, 1), (2, 0, 2), (2, 4, 3), (3, 0, 4), (3, 4, 5)]),1833,SAT
P34976,18,5,5,CG(nc=4, r=5, tr=[(0, 1, 3), (0, 3, 4), (1, 3, 5), (3, 2, 6), (0, 2, 7)]),CG(nc=5, r=5, tr=[(1, 2, 3), (2, 0, 4), (4, 3, 5), (4, 1, 6), (2, 3, 7)]),1807,SAT
P34977,24,8,8,CG(nc=5, r=8, tr=[(1, 0, 0), (4, 3, 1), (3, 4, 2), (2, 0, 3), (0, 3, 4), (2, 4, 5), (2, 1, 6), (2, 4, 7)]),CG(nc=5, r=8, tr=[(1, 2, 0), (2, 3, 1), (3, 0, 2), (4, 1, 3), (0, 2, 4), (4, 1, 5), (1, 2, 6), (2, 1, 7)]),2456,SAT
P34978,20,6,6,CG(nc=5, r=6, tr=[(1, 2, 1), (4, 3, 3), (4, 0, 4), (0, 3, 5), (1, 4, 6), (0, 2, 7)]),CG(nc=4, r=6, tr=[(1, 3, 1), (2, 0, 3), (1, 2, 4), (0, 2, 5), (1, 3, 6), (1, 3, 7)]),2125,SAT
P34979,22,7,7,CG(nc=5, r=7, tr=[(1, 4, 1), (4, 1, 2), (3, 0, 3), (0, 1, 4), (3, 4, 5), (1, 2, 6), (2, 0, 7)]),CG(nc=6, r=7, tr=[(1, 2, 1), (2, 5, 2), (1, 0, 3), (5, 4, 4), (0, 3, 5), (1, 4, 6), (4, 3, 7)]),2378,SAT
P34980,22,7,7,CG(nc=5, r=7, tr=[(1, 0, 0), (4, 3, 2), (2, 3, 3), (0, 3, 4), (0, 2, 5), (4, 2, 6), (1, 2, 7)]),CG(nc=5, r=7, tr=[(1, 2, 0), (3, 0, 2), (3, 2, 3), (0, 2, 4), (4, 1, 5), (4, 3, 6), (1, 2, 7)]),1976,SAT
P34981,22,7,7,CG(nc=5, r=7, tr=[(1, 2, 0), (4, 3, 2), (3, 1, 3), (0, 3, 4), (2, 0, 5), (1, 4, 6), (0, 2, 7)]),CG(nc=6, r=7, tr=[(1, 2, 0), (5, 1, 2), (0, 2, 3), (4, 5, 4), (0, 3, 5), (2, 4, 6), (3, 4, 7)]),1969,SAT
P34982,26,9,9,CG(nc=5, r=9, tr=[(1, 2, 0), (4, 3, 1), (2, 1, 2), (2, 4, 3), (2, 0, 4), (0, 1, 5), (1, 3, 6), (0, 2, 7), (1, 4, 4)]),CG(nc=7, r=9, tr=[(6, 2, 0), (3, 4, 1), (3, 5, 2), (0, 3, 3), (4, 6, 4), (5, 2, 5), (4, 3, 6), (4, 1, 7), (0, 1, 5)]),4410,SAT
P34983,24,8,8,CG(nc=5, r=8, tr=[(4, 2, 0), (3, 2, 1), (4, 2, 2), (4, 3, 3), (0, 2, 4), (0, 3, 5), (1, 0, 6), (3, 1, 7)]),CG(nc=6, r=8, tr=[(5, 2, 0), (3, 4, 1), (2, 4, 2), (4, 0, 3), (3, 5, 4), (1, 3, 5), (0, 1, 6), (1, 0, 7)]),2521,SAT
P34984,14,4,4,CG(nc=3, r=4, tr=[(1, 0, 3), (2, 0, 4), (2, 1, 5), (0, 1, 6)]),CG(nc=4, r=4, tr=[(3, 2, 3), (0, 1, 4), (1, 3, 5), (1, 2, 6)]),1809,SAT
P34985,20,7,7,CG(nc=5, r=7, tr=[(1, 2, 0), (3, 1, 1), (0, 3, 2), (2, 0, 3), (4, 3, 4), (2, 4, 5), (0, 1, 6)]),CG(nc=6, r=7, tr=[(1, 2, 0), (0, 1, 1), (2, 3, 2), (5, 3, 3), (4, 0, 4), (5, 4, 5), (3, 4, 6)]),1821,SAT
P34986,10,3,3,CG(nc=3, r=3, tr=[(2, 1, 2), (2, 0, 3), (0, 1, 4)]),CG(nc=3, r=3, tr=[(1, 0, 2), (2, 1, 3), (0, 1, 4)]),1897,SAT
P34987,14,5,5,CG(nc=4, r=5, tr=[(3, 2, 1), (2, 3, 2), (3, 1, 3), (0, 2, 4), (0, 1, 5)]),CG(nc=4, r=5, tr=[(1, 2, 1), (2, 3, 2), (1, 0, 3), (3, 1, 4), (0, 1, 5)]),2132,SAT
P34988,16,5,5,CG(nc=4, r=5, tr=[(1, 0, 2), (2, 1, 3), (3, 1, 4), (2, 3, 5), (0, 2, 6)]),CG(nc=4, r=5, tr=[(1, 3, 2), (2, 1, 3), (3, 2, 4), (0, 2, 5), (1, 0, 6)]),1801,SAT
P34989,18,6,6,CG(nc=4, r=6, tr=[(1, 0, 0), (1, 0, 2), (0, 2, 3), (3, 1, 4), (3, 2, 5), (1, 2, 6)]),CG(nc=5, r=6, tr=[(1, 2, 0), (1, 4, 2), (0, 2, 3), (4, 3, 4), (3, 0, 5), (2, 3, 6)]),2166,SAT
P34990,16,6,6,CG(nc=4, r=6, tr=[(1, 2, 2), (1, 0, 3), (2, 3, 4), (1, 3, 5), (0, 1, 4), (0, 2, 3)]),CG(nc=5, r=6, tr=[(1, 2, 2), (2, 4, 3), (2, 0, 4), (0, 3, 5), (3, 4, 4), (3, 1, 5)]),5184,SAT
P34991,14,5,5,CG(nc=4, r=5, tr=[(1, 3, 2), (1, 3, 3), (0, 1, 4), (1, 2, 5), (0, 2, 3)]),CG(nc=4, r=5, tr=[(3, 2, 2), (1, 0, 3), (1, 3, 4), (0, 1, 5), (2, 0, 3)]),3263,SAT
P34992,20,6,6,CG(nc=4, r=6, tr=[(1, 3, 1), (2, 0, 3), (0, 1, 4), (3, 2, 5), (0, 2, 6), (2, 3, 7)]),CG(nc=5, r=6, tr=[(1, 4, 1), (3, 0, 3), (4, 1, 4), (1, 2, 5), (1, 3, 6), (0, 2, 7)]),2043,SAT
P34993,22,7,7,CG(nc=5, r=7, tr=[(1, 0, 0), (0, 1, 1), (0, 2, 3), (1, 4, 4), (2, 4, 5), (3, 4, 6), (3, 1, 7)]),CG(nc=5, r=7, tr=[(1, 0, 0), (2, 1, 1), (2, 4, 3), (0, 3, 4), (2, 4, 5), (2, 3, 6), (2, 3, 7)]),2183,SAT
P34994,22,7,7,CG(nc=5, r=7, tr=[(1, 0, 1), (0, 1, 3), (2, 1, 4), (1, 4, 5), (0, 3, 6), (3, 2, 7), (2, 4, 1)]),CG(nc=5, r=7, tr=[(1, 0, 1), (2, 4, 3), (1, 3, 4), (4, 1, 5), (0, 3, 6), (0, 3, 7), (3, 2, 1)]),3749,SAT
P34995,20,6,6,CG(nc=5, r=6, tr=[(1, 0, 1), (4, 3, 3), (4, 1, 4), (0, 3, 5), (2, 4, 6), (1, 2, 7)]),CG(nc=5, r=6, tr=[(4, 2, 1), (2, 0, 3), (3, 1, 4), (4, 3, 5), (1, 0, 6), (1, 0, 7)]),1932,SAT
P34996,24,8,8,CG(nc=6, r=8, tr=[(1, 5, 0), (3, 5, 1), (0, 4, 2), (4, 2, 3), (3, 4, 4), (5, 2, 5), (0, 2, 6), (1, 2, 7)]),CG(nc=5, r=8, tr=[(1, 2, 0), (2, 4, 1), (3, 4, 2), (3, 2, 3), (2, 4, 4), (1, 0, 5), (3, 0, 6), (2, 1, 7)]),2188,SAT
P34997,24,8,8,CG(nc=5, r=8, tr=[(4, 2, 0), (3, 0, 1), (2, 4, 2), (1, 4, 3), (2, 3, 4), (0, 1, 5), (2, 1, 6), (1, 0, 7)]),CG(nc=5, r=8, tr=[(0, 1, 0), (2, 4, 1), (4, 2, 2), (1, 2, 3), (1, 3, 4), (3, 4, 5), (1, 0, 6), (0, 1, 7)]),2247,SAT
P34998,28,10,10,CG(nc=6, r=10, tr=[(1, 5, 0), (3, 5, 1), (1, 3, 2), (4, 5, 3), (1, 0, 4), (2, 5, 5), (1, 2, 6), (0, 4, 7), (0, 4, 5), (2, 4, 1)]),CG(nc=6, r=10, tr=[(1, 0, 0), (2, 0, 1), (3, 4, 2), (3, 5, 3), (1, 5, 4), (4, 1, 5), (4, 0, 6), (4, 0, 7), (3, 4, 1), (3, 2, 4)]),11210,SAT
P34999,24,8,8,CG(nc=6, r=8, tr=[(1, 2, 0), (2, 5, 1), (4, 2, 2), (4, 5, 3), (0, 4, 4), (4, 0, 5), (3, 1, 6), (3, 0, 7)]),CG(nc=6, r=8, tr=[(0, 1, 0), (0, 2, 1), (1, 2, 2), (5, 2, 3), (0, 4, 4), (3, 4, 5), (3, 5, 6), (3, 5, 7)]),2477,SAT
P35000,16,5,5,CG(nc=4, r=5, tr=[(0, 1, 1), (0, 2, 3), (3, 1, 4), (3, 2, 5), (0, 2, 6)]),CG(nc=5, r=5, tr=[(1, 4, 1), (0, 3, 3), (4, 2, 4), (0, 2, 5), (3, 1, 6)]),2008,SAT
P35001,18,6,6,CG(nc=4, r=6, tr=[(1, 2, 0), (0, 1, 1), (0, 1, 3), (1, 3, 4), (1, 3, 5), (0, 2, 6)]),CG(nc=5, r=6, tr=[(1, 2, 0), (1, 4, 1), (0, 2, 3), (0, 3, 4), (3, 4, 5), (2, 1, 6)]),2070,SAT
P35002,16,5,5,CG(nc=4, r=5, tr=[(3, 2, 1), (1, 0, 3), (2, 0, 4), (3, 1, 5), (2, 3, 6)]),CG(nc=4, r=5, tr=[(1, 2, 1), (2, 3, 3), (2, 0, 4), (2, 3, 5), (0, 1, 6)]),1873,SAT
P35003,12,4,4,CG(nc=4, r=4, tr=[(1, 3, 1), (3, 2, 2), (0, 1, 3), (0, 2, 4)]),CG(nc=4, r=4, tr=[(1, 3, 1), (0, 1, 2), (3, 2, 3), (0, 2, 4)]),1937,SAT
P35004,18,6,6,CG(nc=4, r=6, tr=[(1, 0, 1), (2, 1, 2), (2, 0, 3), (2, 3, 4), (1, 3, 5), (0, 1, 6)]),CG(nc=5, r=6, tr=[(1, 4, 1), (3, 2, 2), (0, 2, 3), (3, 0, 4), (4, 3, 5), (1, 2, 6)]),1955,SAT
P35005,20,7,7,CG(nc=5, r=7, tr=[(4, 2, 0), (3, 1, 1), (4, 3, 2), (4, 1, 3), (0, 1, 4), (1, 0, 5), (1, 2, 6)]),CG(nc=5, r=7, tr=[(0, 1, 0), (4, 3, 1), (3, 4, 2), (3, 1, 3), (2, 0, 4), (2, 4, 5), (1, 0, 6)]),2173,SAT
P35006,20,7,7,CG(nc=5, r=7, tr=[(4, 2, 1), (3, 2, 2), (2, 1, 3), (0, 3, 4), (2, 0, 5), (1, 3, 6), (4, 1, 5)]),CG(nc=5, r=7, tr=[(0, 1, 1), (2, 3, 2), (1, 2, 3), (4, 3, 4), (1, 4, 5), (4, 2, 6), (3, 0, 5)]),3883,SAT
P35007,14,5,5,CG(nc=4, r=5, tr=[(1, 2, 1), (3, 1, 2), (3, 2, 3), (2, 0, 4), (0, 2, 5)]),CG(nc=4, r=5, tr=[(3, 2, 1), (2, 3, 2), (2, 0, 3), (3, 1, 4), (0, 1, 5)]),2088,SAT
P35040,20,6,6,CG(nc=4, r=6, tr=[(0, 1, 3), (1, 3, 4), (2, 1, 5), (2, 3, 6), (0, 2, 7), (2, 3, 3)]),CG(nc=5, r=6, tr=[(1, 2, 3), (3, 1, 4), (1, 0, 5), (2, 4, 6), (3, 4, 7), (3, 0, 3)]),3479,SAT
P35041,26,9,9,CG(nc=5, r=9, tr=[(1, 2, 0), (2, 1, 1), (2, 1, 2), (0, 3, 3), (3, 4, 4), (1, 3, 5), (4, 1, 6), (2, 0, 7), (2, 4, 3)]),CG(nc=7, r=9, tr=[(1, 2, 0), (3, 0, 1), (2, 3, 2), (1, 6, 3), (3, 5, 4), (4, 6, 5), (1, 5, 6), (4, 3, 7), (5, 0, 5)]),4857,SAT
P35042,22,7,7,CG(nc=4, r=7, tr=[(1, 2, 1), (0, 2, 3), (1, 3, 4), (1, 0, 5), (0, 1, 6), (2, 3, 7), (2, 3, 5)]),CG(nc=5, r=7, tr=[(1, 0, 1), (2, 1, 3), (2, 4, 4), (4, 1, 5), (3, 2, 6), (2, 3, 7), (0, 3, 5)]),3668,SAT
P35043,24,8,8,CG(nc=5, r=8, tr=[(1, 2, 1), (1, 2, 2), (3, 0, 3), (3, 4, 4), (1, 3, 5), (4, 1, 6), (2, 0, 7), (4, 1, 3)]),CG(nc=6, r=8, tr=[(0, 1, 1), (2, 1, 2), (0, 3, 3), (5, 4, 4), (2, 4, 5), (4, 3, 6), (0, 2, 7), (2, 5, 3)]),3787,SAT
P35046,24,8,8,CG(nc=6, r=8, tr=[(1, 0, 0), (2, 3, 1), (5, 4, 3), (2, 4, 4), (0, 4, 5), (1, 3, 6), (2, 5, 7), (3, 0, 3)]),CG(nc=6, r=8, tr=[(1, 2, 0), (1, 3, 1), (1, 0, 3), (5, 3, 4), (5, 2, 5), (4, 3, 6), (4, 3, 7), (0, 4, 5)]),4154,SAT
P35047,26,9,9,CG(nc=6, r=9, tr=[(0, 1, 0), (2, 1, 1), (1, 0, 2), (5, 4, 3), (1, 4, 4), (4, 3, 5), (2, 3, 6), (5, 3, 7), (0, 3, 3)]),CG(nc=5, r=9, tr=[(0, 1, 0), (0, 1, 1), (1, 2, 2), (4, 2, 3), (3, 4, 4), (2, 3, 5), (1, 0, 6), (2, 0, 7), (1, 3, 3)]),4391,SAT
P35048,18,6,6,CG(nc=4, r=6, tr=[(3, 2, 3), (1, 0, 4), (3, 1, 5), (3, 2, 6), (2, 0, 4), (0, 2, 5)]),CG(nc=5, r=6, tr=[(0, 1, 3), (2, 1, 4), (2, 1, 5), (4, 2, 6), (4, 3, 4), (0, 3, 5)]),5197,SAT
P35049,22,8,8,CG(nc=6, r=8, tr=[(1, 2, 0), (3, 5, 1), (0, 4, 2), (1, 4, 3), (2, 4, 4), (2, 5, 5), (1, 0, 6), (3, 1, 4)]),CG(nc=5, r=8, tr=[(1, 2, 0), (2, 4, 1), (3, 0, 2), (1, 3, 3), (4, 2, 4), (2, 0, 5), (4, 3, 6), (1, 0, 4)]),3965,SAT
P35050,18,6,6,CG(nc=4, r=6, tr=[(1, 0, 3), (1, 3, 4), (3, 1, 5), (1, 2, 6), (1, 2, 5), (2, 0, 4)]),CG(nc=5, r=6, tr=[(1, 2, 3), (3, 4, 4), (4, 2, 5), (0, 1, 6), (3, 0, 5), (3, 0, 3)]),5276,SAT
P35051,20,7,7,CG(nc=5, r=7, tr=[(1, 0, 1), (2, 3, 2), (2, 1, 3), (4, 3, 4), (1, 4, 5), (3, 1, 6), (0, 2, 5)]),CG(nc=5, r=7, tr=[(1, 0, 1), (2, 1, 2), (2, 4, 3), (1, 3, 4), (0, 3, 5), (3, 2, 6), (4, 1, 5)]),4169,SAT
P35054,14,5,5,CG(nc=4, r=5, tr=[(0, 1, 2), (1, 3, 3), (1, 2, 4), (1, 0, 4), (3, 2, 2)]),CG(nc=4, r=5, tr=[(0, 1, 2), (1, 3, 3), (1, 2, 4), (1, 0, 4), (3, 2, 2)]),4950,SAT
P35055,16,6,6,CG(nc=5, r=6, tr=[(1, 2, 2), (4, 3, 3), (2, 0, 4), (4, 1, 5), (1, 3, 4), (0, 1, 3)]),CG(nc=4, r=6, tr=[(1, 3, 2), (0, 1, 3), (3, 1, 4), (2, 3, 5), (0, 2, 4), (2, 0, 3)]),5418,SAT
P35056,18,5,5,CG(nc=4, r=5, tr=[(1, 0, 3), (3, 1, 4), (1, 3, 5), (3, 2, 6), (0, 2, 7)]),CG(nc=5, r=5, tr=[(4, 2, 3), (3, 0, 4), (1, 4, 5), (0, 2, 6), (3, 1, 7)]),1863,SAT
P35057,22,7,7,CG(nc=5, r=7, tr=[(1, 4, 0), (4, 1, 1), (3, 4, 3), (3, 0, 4), (3, 0, 5), (0, 2, 6), (2, 1, 7)]),CG(nc=6, r=7, tr=[(0, 1, 0), (1, 2, 1), (2, 5, 3), (4, 3, 4), (5, 3, 5), (0, 2, 6), (4, 0, 7)]),2206,SAT
P35058,20,6,6,CG(nc=4, r=6, tr=[(1, 2, 1), (0, 2, 3), (3, 1, 4), (3, 2, 5), (1, 0, 6), (3, 2, 7)]),CG(nc=4, r=6, tr=[(1, 0, 1), (3, 2, 3), (2, 1, 4), (3, 1, 5), (0, 2, 6), (0, 2, 7)]),1885,SAT
P35059,20,6,6,CG(nc=5, r=6, tr=[(1, 2, 1), (4, 3, 3), (3, 0, 4), (0, 3, 5), (2, 4, 6), (0, 1, 7)]),CG(nc=5, r=6, tr=[(1, 0, 1), (1, 4, 3), (4, 3, 4), (3, 2, 5), (0, 1, 6), (0, 2, 7)]),1864,SAT
P35062,24,8,8,CG(nc=5, r=8, tr=[(1, 2, 0), (4, 3, 1), (4, 2, 3), (4, 3, 4), (0, 1, 5), (1, 3, 6), (0, 2, 7), (2, 0, 4)]),CG(nc=6, r=8, tr=[(1, 0, 0), (5, 3, 1), (4, 3, 3), (0, 4, 4), (2, 5, 5), (2, 4, 6), (4, 2, 7), (2, 1, 3)]),3942,SAT
P35063,22,7,7,CG(nc=6, r=7, tr=[(1, 0, 0), (5, 3, 1), (5, 4, 3), (0, 4, 4), (0, 4, 5), (2, 1, 6), (2, 3, 7)]),CG(nc=5, r=7, tr=[(1, 0, 0), (0, 1, 1), (4, 1, 3), (0, 3, 4), (2, 4, 5), (1, 0, 6), (3, 2, 7)]),2122,SAT
P35064,14,4,4,CG(nc=3, r=4, tr=[(0, 1, 3), (1, 2, 4), (2, 1, 5), (0, 1, 6)]),CG(nc=4, r=4, tr=[(1, 3, 3), (3, 2, 4), (0, 2, 5), (0, 1, 6)]),1885,SAT
P35065,18,6,6,CG(nc=4, r=6, tr=[(1, 0, 0), (1, 0, 1), (2, 0, 3), (2, 3, 4), (3, 2, 5), (1, 2, 6)]),CG(nc=5, r=6, tr=[(1, 4, 0), (1, 3, 1), (3, 0, 3), (4, 2, 4), (2, 0, 5), (3, 4, 6)]),1745,SAT
P35066,16,5,5,CG(nc=4, r=5, tr=[(1, 0, 3), (1, 3, 4), (3, 1, 5), (2, 0, 6), (3, 2, 4)]),CG(nc=4, r=5, tr=[(1, 3, 3), (0, 1, 4), (3, 1, 5), (2, 3, 6), (0, 2, 3)]),3528,SAT
P35067,16,5,5,CG(nc=4, r=5, tr=[(1, 0, 1), (0, 2, 3), (2, 3, 4), (3, 2, 5), (1, 2, 6)]),CG(nc=4, r=5, tr=[(1, 3, 1), (0, 1, 3), (2, 0, 4), (2, 3, 5), (1, 3, 6)]),2137,SAT
P35070,18,6,6,CG(nc=5, r=6, tr=[(0, 1, 3), (2, 0, 4), (1, 4, 5), (1, 3, 6), (4, 1, 4), (2, 3, 5)]),CG(nc=4, r=6, tr=[(0, 1, 3), (3, 1, 4), (1, 3, 5), (3, 1, 6), (2, 0, 5), (3, 2, 4)]),4752,SAT
P35071,10,3,3,CG(nc=3, r=3, tr=[(1, 2, 2), (0, 1, 3), (1, 0, 4)]),CG(nc=3, r=3, tr=[(2, 0, 2), (2, 1, 3), (0, 1, 4)]),1683,SAT
P35216,24,8,8,CG(nc=5, r=8, tr=[(1, 0, 0), (1, 0, 1), (0, 2, 2), (1, 2, 3), (4, 1, 4), (1, 4, 5), (0, 3, 6), (4, 3, 7)]),CG(nc=6, r=8, tr=[(1, 5, 0), (3, 4, 1), (4, 1, 2), (4, 1, 3), (2, 3, 4), (5, 2, 5), (3, 0, 6), (3, 0, 7)]),2445,SAT
P35217,24,8,8,CG(nc=6, r=8, tr=[(1, 5, 0), (0, 3, 1), (5, 4, 2), (4, 1, 3), (5, 3, 4), (1, 0, 5), (2, 5, 6), (2, 3, 7)]),CG(nc=5, r=8, tr=[(1, 0, 0), (4, 3, 1), (1, 3, 2), (3, 1, 3), (4, 1, 4), (1, 2, 5), (0, 2, 6), (2, 0, 7)]),2166,SAT
P35218,28,10,10,CG(nc=7, r=10, tr=[(0, 1, 0), (1, 2, 1), (0, 3, 2), (3, 1, 3), (2, 0, 4), (3, 4, 5), (5, 6, 6), (2, 5, 7), (1, 6, 4), (6, 4, 0)]),CG(nc=6, r=10, tr=[(1, 5, 0), (3, 0, 1), (4, 1, 2), (4, 5, 3), (3, 1, 4), (1, 5, 5), (2, 3, 6), (3, 2, 7), (4, 2, 0), (0, 2, 4)]),11186,SAT
P35219,28,10,10,CG(nc=6, r=10, tr=[(1, 2, 0), (3, 5, 1), (2, 5, 2), (1, 5, 3), (0, 3, 4), (0, 3, 5), (4, 0, 6), (1, 3, 7), (4, 1, 7), (2, 3, 3)]),CG(nc=6, r=10, tr=[(1, 2, 0), (2, 0, 1), (3, 1, 2), (4, 1, 3), (0, 3, 4), (4, 3, 5), (5, 4, 6), (5, 4, 7), (5, 4, 1), (5, 3, 0)]),20365,SAT
P35222,32,12,12,CG(nc=8, r=12, tr=[(1, 7, 0), (3, 1, 1), (4, 5, 2), (1, 5, 3), (1, 0, 4), (7, 4, 5), (6, 0, 6), (3, 6, 7), (7, 5, 1), (3, 4, 4), (5, 2, 5), (0, 2, 0)]),CG(nc=7, r=12, tr=[(0, 1, 0), (2, 3, 1), (1, 4, 2), (2, 6, 3), (1, 6, 4), (4, 2, 5), (1, 3, 6), (2, 3, 7), (4, 5, 1), (3, 0, 5), (6, 5, 7), (5, 0, 3)]),942501,SAT
P35223,30,11,11,CG(nc=7, r=11, tr=[(1, 6, 0), (3, 1, 1), (4, 5, 2), (6, 3, 3), (1, 0, 4), (5, 0, 5), (2, 0, 6), (2, 3, 7), (3, 5, 0), (6, 4, 3), (2, 6, 2)]),CG(nc=7, r=11, tr=[(1, 6, 0), (3, 1, 1), (4, 5, 2), (5, 6, 3), (2, 1, 4), (1, 6, 5), (2, 0, 6), (0, 5, 7), (0, 3, 3), (3, 4, 0), (4, 1, 4)]),416277,SAT
P35224,24,8,8,CG(nc=5, r=8, tr=[(1, 4, 0), (1, 4, 1), (4, 3, 2), (1, 3, 3), (1, 0, 4), (1, 0, 5), (2, 1, 6), (2, 4, 7)]),CG(nc=7, r=8, tr=[(6, 2, 0), (2, 3, 1), (4, 3, 2), (3, 5, 3), (1, 6, 4), (0, 1, 5), (0, 5, 6), (0, 4, 7)]),2499,SAT
P35225,16,6,6,CG(nc=4, r=6, tr=[(3, 2, 0), (2, 3, 1), (1, 3, 2), (1, 2, 3), (0, 2, 4), (2, 0, 5)]),CG(nc=5, r=6, tr=[(4, 2, 0), (3, 2, 1), (0, 3, 2), (0, 3, 3), (4, 1, 4), (0, 1, 5)]),1943,SAT
P35226,26,9,9,CG(nc=6, r=9, tr=[(5, 2, 0), (3, 0, 1), (3, 4, 2), (4, 1, 3), (3, 5, 4), (1, 2, 5), (0, 4, 6), (3, 4, 7), (0, 1, 2)]),CG(nc=6, r=9, tr=[(1, 2, 0), (1, 3, 1), (2, 0, 2), (0, 3, 3), (4, 5, 4), (4, 0, 5), (2, 5, 6), (5, 3, 7), (1, 4, 2)]),4702,SAT
P35227,18,7,7,CG(nc=5, r=7, tr=[(1, 0, 0), (1, 0, 1), (0, 2, 2), (1, 2, 3), (4, 1, 4), (3, 2, 5), (4, 3, 0)]),CG(nc=5, r=7, tr=[(1, 4, 0), (1, 3, 1), (3, 2, 2), (0, 3, 3), (2, 4, 4), (0, 2, 5), (2, 0, 0)]),3654,SAT
P35230,28,10,10,CG(nc=7, r=10, tr=[(1, 2, 0), (6, 4, 1), (2, 0, 2), (5, 2, 3), (2, 4, 4), (6, 1, 5), (5, 0, 6), (3, 5, 7), (5, 1, 2), (1, 3, 4)]),CG(nc=6, r=10, tr=[(1, 0, 0), (2, 1, 1), (3, 0, 2), (3, 2, 3), (1, 5, 4), (1, 0, 5), (3, 5, 6), (5, 4, 7), (2, 4, 2), (5, 2, 5)]),13311,SAT
P35231,20,8,8,CG(nc=6, r=8, tr=[(5, 2, 0), (3, 4, 1), (0, 1, 2), (1, 4, 3), (5, 4, 4), (3, 2, 5), (3, 0, 2), (0, 3, 3)]),CG(nc=6, r=8, tr=[(1, 2, 0), (3, 2, 1), (5, 3, 2), (5, 1, 3), (5, 4, 4), (4, 0, 5), (0, 1, 2), (0, 3, 3)]),6007,SAT
P35232,24,8,8,CG(nc=5, r=8, tr=[(1, 4, 0), (3, 0, 1), (1, 4, 2), (2, 1, 3), (3, 4, 4), (0, 2, 5), (1, 2, 6), (2, 3, 7)]),CG(nc=6, r=8, tr=[(1, 0, 0), (2, 5, 1), (1, 4, 2), (0, 3, 3), (5, 4, 4), (0, 2, 5), (3, 4, 6), (4, 2, 7)]),2355,SAT
P35233,24,8,8,CG(nc=6, r=8, tr=[(1, 0, 0), (5, 3, 1), (3, 5, 2), (4, 1, 3), (0, 3, 4), (5, 4, 5), (2, 1, 6), (2, 5, 7)]),CG(nc=6, r=8, tr=[(1, 0, 0), (5, 3, 1), (1, 3, 2), (0, 4, 3), (2, 5, 4), (3, 0, 5), (4, 2, 6), (3, 2, 7)]),2327,SAT
P35234,26,9,9,CG(nc=6, r=9, tr=[(5, 2, 0), (3, 2, 1), (4, 0, 2), (1, 0, 3), (5, 4, 4), (2, 1, 5), (4, 3, 6), (0, 4, 7), (2, 0, 4)]),CG(nc=6, r=9, tr=[(1, 2, 0), (5, 4, 1), (2, 0, 2), (3, 0, 3), (1, 5, 4), (0, 3, 5), (4, 5, 6), (1, 4, 7), (4, 3, 4)]),4391,SAT
P35235,24,8,8,CG(nc=6, r=8, tr=[(1, 0, 0), (0, 2, 1), (0, 2, 2), (5, 4, 3), (5, 2, 4), (4, 1, 5), (3, 5, 6), (3, 2, 7)]),CG(nc=6, r=8, tr=[(1, 0, 0), (2, 5, 1), (1, 2, 2), (4, 2, 3), (0, 4, 4), (3, 4, 5), (5, 3, 6), (3, 5, 7)]),2473,SAT
P35236,26,9,9,CG(nc=6, r=9, tr=[(1, 5, 0), (3, 4, 1), (0, 2, 2), (4, 2, 3), (5, 2, 4), (1, 3, 5), (3, 0, 6), (1, 4, 7), (4, 5, 5)]),CG(nc=7, r=9, tr=[(1, 2, 0), (1, 3, 1), (6, 2, 2), (0, 5, 3), (4, 6, 4), (4, 3, 5), (5, 4, 6), (0, 3, 7), (5, 1, 5)]),4867,SAT
P35237,24,8,8,CG(nc=5, r=8, tr=[(4, 2, 0), (4, 3, 1), (2, 4, 2), (3, 2, 3), (2, 0, 4), (0, 3, 5), (1, 0, 6), (1, 2, 7)]),CG(nc=5, r=8, tr=[(1, 0, 0), (1, 2, 1), (2, 4, 2), (2, 3, 3), (4, 1, 4), (1, 3, 5), (0, 3, 6), (0, 3, 7)]),2340,SAT
P35238,28,10,10,CG(nc=7, r=10, tr=[(0, 1, 0), (2, 3, 1), (3, 4, 2), (4, 1, 3), (4, 0, 4), (4, 5, 5), (1, 2, 6), (3, 5, 7), (6, 5, 0), (6, 3, 4)]),CG(nc=7, r=10, tr=[(1, 2, 0), (6, 4, 1), (4, 2, 2), (5, 4, 3), (5, 3, 4), (0, 5, 5), (1, 3, 6), (3, 1, 7), (0, 3, 1), (1, 6, 5)]),9930,SAT
P35239,26,9,9,CG(nc=7, r=9, tr=[(1, 0, 0), (2, 3, 1), (2, 6, 2), (6, 3, 3), (2, 0, 4), (3, 1, 5), (5, 1, 6), (6, 4, 7), (4, 5, 1)]),CG(nc=6, r=9, tr=[(1, 0, 0), (2, 3, 1), (1, 2, 2), (0, 4, 3), (4, 3, 4), (4, 0, 5), (5, 3, 6), (3, 5, 7), (5, 2, 3)]),4731,SAT
P35240,24,8,8,CG(nc=6, r=8, tr=[(5, 2, 0), (3, 0, 1), (5, 4, 2), (1, 4, 3), (3, 5, 4), (0, 1, 5), (2, 1, 6), (0, 3, 7)]),CG(nc=6, r=8, tr=[(1, 0, 0), (2, 1, 1), (5, 4, 2), (0, 3, 3), (5, 1, 4), (0, 1, 5), (2, 3, 6), (4, 2, 7)]),2098,SAT
P35241,20,7,7,CG(nc=5, r=7, tr=[(1, 0, 0), (2, 4, 1), (2, 4, 2), (3, 1, 3), (2, 0, 4), (4, 3, 5), (1, 3, 6)]),CG(nc=5, r=7, tr=[(0, 1, 0), (2, 1, 1), (2, 4, 2), (3, 1, 3), (3, 4, 4), (3, 0, 5), (1, 0, 6)]),1978,SAT
P35242,20,7,7,CG(nc=5, r=7, tr=[(1, 2, 0), (3, 4, 1), (3, 4, 2), (0, 1, 3), (0, 3, 4), (2, 4, 5), (3, 4, 7)]),CG(nc=6, r=7, tr=[(1, 0, 0), (2, 5, 1), (2, 4, 2), (3, 0, 3), (5, 3, 4), (0, 3, 5), (4, 1, 7)]),2094,SAT
P35243,16,6,6,CG(nc=5, r=6, tr=[(1, 4, 0), (3, 4, 1), (4, 3, 2), (2, 0, 3), (0, 3, 4), (2, 1, 5)]),CG(nc=5, r=6, tr=[(1, 2, 0), (2, 0, 1), (1, 4, 2), (0, 3, 3), (4, 3, 4), (0, 3, 5)]),1924,SAT
P35244,24,8,8,CG(nc=5, r=8, tr=[(4, 2, 0), (2, 4, 1), (3, 4, 2), (1, 3, 3), (3, 0, 4), (1, 0, 5), (2, 1, 6), (2, 4, 7)]),CG(nc=5, r=8, tr=[(1, 2, 0), (1, 3, 1), (0, 3, 2), (3, 2, 3), (1, 0, 4), (4, 1, 5), (4, 2, 6), (4, 2, 7)]),2496,SAT
P35245,20,7,7,CG(nc=5, r=7, tr=[(1, 0, 0), (0, 2, 1), (3, 0, 2), (3, 2, 3), (4, 3, 4), (2, 4, 5), (1, 2, 6)]),CG(nc=5, r=7, tr=[(1, 2, 0), (1, 0, 1), (4, 2, 2), (2, 3, 3), (3, 4, 4), (3, 0, 5), (1, 2, 6)]),2068,SAT
P35246,22,8,8,CG(nc=5, r=8, tr=[(4, 2, 0), (4, 3, 1), (2, 4, 2), (2, 3, 3), (2, 0, 4), (0, 3, 5), (4, 1, 7), (1, 3, 4)]),CG(nc=6, r=8, tr=[(1, 2, 0), (3, 0, 1), (1, 5, 2), (4, 3, 3), (4, 5, 4), (4, 0, 5), (3, 2, 7), (3, 1, 5)]),4085,SAT
P35247,16,6,6,CG(nc=5, r=6, tr=[(1, 4, 0), (3, 2, 1), (3, 0, 2), (0, 2, 3), (4, 3, 4), (2, 1, 5)]),CG(nc=5, r=6, tr=[(1, 2, 0), (0, 1, 1), (4, 2, 2), (3, 1, 3), (4, 3, 4), (0, 3, 5)]),1912,SAT
P35248,24,8,8,CG(nc=6, r=8, tr=[(5, 2, 0), (0, 3, 1), (5, 2, 2), (2, 4, 3), (5, 3, 4), (0, 4, 5), (1, 0, 6), (5, 1, 7)]),CG(nc=6, r=8, tr=[(0, 1, 0), (2, 5, 1), (4, 1, 2), (3, 0, 3), (2, 5, 4), (0, 4, 5), (3, 2, 6), (4, 2, 7)]),2529,SAT
P35249,24,8,8,CG(nc=6, r=8, tr=[(1, 2, 0), (0, 3, 1), (5, 4, 2), (4, 1, 3), (5, 3, 4), (0, 1, 5), (2, 5, 6), (1, 0, 7)]),CG(nc=6, r=8, tr=[(1, 5, 0), (0, 3, 1), (1, 3, 2), (4, 3, 3), (4, 2, 4), (0, 2, 5), (4, 5, 6), (4, 5, 7)]),2276,SAT
P35250,26,9,9,CG(nc=6, r=9, tr=[(1, 2, 0), (0, 3, 1), (2, 1, 2), (1, 5, 3), (3, 5, 4), (2, 0, 5), (4, 3, 6), (4, 2, 7), (5, 1, 1)]),CG(nc=6, r=9, tr=[(1, 2, 0), (3, 5, 1), (1, 4, 2), (4, 2, 3), (3, 4, 4), (3, 0, 5), (4, 5, 6), (4, 5, 7), (0, 2, 1)]),4422,SAT
P35251,24,8,8,CG(nc=6, r=8, tr=[(5, 2, 0), (3, 0, 1), (2, 5, 2), (0, 4, 3), (5, 3, 4), (2, 4, 5), (1, 3, 6), (1, 5, 7)]),CG(nc=6, r=8, tr=[(1, 2, 0), (5, 2, 1), (1, 0, 2), (2, 0, 3), (0, 4, 4), (3, 5, 5), (4, 3, 6), (3, 4, 7)]),2225,SAT
P35252,28,10,10,CG(nc=6, r=10, tr=[(1, 2, 0), (5, 1, 1), (1, 2, 2), (4, 1, 3), (0, 2, 4), (5, 4, 5), (3, 4, 6), (0, 3, 7), (2, 4, 1), (2, 0, 5)]),CG(nc=7, r=10, tr=[(1, 2, 0), (0, 3, 1), (2, 4, 2), (0, 4, 3), (3, 0, 4), (6, 1, 5), (5, 3, 6), (1, 3, 7), (4, 6, 7), (6, 5, 3)]),12775,SAT
P35253,26,9,9,CG(nc=6, r=9, tr=[(1, 0, 0), (2, 3, 1), (5, 3, 2), (4, 3, 3), (0, 2, 4), (4, 1, 5), (5, 4, 6), (4, 1, 7), (1, 0, 2)]),CG(nc=6, r=9, tr=[(5, 2, 0), (0, 3, 1), (2, 3, 2), (4, 3, 3), (0, 3, 4), (5, 1, 5), (4, 5, 6), (3, 1, 7), (4, 0, 2)]),4934,SAT
P35254,30,11,11,CG(nc=7, r=11, tr=[(1, 2, 0), (0, 2, 1), (3, 4, 2), (6, 3, 3), (1, 5, 4), (4, 0, 5), (1, 4, 6), (5, 6, 7), (3, 2, 5), (2, 3, 4), (5, 4, 1)]),CG(nc=7, r=11, tr=[(1, 2, 0), (3, 0, 1), (4, 5, 2), (5, 1, 3), (1, 0, 4), (0, 4, 5), (1, 3, 6), (3, 1, 7), (3, 6, 5), (6, 2, 2), (6, 5, 1)]),433047,SAT
P35255,26,9,9,CG(nc=6, r=9, tr=[(1, 2, 0), (1, 3, 1), (2, 1, 2), (1, 0, 3), (5, 3, 4), (5, 2, 5), (4, 1, 6), (4, 5, 7), (2, 0, 1)]),CG(nc=6, r=9, tr=[(1, 2, 0), (1, 0, 1), (3, 2, 2), (3, 0, 3), (4, 0, 4), (1, 5, 5), (1, 4, 6), (4, 1, 7), (3, 5, 1)]),4568,SAT
P35256,24,8,8,CG(nc=5, r=8, tr=[(4, 2, 0), (0, 3, 1), (4, 2, 2), (1, 2, 3), (4, 3, 4), (1, 0, 5), (2, 1, 6), (4, 2, 7)]),CG(nc=6, r=8, tr=[(1, 2, 0), (5, 1, 1), (2, 4, 2), (0, 3, 3), (1, 5, 4), (0, 1, 5), (3, 1, 6), (0, 4, 7)]),2084,SAT
P35257,20,7,7,CG(nc=5, r=7, tr=[(1, 4, 0), (3, 0, 1), (4, 1, 2), (0, 2, 3), (3, 4, 4), (2, 1, 5), (2, 0, 6)]),CG(nc=6, r=7, tr=[(1, 2, 0), (1, 0, 1), (2, 5, 2), (4, 1, 3), (3, 5, 4), (0, 3, 5), (5, 4, 6)]),2044,SAT
P35258,24,8,8,CG(nc=6, r=8, tr=[(0, 1, 0), (5, 3, 1), (1, 0, 2), (1, 4, 3), (0, 3, 4), (5, 4, 5), (3, 2, 6), (2, 4, 7)]),CG(nc=5, r=8, tr=[(0, 1, 0), (2, 4, 1), (3, 1, 2), (3, 0, 3), (4, 3, 4), (0, 2, 5), (3, 2, 6), (2, 3, 7)]),2184,SAT
P35259,16,6,6,CG(nc=5, r=6, tr=[(1, 0, 0), (2, 4, 1), (0, 1, 2), (4, 3, 3), (0, 2, 4), (3, 1, 5)]),CG(nc=5, r=6, tr=[(1, 2, 0), (2, 4, 1), (0, 1, 2), (2, 0, 3), (4, 3, 4), (0, 3, 5)]),1944,SAT
P35260,26,9,9,CG(nc=6, r=9, tr=[(1, 2, 0), (3, 4, 1), (5, 4, 2), (2, 4, 3), (3, 0, 4), (1, 0, 5), (2, 5, 6), (1, 2, 7), (3, 2, 2)]),CG(nc=6, r=9, tr=[(1, 2, 0), (2, 5, 1), (4, 1, 2), (5, 4, 3), (2, 5, 4), (0, 2, 5), (2, 3, 6), (0, 4, 7), (3, 0, 3)]),4057,SAT
P35261,22,8,8,CG(nc=5, r=8, tr=[(1, 0, 0), (1, 2, 1), (1, 0, 2), (2, 0, 3), (4, 3, 4), (3, 4, 5), (3, 1, 6), (3, 2, 2)]),CG(nc=5, r=8, tr=[(1, 2, 0), (0, 2, 1), (1, 3, 2), (1, 4, 3), (4, 3, 4), (0, 3, 5), (1, 2, 6), (3, 4, 1)]),4086,SAT
P35262,28,10,10,CG(nc=6, r=10, tr=[(1, 2, 0), (1, 2, 1), (1, 0, 2), (0, 2, 3), (3, 1, 4), (1, 4, 5), (5, 3, 6), (4, 0, 7), (5, 4, 3), (3, 5, 1)]),CG(nc=6, r=10, tr=[(1, 2, 0), (2, 3, 1), (1, 0, 2), (4, 2, 3), (0, 4, 4), (5, 4, 5), (2, 5, 6), (5, 3, 7), (5, 2, 4), (4, 0, 1)]),11036,SAT
P35263,18,7,7,CG(nc=5, r=7, tr=[(0, 1, 0), (1, 2, 1), (1, 0, 2), (1, 3, 3), (2, 4, 4), (4, 3, 5), (0, 3, 1)]),CG(nc=5, r=7, tr=[(1, 2, 0), (1, 4, 1), (3, 2, 2), (0, 1, 3), (3, 0, 4), (4, 3, 5), (3, 0, 1)]),3642,SAT
P35296,26,9,9,CG(nc=6, r=9, tr=[(1, 0, 0), (2, 0, 1), (1, 0, 2), (5, 4, 3), (4, 2, 4), (1, 4, 5), (3, 0, 6), (3, 5, 7), (5, 2, 5)]),CG(nc=7, r=9, tr=[(6, 2, 0), (3, 4, 1), (4, 2, 2), (5, 1, 3), (3, 1, 4), (6, 1, 5), (5, 0, 6), (3, 0, 7), (6, 4, 3)]),4216,SAT
P35297,26,9,9,CG(nc=5, r=9, tr=[(0, 1, 0), (2, 0, 1), (0, 2, 2), (3, 4, 3), (4, 1, 4), (3, 1, 5), (4, 3, 6), (3, 2, 7), (3, 2, 4)]),CG(nc=6, r=9, tr=[(5, 2, 0), (3, 2, 1), (3, 0, 2), (4, 3, 3), (4, 0, 4), (1, 4, 5), (3, 5, 6), (5, 1, 7), (1, 0, 3)]),5132,SAT
P35298,28,10,10,CG(nc=6, r=10, tr=[(0, 1, 0), (2, 5, 1), (0, 1, 2), (1, 4, 3), (2, 4, 4), (5, 4, 5), (3, 0, 6), (3, 2, 7), (3, 0, 5), (0, 1, 1)]),CG(nc=7, r=10, tr=[(1, 2, 0), (6, 2, 1), (4, 1, 2), (5, 0, 3), (2, 5, 4), (6, 3, 5), (5, 3, 6), (0, 4, 7), (4, 1, 5), (3, 1, 4)]),12258,SAT
P35299,26,9,9,CG(nc=6, r=9, tr=[(1, 5, 0), (3, 4, 1), (5, 1, 2), (2, 0, 3), (2, 1, 4), (4, 2, 5), (3, 5, 6), (4, 0, 7), (1, 4, 3)]),CG(nc=6, r=9, tr=[(1, 2, 0), (2, 0, 1), (1, 5, 2), (4, 2, 3), (5, 4, 4), (4, 3, 5), (0, 2, 6), (3, 0, 7), (3, 5, 3)]),4174,SAT
P35302,28,10,10,CG(nc=7, r=10, tr=[(1, 0, 0), (2, 3, 1), (1, 0, 2), (4, 6, 3), (5, 0, 4), (5, 2, 5), (3, 1, 6), (2, 6, 7), (4, 1, 5), (5, 4, 1)]),CG(nc=6, r=10, tr=[(1, 0, 0), (2, 3, 1), (2, 5, 2), (4, 1, 3), (1, 5, 4), (3, 0, 5), (1, 3, 6), (1, 3, 7), (4, 0, 1), (5, 4, 5)]),8538,SAT
P35303,28,10,10,CG(nc=7, r=10, tr=[(6, 2, 0), (6, 3, 1), (6, 3, 2), (0, 4, 3), (2, 0, 4), (4, 2, 5), (3, 5, 6), (1, 5, 7), (0, 1, 0), (4, 3, 4)]),CG(nc=6, r=10, tr=[(5, 2, 0), (3, 2, 1), (0, 3, 2), (0, 4, 3), (4, 1, 4), (1, 0, 5), (5, 2, 6), (5, 4, 7), (1, 2, 3), (5, 1, 1)]),12833,SAT
P35304,26,9,9,CG(nc=5, r=9, tr=[(1, 2, 0), (3, 0, 1), (2, 1, 2), (4, 2, 3), (2, 3, 4), (0, 1, 5), (2, 4, 6), (1, 2, 7), (4, 3, 5)]),CG(nc=6, r=9, tr=[(1, 2, 0), (1, 3, 1), (5, 2, 2), (4, 5, 3), (1, 0, 4), (0, 3, 5), (3, 4, 6), (0, 3, 7), (5, 1, 5)]),4150,SAT
P35305,22,8,8,CG(nc=6, r=8, tr=[(5, 2, 0), (3, 4, 1), (1, 3, 2), (4, 0, 3), (3, 5, 4), (0, 1, 5), (0, 4, 6), (4, 2, 5)]),CG(nc=6, r=8, tr=[(1, 5, 0), (0, 3, 1), (1, 3, 2), (4, 3, 3), (5, 2, 4), (0, 2, 5), (4, 2, 6), (3, 5, 5)]),4048,SAT
P35306,26,9,9,CG(nc=7, r=9, tr=[(1, 2, 0), (3, 1, 1), (4, 0, 2), (1, 0, 3), (6, 3, 4), (4, 3, 5), (0, 5, 6), (3, 5, 7), (2, 6, 5)]),CG(nc=7, r=9, tr=[(1, 2, 0), (2, 3, 1), (6, 3, 2), (0, 5, 3), (6, 5, 4), (5, 1, 5), (6, 4, 6), (0, 1, 7), (4, 1, 3)]),4442,SAT
P35307,22,8,8,CG(nc=6, r=8, tr=[(1, 5, 0), (3, 0, 1), (4, 2, 2), (4, 1, 3), (5, 2, 4), (4, 0, 5), (3, 2, 6), (0, 1, 4)]),CG(nc=6, r=8, tr=[(5, 2, 0), (3, 0, 1), (2, 3, 2), (4, 0, 3), (5, 4, 4), (1, 4, 5), (1, 2, 6), (0, 1, 4)]),4087,SAT
P35310,22,8,8,CG(nc=6, r=8, tr=[(1, 2, 0), (3, 0, 1), (2, 1, 2), (5, 2, 3), (4, 5, 4), (0, 1, 5), (4, 1, 7), (4, 3, 3)]),CG(nc=6, r=8, tr=[(5, 2, 0), (0, 3, 1), (2, 4, 2), (5, 1, 3), (1, 3, 4), (0, 1, 5), (4, 3, 7), (5, 3, 5)]),4138,SAT
P35311,18,7,7,CG(nc=5, r=7, tr=[(1, 2, 0), (0, 3, 1), (2, 1, 2), (2, 3, 3), (4, 2, 4), (3, 4, 5), (0, 1, 5)]),CG(nc=5, r=7, tr=[(1, 0, 0), (1, 2, 1), (2, 4, 2), (4, 3, 3), (0, 3, 4), (3, 1, 5), (1, 4, 4)]),3539,SAT
P35312,24,8,8,CG(nc=5, r=8, tr=[(1, 0, 0), (2, 3, 1), (3, 2, 2), (3, 4, 3), (0, 2, 4), (1, 3, 5), (3, 4, 6), (0, 3, 7)]),CG(nc=6, r=8, tr=[(0, 1, 0), (5, 3, 1), (1, 4, 2), (2, 5, 3), (4, 5, 4), (0, 3, 5), (2, 0, 6), (4, 3, 7)]),2287,SAT
P35313,24,8,8,CG(nc=5, r=8, tr=[(1, 0, 0), (2, 3, 1), (2, 3, 2), (4, 2, 3), (0, 3, 4), (2, 1, 5), (4, 2, 6), (2, 1, 7)]),CG(nc=7, r=8, tr=[(0, 1, 0), (2, 6, 1), (1, 2, 2), (4, 0, 3), (5, 0, 4), (3, 6, 5), (4, 6, 6), (5, 3, 7)]),2311,SAT
P35314,26,9,9,CG(nc=6, r=9, tr=[(5, 2, 0), (3, 2, 1), (5, 2, 2), (4, 2, 3), (0, 4, 4), (0, 4, 5), (1, 0, 6), (1, 3, 7), (5, 3, 4)]),CG(nc=6, r=9, tr=[(5, 2, 0), (3, 4, 1), (2, 3, 2), (5, 4, 3), (2, 0, 4), (5, 1, 5), (0, 4, 6), (1, 2, 7), (0, 4, 7)]),4569,SAT
P35315,24,8,8,CG(nc=6, r=8, tr=[(0, 1, 0), (2, 0, 1), (1, 0, 2), (3, 5, 3), (3, 2, 4), (1, 3, 5), (4, 2, 6), (5, 4, 7)]),CG(nc=6, r=8, tr=[(0, 1, 0), (5, 3, 1), (3, 1, 2), (0, 3, 3), (4, 2, 4), (5, 4, 5), (5, 3, 6), (0, 2, 7)]),2273,SAT
P35318,28,10,10,CG(nc=7, r=10, tr=[(1, 2, 0), (2, 6, 1), (6, 2, 2), (4, 0, 3), (2, 4, 4), (5, 6, 5), (3, 1, 6), (3, 0, 7), (1, 5, 4), (4, 5, 0)]),CG(nc=6, r=10, tr=[(1, 2, 0), (1, 3, 1), (5, 3, 2), (2, 5, 3), (2, 4, 4), (1, 0, 5), (0, 2, 6), (2, 0, 7), (4, 0, 1), (5, 4, 5)]),8960,SAT
P35319,26,9,9,CG(nc=7, r=9, tr=[(1, 0, 0), (2, 3, 1), (0, 1, 2), (6, 2, 3), (0, 3, 4), (1, 2, 5), (5, 1, 6), (4, 6, 7), (4, 5, 1)]),CG(nc=5, r=9, tr=[(0, 1, 0), (2, 0, 1), (3, 2, 2), (4, 1, 3), (1, 3, 4), (3, 4, 5), (0, 1, 6), (0, 1, 7), (4, 3, 0)]),4343,SAT
P35320,24,8,8,CG(nc=5, r=8, tr=[(1, 2, 0), (2, 1, 1), (2, 1, 2), (2, 0, 3), (1, 4, 4), (4, 1, 5), (3, 1, 6), (0, 3, 7)]),CG(nc=7, r=8, tr=[(0, 1, 0), (2, 3, 1), (2, 1, 2), (4, 6, 3), (5, 6, 4), (0, 5, 5), (4, 0, 6), (6, 3, 7)]),2434,SAT
P35321,20,7,7,CG(nc=5, r=7, tr=[(1, 4, 0), (3, 2, 1), (1, 4, 2), (0, 3, 3), (2, 4, 4), (1, 3, 5), (3, 0, 6)]),CG(nc=6, r=7, tr=[(1, 2, 0), (5, 2, 1), (0, 1, 2), (5, 4, 3), (3, 5, 4), (0, 3, 5), (0, 4, 6)]),2067,SAT
P35322,24,8,8,CG(nc=6, r=8, tr=[(1, 2, 0), (3, 4, 1), (3, 2, 2), (0, 2, 3), (5, 3, 4), (1, 5, 5), (0, 4, 6), (3, 4, 7)]),CG(nc=5, r=8, tr=[(1, 2, 0), (2, 3, 1), (4, 1, 2), (3, 4, 3), (2, 0, 4), (4, 2, 5), (3, 0, 6), (3, 0, 7)]),2458,SAT
P35323,20,7,7,CG(nc=6, r=7, tr=[(1, 5, 0), (3, 4, 1), (2, 3, 2), (2, 0, 3), (5, 3, 4), (2, 1, 5), (0, 4, 6)]),CG(nc=5, r=7, tr=[(1, 2, 0), (2, 0, 1), (4, 1, 2), (2, 4, 3), (4, 3, 4), (3, 0, 5), (0, 1, 6)]),2011,SAT
P35326,26,9,9,CG(nc=6, r=9, tr=[(1, 2, 0), (3, 0, 1), (0, 3, 2), (4, 5, 3), (4, 3, 4), (2, 5, 5), (2, 3, 6), (0, 4, 7), (1, 0, 3)]),CG(nc=6, r=9, tr=[(5, 2, 0), (3, 2, 1), (3, 4, 2), (0, 1, 3), (5, 1, 4), (1, 2, 5), (1, 5, 6), (4, 0, 7), (0, 2, 4)]),4420,SAT
P35327,16,6,6,CG(nc=5, r=6, tr=[(1, 2, 0), (0, 3, 1), (3, 0, 2), (4, 1, 3), (1, 3, 4), (0, 2, 5)]),CG(nc=5, r=6, tr=[(1, 2, 0), (2, 4, 1), (0, 1, 2), (0, 4, 3), (4, 3, 4), (0, 3, 5)]),2196,SAT
P35488,20,6,6,CG(nc=5, r=6, tr=[(4, 2, 2), (3, 0, 3), (4, 0, 4), (3, 2, 5), (4, 1, 6), (0, 1, 7)]),CG(nc=5, r=6, tr=[(1, 0, 2), (2, 3, 3), (4, 2, 4), (0, 1, 5), (3, 0, 6), (2, 1, 7)]),1803,SAT
P35489,26,9,9,CG(nc=5, r=9, tr=[(1, 2, 0), (1, 2, 1), (0, 3, 2), (2, 4, 3), (3, 4, 4), (3, 1, 5), (1, 4, 6), (0, 2, 7), (2, 0, 4)]),CG(nc=7, r=9, tr=[(1, 2, 0), (1, 6, 1), (4, 0, 2), (0, 5, 3), (6, 3, 4), (5, 0, 5), (3, 5, 6), (3, 4, 7), (2, 4, 3)]),4240,SAT
P35490,22,7,7,CG(nc=6, r=7, tr=[(1, 2, 1), (3, 5, 2), (4, 0, 3), (5, 0, 4), (4, 3, 5), (5, 1, 6), (0, 2, 7)]),CG(nc=5, r=7, tr=[(0, 1, 1), (1, 2, 2), (2, 1, 3), (2, 4, 4), (3, 2, 5), (0, 3, 6), (0, 1, 7)]),2160,SAT
P35491,24,8,8,CG(nc=6, r=8, tr=[(5, 2, 1), (0, 3, 2), (3, 4, 3), (5, 3, 4), (1, 5, 5), (0, 4, 6), (4, 2, 7), (4, 1, 2)]),CG(nc=6, r=8, tr=[(0, 1, 1), (5, 3, 2), (1, 3, 3), (0, 4, 4), (2, 5, 5), (4, 2, 6), (3, 4, 7), (5, 2, 3)]),4137,SAT
P35492,24,8,8,CG(nc=6, r=8, tr=[(1, 2, 0), (3, 4, 2), (4, 0, 3), (0, 3, 4), (3, 5, 5), (0, 1, 6), (2, 5, 7), (5, 4, 4)]),CG(nc=5, r=8, tr=[(0, 1, 0), (2, 3, 2), (3, 4, 3), (1, 3, 4), (2, 1, 5), (1, 0, 6), (0, 3, 7), (4, 2, 4)]),4274,SAT
P35493,24,8,8,CG(nc=6, r=8, tr=[(1, 0, 0), (2, 3, 2), (3, 5, 3), (0, 3, 4), (2, 1, 5), (1, 4, 6), (5, 4, 7), (4, 2, 4)]),CG(nc=6, r=8, tr=[(1, 2, 0), (1, 0, 2), (5, 2, 3), (4, 1, 4), (3, 4, 5), (2, 3, 6), (4, 5, 7), (0, 3, 4)]),3913,SAT
P35494,26,9,9,CG(nc=7, r=9, tr=[(6, 2, 0), (0, 3, 1), (4, 0, 2), (6, 5, 3), (6, 4, 4), (5, 4, 5), (3, 1, 6), (1, 2, 7), (0, 5, 4)]),CG(nc=6, r=9, tr=[(1, 2, 0), (2, 1, 1), (0, 3, 2), (5, 2, 3), (1, 0, 4), (1, 3, 5), (5, 3, 6), (4, 5, 7), (3, 4, 4)]),4345,SAT
P35495,26,9,9,CG(nc=6, r=9, tr=[(1, 0, 0), (2, 3, 1), (5, 4, 2), (2, 4, 3), (4, 0, 4), (1, 2, 5), (1, 2, 6), (5, 3, 7), (1, 5, 4)]),CG(nc=6, r=9, tr=[(1, 0, 0), (2, 3, 1), (3, 1, 2), (5, 3, 3), (2, 0, 4), (2, 4, 5), (5, 4, 6), (5, 4, 7), (5, 1, 4)]),4377,SAT
P35496,20,6,6,CG(nc=4, r=6, tr=[(1, 3, 2), (0, 2, 3), (0, 3, 4), (1, 2, 5), (0, 2, 6), (1, 3, 7)]),CG(nc=5, r=6, tr=[(1, 2, 2), (3, 2, 3), (4, 2, 4), (0, 2, 5), (0, 3, 6), (0, 1, 7)]),2128,SAT
P35497,26,9,9,CG(nc=6, r=9, tr=[(1, 2, 0), (0, 3, 1), (3, 2, 2), (3, 0, 3), (5, 3, 4), (2, 4, 5), (1, 5, 6), (4, 0, 7), (5, 4, 3)]),CG(nc=7, r=9, tr=[(1, 2, 0), (0, 3, 1), (3, 2, 2), (1, 6, 3), (5, 6, 4), (5, 0, 5), (5, 4, 6), (5, 2, 7), (3, 4, 3)]),4475,SAT
P35498,12,4,4,CG(nc=4, r=4, tr=[(1, 0, 2), (2, 3, 3), (3, 0, 4), (1, 2, 5)]),CG(nc=3, r=4, tr=[(0, 1, 2), (0, 1, 3), (2, 1, 4), (0, 1, 5)]),1961,SAT
P35499,18,7,7,CG(nc=5, r=7, tr=[(1, 4, 1), (3, 4, 2), (1, 4, 3), (3, 0, 4), (2, 0, 5), (3, 2, 3), (1, 3, 4)]),CG(nc=5, r=7, tr=[(1, 2, 1), (4, 1, 2), (2, 3, 3), (3, 4, 4), (0, 3, 5), (0, 2, 3), (0, 2, 4)]),5490,SAT
P35500,22,7,7,CG(nc=5, r=7, tr=[(1, 2, 2), (4, 2, 3), (2, 0, 4), (0, 1, 5), (4, 3, 6), (1, 3, 7), (1, 4, 4)]),CG(nc=5, r=7, tr=[(4, 2, 2), (2, 3, 3), (3, 4, 4), (3, 0, 5), (0, 2, 6), (2, 1, 7), (0, 1, 4)]),3804,SAT
P35501,24,8,8,CG(nc=6, r=8, tr=[(1, 2, 0), (0, 3, 2), (3, 1, 3), (0, 1, 4), (2, 5, 5), (0, 4, 6), (1, 4, 7), (3, 5, 4)]),CG(nc=5, r=8, tr=[(1, 4, 0), (3, 0, 2), (1, 3, 3), (1, 0, 4), (4, 1, 5), (4, 2, 6), (4, 2, 7), (2, 3, 4)]),3748,SAT
P35502,14,5,5,CG(nc=4, r=5, tr=[(1, 2, 2), (0, 2, 3), (3, 2, 4), (3, 1, 5), (1, 0, 4)]),CG(nc=4, r=5, tr=[(1, 2, 2), (0, 2, 3), (3, 2, 4), (3, 1, 5), (1, 0, 4)]),3683,SAT
P35503,16,6,6,CG(nc=5, r=6, tr=[(1, 4, 2), (1, 3, 3), (3, 4, 4), (2, 3, 5), (0, 1, 4), (2, 0, 2)]),CG(nc=4, r=6, tr=[(1, 0, 2), (2, 3, 3), (1, 3, 4), (0, 1, 5), (1, 0, 3), (2, 0, 2)]),5020,SAT
P35504,22,7,7,CG(nc=4, r=7, tr=[(1, 0, 1), (2, 3, 2), (0, 1, 3), (1, 3, 4), (1, 2, 5), (0, 2, 6), (3, 2, 7)]),CG(nc=5, r=7, tr=[(0, 1, 1), (0, 2, 2), (3, 1, 3), (3, 2, 4), (2, 0, 5), (4, 3, 6), (4, 3, 7)]),2068,SAT
P35505,24,8,8,CG(nc=5, r=8, tr=[(1, 0, 0), (1, 0, 1), (2, 3, 2), (0, 2, 3), (1, 4, 4), (3, 4, 5), (2, 1, 6), (2, 4, 7)]),CG(nc=6, r=8, tr=[(5, 2, 0), (2, 3, 1), (4, 1, 2), (0, 3, 3), (5, 1, 4), (0, 3, 5), (3, 1, 6), (4, 0, 7)]),2266,SAT
P35506,24,8,8,CG(nc=5, r=8, tr=[(0, 1, 1), (2, 1, 2), (2, 0, 3), (4, 2, 4), (1, 4, 5), (4, 3, 6), (3, 1, 7), (0, 2, 6)]),CG(nc=5, r=8, tr=[(1, 2, 1), (2, 0, 2), (2, 0, 3), (4, 1, 4), (0, 3, 5), (1, 3, 6), (2, 1, 7), (3, 4, 1)]),4311,SAT
P35507,22,7,7,CG(nc=5, r=7, tr=[(1, 0, 1), (2, 4, 2), (0, 1, 3), (4, 1, 4), (1, 2, 5), (4, 3, 6), (3, 1, 7)]),CG(nc=6, r=7, tr=[(1, 5, 1), (5, 3, 2), (1, 0, 3), (4, 0, 4), (5, 2, 5), (4, 2, 6), (3, 4, 7)]),2149,SAT
P35508,26,9,9,CG(nc=6, r=9, tr=[(1, 5, 0), (3, 0, 1), (3, 4, 2), (4, 0, 3), (4, 5, 4), (1, 3, 5), (0, 2, 6), (2, 1, 7), (2, 4, 5)]),CG(nc=6, r=9, tr=[(1, 0, 0), (2, 0, 1), (3, 4, 2), (3, 5, 3), (5, 4, 4), (4, 1, 5), (0, 1, 6), (0, 3, 7), (2, 3, 6)]),4539,SAT
P35509,24,8,8,CG(nc=6, r=8, tr=[(1, 5, 0), (0, 3, 1), (4, 3, 2), (0, 4, 3), (5, 4, 4), (3, 5, 5), (1, 2, 6), (2, 0, 7)]),CG(nc=5, r=8, tr=[(1, 0, 0), (4, 3, 1), (3, 2, 2), (1, 3, 3), (2, 1, 4), (4, 2, 5), (1, 0, 6), (0, 1, 7)]),2338,SAT
P35510,26,9,9,CG(nc=6, r=9, tr=[(1, 2, 0), (3, 1, 1), (3, 0, 2), (4, 5, 3), (1, 5, 4), (4, 3, 5), (3, 5, 6), (2, 0, 7), (4, 0, 4)]),CG(nc=6, r=9, tr=[(1, 5, 0), (3, 4, 1), (4, 2, 2), (4, 0, 3), (5, 3, 4), (1, 2, 5), (3, 1, 6), (1, 5, 7), (0, 2, 4)]),4516,SAT
P35511,24,8,8,CG(nc=6, r=8, tr=[(1, 5, 0), (0, 3, 1), (3, 4, 2), (4, 0, 3), (5, 4, 4), (1, 3, 5), (3, 2, 6), (2, 1, 7)]),CG(nc=5, r=8, tr=[(1, 0, 0), (0, 2, 1), (1, 2, 2), (4, 2, 3), (4, 1, 4), (3, 1, 5), (0, 3, 6), (0, 3, 7)]),2190,SAT
P35512,22,7,7,CG(nc=5, r=7, tr=[(0, 1, 1), (2, 1, 2), (1, 0, 3), (1, 4, 4), (2, 4, 5), (2, 3, 6), (0, 3, 7)]),CG(nc=6, r=7, tr=[(1, 5, 1), (3, 4, 2), (2, 0, 3), (4, 5, 4), (0, 4, 5), (2, 1, 6), (0, 3, 7)]),2159,SAT
P35513,24,8,8,CG(nc=6, r=8, tr=[(1, 5, 0), (3, 5, 1), (4, 3, 2), (5, 3, 3), (0, 3, 4), (4, 0, 5), (2, 4, 6), (2, 1, 7)]),CG(nc=6, r=8, tr=[(1, 2, 0), (0, 2, 1), (3, 4, 2), (1, 5, 3), (5, 3, 4), (0, 3, 5), (1, 2, 6), (0, 4, 7)]),3127,SAT
P35514,18,6,6,CG(nc=5, r=6, tr=[(1, 0, 1), (2, 0, 2), (2, 3, 3), (1, 4, 4), (3, 4, 5), (0, 1, 6)]),CG(nc=5, r=6, tr=[(1, 4, 1), (3, 0, 2), (0, 2, 3), (4, 3, 4), (0, 3, 5), (2, 1, 6)]),2132,SAT
P35515,14,5,5,CG(nc=4, r=5, tr=[(1, 0, 1), (2, 3, 2), (1, 0, 3), (1, 3, 4), (1, 2, 5)]),CG(nc=4, r=5, tr=[(1, 0, 1), (2, 0, 2), (1, 3, 3), (3, 2, 4), (0, 2, 5)]),2124,SAT
P35516,22,7,7,CG(nc=5, r=7, tr=[(0, 1, 1), (2, 1, 2), (2, 0, 3), (2, 4, 4), (1, 4, 5), (0, 3, 6), (1, 3, 7)]),CG(nc=5, r=7, tr=[(0, 1, 1), (2, 3, 2), (4, 3, 3), (4, 2, 4), (2, 0, 5), (1, 3, 6), (0, 3, 7)]),2013,SAT
P35517,24,8,8,CG(nc=6, r=8, tr=[(1, 2, 0), (0, 1, 1), (1, 3, 2), (0, 3, 3), (5, 3, 4), (2, 5, 5), (0, 4, 6), (4, 1, 7)]),CG(nc=5, r=8, tr=[(1, 0, 0), (2, 3, 1), (1, 3, 2), (4, 3, 3), (4, 1, 4), (1, 0, 5), (0, 2, 6), (2, 0, 7)]),2395,SAT
P35518,20,7,7,CG(nc=5, r=7, tr=[(1, 0, 1), (4, 3, 2), (0, 2, 3), (2, 4, 4), (3, 2, 5), (0, 3, 6), (1, 2, 2)]),CG(nc=5, r=7, tr=[(0, 1, 1), (2, 3, 2), (2, 4, 3), (4, 3, 4), (3, 0, 5), (1, 2, 6), (0, 2, 4)]),4501,SAT
P35519,14,5,5,CG(nc=4, r=5, tr=[(1, 3, 1), (1, 2, 2), (3, 2, 3), (0, 2, 4), (1, 0, 5)]),CG(nc=4, r=5, tr=[(1, 0, 1), (2, 1, 2), (1, 3, 3), (3, 2, 4), (0, 2, 5)]),1933,SAT
P35520,20,6,6,CG(nc=5, r=6, tr=[(1, 4, 2), (0, 3, 3), (3, 4, 4), (0, 1, 5), (4, 2, 6), (0, 2, 7)]),CG(nc=5, r=6, tr=[(1, 0, 2), (2, 4, 3), (4, 3, 4), (0, 1, 5), (2, 1, 6), (1, 3, 7)]),1819,SAT
P35521,24,8,8,CG(nc=5, r=8, tr=[(1, 0, 0), (0, 1, 1), (2, 0, 2), (3, 4, 3), (3, 0, 4), (4, 2, 5), (4, 2, 6), (2, 1, 7)]),CG(nc=6, r=8, tr=[(1, 2, 0), (3, 2, 1), (3, 0, 2), (5, 1, 3), (1, 5, 4), (4, 1, 5), (0, 4, 6), (3, 1, 7)]),2198,SAT
P35522,22,7,7,CG(nc=5, r=7, tr=[(1, 0, 1), (2, 0, 2), (3, 4, 3), (3, 0, 4), (2, 4, 5), (3, 4, 6), (1, 3, 7)]),CG(nc=6, r=7, tr=[(1, 5, 1), (1, 3, 2), (4, 2, 3), (3, 0, 4), (5, 4, 5), (0, 2, 6), (4, 3, 7)]),2208,SAT
P35523,22,7,7,CG(nc=6, r=7, tr=[(1, 2, 1), (3, 5, 2), (4, 5, 3), (0, 4, 4), (3, 0, 5), (2, 5, 6), (0, 1, 7)]),CG(nc=5, r=7, tr=[(1, 0, 1), (1, 2, 2), (2, 4, 3), (4, 2, 4), (0, 3, 5), (3, 2, 6), (0, 1, 7)]),2158,SAT
P35526,24,8,8,CG(nc=5, r=8, tr=[(1, 2, 0), (0, 3, 1), (3, 0, 2), (4, 1, 3), (0, 1, 4), (3, 4, 5), (2, 4, 6), (3, 1, 7)]),CG(nc=6, r=8, tr=[(5, 2, 0), (3, 4, 1), (0, 4, 2), (1, 2, 3), (3, 5, 4), (1, 0, 5), (3, 1, 6), (4, 3, 7)]),2293,SAT
P35527,24,8,8,CG(nc=7, r=8, tr=[(1, 2, 0), (6, 4, 1), (5, 6, 2), (3, 6, 3), (3, 0, 4), (5, 0, 5), (0, 1, 6), (4, 2, 7)]),CG(nc=5, r=8, tr=[(1, 2, 0), (3, 0, 1), (3, 2, 2), (2, 4, 3), (4, 2, 4), (0, 1, 5), (2, 1, 6), (0, 3, 7)]),2210,SAT
P35528,20,6,6,CG(nc=4, r=6, tr=[(1, 3, 2), (3, 2, 3), (2, 0, 4), (0, 1, 5), (2, 3, 6), (1, 3, 7)]),CG(nc=5, r=6, tr=[(1, 4, 2), (0, 3, 3), (0, 2, 4), (4, 2, 5), (3, 2, 6), (1, 2, 7)]),1987,SAT
P35529,24,8,8,CG(nc=6, r=8, tr=[(1, 5, 0), (3, 4, 1), (2, 5, 2), (0, 3, 3), (5, 3, 4), (2, 0, 5), (4, 0, 6), (2, 1, 7)]),CG(nc=5, r=8, tr=[(1, 2, 0), (3, 1, 1), (0, 2, 2), (4, 3, 3), (4, 1, 4), (0, 1, 5), (3, 2, 6), (2, 1, 7)]),2457,SAT
P35530,16,5,5,CG(nc=4, r=5, tr=[(1, 0, 2), (0, 2, 3), (3, 2, 4), (1, 3, 5), (0, 2, 6)]),CG(nc=4, r=5, tr=[(3, 2, 2), (1, 2, 3), (0, 2, 4), (3, 2, 5), (0, 1, 6)]),1694,SAT
P35531,18,6,6,CG(nc=5, r=6, tr=[(4, 2, 1), (3, 0, 2), (1, 4, 3), (0, 1, 4), (4, 3, 5), (1, 2, 6)]),CG(nc=4, r=6, tr=[(1, 2, 1), (2, 0, 2), (1, 3, 3), (2, 3, 4), (0, 2, 5), (2, 1, 6)]),2621,SAT
P35534,14,5,5,CG(nc=4, r=5, tr=[(3, 2, 2), (1, 0, 3), (1, 3, 4), (0, 2, 5), (1, 0, 5)]),CG(nc=4, r=5, tr=[(0, 1, 2), (2, 3, 3), (3, 2, 4), (0, 2, 5), (1, 3, 4)]),3516,SAT
P35535,12,4,4,CG(nc=4, r=4, tr=[(1, 3, 2), (3, 2, 3), (0, 2, 4), (0, 1, 5)]),CG(nc=3, r=4, tr=[(1, 0, 2), (2, 1, 3), (1, 2, 4), (0, 1, 5)]),2330,SAT
P35536,22,7,7,CG(nc=5, r=7, tr=[(1, 2, 0), (2, 0, 2), (3, 0, 3), (4, 3, 4), (4, 1, 5), (2, 4, 6), (0, 2, 7)]),CG(nc=5, r=7, tr=[(4, 2, 0), (3, 1, 2), (3, 2, 3), (1, 4, 4), (1, 3, 5), (3, 0, 6), (3, 0, 7)]),2106,SAT
P35537,24,8,8,CG(nc=6, r=8, tr=[(5, 2, 0), (3, 4, 1), (2, 1, 2), (4, 0, 3), (5, 4, 4), (1, 0, 5), (3, 0, 6), (3, 2, 7)]),CG(nc=6, r=8, tr=[(0, 1, 0), (1, 2, 1), (3, 0, 2), (2, 5, 3), (2, 5, 4), (2, 4, 5), (0, 4, 6), (2, 3, 7)]),2159,SAT
P35538,24,8,8,CG(nc=5, r=8, tr=[(1, 0, 0), (2, 3, 1), (4, 3, 2), (1, 0, 3), (1, 4, 4), (3, 1, 5), (3, 0, 6), (4, 2, 7)]),CG(nc=6, r=8, tr=[(1, 2, 0), (2, 0, 1), (2, 3, 2), (5, 4, 3), (5, 3, 4), (0, 1, 5), (1, 4, 6), (1, 3, 7)]),2801,SAT
P35539,24,8,8,CG(nc=7, r=8, tr=[(1, 6, 0), (3, 4, 1), (5, 1, 2), (2, 0, 3), (6, 2, 4), (0, 5, 5), (4, 6, 6), (3, 0, 7)]),CG(nc=5, r=8, tr=[(4, 2, 0), (2, 3, 1), (4, 2, 2), (3, 0, 3), (2, 1, 4), (4, 2, 5), (3, 2, 6), (0, 1, 7)]),2266,SAT
P35540,24,8,8,CG(nc=5, r=8, tr=[(1, 0, 0), (2, 4, 2), (1, 0, 3), (1, 4, 4), (2, 1, 5), (0, 2, 6), (3, 1, 7), (4, 3, 6)]),CG(nc=5, r=8, tr=[(0, 1, 0), (2, 1, 2), (4, 3, 3), (4, 1, 4), (2, 3, 5), (3, 1, 6), (0, 2, 7), (0, 2, 6)]),4005,SAT
P35541,22,7,7,CG(nc=6, r=7, tr=[(5, 2, 0), (2, 3, 2), (4, 5, 3), (4, 0, 4), (3, 0, 5), (1, 2, 6), (0, 1, 7)]),CG(nc=6, r=7, tr=[(0, 1, 0), (2, 3, 2), (5, 1, 3), (3, 5, 4), (4, 0, 5), (4, 3, 6), (0, 2, 7)]),1899,SAT
P35542,26,9,9,CG(nc=6, r=9, tr=[(5, 2, 0), (0, 3, 1), (4, 0, 2), (5, 2, 3), (0, 2, 4), (4, 2, 5), (4, 5, 6), (3, 1, 7), (1, 4, 0)]),CG(nc=6, r=9, tr=[(1, 2, 0), (3, 4, 1), (4, 0, 2), (5, 1, 3), (3, 5, 4), (0, 2, 5), (2, 3, 6), (3, 2, 7), (4, 0, 0)]),4369,SAT
P35543,24,8,8,CG(nc=7, r=8, tr=[(1, 0, 0), (2, 6, 1), (6, 4, 2), (6, 5, 3), (0, 5, 4), (1, 4, 5), (3, 1, 6), (2, 3, 7)]),CG(nc=6, r=8, tr=[(5, 2, 0), (3, 4, 1), (0, 4, 2), (0, 2, 3), (3, 5, 4), (3, 1, 5), (0, 1, 6), (1, 0, 7)]),2537,SAT
P35544,22,7,7,CG(nc=5, r=7, tr=[(0, 1, 0), (2, 1, 2), (3, 0, 3), (3, 4, 4), (4, 2, 5), (0, 3, 6), (1, 2, 7)]),CG(nc=6, r=7, tr=[(5, 2, 0), (3, 0, 2), (2, 4, 3), (1, 5, 4), (1, 0, 5), (4, 0, 6), (3, 1, 7)]),2141,SAT
P35545,24,8,8,CG(nc=6, r=8, tr=[(1, 2, 0), (3, 4, 1), (1, 0, 2), (4, 0, 3), (4, 5, 4), (5, 2, 5), (1, 3, 6), (1, 0, 7)]),CG(nc=6, r=8, tr=[(1, 5, 0), (0, 3, 1), (4, 2, 2), (1, 3, 3), (0, 4, 4), (5, 4, 5), (0, 3, 6), (5, 2, 7)]),2075,SAT
P35546,18,6,6,CG(nc=5, r=6, tr=[(1, 2, 0), (2, 0, 2), (3, 0, 3), (4, 3, 4), (4, 1, 5), (0, 3, 6)]),CG(nc=5, r=6, tr=[(0, 1, 0), (2, 0, 2), (4, 3, 3), (2, 4, 4), (0, 2, 5), (1, 3, 6)]),1892,SAT
P35547,20,7,7,CG(nc=6, r=7, tr=[(1, 0, 0), (0, 2, 1), (5, 4, 2), (3, 0, 3), (5, 3, 4), (1, 4, 5), (2, 3, 6)]),CG(nc=4, r=7, tr=[(1, 0, 0), (2, 1, 1), (1, 0, 2), (2, 3, 3), (1, 3, 4), (0, 1, 5), (2, 1, 6)]),1823,SAT
P35548,22,7,7,CG(nc=5, r=7, tr=[(0, 1, 0), (2, 1, 2), (1, 0, 3), (4, 1, 4), (2, 4, 5), (3, 0, 6), (3, 2, 7)]),CG(nc=5, r=7, tr=[(1, 0, 0), (1, 0, 2), (2, 4, 3), (3, 1, 4), (2, 0, 5), (1, 2, 6), (3, 4, 7)]),2123,SAT
P35549,18,6,6,CG(nc=5, r=6, tr=[(1, 2, 0), (0, 2, 2), (4, 3, 3), (0, 3, 4), (4, 1, 5), (0, 2, 7)]),CG(nc=5, r=6, tr=[(1, 4, 0), (3, 2, 2), (1, 0, 3), (4, 3, 4), (0, 3, 5), (0, 2, 7)]),1986,SAT
P35550,18,6,6,CG(nc=5, r=6, tr=[(1, 0, 0), (1, 2, 2), (3, 4, 3), (3, 0, 4), (4, 2, 5), (3, 2, 6)]),CG(nc=4, r=6, tr=[(1, 0, 0), (1, 0, 2), (2, 3, 3), (3, 1, 4), (0, 2, 5), (1, 2, 6)]),1722,SAT
P35551,14,5,5,CG(nc=5, r=5, tr=[(4, 2, 0), (0, 3, 2), (4, 1, 3), (0, 1, 4), (3, 2, 5)]),CG(nc=4, r=5, tr=[(1, 3, 0), (0, 2, 2), (0, 1, 3), (3, 2, 4), (0, 2, 5)]),1830,SAT
P35552,22,7,7,CG(nc=5, r=7, tr=[(1, 2, 2), (4, 1, 3), (0, 1, 4), (3, 2, 5), (3, 0, 6), (3, 4, 7), (0, 3, 3)]),CG(nc=5, r=7, tr=[(1, 2, 2), (3, 4, 3), (0, 1, 4), (2, 1, 5), (1, 3, 6), (4, 2, 7), (2, 0, 3)]),3583,SAT
P35553,26,9,9,CG(nc=6, r=9, tr=[(1, 2, 0), (2, 1, 1), (3, 4, 2), (0, 4, 3), (4, 2, 4), (5, 3, 5), (1, 5, 6), (0, 2, 7), (2, 5, 3)]),CG(nc=6, r=9, tr=[(5, 2, 0), (3, 2, 1), (3, 4, 2), (0, 4, 3), (0, 3, 4), (3, 4, 5), (5, 1, 6), (5, 4, 7), (1, 3, 3)]),4712,SAT
P35554,24,8,8,CG(nc=5, r=8, tr=[(1, 2, 1), (3, 0, 2), (1, 3, 3), (2, 4, 4), (2, 0, 5), (0, 2, 6), (4, 1, 7), (1, 4, 5)]),CG(nc=6, r=8, tr=[(1, 0, 1), (2, 3, 2), (3, 1, 3), (5, 3, 4), (1, 5, 5), (3, 4, 6), (2, 0, 7), (0, 4, 5)]),4111,SAT
P35555,24,8,8,CG(nc=6, r=8, tr=[(1, 2, 1), (3, 4, 2), (5, 4, 3), (4, 1, 4), (3, 0, 5), (2, 0, 6), (5, 1, 7), (0, 1, 3)]),CG(nc=5, r=8, tr=[(1, 2, 1), (1, 0, 2), (2, 4, 3), (1, 3, 4), (0, 1, 5), (2, 1, 6), (4, 3, 7), (3, 0, 3)]),4547,SAT
P35556,24,8,8,CG(nc=6, r=8, tr=[(5, 2, 0), (2, 3, 2), (3, 4, 3), (4, 5, 4), (4, 0, 5), (0, 1, 6), (2, 1, 7), (0, 3, 4)]),CG(nc=6, r=8, tr=[(0, 1, 0), (2, 1, 2), (5, 4, 3), (3, 0, 4), (4, 1, 5), (4, 3, 6), (3, 2, 7), (5, 1, 4)]),4619,SAT
P35557,24,8,8,CG(nc=6, r=8, tr=[(1, 5, 0), (3, 0, 2), (4, 1, 3), (0, 1, 4), (4, 3, 5), (2, 1, 6), (2, 0, 7), (4, 5, 4)]),CG(nc=5, r=8, tr=[(1, 2, 0), (4, 1, 2), (4, 3, 3), (3, 1, 4), (4, 1, 5), (2, 1, 6), (0, 3, 7), (0, 2, 3)]),4379,SAT
P35558,26,9,9,CG(nc=7, r=9, tr=[(1, 2, 0), (6, 4, 1), (0, 5, 2), (4, 3, 3), (0, 3, 4), (6, 3, 5), (4, 1, 6), (2, 0, 7), (5, 4, 5)]),CG(nc=6, r=9, tr=[(5, 2, 0), (5, 3, 1), (4, 5, 2), (2, 3, 3), (2, 0, 4), (1, 2, 5), (1, 5, 6), (2, 4, 7), (0, 3, 5)]),4571,SAT
P35559,26,9,9,CG(nc=7, r=9, tr=[(1, 0, 0), (2, 3, 1), (4, 5, 2), (6, 4, 3), (3, 6, 4), (1, 5, 5), (6, 2, 6), (1, 3, 7), (4, 0, 4)]),CG(nc=5, r=9, tr=[(1, 0, 0), (2, 3, 1), (4, 3, 2), (3, 1, 3), (0, 2, 4), (3, 4, 5), (2, 3, 6), (3, 2, 7), (1, 4, 4)]),4470,SAT
P35560,24,8,8,CG(nc=5, r=8, tr=[(1, 2, 2), (0, 1, 3), (2, 3, 4), (0, 3, 5), (1, 0, 6), (2, 1, 7), (4, 1, 4), (4, 2, 5)]),CG(nc=6, r=8, tr=[(1, 2, 2), (0, 3, 3), (2, 0, 4), (2, 4, 5), (4, 3, 6), (1, 5, 7), (5, 4, 5), (5, 4, 4)]),6251,SAT
P35561,26,9,9,CG(nc=6, r=9, tr=[(1, 5, 0), (3, 4, 1), (2, 4, 2), (4, 1, 3), (5, 4, 4), (2, 0, 5), (1, 3, 6), (3, 2, 7), (1, 0, 4)]),CG(nc=6, r=9, tr=[(0, 1, 0), (2, 3, 1), (2, 5, 2), (1, 3, 3), (5, 1, 4), (4, 5, 5), (3, 4, 6), (4, 3, 7), (0, 4, 4)]),4620,SAT
P35562,20,7,7,CG(nc=5, r=7, tr=[(1, 4, 2), (3, 2, 3), (0, 3, 4), (2, 0, 5), (0, 2, 6), (1, 3, 5), (2, 4, 4)]),CG(nc=5, r=7, tr=[(4, 2, 2), (4, 3, 3), (0, 2, 4), (4, 2, 5), (1, 0, 6), (1, 3, 5), (3, 0, 4)]),5343,SAT
P35563,22,8,8,CG(nc=6, r=8, tr=[(1, 0, 1), (2, 3, 2), (1, 2, 3), (3, 5, 4), (2, 0, 5), (1, 3, 6), (4, 1, 5), (5, 4, 2)]),CG(nc=5, r=8, tr=[(1, 2, 1), (4, 3, 2), (0, 1, 3), (3, 0, 4), (3, 4, 5), (2, 1, 6), (2, 3, 3), (4, 1, 4)]),6205,SAT
P35564,22,7,7,CG(nc=5, r=7, tr=[(1, 2, 2), (4, 1, 3), (1, 3, 4), (0, 2, 5), (2, 3, 6), (4, 3, 7), (0, 3, 3)]),CG(nc=5, r=7, tr=[(1, 4, 2), (3, 0, 3), (1, 2, 4), (4, 3, 5), (1, 3, 6), (0, 2, 7), (2, 4, 3)]),3834,SAT
P35565,24,8,8,CG(nc=5, r=8, tr=[(1, 4, 0), (4, 3, 2), (4, 1, 3), (1, 0, 4), (2, 3, 5), (0, 3, 6), (2, 1, 7), (0, 2, 3)]),CG(nc=6, r=8, tr=[(1, 5, 0), (3, 0, 2), (3, 1, 3), (4, 5, 4), (3, 2, 5), (0, 2, 6), (4, 3, 7), (4, 2, 3)]),4100,SAT
P35566,16,6,6,CG(nc=5, r=6, tr=[(1, 2, 2), (2, 4, 3), (2, 0, 4), (0, 3, 5), (3, 4, 4), (3, 1, 5)]),CG(nc=4, r=6, tr=[(1, 2, 2), (1, 0, 3), (2, 3, 4), (1, 3, 5), (0, 1, 4), (0, 2, 3)]),5339,SAT
P35567,16,6,6,CG(nc=5, r=6, tr=[(1, 2, 2), (3, 2, 3), (3, 0, 4), (1, 0, 5), (4, 2, 4), (2, 4, 3)]),CG(nc=4, r=6, tr=[(3, 2, 2), (2, 1, 3), (1, 3, 4), (2, 3, 5), (2, 0, 4), (1, 0, 3)]),5290,SAT
P35568,20,6,6,CG(nc=5, r=6, tr=[(4, 2, 2), (0, 3, 3), (3, 4, 4), (2, 3, 5), (1, 4, 6), (0, 1, 7)]),CG(nc=5, r=6, tr=[(1, 0, 2), (2, 4, 3), (3, 1, 4), (1, 0, 5), (2, 0, 6), (3, 4, 7)]),1914,SAT
P35569,24,8,8,CG(nc=5, r=8, tr=[(4, 2, 0), (2, 4, 1), (0, 3, 2), (1, 4, 3), (1, 0, 4), (1, 3, 5), (2, 1, 6), (1, 0, 7)]),CG(nc=6, r=8, tr=[(1, 2, 0), (2, 5, 1), (5, 4, 2), (1, 0, 3), (3, 4, 4), (5, 4, 5), (1, 5, 6), (0, 3, 7)]),2731,SAT
P35570,22,7,7,CG(nc=4, r=7, tr=[(3, 2, 1), (3, 2, 2), (1, 0, 3), (3, 1, 4), (1, 2, 5), (1, 0, 6), (1, 2, 7)]),CG(nc=6, r=7, tr=[(5, 2, 1), (2, 3, 2), (4, 5, 3), (0, 3, 4), (5, 1, 5), (4, 0, 6), (1, 3, 7)]),1968,SAT
P35571,22,7,7,CG(nc=6, r=7, tr=[(1, 2, 1), (0, 3, 2), (4, 5, 3), (4, 0, 4), (3, 4, 5), (2, 5, 6), (0, 1, 7)]),CG(nc=4, r=7, tr=[(0, 1, 1), (2, 3, 2), (1, 3, 3), (2, 1, 4), (3, 2, 5), (1, 0, 6), (0, 1, 7)]),2136,SAT
P35572,22,7,7,CG(nc=5, r=7, tr=[(1, 0, 0), (2, 0, 2), (4, 3, 3), (0, 3, 4), (2, 3, 5), (2, 4, 6), (1, 2, 7)]),CG(nc=5, r=7, tr=[(1, 0, 0), (0, 2, 2), (3, 4, 3), (4, 1, 4), (3, 1, 5), (0, 3, 6), (1, 2, 7)]),2188,SAT
P35573,22,7,7,CG(nc=6, r=7, tr=[(0, 1, 0), (2, 3, 2), (2, 5, 3), (2, 0, 4), (1, 3, 5), (4, 5, 6), (1, 4, 7)]),CG(nc=4, r=7, tr=[(1, 0, 0), (2, 3, 2), (1, 3, 3), (2, 1, 4), (2, 3, 5), (0, 1, 6), (0, 1, 7)]),1894,SAT
P35574,24,8,8,CG(nc=6, r=8, tr=[(5, 2, 0), (2, 3, 1), (3, 5, 2), (4, 0, 3), (5, 4, 4), (3, 4, 5), (3, 1, 6), (1, 0, 7)]),CG(nc=5, r=8, tr=[(0, 1, 0), (0, 1, 1), (1, 2, 2), (4, 3, 3), (4, 2, 4), (2, 3, 5), (3, 0, 6), (0, 3, 7)]),2475,SAT
P35575,24,8,8,CG(nc=6, r=8, tr=[(1, 2, 0), (0, 2, 1), (5, 4, 2), (0, 1, 3), (5, 1, 4), (4, 1, 5), (3, 5, 6), (3, 1, 7)]),CG(nc=5, r=8, tr=[(4, 2, 0), (4, 2, 1), (3, 0, 2), (0, 2, 3), (1, 4, 4), (0, 3, 5), (4, 2, 6), (1, 3, 7)]),2046,SAT
P35576,20,6,6,CG(nc=4, r=6, tr=[(1, 2, 2), (2, 3, 3), (2, 0, 4), (0, 1, 5), (3, 2, 6), (1, 2, 7)]),CG(nc=5, r=6, tr=[(0, 1, 2), (4, 3, 3), (2, 4, 4), (2, 0, 5), (0, 3, 6), (1, 2, 7)]),2042,SAT
P35577,24,8,8,CG(nc=6, r=8, tr=[(1, 2, 0), (3, 4, 1), (3, 2, 2), (0, 3, 3), (3, 5, 4), (5, 2, 5), (0, 4, 6), (1, 4, 7)]),CG(nc=6, r=8, tr=[(5, 2, 0), (3, 2, 1), (4, 1, 2), (3, 0, 3), (4, 5, 4), (4, 0, 5), (5, 3, 6), (0, 1, 7)]),2429,SAT
P35578,16,5,5,CG(nc=4, r=5, tr=[(1, 2, 2), (1, 0, 3), (3, 1, 4), (3, 2, 5), (0, 1, 6)]),CG(nc=4, r=5, tr=[(1, 0, 2), (2, 3, 3), (3, 1, 4), (0, 1, 5), (2, 0, 6)]),1847,SAT
P35579,18,6,6,CG(nc=5, r=6, tr=[(0, 1, 1), (2, 3, 2), (2, 0, 3), (2, 4, 4), (3, 4, 5), (2, 1, 6)]),CG(nc=4, r=6, tr=[(1, 3, 1), (3, 2, 2), (1, 0, 3), (0, 2, 4), (3, 2, 5), (1, 3, 6)]),2227,SAT
P35580,20,6,6,CG(nc=5, r=6, tr=[(1, 2, 2), (2, 4, 3), (2, 0, 4), (1, 0, 5), (3, 4, 6), (1, 3, 7)]),CG(nc=5, r=6, tr=[(1, 4, 2), (0, 3, 3), (0, 2, 4), (1, 3, 5), (3, 4, 6), (2, 1, 7)]),1785,SAT
P35581,22,7,7,CG(nc=6, r=7, tr=[(0, 1, 0), (2, 3, 2), (3, 0, 3), (3, 5, 4), (5, 2, 5), (2, 4, 6), (1, 4, 7)]),CG(nc=5, r=7, tr=[(1, 0, 0), (2, 0, 2), (1, 4, 3), (4, 3, 4), (0, 3, 5), (0, 1, 6), (2, 3, 7)]),2011,SAT
P35582,16,5,5,CG(nc=4, r=5, tr=[(3, 2, 2), (0, 1, 3), (1, 3, 4), (2, 1, 5), (0, 2, 6)]),CG(nc=4, r=5, tr=[(1, 0, 2), (3, 2, 3), (3, 1, 4), (1, 2, 5), (2, 0, 6)]),2259,SAT
P35583,12,4,4,CG(nc=4, r=4, tr=[(1, 2, 2), (3, 1, 3), (0, 1, 4), (0, 2, 5)]),CG(nc=3, r=4, tr=[(1, 0, 2), (0, 2, 3), (2, 1, 4), (0, 1, 5)]),1734,SAT
P35760,22,7,7,CG(nc=6, r=7, tr=[(1, 0, 1), (2, 5, 2), (4, 2, 3), (5, 1, 4), (0, 4, 5), (3, 5, 6), (3, 0, 7)]),CG(nc=5, r=7, tr=[(4, 2, 1), (3, 2, 2), (3, 2, 3), (4, 1, 4), (1, 3, 5), (3, 0, 6), (0, 3, 7)]),1986,SAT
P35761,24,8,8,CG(nc=7, r=8, tr=[(0, 1, 0), (2, 6, 1), (0, 4, 2), (5, 6, 3), (2, 0, 4), (4, 5, 5), (3, 1, 6), (6, 3, 7)]),CG(nc=5, r=8, tr=[(0, 1, 0), (4, 3, 1), (3, 1, 2), (2, 0, 3), (3, 4, 4), (1, 3, 5), (2, 3, 6), (0, 1, 7)]),2379,SAT
P35762,24,8,8,CG(nc=6, r=8, tr=[(0, 1, 1), (5, 3, 2), (4, 3, 3), (1, 5, 4), (0, 4, 5), (4, 2, 6), (2, 1, 7), (4, 5, 1)]),CG(nc=5, r=8, tr=[(1, 0, 1), (2, 1, 2), (2, 1, 3), (2, 4, 4), (0, 3, 5), (2, 3, 6), (2, 3, 7), (4, 3, 1)]),3961,SAT
P35763,22,7,7,CG(nc=6, r=7, tr=[(0, 1, 1), (2, 0, 2), (5, 4, 3), (1, 5, 4), (2, 4, 5), (3, 5, 6), (3, 1, 7)]),CG(nc=4, r=7, tr=[(3, 2, 1), (0, 2, 2), (0, 2, 3), (1, 2, 4), (2, 0, 5), (3, 1, 6), (3, 1, 7)]),2218,SAT
P35764,28,10,10,CG(nc=7, r=10, tr=[(1, 2, 0), (3, 4, 1), (2, 3, 2), (0, 3, 3), (4, 6, 4), (5, 1, 5), (1, 6, 6), (0, 2, 7), (2, 1, 5), (5, 6, 3)]),CG(nc=7, r=10, tr=[(6, 2, 0), (6, 3, 1), (4, 0, 2), (5, 3, 3), (6, 3, 4), (4, 1, 5), (5, 0, 6), (3, 4, 7), (1, 5, 7), (1, 2, 3)]),12573,SAT
P35765,26,9,9,CG(nc=6, r=9, tr=[(1, 5, 0), (0, 3, 1), (1, 5, 2), (4, 5, 3), (1, 3, 4), (2, 0, 5), (1, 4, 6), (4, 0, 7), (2, 4, 2)]),CG(nc=6, r=9, tr=[(5, 2, 0), (3, 5, 1), (4, 2, 2), (0, 4, 3), (3, 5, 4), (1, 3, 5), (3, 4, 6), (0, 1, 7), (3, 1, 2)]),4920,SAT
P35766,28,10,10,CG(nc=6, r=10, tr=[(0, 1, 0), (2, 1, 1), (2, 0, 2), (3, 4, 3), (5, 1, 4), (4, 2, 5), (3, 2, 6), (3, 5, 7), (4, 0, 4), (3, 5, 2)]),CG(nc=7, r=10, tr=[(1, 6, 0), (1, 3, 1), (4, 1, 2), (0, 5, 3), (6, 3, 4), (4, 5, 5), (3, 5, 6), (2, 0, 7), (0, 4, 4), (3, 2, 2)]),12722,SAT
P35767,26,9,9,CG(nc=7, r=9, tr=[(1, 2, 0), (3, 6, 1), (5, 6, 2), (5, 3, 3), (4, 0, 4), (3, 0, 5), (3, 1, 6), (0, 2, 7), (4, 5, 1)]),CG(nc=6, r=9, tr=[(1, 2, 0), (0, 2, 1), (1, 3, 2), (3, 0, 3), (0, 1, 4), (4, 1, 5), (4, 5, 6), (5, 3, 7), (2, 5, 3)]),4509,SAT
P35768,22,7,7,CG(nc=6, r=7, tr=[(1, 0, 1), (2, 3, 2), (2, 5, 3), (1, 5, 4), (0, 3, 5), (4, 3, 6), (5, 4, 7)]),CG(nc=6, r=7, tr=[(1, 0, 1), (5, 3, 2), (5, 4, 3), (2, 5, 4), (0, 2, 5), (1, 4, 6), (3, 1, 7)]),2082,SAT
P35769,24,8,8,CG(nc=6, r=8, tr=[(1, 2, 0), (5, 4, 1), (5, 3, 2), (0, 2, 3), (0, 4, 4), (3, 2, 5), (1, 0, 6), (5, 3, 7)]),CG(nc=6, r=8, tr=[(1, 2, 0), (0, 1, 1), (3, 5, 2), (2, 5, 3), (5, 4, 4), (4, 0, 5), (2, 1, 6), (3, 1, 7)]),2350,SAT
P35770,22,7,7,CG(nc=6, r=7, tr=[(1, 5, 1), (3, 0, 2), (3, 4, 3), (1, 0, 4), (4, 5, 5), (2, 1, 6), (5, 2, 7)]),CG(nc=4, r=7, tr=[(3, 2, 1), (1, 0, 2), (1, 0, 3), (3, 1, 4), (1, 0, 5), (1, 2, 6), (1, 2, 7)]),1946,SAT
P35771,14,5,5,CG(nc=5, r=5, tr=[(0, 1, 1), (2, 3, 2), (3, 4, 3), (1, 4, 4), (0, 2, 5)]),CG(nc=4, r=5, tr=[(1, 0, 1), (3, 1, 2), (1, 3, 3), (3, 2, 4), (0, 2, 5)]),2020,SAT
P35772,24,8,8,CG(nc=6, r=8, tr=[(0, 1, 1), (0, 2, 2), (3, 4, 3), (3, 1, 4), (2, 4, 5), (4, 5, 6), (0, 2, 7), (3, 5, 2)]),CG(nc=5, r=8, tr=[(4, 2, 1), (3, 1, 2), (0, 3, 3), (1, 0, 4), (1, 4, 5), (2, 3, 6), (2, 3, 7), (1, 0, 1)]),3931,SAT
P35773,26,9,9,CG(nc=6, r=9, tr=[(1, 2, 0), (2, 3, 1), (3, 4, 2), (3, 5, 3), (4, 0, 4), (4, 0, 5), (4, 1, 6), (5, 2, 7), (2, 4, 3)]),CG(nc=6, r=9, tr=[(1, 2, 0), (3, 1, 1), (3, 5, 2), (5, 1, 3), (0, 4, 4), (5, 4, 5), (0, 3, 6), (0, 1, 7), (0, 2, 2)]),5121,SAT
P35774,26,9,9,CG(nc=7, r=9, tr=[(1, 2, 1), (6, 4, 2), (5, 4, 3), (6, 2, 4), (5, 3, 5), (2, 5, 6), (3, 0, 7), (1, 0, 3), (1, 3, 2)]),CG(nc=6, r=9, tr=[(1, 2, 1), (3, 5, 2), (0, 2, 3), (3, 0, 4), (2, 3, 5), (1, 5, 6), (4, 3, 7), (1, 2, 4), (4, 0, 1)]),7579,SAT
P35775,16,6,6,CG(nc=5, r=6, tr=[(1, 2, 1), (3, 1, 2), (4, 1, 3), (0, 2, 4), (3, 0, 5), (4, 3, 1)]),CG(nc=4, r=6, tr=[(1, 3, 1), (3, 2, 2), (1, 2, 3), (3, 1, 4), (0, 1, 5), (2, 0, 1)]),3609,SAT
P35792,24,8,8,CG(nc=6, r=8, tr=[(1, 2, 0), (0, 1, 1), (0, 1, 2), (3, 5, 3), (3, 1, 4), (5, 2, 5), (4, 0, 6), (5, 4, 7)]),CG(nc=5, r=8, tr=[(1, 4, 0), (4, 3, 1), (2, 3, 2), (1, 2, 3), (1, 2, 4), (1, 4, 5), (2, 0, 6), (0, 2, 7)]),2660,SAT
P35793,24,8,8,CG(nc=6, r=8, tr=[(1, 0, 0), (2, 3, 1), (5, 4, 2), (3, 4, 3), (3, 0, 4), (4, 1, 5), (2, 5, 6), (1, 2, 7)]),CG(nc=6, r=8, tr=[(1, 2, 0), (5, 1, 1), (1, 4, 2), (0, 2, 3), (4, 3, 4), (5, 3, 5), (3, 2, 6), (0, 4, 7)]),2436,SAT
P35794,26,9,9,CG(nc=6, r=9, tr=[(1, 2, 0), (2, 5, 1), (5, 2, 2), (4, 0, 3), (4, 2, 4), (0, 1, 5), (3, 2, 6), (4, 5, 7), (0, 3, 7)]),CG(nc=6, r=9, tr=[(1, 2, 0), (3, 4, 1), (3, 5, 2), (2, 0, 3), (4, 2, 4), (1, 2, 5), (5, 1, 6), (4, 0, 7), (1, 5, 7)]),4447,SAT
P35795,24,8,8,CG(nc=5, r=8, tr=[(1, 2, 0), (2, 4, 1), (4, 2, 2), (2, 1, 3), (1, 0, 4), (0, 1, 5), (2, 3, 6), (0, 3, 7)]),CG(nc=6, r=8, tr=[(1, 5, 0), (0, 3, 1), (5, 3, 2), (4, 1, 3), (2, 5, 4), (2, 4, 5), (0, 4, 6), (0, 4, 7)]),2360,SAT
P35798,28,10,10,CG(nc=7, r=10, tr=[(1, 0, 0), (1, 2, 1), (1, 3, 2), (1, 0, 3), (4, 2, 4), (6, 3, 5), (6, 5, 6), (5, 2, 7), (4, 6, 1), (0, 4, 5)]),CG(nc=6, r=10, tr=[(5, 2, 0), (3, 0, 1), (5, 4, 2), (2, 1, 3), (3, 1, 4), (5, 4, 5), (3, 4, 6), (4, 3, 7), (0, 1, 5), (4, 1, 1)]),12136,SAT
P35799,24,8,8,CG(nc=6, r=8, tr=[(0, 1, 0), (1, 2, 1), (3, 5, 2), (0, 1, 3), (2, 5, 4), (1, 3, 5), (2, 4, 6), (4, 5, 7)]),CG(nc=6, r=8, tr=[(0, 1, 0), (2, 0, 1), (5, 2, 2), (5, 1, 3), (4, 3, 4), (3, 5, 5), (4, 0, 6), (4, 0, 7)]),2344,SAT
P35800,24,8,8,CG(nc=5, r=8, tr=[(1, 2, 0), (1, 4, 1), (2, 3, 2), (3, 4, 3), (2, 0, 4), (0, 2, 5), (1, 2, 6), (4, 1, 7)]),CG(nc=6, r=8, tr=[(1, 0, 0), (0, 2, 1), (3, 2, 2), (4, 5, 3), (1, 5, 4), (0, 1, 5), (4, 1, 6), (3, 5, 7)]),2419,SAT
P35801,24,8,8,CG(nc=6, r=8, tr=[(5, 2, 0), (3, 0, 1), (4, 0, 2), (4, 1, 3), (5, 1, 4), (2, 4, 5), (1, 3, 6), (0, 4, 7)]),CG(nc=6, r=8, tr=[(5, 2, 0), (0, 3, 1), (2, 3, 2), (4, 0, 3), (1, 5, 4), (0, 1, 5), (4, 2, 6), (2, 5, 7)]),2593,SAT
P35802,24,8,8,CG(nc=5, r=8, tr=[(1, 0, 0), (1, 2, 1), (4, 3, 2), (0, 1, 3), (2, 4, 4), (1, 3, 5), (1, 0, 6), (1, 2, 7)]),CG(nc=6, r=8, tr=[(1, 2, 0), (3, 4, 1), (3, 0, 2), (5, 1, 3), (3, 5, 4), (3, 0, 5), (0, 2, 6), (5, 4, 7)]),2315,SAT
P35803,20,7,7,CG(nc=4, r=7, tr=[(1, 3, 0), (1, 2, 1), (1, 2, 2), (3, 1, 3), (2, 0, 4), (2, 0, 5), (3, 1, 6)]),CG(nc=6, r=7, tr=[(1, 2, 0), (3, 5, 1), (3, 0, 2), (2, 5, 3), (4, 0, 4), (4, 5, 5), (0, 1, 6)]),2451,SAT
P35806,24,8,8,CG(nc=5, r=8, tr=[(0, 1, 0), (1, 2, 1), (4, 3, 2), (0, 2, 3), (4, 1, 4), (2, 3, 5), (3, 0, 6), (1, 2, 7)]),CG(nc=6, r=8, tr=[(1, 2, 0), (2, 0, 1), (2, 3, 2), (5, 4, 3), (4, 3, 4), (0, 4, 5), (4, 1, 6), (5, 3, 7)]),2453,SAT
P35807,16,6,6,CG(nc=5, r=6, tr=[(1, 2, 0), (4, 2, 1), (2, 4, 2), (3, 0, 3), (3, 2, 4), (1, 0, 5)]),CG(nc=5, r=6, tr=[(1, 0, 0), (4, 3, 1), (0, 3, 2), (1, 4, 3), (4, 2, 4), (0, 2, 5)]),1762,SAT
P35808,24,8,8,CG(nc=5, r=8, tr=[(1, 4, 1), (4, 3, 2), (0, 2, 3), (1, 2, 4), (0, 1, 5), (2, 0, 6), (4, 2, 7), (3, 2, 5)]),CG(nc=6, r=8, tr=[(1, 2, 1), (5, 2, 2), (1, 5, 3), (5, 4, 4), (4, 1, 5), (4, 3, 6), (1, 0, 7), (0, 3, 3)]),3989,SAT
P35809,26,9,9,CG(nc=6, r=9, tr=[(1, 2, 0), (5, 4, 1), (3, 5, 2), (1, 0, 3), (4, 1, 4), (3, 1, 5), (1, 0, 6), (5, 2, 7), (4, 0, 5)]),CG(nc=6, r=9, tr=[(1, 2, 0), (0, 2, 1), (5, 1, 2), (4, 3, 3), (2, 3, 4), (1, 5, 5), (5, 4, 6), (2, 1, 7), (0, 3, 5)]),4696,SAT
P35810,26,9,9,CG(nc=7, r=9, tr=[(1, 6, 1), (3, 0, 2), (1, 4, 3), (4, 0, 4), (6, 5, 5), (2, 1, 6), (5, 4, 7), (2, 0, 7), (3, 5, 3)]),CG(nc=6, r=9, tr=[(1, 2, 1), (3, 5, 2), (3, 4, 3), (1, 0, 4), (5, 3, 5), (0, 4, 6), (2, 0, 7), (3, 1, 7), (5, 2, 3)]),6890,SAT
P35811,24,8,8,CG(nc=5, r=8, tr=[(0, 1, 1), (1, 0, 2), (1, 2, 3), (2, 4, 4), (3, 2, 5), (4, 3, 6), (1, 3, 7), (3, 4, 3)]),CG(nc=6, r=8, tr=[(1, 5, 1), (1, 0, 2), (3, 4, 3), (2, 0, 4), (4, 5, 5), (3, 0, 6), (4, 2, 7), (2, 1, 3)]),4126,SAT
P35812,26,9,9,CG(nc=6, r=9, tr=[(1, 0, 0), (5, 3, 1), (5, 4, 2), (2, 3, 3), (2, 0, 4), (2, 4, 5), (4, 1, 6), (5, 4, 7), (3, 0, 5)]),CG(nc=6, r=9, tr=[(1, 2, 0), (3, 4, 1), (5, 4, 2), (0, 2, 3), (1, 3, 4), (1, 5, 5), (2, 1, 6), (3, 0, 7), (5, 4, 3)]),4704,SAT
P35813,26,9,9,CG(nc=7, r=9, tr=[(6, 2, 0), (3, 2, 1), (4, 5, 2), (4, 2, 3), (4, 6, 4), (5, 0, 5), (0, 1, 6), (1, 2, 7), (0, 3, 4)]),CG(nc=5, r=9, tr=[(0, 1, 0), (2, 1, 1), (2, 4, 2), (2, 1, 3), (3, 2, 4), (4, 2, 5), (0, 1, 6), (0, 3, 7), (4, 3, 3)]),4241,SAT
P35814,28,10,10,CG(nc=7, r=10, tr=[(1, 2, 0), (6, 4, 1), (6, 5, 2), (4, 5, 3), (6, 2, 4), (4, 0, 5), (0, 1, 6), (2, 4, 7), (0, 3, 1), (2, 3, 3)]),CG(nc=6, r=10, tr=[(1, 2, 0), (2, 5, 1), (4, 1, 2), (0, 3, 3), (2, 3, 4), (0, 2, 5), (1, 2, 6), (0, 4, 7), (1, 5, 4), (1, 5, 3)]),12623,SAT
P35815,26,9,9,CG(nc=6, r=9, tr=[(5, 2, 0), (0, 3, 1), (3, 0, 2), (3, 4, 3), (4, 5, 4), (4, 2, 5), (1, 2, 6), (1, 3, 7), (1, 2, 4)]),CG(nc=5, r=9, tr=[(4, 2, 0), (3, 4, 1), (3, 0, 2), (0, 1, 3), (3, 1, 4), (2, 1, 5), (2, 4, 6), (4, 1, 7), (3, 0, 5)]),4444,SAT
P35816,24,8,8,CG(nc=5, r=8, tr=[(1, 0, 1), (2, 3, 2), (1, 2, 3), (4, 2, 4), (4, 1, 5), (1, 2, 6), (2, 3, 7), (3, 0, 5)]),CG(nc=6, r=8, tr=[(5, 2, 1), (3, 0, 2), (4, 1, 3), (0, 1, 4), (0, 2, 5), (4, 2, 6), (2, 3, 7), (5, 1, 5)]),4199,SAT
P35817,26,9,9,CG(nc=6, r=9, tr=[(1, 2, 0), (3, 0, 1), (1, 0, 2), (5, 4, 3), (3, 4, 4), (3, 5, 5), (4, 5, 6), (2, 0, 7), (4, 1, 5)]),CG(nc=6, r=9, tr=[(1, 2, 0), (5, 2, 1), (1, 0, 2), (2, 4, 3), (3, 0, 4), (3, 5, 5), (4, 3, 6), (2, 1, 7), (0, 1, 5)]),5094,SAT
P35818,24,8,8,CG(nc=6, r=8, tr=[(1, 2, 1), (3, 0, 2), (5, 1, 3), (2, 0, 4), (1, 3, 5), (4, 5, 6), (2, 4, 7), (5, 4, 5)]),CG(nc=5, r=8, tr=[(0, 1, 1), (2, 4, 2), (4, 2, 3), (0, 2, 4), (1, 4, 5), (1, 3, 6), (1, 2, 7), (0, 3, 3)]),3943,SAT
P35819,20,7,7,CG(nc=5, r=7, tr=[(4, 2, 1), (4, 3, 2), (2, 1, 3), (1, 0, 4), (0, 2, 5), (1, 2, 6), (1, 3, 5)]),CG(nc=5, r=7, tr=[(4, 2, 1), (2, 0, 2), (3, 1, 3), (1, 2, 4), (1, 4, 5), (0, 3, 6), (2, 0, 5)]),3617,SAT
P35820,24,8,8,CG(nc=6, r=8, tr=[(5, 2, 1), (3, 4, 2), (2, 4, 3), (4, 0, 4), (3, 5, 5), (2, 1, 6), (1, 5, 7), (0, 2, 5)]),CG(nc=6, r=8, tr=[(5, 2, 1), (2, 3, 2), (4, 1, 3), (4, 0, 4), (5, 4, 5), (2, 1, 6), (3, 0, 7), (1, 0, 5)]),4176,SAT
P35821,26,9,9,CG(nc=6, r=9, tr=[(1, 5, 0), (5, 3, 1), (5, 4, 2), (2, 0, 3), (0, 1, 4), (2, 4, 5), (0, 4, 6), (1, 2, 7), (3, 1, 3)]),CG(nc=6, r=9, tr=[(1, 0, 0), (2, 3, 1), (3, 5, 2), (1, 3, 3), (4, 0, 4), (5, 4, 5), (3, 4, 6), (2, 0, 7), (5, 1, 4)]),4442,SAT
P35822,20,7,7,CG(nc=5, r=7, tr=[(1, 2, 1), (1, 2, 2), (1, 4, 3), (0, 2, 4), (3, 2, 5), (3, 4, 7), (0, 3, 3)]),CG(nc=5, r=7, tr=[(0, 1, 1), (2, 4, 2), (3, 4, 3), (3, 1, 4), (0, 3, 5), (1, 2, 7), (1, 4, 5)]),3521,SAT
P35823,16,6,6,CG(nc=5, r=6, tr=[(1, 4, 1), (3, 4, 2), (2, 1, 3), (0, 2, 4), (0, 1, 5), (3, 2, 5)]),CG(nc=4, r=6, tr=[(1, 3, 1), (0, 1, 2), (0, 2, 3), (2, 1, 4), (2, 3, 5), (1, 0, 5)]),3823,SAT
P35824,22,7,7,CG(nc=5, r=7, tr=[(0, 1, 1), (2, 0, 2), (4, 3, 3), (1, 3, 4), (2, 3, 5), (4, 3, 6), (0, 3, 7)]),CG(nc=5, r=7, tr=[(1, 4, 1), (0, 3, 2), (4, 2, 3), (1, 4, 4), (0, 3, 5), (0, 2, 6), (1, 3, 7)]),2496,SAT
P35825,24,8,8,CG(nc=5, r=8, tr=[(1, 2, 0), (2, 1, 1), (3, 2, 2), (2, 0, 3), (4, 1, 4), (4, 3, 5), (2, 0, 6), (1, 4, 7)]),CG(nc=6, r=8, tr=[(1, 2, 0), (0, 2, 1), (1, 5, 2), (5, 4, 3), (0, 3, 4), (5, 1, 5), (4, 0, 6), (1, 3, 7)]),2261,SAT
P35826,24,8,8,CG(nc=6, r=8, tr=[(1, 2, 1), (1, 3, 2), (1, 5, 3), (0, 2, 4), (0, 3, 5), (2, 4, 6), (4, 5, 7), (0, 1, 7)]),CG(nc=6, r=8, tr=[(1, 2, 1), (0, 2, 2), (5, 4, 3), (3, 0, 4), (1, 3, 5), (0, 4, 6), (1, 5, 7), (4, 3, 1)]),4061,SAT
P35827,22,7,7,CG(nc=5, r=7, tr=[(4, 2, 1), (3, 4, 2), (1, 3, 3), (0, 1, 4), (0, 1, 5), (1, 2, 6), (0, 1, 7)]),CG(nc=5, r=7, tr=[(0, 1, 1), (1, 4, 2), (1, 4, 3), (4, 3, 4), (2, 0, 5), (1, 0, 6), (2, 3, 7)]),2004,SAT
P35828,24,8,8,CG(nc=6, r=8, tr=[(5, 2, 0), (0, 3, 1), (3, 0, 2), (3, 4, 3), (5, 4, 4), (4, 2, 5), (0, 1, 6), (1, 2, 7)]),CG(nc=6, r=8, tr=[(1, 2, 0), (3, 4, 1), (0, 3, 2), (2, 5, 3), (4, 1, 4), (1, 0, 5), (2, 0, 6), (4, 5, 7)]),2190,SAT
P35829,24,8,8,CG(nc=7, r=8, tr=[(1, 2, 0), (3, 0, 1), (4, 5, 2), (6, 5, 3), (5, 3, 4), (4, 0, 5), (0, 2, 6), (6, 1, 7)]),CG(nc=5, r=8, tr=[(0, 1, 0), (1, 2, 1), (4, 2, 2), (1, 4, 3), (3, 0, 4), (4, 2, 5), (1, 0, 6), (2, 3, 7)]),2681,SAT
P35830,26,9,9,CG(nc=7, r=9, tr=[(1, 2, 0), (2, 0, 1), (3, 4, 2), (6, 3, 3), (1, 4, 4), (0, 4, 5), (1, 5, 6), (5, 6, 7), (3, 2, 4)]),CG(nc=6, r=9, tr=[(1, 2, 0), (0, 3, 1), (2, 5, 2), (0, 4, 3), (1, 0, 4), (4, 1, 5), (4, 5, 6), (3, 1, 7), (2, 3, 4)]),4628,SAT
P35831,24,8,8,CG(nc=6, r=8, tr=[(5, 2, 0), (3, 0, 1), (0, 3, 2), (4, 5, 3), (4, 3, 4), (4, 3, 5), (1, 2, 6), (3, 1, 7)]),CG(nc=5, r=8, tr=[(0, 1, 0), (1, 2, 1), (4, 3, 2), (4, 1, 3), (2, 0, 4), (4, 3, 5), (3, 2, 6), (2, 3, 7)]),2254,SAT
P35832,22,7,7,CG(nc=5, r=7, tr=[(1, 2, 1), (3, 0, 2), (3, 1, 3), (4, 1, 4), (4, 1, 5), (0, 2, 6), (2, 1, 7)]),CG(nc=6, r=7, tr=[(1, 2, 1), (1, 0, 2), (5, 4, 3), (3, 0, 4), (3, 5, 5), (0, 4, 6), (2, 5, 7)]),2268,SAT
P35833,24,8,8,CG(nc=5, r=8, tr=[(1, 4, 0), (3, 4, 1), (3, 4, 2), (3, 2, 3), (0, 2, 4), (0, 2, 5), (3, 2, 6), (1, 3, 7)]),CG(nc=6, r=8, tr=[(1, 5, 0), (1, 3, 1), (3, 0, 2), (0, 4, 3), (2, 5, 4), (2, 0, 5), (4, 5, 6), (5, 1, 7)]),2279,SAT
P35834,22,7,7,CG(nc=5, r=7, tr=[(1, 0, 1), (2, 3, 2), (2, 4, 3), (1, 2, 4), (0, 3, 5), (2, 4, 6), (1, 0, 7)]),CG(nc=5, r=7, tr=[(1, 2, 1), (0, 1, 2), (3, 0, 3), (4, 1, 4), (0, 1, 5), (4, 3, 6), (2, 4, 7)]),2033,SAT
P35835,18,6,6,CG(nc=5, r=6, tr=[(1, 2, 1), (3, 0, 2), (2, 3, 3), (4, 2, 4), (2, 4, 5), (1, 0, 6)]),CG(nc=4, r=6, tr=[(1, 0, 1), (3, 1, 2), (3, 1, 3), (0, 2, 4), (2, 3, 5), (0, 1, 6)]),2308,SAT
P35836,22,7,7,CG(nc=5, r=7, tr=[(1, 0, 1), (2, 0, 2), (4, 3, 3), (3, 1, 4), (3, 2, 5), (4, 2, 6), (3, 0, 7)]),CG(nc=5, r=7, tr=[(0, 1, 1), (2, 4, 2), (3, 0, 3), (0, 1, 4), (3, 2, 5), (4, 3, 6), (1, 2, 7)]),1886,SAT
P35837,24,8,8,CG(nc=6, r=8, tr=[(1, 2, 0), (3, 1, 1), (3, 5, 2), (3, 4, 3), (4, 0, 4), (4, 0, 5), (1, 5, 6), (4, 2, 7)]),CG(nc=6, r=8, tr=[(1, 2, 0), (0, 1, 1), (5, 2, 2), (0, 4, 3), (3, 2, 4), (4, 2, 5), (4, 5, 6), (3, 0, 7)]),2299,SAT
P35838,22,7,7,CG(nc=5, r=7, tr=[(1, 0, 1), (2, 0, 2), (3, 4, 3), (1, 3, 4), (3, 2, 5), (2, 4, 6), (1, 0, 7)]),CG(nc=5, r=7, tr=[(1, 4, 1), (3, 0, 2), (2, 4, 3), (4, 3, 4), (3, 2, 5), (2, 0, 6), (1, 3, 7)]),2047,SAT
P35839,14,5,5,CG(nc=4, r=5, tr=[(3, 2, 1), (3, 2, 2), (2, 1, 3), (0, 1, 4), (0, 1, 5)]),CG(nc=4, r=5, tr=[(0, 1, 1), (1, 3, 2), (3, 0, 3), (3, 2, 4), (0, 2, 5)]),1745,SAT
P36576,24,8,8,CG(nc=5, r=8, tr=[(1, 2, 2), (0, 1, 3), (3, 4, 4), (0, 3, 5), (1, 0, 6), (4, 1, 7), (2, 3, 4), (4, 2, 5)]),CG(nc=5, r=8, tr=[(1, 0, 2), (2, 0, 3), (2, 1, 4), (2, 1, 5), (1, 4, 6), (2, 4, 7), (1, 3, 5), (0, 3, 4)]),6134,SAT
P36577,30,11,11,CG(nc=6, r=11, tr=[(0, 1, 0), (0, 1, 1), (0, 2, 2), (1, 0, 3), (3, 1, 4), (4, 3, 5), (2, 5, 6), (1, 2, 7), (5, 3, 5), (2, 4, 3), (5, 4, 4)]),CG(nc=7, r=11, tr=[(1, 6, 0), (3, 0, 1), (4, 5, 2), (1, 2, 3), (2, 4, 4), (5, 0, 5), (4, 6, 6), (4, 6, 7), (0, 1, 4), (2, 5, 6), (2, 3, 2)]),415304,SAT
P36578,24,8,8,CG(nc=6, r=8, tr=[(0, 1, 1), (2, 3, 2), (1, 2, 3), (3, 5, 4), (5, 1, 5), (4, 1, 6), (5, 4, 7), (3, 0, 5)]),CG(nc=5, r=8, tr=[(1, 4, 1), (1, 3, 2), (3, 1, 3), (0, 3, 4), (4, 2, 5), (3, 2, 6), (2, 3, 7), (0, 1, 5)]),5294,SAT
P36579,28,10,10,CG(nc=7, r=10, tr=[(1, 6, 1), (0, 3, 2), (4, 5, 3), (5, 3, 4), (2, 6, 5), (0, 4, 6), (5, 2, 7), (4, 1, 2), (4, 1, 7), (3, 2, 3)]),CG(nc=7, r=10, tr=[(1, 2, 1), (2, 6, 2), (0, 1, 3), (6, 4, 4), (6, 4, 5), (4, 1, 6), (5, 0, 7), (4, 5, 2), (0, 3, 4), (1, 3, 5)]),411128,SAT
P36582,26,9,9,CG(nc=7, r=9, tr=[(6, 2, 0), (3, 2, 1), (4, 5, 2), (2, 5, 3), (2, 0, 4), (0, 4, 5), (0, 1, 6), (1, 3, 7), (4, 6, 4)]),CG(nc=5, r=9, tr=[(1, 2, 0), (3, 4, 1), (0, 2, 2), (2, 0, 3), (2, 3, 4), (4, 1, 5), (2, 1, 6), (2, 1, 7), (0, 3, 5)]),4750,SAT
P36583,30,11,11,CG(nc=8, r=11, tr=[(1, 0, 0), (1, 2, 1), (3, 0, 2), (0, 4, 3), (5, 4, 4), (6, 3, 5), (2, 4, 6), (7, 4, 7), (6, 7, 3), (6, 3, 4), (5, 6, 5)]),CG(nc=7, r=11, tr=[(1, 2, 0), (6, 4, 1), (0, 2, 2), (1, 5, 3), (4, 2, 4), (1, 6, 5), (4, 6, 6), (3, 0, 7), (5, 6, 2), (1, 3, 4), (0, 2, 3)]),416466,SAT
P36584,24,8,8,CG(nc=5, r=8, tr=[(0, 1, 2), (2, 4, 3), (3, 4, 4), (3, 0, 5), (4, 1, 6), (0, 2, 7), (2, 1, 5), (1, 2, 4)]),CG(nc=6, r=8, tr=[(1, 2, 2), (5, 4, 3), (1, 0, 4), (1, 0, 5), (1, 4, 6), (5, 2, 7), (5, 3, 4), (3, 0, 5)]),6420,SAT
P36585,28,10,10,CG(nc=7, r=10, tr=[(1, 0, 0), (2, 3, 1), (2, 4, 2), (6, 4, 3), (0, 3, 4), (1, 2, 5), (2, 5, 6), (6, 5, 7), (5, 1, 4), (3, 4, 5)]),CG(nc=7, r=10, tr=[(6, 2, 0), (3, 0, 1), (3, 4, 2), (3, 5, 3), (1, 6, 4), (0, 1, 5), (5, 1, 6), (4, 1, 7), (6, 3, 5), (2, 5, 2)]),12206,SAT
P36586,24,8,8,CG(nc=6, r=8, tr=[(5, 2, 2), (2, 3, 3), (3, 4, 4), (5, 4, 5), (1, 5, 6), (4, 1, 7), (0, 3, 5), (3, 0, 4)]),CG(nc=5, r=8, tr=[(1, 4, 2), (4, 1, 3), (3, 0, 4), (3, 4, 5), (0, 2, 6), (2, 0, 7), (1, 3, 4), (2, 1, 5)]),6038,SAT
P36587,26,9,9,CG(nc=6, r=9, tr=[(1, 5, 1), (5, 3, 2), (5, 1, 3), (4, 3, 4), (2, 1, 5), (3, 0, 6), (1, 4, 7), (2, 0, 2), (4, 2, 3)]),CG(nc=6, r=9, tr=[(1, 2, 1), (5, 1, 2), (4, 2, 3), (1, 0, 4), (0, 2, 5), (5, 4, 6), (3, 1, 7), (0, 4, 2), (4, 3, 5)]),9486,SAT
P36590,16,6,6,CG(nc=5, r=6, tr=[(0, 1, 2), (1, 2, 3), (0, 3, 4), (4, 2, 5), (4, 3, 5), (4, 2, 4)]),CG(nc=4, r=6, tr=[(1, 2, 2), (2, 1, 3), (2, 3, 4), (3, 1, 5), (0, 2, 5), (1, 0, 4)]),5612,SAT
P36591,20,8,8,CG(nc=7, r=8, tr=[(0, 1, 2), (2, 6, 3), (4, 1, 4), (1, 2, 5), (5, 3, 4), (3, 0, 3), (6, 5, 2), (3, 4, 5)]),CG(nc=4, r=8, tr=[(1, 2, 2), (1, 0, 3), (1, 3, 4), (3, 1, 5), (1, 0, 2), (3, 2, 5), (0, 2, 4), (2, 3, 3)]),423993,SAT
P36592,22,7,7,CG(nc=5, r=7, tr=[(1, 2, 2), (1, 4, 3), (2, 3, 4), (0, 2, 5), (3, 4, 6), (0, 3, 7), (0, 3, 2)]),CG(nc=5, r=7, tr=[(1, 0, 2), (2, 4, 3), (3, 2, 4), (3, 4, 5), (0, 2, 6), (3, 1, 7), (2, 4, 2)]),3898,SAT
P36593,28,10,10,CG(nc=6, r=10, tr=[(1, 2, 0), (3, 4, 1), (3, 0, 2), (5, 2, 3), (4, 2, 4), (1, 3, 5), (5, 3, 6), (2, 0, 7), (2, 4, 7), (4, 0, 5)]),CG(nc=7, r=10, tr=[(6, 2, 0), (0, 3, 1), (4, 5, 2), (1, 0, 3), (4, 0, 4), (4, 1, 5), (6, 1, 6), (6, 5, 7), (1, 0, 2), (3, 2, 3)]),21119,SAT
P36594,24,8,8,CG(nc=6, r=8, tr=[(1, 0, 1), (2, 3, 2), (2, 5, 3), (1, 3, 4), (3, 0, 5), (1, 4, 6), (5, 4, 7), (2, 1, 5)]),CG(nc=6, r=8, tr=[(1, 5, 1), (1, 3, 2), (4, 0, 3), (0, 3, 4), (2, 5, 5), (5, 4, 6), (2, 3, 7), (0, 1, 5)]),4217,SAT
P36595,26,9,9,CG(nc=7, r=9, tr=[(0, 1, 1), (2, 1, 2), (2, 3, 3), (3, 6, 4), (6, 1, 5), (1, 5, 6), (6, 5, 7), (4, 3, 5), (0, 4, 3)]),CG(nc=5, r=9, tr=[(1, 0, 1), (2, 4, 2), (4, 1, 3), (3, 2, 4), (3, 4, 5), (1, 0, 6), (0, 1, 7), (1, 3, 2), (2, 1, 5)]),9086,SAT
P36598,26,9,9,CG(nc=6, r=9, tr=[(1, 2, 0), (5, 4, 1), (1, 3, 2), (5, 3, 3), (1, 0, 4), (2, 0, 5), (4, 2, 6), (0, 1, 7), (4, 5, 4)]),CG(nc=7, r=9, tr=[(1, 2, 0), (6, 4, 1), (2, 0, 2), (5, 6, 3), (2, 4, 4), (1, 6, 5), (0, 5, 6), (3, 1, 7), (3, 0, 4)]),4448,SAT
P36599,26,9,9,CG(nc=6, r=9, tr=[(1, 2, 0), (3, 1, 1), (1, 0, 2), (5, 4, 3), (2, 0, 4), (2, 4, 5), (5, 3, 6), (2, 0, 7), (1, 4, 4)]),CG(nc=6, r=9, tr=[(5, 2, 0), (5, 3, 1), (0, 4, 2), (0, 2, 3), (3, 4, 4), (5, 1, 5), (2, 5, 6), (1, 4, 7), (3, 0, 5)]),4789,SAT
P36600,24,8,8,CG(nc=5, r=8, tr=[(0, 1, 2), (2, 4, 3), (1, 3, 4), (0, 3, 5), (1, 4, 6), (0, 2, 7), (2, 3, 4), (2, 1, 5)]),CG(nc=6, r=8, tr=[(0, 1, 2), (5, 3, 3), (4, 0, 4), (4, 2, 5), (3, 0, 6), (1, 2, 7), (5, 2, 4), (5, 2, 5)]),6184,SAT
P36601,26,9,9,CG(nc=7, r=9, tr=[(1, 0, 0), (2, 3, 1), (4, 2, 2), (6, 4, 3), (3, 0, 4), (4, 3, 5), (2, 5, 6), (5, 6, 7), (2, 1, 5)]),CG(nc=5, r=9, tr=[(1, 2, 0), (0, 2, 1), (1, 3, 2), (4, 3, 3), (4, 1, 4), (4, 2, 5), (0, 3, 6), (0, 3, 7), (2, 0, 4)]),4843,SAT
P36602,22,7,7,CG(nc=5, r=7, tr=[(4, 2, 2), (3, 1, 3), (4, 3, 4), (3, 2, 5), (0, 2, 6), (3, 2, 7), (0, 1, 2)]),CG(nc=5, r=7, tr=[(1, 0, 2), (0, 1, 3), (0, 2, 4), (3, 2, 5), (4, 1, 6), (1, 3, 7), (2, 4, 2)]),4035,SAT
P36603,26,9,9,CG(nc=7, r=9, tr=[(1, 0, 1), (6, 3, 2), (4, 3, 3), (6, 5, 4), (0, 4, 5), (2, 5, 6), (1, 2, 7), (3, 2, 5), (0, 4, 4)]),CG(nc=6, r=9, tr=[(5, 2, 1), (0, 3, 2), (0, 2, 3), (4, 0, 4), (1, 5, 5), (1, 2, 6), (3, 1, 7), (1, 5, 4), (1, 4, 5)]),8949,SAT
P36606,18,6,6,CG(nc=5, r=6, tr=[(1, 0, 2), (2, 3, 3), (1, 2, 4), (0, 2, 5), (1, 4, 6), (4, 3, 2)]),CG(nc=4, r=6, tr=[(1, 3, 2), (0, 2, 3), (1, 0, 4), (1, 2, 5), (3, 2, 6), (0, 2, 2)]),3758,SAT
P36607,16,6,6,CG(nc=5, r=6, tr=[(0, 1, 2), (2, 4, 3), (1, 2, 4), (0, 1, 5), (3, 0, 5), (2, 3, 2)]),CG(nc=4, r=6, tr=[(1, 0, 2), (0, 3, 3), (3, 1, 4), (2, 3, 5), (2, 0, 2), (0, 2, 4)]),5909,SAT
P36848,20,6,6,CG(nc=5, r=6, tr=[(1, 2, 2), (2, 4, 3), (1, 0, 4), (1, 0, 5), (4, 3, 6), (0, 3, 7)]),CG(nc=4, r=6, tr=[(1, 0, 2), (1, 0, 3), (1, 2, 4), (0, 2, 5), (1, 3, 6), (3, 1, 7)]),2138,SAT
P36849,24,8,8,CG(nc=5, r=8, tr=[(1, 2, 0), (2, 1, 1), (4, 1, 2), (3, 1, 3), (0, 3, 4), (0, 3, 5), (0, 2, 6), (1, 4, 7)]),CG(nc=6, r=8, tr=[(5, 2, 0), (2, 3, 1), (0, 3, 2), (5, 4, 3), (1, 0, 4), (3, 1, 5), (0, 4, 6), (5, 3, 7)]),2113,SAT
P36850,22,7,7,CG(nc=6, r=7, tr=[(1, 0, 1), (2, 5, 2), (2, 4, 3), (1, 4, 4), (4, 0, 5), (5, 3, 6), (1, 3, 7)]),CG(nc=5, r=7, tr=[(1, 0, 1), (2, 4, 2), (4, 3, 3), (1, 2, 4), (4, 1, 5), (3, 0, 6), (0, 2, 7)]),2265,SAT
P36851,22,7,7,CG(nc=6, r=7, tr=[(1, 5, 1), (3, 4, 2), (4, 5, 3), (0, 3, 4), (0, 3, 5), (0, 2, 6), (2, 1, 7)]),CG(nc=5, r=7, tr=[(1, 0, 1), (2, 4, 2), (4, 1, 3), (4, 3, 4), (3, 1, 5), (1, 0, 6), (2, 0, 7)]),2057,SAT
P36854,26,9,9,CG(nc=7, r=9, tr=[(1, 2, 0), (0, 1, 1), (6, 4, 2), (2, 0, 3), (5, 2, 4), (0, 5, 5), (3, 2, 6), (3, 6, 7), (4, 5, 3)]),CG(nc=6, r=9, tr=[(1, 2, 0), (5, 4, 1), (5, 1, 2), (0, 3, 3), (4, 3, 4), (2, 4, 5), (5, 3, 6), (1, 0, 7), (0, 2, 5)]),4749,SAT
P36855,24,8,8,CG(nc=6, r=8, tr=[(0, 1, 0), (2, 3, 1), (3, 5, 2), (0, 4, 3), (4, 2, 4), (3, 4, 5), (2, 1, 6), (5, 3, 7)]),CG(nc=6, r=8, tr=[(1, 0, 0), (0, 1, 1), (1, 5, 2), (0, 3, 3), (4, 0, 4), (5, 2, 5), (5, 3, 6), (4, 2, 7)]),2071,SAT
P36856,20,6,6,CG(nc=5, r=6, tr=[(1, 2, 2), (0, 2, 3), (1, 4, 4), (1, 4, 5), (0, 3, 6), (3, 1, 7)]),CG(nc=5, r=6, tr=[(4, 2, 2), (3, 0, 3), (2, 1, 4), (3, 1, 5), (4, 3, 6), (2, 0, 7)]),2007,SAT
P36857,24,8,8,CG(nc=6, r=8, tr=[(1, 5, 0), (5, 1, 1), (3, 4, 2), (4, 5, 3), (3, 0, 4), (3, 0, 5), (3, 2, 6), (2, 1, 7)]),CG(nc=6, r=8, tr=[(1, 2, 0), (2, 0, 1), (1, 5, 2), (4, 5, 3), (3, 5, 4), (0, 3, 5), (0, 4, 6), (1, 0, 7)]),2225,SAT
P36858,22,7,7,CG(nc=6, r=7, tr=[(0, 1, 2), (1, 2, 3), (3, 5, 4), (5, 2, 5), (4, 3, 6), (4, 0, 7), (3, 1, 3)]),CG(nc=5, r=7, tr=[(4, 2, 2), (3, 4, 3), (1, 4, 4), (1, 0, 5), (3, 0, 6), (0, 2, 7), (0, 1, 2)]),3947,SAT
P36859,22,7,7,CG(nc=6, r=7, tr=[(5, 2, 1), (3, 4, 2), (5, 3, 3), (4, 0, 4), (0, 4, 5), (1, 2, 6), (4, 1, 7)]),CG(nc=5, r=7, tr=[(1, 0, 1), (4, 3, 2), (1, 4, 3), (0, 2, 4), (2, 4, 5), (0, 1, 6), (0, 3, 7)]),2073,SAT
P36862,22,7,7,CG(nc=6, r=7, tr=[(1, 2, 2), (3, 0, 3), (0, 1, 4), (1, 3, 5), (4, 3, 6), (5, 4, 7), (2, 5, 3)]),CG(nc=5, r=7, tr=[(1, 4, 2), (3, 4, 3), (4, 2, 4), (0, 1, 5), (0, 3, 6), (2, 1, 7), (2, 0, 2)]),4537,SAT
P36863,12,4,4,CG(nc=4, r=4, tr=[(1, 0, 2), (2, 3, 3), (2, 1, 4), (1, 2, 5)]),CG(nc=3, r=4, tr=[(0, 2, 2), (0, 2, 3), (2, 1, 4), (0, 1, 5)]),1733,SAT
P38504,34,13,13,CG(nc=8, r=13, tr=[(1, 2, 0), (7, 4, 1), (5, 6, 2), (0, 3, 3), (1, 3, 4), (7, 5, 5), (4, 6, 6), (7, 3, 7), (3, 6, 0), (2, 0, 7), (4, 1, 2), (2, 5, 4), (5, 1, 6)]),CG(nc=7, r=13, tr=[(1, 2, 0), (2, 3, 1), (2, 4, 2), (4, 1, 3), (2, 0, 4), (3, 6, 5), (5, 0, 6), (5, 1, 7), (6, 3, 0), (3, 1, 4), (6, 5, 2), (4, 6, 6), (0, 2, 5)]),4551571,SAT
P38505,32,12,12,CG(nc=8, r=12, tr=[(1, 2, 0), (2, 3, 1), (7, 1, 2), (0, 5, 3), (1, 6, 4), (6, 3, 5), (7, 4, 6), (3, 0, 7), (4, 6, 0), (5, 6, 1), (4, 2, 4), (2, 5, 5)]),CG(nc=7, r=12, tr=[(1, 6, 0), (3, 4, 1), (5, 2, 2), (4, 0, 3), (1, 0, 4), (2, 4, 5), (1, 2, 6), (6, 4, 7), (1, 3, 2), (6, 5, 4), (3, 5, 6), (0, 5, 0)]),904691,SAT
P38506,32,12,12,CG(nc=7, r=12, tr=[(0, 1, 0), (2, 6, 1), (1, 4, 2), (5, 4, 3), (6, 1, 4), (2, 0, 5), (1, 3, 6), (3, 0, 7), (3, 2, 3), (2, 4, 7), (5, 6, 5), (5, 0, 1)]),CG(nc=7, r=12, tr=[(1, 6, 0), (1, 3, 1), (6, 3, 2), (4, 6, 3), (5, 6, 4), (2, 4, 5), (4, 3, 6), (0, 4, 7), (2, 1, 2), (5, 2, 6), (5, 0, 0), (0, 1, 4)]),2946447,SAT
P38507,36,13,15,CG(nc=9, r=13, tr=[(1, 2, 0), (8, 4, 1), (5, 2, 2), (5, 0, 3), (6, 4, 4), (8, 1, 5), (6, 7, 6), (0, 7, 7), (3, 5, 6), (1, 3, 4), (2, 6, 1), (7, 3, 2), (3, 4, 0)]),CG(nc=9, r=15, tr=[(1, 8, 0), (3, 4, 1), (0, 5, 2), (6, 8, 3), (3, 7, 4), (7, 8, 5), (4, 0, 6), (2, 7, 7), (6, 5, 4), (2, 5, 0), (6, 1, 1), (2, 4, 3), (5, 7, 6), (4, 6, 7), (3, 8, 2)]),1922441,SAT
P38510,32,12,12,CG(nc=7, r=12, tr=[(0, 1, 0), (2, 3, 1), (1, 4, 2), (2, 6, 3), (1, 6, 4), (4, 2, 5), (1, 3, 6), (2, 3, 7), (4, 5, 1), (3, 0, 5), (6, 5, 7), (5, 0, 3)]),CG(nc=8, r=12, tr=[(1, 7, 0), (3, 1, 1), (4, 5, 2), (1, 5, 3), (1, 0, 4), (7, 4, 5), (6, 0, 6), (3, 6, 7), (7, 5, 1), (3, 4, 4), (5, 2, 5), (0, 2, 0)]),949903,SAT
P38511,30,11,11,CG(nc=8, r=11, tr=[(7, 2, 0), (2, 3, 1), (0, 4, 2), (3, 5, 3), (7, 6, 4), (1, 2, 5), (5, 0, 6), (3, 4, 7), (1, 6, 1), (6, 3, 5), (4, 1, 3)]),CG(nc=7, r=11, tr=[(1, 2, 0), (3, 0, 1), (1, 6, 2), (1, 5, 3), (4, 2, 4), (2, 0, 5), (6, 5, 6), (5, 4, 7), (3, 1, 4), (4, 3, 0), (5, 4, 2)]),462852,SAT
P38526,30,11,11,CG(nc=7, r=11, tr=[(1, 2, 0), (6, 4, 1), (0, 1, 2), (5, 2, 3), (3, 4, 4), (4, 0, 5), (3, 6, 6), (4, 2, 7), (5, 0, 1), (3, 1, 3), (6, 5, 5)]),CG(nc=7, r=11, tr=[(1, 2, 0), (0, 3, 1), (4, 2, 2), (6, 2, 3), (5, 1, 4), (4, 0, 5), (5, 4, 6), (6, 1, 7), (3, 5, 2), (2, 3, 6), (1, 4, 3)]),439434,SAT
P38527,30,11,11,CG(nc=7, r=11, tr=[(0, 1, 0), (2, 3, 1), (1, 2, 2), (3, 0, 3), (3, 4, 4), (6, 5, 5), (4, 2, 6), (4, 3, 7), (6, 4, 0), (1, 6, 4), (2, 5, 3)]),CG(nc=7, r=11, tr=[(1, 2, 0), (2, 0, 1), (2, 3, 2), (0, 3, 3), (4, 3, 4), (1, 0, 5), (4, 1, 6), (6, 5, 7), (5, 3, 5), (4, 6, 1), (2, 6, 3)]),499409,SAT
P38528,26,9,9,CG(nc=6, r=9, tr=[(1, 2, 0), (1, 3, 1), (4, 5, 2), (4, 3, 4), (2, 4, 5), (0, 2, 6), (0, 3, 7), (0, 1, 2), (3, 5, 6)]),CG(nc=6, r=9, tr=[(1, 2, 0), (5, 4, 1), (3, 1, 2), (1, 4, 4), (5, 2, 5), (5, 1, 6), (3, 0, 7), (2, 3, 1), (0, 4, 5)]),7645,SAT
P38529,30,11,11,CG(nc=6, r=11, tr=[(1, 5, 0), (3, 4, 1), (2, 0, 2), (3, 1, 3), (1, 0, 4), (3, 2, 5), (0, 4, 6), (1, 4, 7), (5, 3, 7), (5, 2, 6), (5, 4, 2)]),CG(nc=7, r=11, tr=[(1, 2, 0), (6, 2, 1), (4, 5, 2), (0, 3, 3), (2, 4, 4), (2, 0, 5), (4, 6, 6), (5, 0, 7), (3, 1, 2), (5, 1, 6), (6, 3, 7)]),450721,SAT
P38530,26,9,9,CG(nc=5, r=9, tr=[(1, 0, 0), (2, 4, 1), (3, 1, 2), (1, 4, 4), (4, 3, 5), (1, 2, 6), (1, 0, 7), (0, 3, 1), (2, 0, 5)]),CG(nc=6, r=9, tr=[(1, 5, 0), (3, 4, 1), (2, 0, 2), (0, 4, 4), (2, 4, 5), (0, 3, 6), (1, 4, 7), (3, 5, 2), (5, 2, 6)]),6791,SAT
P38531,28,10,10,CG(nc=6, r=10, tr=[(1, 2, 0), (1, 0, 1), (2, 0, 2), (3, 4, 3), (1, 3, 4), (1, 5, 5), (4, 0, 6), (2, 1, 7), (5, 3, 2), (5, 2, 6)]),CG(nc=7, r=10, tr=[(1, 2, 0), (0, 3, 1), (4, 5, 2), (0, 5, 3), (3, 5, 4), (6, 1, 5), (1, 3, 6), (4, 2, 7), (4, 6, 1), (5, 0, 5)]),11852,SAT
P38534,26,9,9,CG(nc=6, r=9, tr=[(1, 5, 0), (1, 3, 1), (1, 4, 2), (3, 5, 4), (4, 2, 5), (2, 3, 6), (5, 1, 7), (0, 4, 4), (0, 2, 0)]),CG(nc=6, r=9, tr=[(1, 2, 0), (0, 3, 1), (1, 5, 2), (3, 1, 4), (3, 5, 5), (1, 0, 6), (4, 2, 7), (5, 4, 1), (2, 0, 5)]),6449,SAT
P38535,28,10,10,CG(nc=7, r=10, tr=[(0, 1, 0), (1, 2, 1), (3, 6, 2), (5, 4, 3), (5, 0, 4), (2, 4, 5), (6, 2, 6), (5, 3, 7), (3, 4, 1), (1, 3, 5)]),CG(nc=7, r=10, tr=[(1, 2, 0), (6, 4, 1), (0, 2, 2), (4, 2, 3), (1, 5, 4), (6, 1, 5), (5, 0, 6), (4, 3, 7), (3, 2, 4), (3, 5, 0)]),8982,SAT
P38536,28,10,10,CG(nc=6, r=10, tr=[(1, 5, 0), (3, 5, 1), (3, 1, 2), (4, 0, 3), (0, 1, 4), (0, 3, 5), (3, 2, 6), (1, 2, 7), (4, 2, 0), (2, 5, 4)]),CG(nc=6, r=10, tr=[(1, 2, 0), (3, 2, 1), (1, 3, 2), (2, 1, 3), (1, 4, 4), (5, 4, 5), (1, 0, 6), (5, 3, 7), (0, 4, 1), (0, 2, 5)]),12279,SAT
P38537,32,12,12,CG(nc=7, r=12, tr=[(1, 0, 0), (2, 0, 1), (3, 4, 2), (5, 3, 3), (6, 1, 4), (2, 6, 5), (3, 2, 6), (3, 1, 7), (0, 5, 4), (2, 1, 2), (4, 0, 7), (6, 5, 0)]),CG(nc=7, r=12, tr=[(1, 0, 0), (1, 2, 1), (3, 6, 2), (2, 3, 3), (5, 0, 4), (2, 5, 5), (4, 6, 6), (4, 2, 7), (4, 0, 2), (6, 3, 4), (1, 6, 4), (5, 6, 0)]),827474,SAT
P38538,28,10,10,CG(nc=6, r=10, tr=[(1, 5, 0), (3, 5, 1), (1, 3, 2), (4, 2, 3), (2, 5, 4), (3, 0, 5), (3, 2, 6), (5, 1, 7), (4, 0, 0), (0, 1, 4)]),CG(nc=7, r=10, tr=[(1, 2, 0), (0, 3, 1), (3, 4, 2), (5, 4, 3), (6, 4, 4), (5, 0, 5), (5, 4, 6), (6, 1, 7), (5, 2, 2), (3, 2, 6)]),11013,SAT
P38539,30,11,11,CG(nc=7, r=11, tr=[(1, 2, 0), (6, 1, 1), (1, 4, 2), (5, 2, 3), (4, 3, 4), (4, 6, 5), (5, 3, 6), (2, 1, 7), (2, 0, 5), (2, 4, 1), (3, 0, 1)]),CG(nc=7, r=11, tr=[(1, 2, 0), (3, 4, 1), (3, 0, 2), (4, 6, 3), (4, 2, 4), (0, 2, 5), (4, 6, 6), (6, 5, 7), (1, 5, 2), (5, 2, 1), (1, 0, 6)]),416808,SAT
P38542,28,10,10,CG(nc=6, r=10, tr=[(1, 0, 0), (2, 3, 1), (4, 1, 2), (3, 5, 3), (5, 1, 4), (4, 5, 5), (2, 1, 6), (2, 1, 7), (4, 0, 1), (2, 0, 5)]),CG(nc=6, r=10, tr=[(1, 0, 0), (2, 3, 1), (3, 5, 2), (3, 2, 3), (1, 5, 4), (1, 3, 5), (0, 3, 6), (4, 2, 7), (5, 4, 0), (0, 2, 4)]),11656,SAT
P38543,28,10,10,CG(nc=6, r=10, tr=[(1, 5, 0), (3, 4, 1), (4, 5, 2), (1, 3, 3), (0, 3, 4), (1, 2, 5), (5, 2, 6), (4, 3, 7), (0, 2, 2), (4, 0, 6)]),CG(nc=6, r=10, tr=[(1, 2, 0), (1, 3, 1), (2, 5, 2), (2, 0, 3), (2, 4, 4), (5, 4, 5), (0, 2, 6), (5, 3, 7), (1, 0, 5), (4, 0, 1)]),9925,SAT
P38550,22,8,8,CG(nc=6, r=8, tr=[(1, 2, 0), (5, 4, 1), (0, 2, 2), (2, 4, 3), (1, 5, 4), (0, 3, 5), (4, 3, 0), (3, 1, 3)]),CG(nc=6, r=8, tr=[(1, 2, 0), (5, 4, 1), (0, 2, 2), (2, 4, 3), (1, 5, 4), (0, 3, 5), (4, 3, 0), (3, 1, 3)]),5646,SAT
P38551,24,9,9,CG(nc=6, r=9, tr=[(1, 5, 0), (1, 3, 1), (3, 5, 2), (4, 2, 3), (0, 1, 4), (3, 2, 5), (3, 0, 6), (2, 0, 0), (5, 4, 4)]),CG(nc=6, r=9, tr=[(1, 2, 0), (3, 1, 1), (4, 0, 2), (0, 2, 3), (4, 3, 4), (2, 4, 5), (3, 5, 6), (5, 1, 2), (0, 2, 6)]),6446,SAT
P38552,28,10,10,CG(nc=7, r=10, tr=[(1, 2, 0), (3, 6, 1), (0, 1, 2), (3, 5, 3), (2, 4, 4), (6, 2, 5), (4, 0, 6), (0, 1, 7), (3, 1, 4), (5, 4, 0)]),CG(nc=7, r=10, tr=[(0, 1, 0), (2, 3, 1), (4, 5, 2), (1, 0, 3), (0, 2, 4), (1, 4, 5), (1, 2, 6), (5, 3, 7), (6, 3, 0), (6, 4, 4)]),13876,SAT
P38553,28,10,10,CG(nc=6, r=10, tr=[(1, 5, 0), (3, 1, 1), (5, 3, 2), (4, 3, 3), (5, 2, 4), (2, 3, 5), (4, 0, 6), (3, 5, 7), (0, 1, 4), (0, 2, 0)]),CG(nc=7, r=10, tr=[(1, 2, 0), (1, 0, 1), (3, 4, 2), (2, 6, 3), (5, 2, 4), (5, 0, 5), (2, 6, 6), (6, 4, 7), (3, 5, 0), (3, 1, 4)]),11321,SAT
P38554,28,10,10,CG(nc=6, r=10, tr=[(5, 2, 0), (0, 3, 1), (4, 3, 2), (1, 3, 3), (4, 5, 4), (5, 3, 5), (2, 1, 6), (5, 1, 7), (4, 0, 0), (2, 0, 4)]),CG(nc=6, r=10, tr=[(1, 5, 0), (5, 3, 1), (3, 1, 2), (5, 3, 3), (0, 1, 4), (4, 5, 5), (1, 4, 6), (2, 3, 7), (0, 4, 1), (0, 2, 5)]),9819,SAT
P38555,28,10,10,CG(nc=7, r=10, tr=[(1, 2, 0), (3, 0, 1), (4, 1, 2), (3, 5, 3), (4, 3, 4), (0, 2, 5), (5, 2, 6), (6, 4, 7), (1, 6, 1), (6, 4, 5)]),CG(nc=6, r=10, tr=[(5, 2, 0), (0, 3, 1), (3, 4, 2), (3, 2, 3), (0, 2, 4), (3, 5, 5), (3, 2, 6), (1, 0, 7), (4, 1, 0), (4, 5, 4)]),13527,SAT
P38558,24,9,9,CG(nc=6, r=9, tr=[(5, 2, 0), (3, 4, 1), (0, 3, 2), (0, 1, 3), (4, 5, 4), (3, 2, 5), (3, 5, 6), (4, 1, 0), (2, 0, 4)]),CG(nc=6, r=9, tr=[(1, 2, 0), (5, 4, 1), (3, 1, 2), (5, 4, 3), (4, 3, 4), (5, 2, 5), (2, 4, 6), (3, 0, 5), (0, 1, 1)]),5756,SAT
P38559,24,9,9,CG(nc=6, r=9, tr=[(1, 0, 0), (2, 3, 1), (5, 4, 2), (2, 1, 3), (2, 5, 4), (1, 4, 5), (0, 4, 6), (5, 3, 6), (3, 0, 2)]),CG(nc=5, r=9, tr=[(4, 2, 0), (3, 4, 1), (3, 2, 2), (3, 1, 3), (4, 1, 4), (0, 3, 5), (1, 3, 6), (0, 1, 0), (2, 0, 4)]),6833,SAT
P38568,30,11,11,CG(nc=7, r=11, tr=[(6, 2, 0), (6, 3, 1), (4, 3, 2), (2, 4, 3), (5, 6, 4), (1, 5, 5), (1, 0, 6), (5, 2, 7), (0, 3, 5), (1, 4, 1), (2, 0, 4)]),CG(nc=7, r=11, tr=[(0, 1, 0), (2, 3, 1), (4, 3, 2), (5, 3, 3), (0, 5, 4), (6, 4, 5), (2, 6, 6), (3, 1, 7), (5, 2, 5), (1, 6, 4), (2, 5, 2)]),448366,SAT
P38569,32,12,12,CG(nc=7, r=12, tr=[(1, 0, 0), (2, 0, 1), (1, 3, 2), (3, 2, 3), (1, 6, 4), (2, 6, 5), (3, 5, 6), (4, 1, 7), (2, 4, 6), (5, 0, 4), (6, 5, 0), (0, 4, 2)]),CG(nc=7, r=12, tr=[(1, 2, 0), (2, 6, 1), (4, 6, 2), (1, 5, 3), (3, 1, 4), (0, 2, 5), (0, 4, 6), (1, 4, 7), (5, 2, 6), (3, 0, 1), (5, 0, 2), (3, 6, 5)]),1002676,SAT
P38570,28,10,10,CG(nc=7, r=10, tr=[(6, 2, 0), (3, 0, 1), (3, 4, 2), (5, 2, 3), (4, 6, 4), (0, 1, 5), (3, 5, 6), (4, 0, 7), (5, 1, 2), (1, 4, 6)]),CG(nc=7, r=10, tr=[(1, 6, 0), (3, 4, 1), (4, 5, 2), (3, 0, 3), (6, 3, 4), (5, 2, 5), (3, 2, 6), (2, 1, 7), (4, 0, 0), (0, 5, 4)]),10052,SAT
P38571,30,11,11,CG(nc=7, r=11, tr=[(1, 2, 0), (3, 6, 1), (2, 5, 2), (4, 0, 3), (2, 0, 4), (1, 6, 5), (3, 1, 6), (4, 1, 7), (3, 5, 4), (4, 5, 5), (2, 4, 1)]),CG(nc=7, r=11, tr=[(1, 0, 0), (2, 3, 1), (6, 3, 2), (1, 2, 3), (6, 1, 4), (3, 5, 5), (4, 5, 6), (1, 5, 7), (0, 2, 4), (3, 2, 6), (4, 6, 1)]),439730,SAT
P38572,30,11,11,CG(nc=6, r=11, tr=[(1, 2, 0), (0, 3, 1), (4, 2, 2), (5, 1, 3), (1, 5, 4), (5, 3, 5), (3, 2, 6), (4, 1, 7), (2, 0, 4), (1, 4, 1), (4, 0, 5)]),CG(nc=7, r=11, tr=[(0, 1, 0), (6, 3, 1), (0, 4, 2), (1, 0, 3), (5, 4, 4), (0, 5, 5), (6, 4, 6), (3, 5, 7), (2, 6, 5), (1, 5, 6), (2, 1, 2)]),255239,SAT
P38573,32,12,12,CG(nc=7, r=12, tr=[(1, 2, 0), (0, 2, 1), (6, 4, 2), (5, 1, 3), (2, 4, 4), (3, 2, 5), (4, 0, 6), (2, 0, 7), (5, 1, 5), (5, 6, 6), (0, 1, 2), (3, 6, 3)]),CG(nc=7, r=12, tr=[(1, 6, 0), (3, 4, 1), (5, 3, 2), (4, 6, 3), (5, 6, 4), (6, 3, 5), (1, 3, 6), (0, 4, 7), (0, 2, 2), (5, 0, 0), (1, 0, 4), (4, 2, 5)]),469972,SAT
P38574,28,10,10,CG(nc=6, r=10, tr=[(5, 2, 0), (2, 3, 1), (5, 3, 2), (0, 4, 3), (0, 2, 4), (2, 1, 5), (1, 5, 6), (2, 3, 7), (1, 4, 2), (3, 4, 6)]),CG(nc=7, r=10, tr=[(0, 1, 0), (2, 3, 1), (3, 6, 2), (2, 6, 3), (2, 0, 4), (5, 2, 5), (6, 5, 6), (5, 4, 7), (1, 3, 5), (1, 4, 1)]),10065,SAT
P38575,28,10,10,CG(nc=6, r=10, tr=[(1, 2, 0), (5, 2, 1), (1, 5, 2), (4, 0, 3), (2, 3, 4), (2, 4, 5), (3, 5, 6), (4, 5, 7), (3, 0, 2), (4, 1, 6)]),CG(nc=6, r=10, tr=[(1, 5, 0), (1, 3, 1), (0, 4, 2), (3, 4, 3), (0, 1, 4), (4, 1, 5), (4, 5, 6), (2, 3, 7), (5, 3, 2), (2, 0, 6)]),11400,SAT
P38588,28,10,10,CG(nc=7, r=10, tr=[(1, 2, 0), (0, 3, 1), (3, 4, 2), (2, 3, 3), (4, 5, 4), (6, 4, 5), (5, 1, 6), (6, 5, 7), (1, 0, 5), (5, 6, 1)]),CG(nc=7, r=10, tr=[(1, 6, 0), (3, 0, 1), (3, 4, 2), (6, 1, 3), (6, 5, 4), (2, 0, 5), (2, 5, 6), (4, 5, 7), (3, 1, 6), (1, 2, 2)]),11239,SAT
P38589,30,11,11,CG(nc=7, r=11, tr=[(1, 2, 0), (3, 4, 1), (5, 0, 2), (4, 1, 3), (0, 4, 4), (1, 5, 5), (3, 0, 6), (0, 2, 7), (6, 5, 6), (2, 6, 3), (6, 3, 2)]),CG(nc=7, r=11, tr=[(1, 2, 0), (3, 1, 1), (0, 4, 2), (6, 5, 3), (3, 5, 4), (5, 2, 5), (2, 6, 6), (5, 4, 7), (4, 2, 3), (3, 0, 6), (1, 6, 2)]),221867,SAT
P38590,24,9,9,CG(nc=6, r=9, tr=[(1, 5, 0), (3, 1, 1), (5, 3, 2), (4, 3, 3), (1, 0, 4), (2, 4, 5), (4, 0, 6), (0, 2, 0), (2, 5, 4)]),CG(nc=6, r=9, tr=[(1, 2, 0), (0, 2, 1), (3, 2, 2), (2, 1, 3), (3, 4, 4), (3, 0, 5), (4, 1, 6), (1, 5, 5), (4, 5, 1)]),6785,SAT
P38591,24,9,9,CG(nc=6, r=9, tr=[(1, 2, 0), (3, 2, 1), (3, 0, 2), (0, 1, 3), (2, 5, 4), (4, 2, 5), (4, 1, 6), (5, 4, 2), (3, 5, 6)]),CG(nc=6, r=9, tr=[(1, 2, 0), (2, 3, 1), (2, 5, 2), (5, 4, 3), (4, 3, 4), (4, 1, 5), (1, 5, 6), (4, 0, 2), (0, 3, 6)]),7525,SAT
P386,26,9,9,CG(nc=6, r=9, tr=[(1, 5, 0), (0, 3, 1), (5, 4, 2), (4, 1, 3), (2, 5, 4), (4, 0, 5), (5, 3, 6), (0, 2, 7), (1, 0, 3)]),CG(nc=6, r=9, tr=[(1, 0, 0), (0, 2, 1), (3, 5, 2), (2, 4, 3), (4, 3, 4), (3, 5, 5), (2, 0, 6), (3, 4, 7), (1, 4, 1)]),4672,SAT
P38632,32,12,12,CG(nc=8, r=12, tr=[(1, 7, 0), (3, 4, 1), (5, 6, 2), (0, 6, 3), (7, 2, 4), (5, 1, 5), (6, 3, 6), (6, 5, 7), (0, 3, 7), (3, 2, 5), (4, 1, 3), (2, 5, 1)]),CG(nc=8, r=12, tr=[(1, 2, 0), (3, 4, 1), (5, 7, 2), (0, 4, 3), (1, 4, 4), (4, 6, 5), (6, 7, 6), (1, 0, 7), (1, 2, 3), (5, 2, 5), (5, 3, 7), (2, 6, 1)]),435598,SAT
P38633,34,13,13,CG(nc=8, r=13, tr=[(1, 2, 0), (0, 3, 1), (3, 4, 2), (5, 0, 3), (1, 5, 4), (7, 3, 5), (3, 1, 6), (0, 2, 7), (6, 1, 7), (7, 2, 3), (4, 2, 4), (6, 7, 4), (5, 4, 0)]),CG(nc=8, r=13, tr=[(1, 2, 0), (3, 0, 1), (1, 3, 2), (0, 4, 3), (1, 4, 4), (0, 5, 5), (1, 2, 6), (2, 5, 7), (7, 4, 7), (7, 3, 5), (6, 4, 0), (7, 2, 3), (3, 6, 6)]),3753099,SAT
P38634,30,11,11,CG(nc=8, r=11, tr=[(1, 2, 0), (3, 2, 1), (7, 5, 2), (6, 0, 3), (4, 1, 4), (5, 1, 5), (1, 7, 6), (0, 4, 7), (6, 3, 6), (5, 3, 4), (2, 6, 2)]),CG(nc=7, r=11, tr=[(1, 0, 0), (2, 3, 1), (2, 4, 2), (5, 1, 3), (0, 5, 4), (4, 6, 5), (5, 4, 6), (1, 2, 7), (4, 5, 1), (6, 3, 6), (1, 6, 4)]),217853,SAT
P38635,30,11,11,CG(nc=7, r=11, tr=[(1, 2, 0), (3, 0, 1), (2, 0, 2), (1, 3, 3), (2, 4, 4), (0, 5, 5), (6, 2, 6), (4, 3, 7), (4, 5, 3), (5, 6, 1), (6, 3, 5)]),CG(nc=7, r=11, tr=[(1, 0, 0), (2, 3, 1), (4, 2, 2), (0, 3, 3), (0, 4, 4), (5, 3, 5), (4, 5, 6), (6, 3, 7), (5, 1, 2), (4, 6, 3), (2, 1, 6)]),218504,SAT
P38638,28,10,10,CG(nc=6, r=10, tr=[(1, 2, 0), (3, 1, 1), (2, 3, 2), (3, 5, 3), (4, 2, 4), (1, 0, 5), (2, 0, 6), (0, 2, 7), (4, 5, 5), (0, 4, 1)]),CG(nc=6, r=10, tr=[(1, 5, 0), (5, 3, 1), (1, 3, 2), (1, 4, 3), (5, 4, 4), (3, 0, 5), (3, 4, 6), (2, 4, 7), (2, 0, 0), (1, 0, 4)]),12667,SAT
P38639,30,11,11,CG(nc=7, r=11, tr=[(1, 2, 0), (6, 4, 1), (5, 3, 2), (0, 2, 3), (1, 6, 4), (3, 2, 5), (1, 3, 6), (2, 1, 7), (3, 4, 3), (5, 0, 4), (6, 5, 0)]),CG(nc=7, r=11, tr=[(0, 1, 0), (2, 1, 1), (6, 4, 2), (5, 4, 3), (3, 0, 4), (4, 1, 5), (5, 6, 6), (2, 5, 7), (3, 5, 5), (5, 0, 2), (4, 3, 1)]),232202,SAT
P38654,24,9,9,CG(nc=6, r=9, tr=[(1, 2, 0), (2, 3, 1), (1, 3, 2), (2, 0, 3), (4, 0, 4), (5, 3, 5), (3, 4, 6), (4, 5, 0), (1, 5, 4)]),CG(nc=6, r=9, tr=[(1, 2, 0), (0, 1, 1), (1, 3, 2), (3, 0, 3), (4, 3, 4), (3, 5, 5), (4, 2, 6), (0, 2, 5), (5, 4, 1)]),6457,SAT
P38655,24,9,9,CG(nc=6, r=9, tr=[(1, 2, 0), (0, 3, 1), (5, 4, 2), (1, 4, 3), (3, 1, 4), (3, 5, 5), (4, 0, 6), (2, 5, 1), (2, 0, 5)]),CG(nc=6, r=9, tr=[(5, 2, 0), (2, 3, 1), (4, 2, 2), (0, 5, 3), (0, 3, 4), (4, 1, 5), (1, 3, 6), (4, 5, 4), (0, 1, 0)]),7219,SAT
P387,20,7,7,CG(nc=5, r=7, tr=[(4, 2, 0), (0, 3, 1), (1, 4, 2), (0, 2, 3), (1, 0, 4), (0, 1, 5), (4, 3, 6)]),CG(nc=6, r=7, tr=[(0, 1, 0), (2, 1, 1), (2, 5, 2), (0, 1, 3), (4, 3, 4), (1, 3, 5), (5, 4, 6)]),1998,SAT
P38782,31,12,11,CG(nc=9, r=12, tr=[(1, 8, 0), (3, 4, 1), (5, 0, 2), (6, 7, 3), (7, 8, 4), (2, 3, 5), (3, 0, 6), (6, 1, 7), (6, 5, 1), (7, 2, 7), (4, 5, 5), (4, 1, 3)]),CG(nc=7, r=11, tr=[(1, 2, 0), (6, 4, 1), (2, 5, 2), (3, 2, 3), (6, 5, 4), (3, 0, 5), (4, 3, 6), (4, 5, 7), (6, 1, 5), (0, 2, 1), (0, 5, 0)]),372726,SAT
P38783,28,10,10,CG(nc=7, r=10, tr=[(6, 2, 0), (3, 4, 1), (5, 6, 2), (3, 1, 3), (6, 4, 4), (2, 3, 5), (2, 1, 6), (5, 3, 7), (4, 0, 0), (0, 1, 2)]),CG(nc=6, r=10, tr=[(1, 0, 0), (2, 3, 1), (0, 3, 2), (4, 3, 3), (5, 4, 4), (1, 4, 5), (0, 2, 6), (1, 2, 7), (3, 5, 0), (1, 4, 2)]),11534,SAT
P38784,24,8,8,CG(nc=5, r=8, tr=[(1, 2, 0), (1, 3, 1), (0, 1, 2), (3, 4, 4), (4, 2, 5), (3, 4, 6), (0, 3, 7), (2, 0, 1)]),CG(nc=6, r=8, tr=[(1, 2, 0), (3, 2, 1), (5, 2, 2), (4, 0, 4), (4, 3, 5), (5, 3, 6), (0, 1, 7), (1, 3, 2)]),3638,SAT
P38785,28,10,10,CG(nc=7, r=10, tr=[(1, 0, 0), (6, 3, 1), (4, 5, 2), (0, 2, 4), (4, 1, 5), (3, 1, 6), (5, 2, 7), (5, 6, 2), (6, 4, 7), (2, 4, 1)]),CG(nc=7, r=10, tr=[(6, 2, 0), (6, 3, 1), (3, 4, 2), (0, 5, 4), (2, 6, 5), (2, 5, 6), (4, 1, 7), (5, 1, 1), (0, 4, 0), (2, 1, 2)]),209605,SAT
P38786,24,8,8,CG(nc=5, r=8, tr=[(1, 4, 0), (1, 3, 1), (3, 4, 2), (1, 0, 4), (3, 2, 5), (3, 2, 6), (4, 1, 7), (2, 0, 0)]),CG(nc=6, r=8, tr=[(1, 2, 0), (3, 2, 1), (0, 2, 2), (3, 5, 4), (3, 4, 5), (0, 4, 6), (5, 1, 7), (3, 4, 0)]),3861,SAT
P38787,24,8,8,CG(nc=6, r=8, tr=[(5, 2, 0), (3, 0, 1), (4, 5, 2), (4, 3, 4), (1, 2, 5), (2, 3, 6), (5, 2, 7), (1, 0, 2)]),CG(nc=6, r=8, tr=[(1, 2, 0), (1, 3, 1), (0, 3, 2), (3, 4, 4), (4, 0, 5), (3, 5, 6), (2, 0, 7), (5, 1, 2)]),3789,SAT
P38790,26,9,9,CG(nc=6, r=9, tr=[(1, 2, 0), (2, 5, 1), (4, 2, 2), (0, 4, 4), (3, 4, 5), (0, 1, 6), (5, 3, 7), (4, 5, 0), (1, 0, 5)]),CG(nc=6, r=9, tr=[(1, 2, 0), (1, 3, 1), (1, 5, 2), (3, 4, 4), (0, 4, 5), (3, 5, 6), (2, 0, 7), (2, 4, 2), (0, 2, 4)]),5659,SAT
P38791,24,8,8,CG(nc=5, r=8, tr=[(1, 2, 0), (4, 1, 1), (2, 4, 2), (3, 0, 4), (0, 3, 5), (0, 2, 6), (2, 3, 7), (1, 3, 2)]),CG(nc=6, r=8, tr=[(0, 1, 0), (2, 1, 1), (1, 5, 2), (0, 2, 4), (4, 2, 5), (5, 4, 6), (3, 2, 7), (4, 3, 0)]),3475,SAT
P38792,26,9,9,CG(nc=6, r=9, tr=[(1, 0, 0), (2, 3, 1), (4, 1, 2), (1, 3, 3), (4, 5, 4), (5, 4, 5), (2, 5, 6), (4, 0, 7), (0, 2, 2)]),CG(nc=6, r=9, tr=[(1, 2, 0), (3, 1, 1), (3, 2, 2), (2, 0, 3), (5, 4, 4), (2, 4, 5), (0, 2, 6), (3, 5, 7), (1, 0, 2)]),5385,SAT
P38793,30,11,11,CG(nc=7, r=11, tr=[(1, 2, 0), (0, 2, 1), (3, 1, 2), (6, 5, 3), (4, 6, 4), (2, 6, 5), (5, 1, 6), (0, 1, 7), (4, 1, 1), (3, 0, 2), (3, 2, 7)]),CG(nc=6, r=11, tr=[(1, 2, 0), (5, 2, 1), (0, 1, 2), (4, 1, 3), (2, 5, 4), (3, 2, 5), (0, 3, 6), (1, 0, 7), (5, 4, 7), (3, 4, 2), (0, 3, 1)]),220908,SAT
P38794,26,9,9,CG(nc=7, r=9, tr=[(1, 6, 0), (3, 0, 1), (1, 4, 2), (3, 5, 3), (2, 6, 4), (0, 4, 5), (1, 5, 6), (0, 2, 7), (2, 5, 2)]),CG(nc=6, r=9, tr=[(0, 1, 0), (1, 2, 1), (2, 0, 2), (3, 0, 3), (1, 5, 4), (1, 3, 5), (3, 0, 6), (4, 2, 7), (4, 5, 0)]),4352,SAT
P38795,26,9,9,CG(nc=6, r=9, tr=[(1, 2, 0), (1, 5, 1), (2, 5, 2), (4, 3, 3), (4, 0, 4), (1, 0, 5), (3, 0, 6), (2, 1, 7), (4, 2, 1)]),CG(nc=6, r=9, tr=[(1, 2, 0), (0, 1, 1), (1, 5, 2), (4, 3, 3), (4, 5, 4), (3, 0, 5), (3, 4, 6), (2, 3, 7), (5, 4, 1)]),4362,SAT
P38798,28,10,10,CG(nc=7, r=10, tr=[(1, 2, 0), (3, 6, 1), (5, 0, 2), (0, 1, 3), (3, 5, 4), (4, 6, 5), (3, 2, 6), (1, 4, 7), (0, 1, 4), (4, 5, 0)]),CG(nc=6, r=10, tr=[(5, 2, 0), (3, 5, 1), (0, 4, 2), (2, 5, 3), (3, 4, 4), (0, 3, 5), (5, 4, 6), (0, 1, 7), (2, 3, 2), (1, 2, 1)]),12230,SAT
P38799,26,9,9,CG(nc=6, r=9, tr=[(0, 1, 0), (1, 2, 1), (3, 1, 2), (4, 5, 3), (5, 3, 4), (3, 5, 5), (2, 4, 6), (1, 0, 7), (0, 2, 2)]),CG(nc=6, r=9, tr=[(1, 2, 0), (0, 3, 1), (5, 3, 2), (0, 3, 3), (4, 5, 4), (2, 0, 5), (2, 4, 6), (3, 1, 7), (4, 5, 1)]),3958,SAT
P38806,26,9,9,CG(nc=7, r=9, tr=[(0, 1, 0), (6, 3, 1), (4, 3, 2), (0, 4, 4), (6, 5, 5), (4, 2, 6), (5, 2, 7), (3, 1, 6), (1, 5, 2)]),CG(nc=6, r=9, tr=[(1, 2, 0), (1, 3, 1), (4, 0, 2), (3, 4, 4), (4, 2, 5), (0, 3, 6), (0, 3, 7), (2, 5, 6), (1, 5, 2)]),5657,SAT
P38807,20,7,7,CG(nc=6, r=7, tr=[(1, 2, 0), (0, 2, 1), (5, 4, 2), (4, 2, 3), (3, 4, 4), (1, 5, 5), (3, 0, 0)]),CG(nc=5, r=7, tr=[(1, 4, 0), (3, 2, 1), (2, 1, 2), (3, 4, 3), (2, 0, 4), (2, 3, 5), (1, 0, 1)]),3714,SAT
P38808,28,10,10,CG(nc=7, r=10, tr=[(6, 2, 0), (6, 2, 1), (3, 2, 2), (4, 0, 3), (0, 3, 4), (3, 0, 5), (5, 6, 6), (3, 5, 7), (4, 1, 1), (1, 5, 0)]),CG(nc=7, r=10, tr=[(1, 0, 0), (2, 1, 1), (0, 3, 2), (4, 6, 3), (5, 0, 4), (5, 4, 5), (4, 2, 6), (2, 6, 7), (3, 2, 1), (2, 3, 0)]),11586,SAT
P38809,26,9,9,CG(nc=6, r=9, tr=[(1, 5, 0), (3, 5, 1), (1, 3, 2), (4, 2, 3), (1, 0, 4), (0, 3, 5), (3, 2, 6), (1, 2, 7), (0, 4, 0)]),CG(nc=6, r=9, tr=[(1, 2, 0), (3, 1, 1), (4, 2, 2), (3, 0, 3), (3, 1, 4), (5, 1, 5), (0, 3, 6), (4, 0, 7), (2, 5, 1)]),4048,SAT
P38810,26,9,9,CG(nc=6, r=9, tr=[(1, 2, 0), (5, 1, 1), (2, 5, 2), (0, 4, 3), (3, 0, 4), (0, 1, 5), (4, 3, 6), (4, 5, 7), (3, 2, 1)]),CG(nc=6, r=9, tr=[(1, 2, 0), (1, 0, 1), (3, 1, 2), (4, 5, 3), (2, 4, 4), (2, 0, 5), (3, 4, 6), (5, 3, 7), (3, 2, 1)]),4902,SAT
P38811,26,9,9,CG(nc=6, r=9, tr=[(1, 2, 0), (0, 1, 1), (0, 2, 2), (3, 5, 3), (4, 5, 4), (5, 1, 5), (3, 2, 6), (1, 4, 7), (1, 4, 2)]),CG(nc=6, r=9, tr=[(1, 0, 0), (1, 2, 1), (3, 0, 2), (2, 5, 3), (2, 3, 4), (0, 3, 5), (2, 4, 6), (4, 5, 7), (4, 1, 2)]),4595,SAT
P38814,27,10,9,CG(nc=7, r=10, tr=[(1, 2, 0), (0, 2, 1), (2, 1, 2), (3, 6, 3), (6, 1, 4), (0, 5, 5), (1, 3, 6), (3, 5, 7), (4, 5, 0), (4, 6, 2)]),CG(nc=6, r=9, tr=[(1, 2, 0), (2, 0, 1), (0, 1, 2), (3, 4, 3), (1, 3, 4), (3, 0, 5), (5, 1, 6), (2, 4, 7), (5, 4, 2)]),7615,SAT
P38815,22,8,8,CG(nc=7, r=8, tr=[(0, 1, 0), (2, 1, 1), (6, 4, 2), (5, 2, 3), (3, 4, 4), (1, 4, 5), (6, 5, 6), (3, 0, 1)]),CG(nc=5, r=8, tr=[(1, 2, 0), (4, 2, 1), (0, 2, 2), (4, 2, 3), (3, 0, 4), (1, 4, 5), (1, 3, 6), (0, 3, 1)]),3058,SAT
P38824,28,10,10,CG(nc=6, r=10, tr=[(0, 1, 0), (2, 0, 1), (2, 1, 2), (5, 4, 3), (5, 1, 4), (5, 3, 5), (3, 4, 6), (4, 0, 7), (4, 2, 5), (3, 1, 1)]),CG(nc=6, r=10, tr=[(0, 1, 0), (2, 1, 1), (3, 4, 2), (0, 3, 3), (1, 5, 4), (4, 1, 5), (3, 2, 6), (5, 3, 7), (0, 4, 1), (4, 0, 6)]),11248,SAT
P38825,30,11,11,CG(nc=7, r=11, tr=[(0, 1, 0), (2, 3, 1), (4, 3, 2), (5, 0, 3), (0, 3, 4), (4, 5, 5), (2, 5, 6), (6, 5, 7), (4, 6, 1), (6, 3, 0), (1, 2, 5)]),CG(nc=6, r=11, tr=[(1, 0, 0), (2, 5, 1), (4, 1, 2), (0, 3, 3), (1, 5, 4), (0, 2, 5), (1, 3, 6), (3, 2, 7), (5, 4, 7), (4, 2, 3), (0, 3, 2)]),1344911,SAT
P38826,26,9,9,CG(nc=6, r=9, tr=[(1, 0, 0), (2, 1, 1), (3, 0, 2), (2, 3, 3), (5, 1, 4), (4, 2, 5), (5, 3, 6), (1, 0, 7), (5, 4, 0)]),CG(nc=6, r=9, tr=[(1, 2, 0), (0, 2, 1), (2, 3, 2), (4, 2, 3), (5, 4, 4), (0, 3, 5), (4, 3, 6), (1, 5, 7), (3, 1, 1)]),4484,SAT
P38827,26,9,9,CG(nc=7, r=9, tr=[(1, 6, 0), (3, 4, 1), (3, 0, 2), (5, 1, 3), (6, 4, 4), (5, 3, 5), (5, 2, 6), (5, 4, 7), (0, 2, 1)]),CG(nc=6, r=9, tr=[(1, 2, 0), (5, 4, 1), (1, 5, 2), (0, 3, 3), (5, 3, 4), (4, 0, 5), (2, 3, 6), (4, 2, 7), (1, 0, 1)]),4208,SAT
P38828,28,10,10,CG(nc=7, r=10, tr=[(6, 2, 0), (0, 3, 1), (4, 5, 2), (2, 5, 3), (1, 6, 4), (4, 0, 5), (6, 1, 6), (1, 4, 7), (3, 5, 6), (3, 1, 2)]),CG(nc=7, r=10, tr=[(1, 2, 0), (0, 2, 1), (2, 3, 2), (4, 6, 3), (4, 5, 4), (4, 1, 5), (1, 3, 6), (6, 3, 7), (5, 0, 6), (1, 0, 2)]),11655,SAT
P38829,28,10,10,CG(nc=7, r=10, tr=[(6, 2, 0), (3, 0, 1), (4, 3, 2), (5, 1, 3), (4, 6, 4), (2, 5, 5), (1, 2, 6), (3, 0, 7), (5, 3, 6), (1, 0, 2)]),CG(nc=6, r=10, tr=[(0, 1, 0), (2, 5, 1), (0, 4, 2), (3, 4, 3), (5, 1, 4), (1, 3, 5), (0, 3, 6), (2, 4, 7), (1, 5, 2), (1, 4, 6)]),10529,SAT
P38830,26,9,9,CG(nc=6, r=9, tr=[(1, 0, 0), (2, 1, 1), (0, 2, 2), (3, 5, 3), (1, 5, 4), (4, 1, 5), (2, 3, 6), (0, 4, 7), (4, 3, 2)]),CG(nc=6, r=9, tr=[(1, 2, 0), (0, 2, 1), (1, 0, 2), (3, 5, 3), (0, 3, 4), (1, 3, 5), (1, 4, 6), (5, 4, 7), (4, 2, 2)]),4113,SAT
P38831,26,9,9,CG(nc=6, r=9, tr=[(1, 2, 0), (0, 3, 1), (0, 2, 2), (3, 1, 3), (4, 5, 4), (5, 3, 5), (2, 5, 6), (2, 1, 7), (1, 4, 2)]),CG(nc=6, r=9, tr=[(5, 2, 0), (3, 4, 1), (2, 4, 2), (2, 5, 3), (2, 0, 4), (1, 5, 5), (2, 1, 6), (5, 3, 7), (0, 4, 0)]),3667,SAT
P38844,28,10,10,CG(nc=8, r=10, tr=[(1, 2, 0), (3, 4, 1), (7, 3, 2), (0, 2, 3), (4, 0, 4), (6, 5, 5), (7, 6, 6), (0, 5, 7), (1, 6, 1), (3, 1, 5)]),CG(nc=6, r=10, tr=[(1, 2, 0), (3, 0, 1), (4, 5, 2), (2, 1, 3), (1, 0, 4), (2, 4, 5), (2, 5, 6), (4, 3, 7), (3, 1, 6), (0, 1, 2)]),9574,SAT
P38845,28,10,10,CG(nc=7, r=10, tr=[(1, 2, 0), (3, 0, 1), (4, 0, 2), (6, 2, 3), (6, 5, 4), (1, 4, 5), (4, 6, 6), (2, 0, 7), (3, 1, 6), (5, 3, 2)]),CG(nc=6, r=10, tr=[(1, 2, 0), (3, 2, 1), (2, 0, 2), (0, 4, 3), (4, 3, 4), (4, 1, 5), (1, 0, 6), (3, 5, 7), (1, 5, 2), (5, 3, 6)]),9329,SAT
P38846,26,9,9,CG(nc=6, r=9, tr=[(1, 2, 0), (2, 0, 1), (1, 0, 2), (3, 5, 3), (5, 4, 4), (3, 2, 5), (4, 3, 6), (2, 0, 7), (4, 1, 1)]),CG(nc=6, r=9, tr=[(0, 1, 0), (2, 5, 1), (4, 1, 2), (5, 3, 3), (3, 0, 4), (4, 5, 5), (3, 4, 6), (1, 2, 7), (4, 0, 1)]),4594,SAT
P38847,22,8,8,CG(nc=7, r=8, tr=[(1, 2, 0), (3, 0, 1), (0, 4, 2), (2, 6, 3), (5, 6, 4), (1, 4, 5), (1, 3, 6), (5, 3, 2)]),CG(nc=5, r=8, tr=[(4, 2, 0), (3, 2, 1), (3, 4, 2), (4, 2, 3), (3, 1, 4), (1, 4, 5), (0, 3, 6), (0, 2, 2)]),3896,SAT
P38888,30,11,11,CG(nc=7, r=11, tr=[(1, 2, 0), (0, 3, 1), (2, 4, 2), (2, 3, 3), (4, 6, 4), (5, 2, 5), (1, 6, 6), (5, 0, 7), (4, 5, 6), (1, 0, 2), (3, 6, 5)]),CG(nc=6, r=11, tr=[(5, 2, 0), (5, 3, 1), (4, 2, 2), (5, 4, 3), (0, 1, 4), (3, 0, 5), (1, 4, 6), (0, 4, 7), (1, 3, 0), (2, 3, 4), (2, 5, 6)]),227641,SAT
P38889,32,12,12,CG(nc=8, r=12, tr=[(1, 2, 0), (7, 4, 1), (5, 2, 2), (4, 2, 3), (5, 0, 4), (0, 4, 5), (0, 1, 6), (6, 7, 7), (4, 3, 7), (7, 1, 2), (6, 2, 5), (1, 3, 4)]),CG(nc=6, r=12, tr=[(1, 0, 0), (2, 3, 1), (0, 3, 2), (2, 0, 3), (5, 1, 4), (3, 0, 5), (5, 4, 6), (2, 5, 7), (4, 5, 1), (4, 2, 5), (1, 3, 6), (1, 4, 2)]),486101,SAT
P38890,28,10,10,CG(nc=6, r=10, tr=[(1, 5, 0), (3, 1, 1), (5, 3, 2), (4, 2, 3), (2, 0, 4), (0, 4, 5), (4, 0, 6), (5, 1, 7), (3, 2, 0), (4, 1, 4)]),CG(nc=7, r=10, tr=[(1, 6, 0), (6, 3, 1), (3, 1, 2), (4, 0, 3), (4, 6, 4), (4, 5, 5), (1, 5, 6), (0, 2, 7), (2, 3, 0), (1, 2, 4)]),13869,SAT
P38891,28,10,10,CG(nc=8, r=10, tr=[(1, 2, 0), (3, 7, 1), (5, 1, 2), (2, 0, 3), (6, 0, 4), (7, 5, 5), (3, 1, 6), (1, 6, 7), (3, 4, 3), (6, 4, 2)]),CG(nc=6, r=10, tr=[(1, 0, 0), (2, 3, 1), (2, 4, 2), (3, 5, 3), (5, 1, 4), (2, 1, 5), (3, 2, 6), (5, 4, 7), (3, 0, 4), (1, 4, 1)]),9356,SAT
P38894,28,10,10,CG(nc=8, r=10, tr=[(1, 2, 0), (3, 7, 1), (5, 1, 2), (2, 0, 3), (6, 2, 4), (7, 5, 5), (3, 1, 6), (5, 4, 7), (4, 0, 4), (3, 6, 2)]),CG(nc=6, r=10, tr=[(1, 2, 0), (3, 2, 1), (3, 1, 2), (4, 5, 3), (3, 4, 4), (4, 1, 5), (0, 3, 6), (1, 5, 7), (2, 0, 2), (0, 1, 3)]),10833,SAT
P38895,28,10,10,CG(nc=7, r=10, tr=[(1, 0, 0), (2, 0, 1), (3, 4, 2), (6, 3, 3), (1, 6, 4), (4, 1, 5), (5, 3, 6), (0, 3, 7), (5, 2, 0), (2, 4, 4)]),CG(nc=6, r=10, tr=[(1, 5, 0), (0, 3, 1), (1, 0, 2), (5, 4, 3), (4, 2, 4), (5, 3, 5), (3, 2, 6), (2, 1, 7), (4, 0, 5), (5, 3, 2)]),10167,SAT
P38910,28,10,10,CG(nc=7, r=10, tr=[(1, 2, 0), (1, 3, 1), (6, 5, 2), (0, 1, 3), (5, 3, 4), (2, 5, 5), (4, 2, 6), (3, 6, 7), (6, 4, 1), (0, 4, 5)]),CG(nc=6, r=10, tr=[(1, 5, 0), (5, 3, 1), (3, 1, 2), (4, 2, 3), (4, 5, 4), (0, 3, 5), (3, 4, 6), (2, 1, 7), (2, 0, 1), (1, 2, 5)]),10416,SAT
P38911,22,8,8,CG(nc=6, r=8, tr=[(1, 0, 0), (1, 2, 1), (0, 2, 2), (3, 5, 3), (1, 4, 4), (1, 4, 5), (3, 2, 6), (4, 3, 2)]),CG(nc=5, r=8, tr=[(1, 4, 0), (3, 1, 1), (0, 1, 2), (0, 4, 3), (3, 4, 4), (2, 0, 5), (3, 2, 6), (0, 3, 0)]),3540,SAT
P390,28,10,10,CG(nc=7, r=10, tr=[(1, 0, 0), (2, 6, 1), (4, 5, 2), (1, 5, 3), (0, 5, 4), (4, 3, 5), (1, 2, 6), (0, 3, 7), (6, 5, 0), (4, 6, 4)]),CG(nc=7, r=10, tr=[(6, 2, 0), (3, 4, 1), (3, 2, 2), (6, 4, 3), (5, 3, 4), (0, 1, 5), (5, 6, 6), (5, 4, 7), (1, 3, 3), (5, 0, 2)]),9499,SAT
P39040,22,7,7,CG(nc=5, r=7, tr=[(1, 2, 0), (4, 3, 1), (0, 3, 4), (0, 2, 5), (4, 2, 6), (1, 0, 7), (4, 1, 5)]),CG(nc=5, r=7, tr=[(4, 2, 0), (3, 2, 1), (1, 2, 4), (0, 3, 5), (3, 1, 6), (1, 0, 7), (4, 2, 5)]),3604,SAT
P39041,26,9,9,CG(nc=6, r=9, tr=[(1, 0, 0), (5, 3, 1), (4, 0, 2), (1, 2, 3), (3, 0, 4), (1, 5, 5), (0, 2, 6), (4, 1, 7), (5, 4, 6)]),CG(nc=6, r=9, tr=[(5, 2, 0), (0, 3, 1), (3, 4, 2), (4, 2, 3), (3, 0, 4), (3, 2, 5), (1, 2, 6), (3, 1, 7), (1, 5, 5)]),4421,SAT
P39042,26,9,9,CG(nc=6, r=9, tr=[(1, 2, 0), (3, 4, 1), (1, 4, 2), (2, 5, 3), (3, 5, 4), (1, 0, 5), (3, 0, 6), (5, 4, 7), (1, 0, 4)]),CG(nc=7, r=9, tr=[(1, 0, 0), (1, 2, 1), (3, 6, 2), (1, 0, 3), (0, 5, 4), (4, 5, 5), (6, 4, 6), (4, 2, 7), (3, 2, 4)]),3903,SAT
P39043,26,9,9,CG(nc=6, r=9, tr=[(5, 2, 0), (3, 0, 1), (4, 1, 2), (1, 4, 3), (5, 3, 4), (2, 1, 5), (1, 3, 6), (5, 1, 7), (4, 0, 5)]),CG(nc=6, r=9, tr=[(1, 2, 0), (5, 4, 1), (3, 0, 2), (3, 4, 3), (5, 1, 4), (2, 1, 5), (4, 1, 6), (0, 2, 7), (0, 3, 5)]),4035,SAT
P39046,30,11,11,CG(nc=7, r=11, tr=[(1, 6, 0), (3, 1, 1), (4, 1, 2), (3, 6, 3), (5, 4, 4), (0, 2, 5), (3, 2, 6), (5, 6, 7), (0, 2, 7), (2, 4, 5), (1, 0, 4)]),CG(nc=7, r=11, tr=[(1, 2, 0), (3, 1, 1), (6, 1, 2), (2, 5, 3), (5, 3, 4), (0, 5, 5), (2, 0, 6), (3, 6, 7), (3, 4, 6), (6, 4, 5), (0, 2, 4)]),236665,SAT
P39047,28,10,10,CG(nc=6, r=10, tr=[(1, 2, 0), (1, 3, 1), (3, 2, 2), (1, 0, 3), (3, 5, 4), (3, 5, 5), (3, 4, 6), (2, 0, 7), (4, 1, 3), (4, 5, 7)]),CG(nc=7, r=10, tr=[(1, 2, 0), (1, 6, 1), (4, 5, 2), (5, 1, 3), (3, 4, 4), (6, 4, 5), (0, 3, 6), (2, 3, 7), (4, 0, 1), (0, 2, 5)]),11997,SAT
P39048,20,6,6,CG(nc=4, r=6, tr=[(1, 0, 0), (3, 2, 1), (2, 0, 4), (1, 3, 5), (1, 0, 6), (2, 3, 7)]),CG(nc=6, r=6, tr=[(1, 0, 0), (2, 5, 1), (5, 4, 4), (0, 4, 5), (3, 2, 6), (3, 1, 7)]),2568,SAT
P39049,24,8,8,CG(nc=6, r=8, tr=[(5, 2, 0), (3, 0, 1), (5, 4, 2), (0, 1, 3), (5, 3, 4), (2, 0, 5), (1, 3, 6), (2, 4, 7)]),CG(nc=7, r=8, tr=[(6, 2, 0), (2, 3, 1), (4, 0, 2), (4, 3, 3), (5, 0, 4), (6, 5, 5), (1, 3, 6), (1, 0, 7)]),2498,SAT
P39050,24,8,8,CG(nc=6, r=8, tr=[(1, 2, 0), (3, 5, 1), (0, 2, 2), (1, 4, 3), (0, 3, 4), (1, 5, 5), (4, 0, 6), (3, 5, 7)]),CG(nc=7, r=8, tr=[(6, 2, 0), (3, 4, 1), (5, 1, 2), (1, 0, 3), (5, 6, 4), (5, 0, 5), (3, 2, 6), (4, 0, 7)]),2323,SAT
P39051,24,8,8,CG(nc=5, r=8, tr=[(1, 4, 0), (3, 4, 1), (2, 0, 2), (0, 2, 3), (0, 3, 4), (2, 1, 5), (4, 1, 6), (1, 4, 7)]),CG(nc=6, r=8, tr=[(5, 2, 0), (3, 4, 1), (5, 3, 2), (4, 0, 3), (5, 1, 4), (1, 0, 5), (0, 4, 6), (3, 2, 7)]),2271,SAT
P39054,26,9,9,CG(nc=5, r=9, tr=[(1, 2, 0), (3, 4, 1), (0, 2, 2), (2, 0, 3), (2, 3, 4), (4, 1, 5), (2, 1, 6), (2, 1, 7), (0, 3, 5)]),CG(nc=7, r=9, tr=[(6, 2, 0), (3, 2, 1), (4, 5, 2), (2, 5, 3), (2, 0, 4), (0, 4, 5), (0, 1, 6), (1, 3, 7), (4, 6, 4)]),4613,SAT
P39055,24,8,8,CG(nc=4, r=8, tr=[(1, 0, 0), (1, 0, 1), (2, 1, 2), (2, 1, 3), (3, 2, 4), (2, 3, 5), (0, 1, 6), (0, 1, 7)]),CG(nc=7, r=8, tr=[(6, 2, 0), (3, 0, 1), (0, 4, 2), (4, 6, 3), (5, 6, 4), (0, 5, 5), (2, 1, 6), (1, 3, 7)]),2275,SAT
P39056,22,7,7,CG(nc=4, r=7, tr=[(1, 0, 0), (1, 0, 1), (1, 3, 4), (1, 3, 5), (0, 2, 6), (3, 2, 7), (1, 0, 6)]),CG(nc=5, r=7, tr=[(4, 2, 0), (0, 3, 1), (1, 3, 4), (4, 3, 5), (2, 3, 6), (0, 1, 7), (2, 0, 4)]),3690,SAT
P39057,22,7,7,CG(nc=5, r=7, tr=[(4, 2, 0), (0, 3, 1), (4, 1, 3), (3, 4, 4), (2, 0, 5), (2, 1, 6), (0, 1, 7)]),CG(nc=6, r=7, tr=[(1, 2, 0), (0, 1, 1), (2, 5, 3), (4, 0, 4), (4, 3, 5), (2, 3, 6), (3, 5, 7)]),2269,SAT
P39058,26,9,9,CG(nc=6, r=9, tr=[(1, 2, 0), (1, 0, 1), (2, 0, 2), (0, 3, 3), (4, 0, 4), (1, 5, 5), (3, 1, 6), (3, 4, 7), (5, 4, 1)]),CG(nc=6, r=9, tr=[(1, 2, 0), (1, 0, 1), (3, 4, 2), (5, 3, 3), (4, 1, 4), (5, 1, 5), (0, 4, 6), (3, 0, 7), (2, 5, 6)]),4639,SAT
P39059,24,8,8,CG(nc=5, r=8, tr=[(1, 2, 0), (2, 0, 1), (1, 0, 2), (3, 0, 3), (4, 2, 4), (4, 2, 5), (2, 3, 6), (3, 4, 7)]),CG(nc=5, r=8, tr=[(0, 1, 0), (4, 3, 1), (0, 1, 2), (1, 3, 3), (2, 4, 4), (0, 3, 5), (2, 1, 6), (3, 2, 7)]),2358,SAT
P39062,28,10,10,CG(nc=6, r=10, tr=[(1, 0, 0), (2, 0, 1), (2, 1, 2), (2, 1, 3), (3, 0, 4), (2, 5, 5), (3, 2, 6), (5, 4, 7), (3, 4, 0), (5, 1, 4)]),CG(nc=7, r=10, tr=[(1, 2, 0), (0, 3, 1), (4, 5, 2), (2, 4, 3), (3, 5, 4), (1, 0, 5), (1, 3, 6), (3, 0, 7), (5, 6, 5), (2, 6, 1)]),15237,SAT
P39063,28,10,10,CG(nc=7, r=10, tr=[(1, 0, 0), (2, 3, 1), (4, 1, 2), (2, 4, 3), (4, 6, 4), (6, 4, 5), (2, 0, 6), (5, 3, 7), (5, 6, 0), (1, 0, 1)]),CG(nc=7, r=10, tr=[(1, 2, 0), (3, 2, 1), (6, 5, 2), (1, 5, 3), (3, 2, 4), (0, 2, 5), (6, 3, 6), (4, 3, 7), (4, 6, 4), (0, 1, 1)]),11791,SAT
P39064,16,5,5,CG(nc=4, r=5, tr=[(0, 1, 0), (3, 2, 1), (2, 0, 3), (1, 3, 4), (0, 1, 5)]),CG(nc=5, r=5, tr=[(1, 2, 0), (4, 1, 1), (4, 3, 3), (0, 3, 4), (0, 2, 5)]),1586,SAT
P39065,18,6,6,CG(nc=5, r=6, tr=[(4, 2, 0), (0, 3, 1), (1, 2, 3), (3, 4, 4), (0, 2, 5), (1, 4, 6)]),CG(nc=5, r=6, tr=[(1, 0, 0), (2, 4, 1), (1, 2, 3), (4, 3, 4), (0, 3, 5), (2, 1, 6)]),1580,SAT
P39066,20,7,7,CG(nc=5, r=7, tr=[(4, 2, 0), (0, 3, 1), (2, 1, 2), (2, 1, 3), (3, 4, 4), (1, 0, 5), (3, 0, 6)]),CG(nc=6, r=7, tr=[(1, 5, 0), (3, 0, 1), (0, 4, 2), (2, 4, 3), (2, 5, 4), (2, 0, 5), (3, 1, 6)]),1994,SAT
P39067,20,7,7,CG(nc=5, r=7, tr=[(1, 2, 0), (2, 4, 1), (1, 4, 2), (3, 4, 3), (0, 2, 4), (0, 2, 5), (2, 3, 6)]),CG(nc=5, r=7, tr=[(4, 2, 0), (2, 3, 1), (4, 2, 2), (0, 3, 3), (0, 1, 4), (1, 4, 5), (0, 3, 6)]),2198,SAT
P39070,22,8,8,CG(nc=6, r=8, tr=[(1, 2, 0), (2, 3, 1), (0, 2, 2), (0, 2, 3), (5, 3, 4), (1, 5, 5), (0, 4, 6), (3, 4, 5)]),CG(nc=5, r=8, tr=[(0, 1, 0), (2, 1, 1), (3, 0, 2), (2, 3, 3), (1, 4, 4), (2, 4, 5), (4, 2, 6), (0, 1, 5)]),3909,SAT
P39071,20,7,7,CG(nc=5, r=7, tr=[(1, 0, 0), (0, 1, 1), (2, 1, 2), (0, 3, 3), (4, 2, 4), (4, 2, 5), (3, 2, 6)]),CG(nc=6, r=7, tr=[(1, 0, 0), (2, 5, 1), (0, 4, 2), (5, 4, 3), (5, 3, 4), (0, 3, 5), (2, 1, 6)]),2009,SAT
P39072,22,7,7,CG(nc=5, r=7, tr=[(1, 2, 0), (3, 4, 1), (1, 0, 3), (3, 0, 4), (4, 2, 5), (2, 0, 6), (2, 3, 7)]),CG(nc=5, r=7, tr=[(4, 2, 0), (0, 3, 1), (2, 4, 3), (1, 0, 4), (4, 3, 5), (2, 1, 6), (1, 3, 7)]),1877,SAT
P39073,26,9,9,CG(nc=6, r=9, tr=[(5, 2, 0), (0, 3, 1), (4, 1, 2), (1, 2, 3), (3, 5, 4), (0, 4, 5), (5, 1, 6), (1, 3, 7), (4, 2, 6)]),CG(nc=7, r=9, tr=[(1, 2, 0), (1, 0, 1), (3, 2, 2), (6, 3, 3), (0, 5, 4), (4, 5, 5), (5, 3, 6), (6, 4, 7), (4, 2, 6)]),4174,SAT
P39074,24,8,8,CG(nc=5, r=8, tr=[(0, 1, 0), (2, 4, 1), (3, 4, 3), (1, 4, 4), (1, 3, 5), (3, 2, 6), (0, 3, 7), (2, 0, 4)]),CG(nc=6, r=8, tr=[(1, 5, 0), (3, 0, 1), (3, 4, 3), (5, 4, 4), (1, 4, 5), (3, 2, 6), (2, 1, 7), (0, 2, 4)]),3505,SAT
P39075,26,9,9,CG(nc=6, r=9, tr=[(1, 2, 0), (3, 5, 1), (1, 4, 2), (0, 2, 3), (3, 0, 4), (1, 5, 5), (0, 4, 6), (4, 3, 7), (2, 1, 6)]),CG(nc=6, r=9, tr=[(5, 2, 0), (0, 3, 1), (4, 3, 2), (4, 5, 3), (0, 1, 4), (5, 4, 5), (1, 4, 6), (3, 1, 7), (4, 2, 6)]),3952,SAT
P39076,26,9,9,CG(nc=5, r=9, tr=[(1, 4, 0), (3, 4, 1), (4, 2, 2), (3, 1, 3), (0, 1, 4), (3, 0, 5), (0, 2, 6), (2, 1, 7), (3, 4, 6)]),CG(nc=6, r=9, tr=[(1, 2, 0), (3, 0, 1), (4, 0, 2), (4, 1, 3), (3, 4, 4), (5, 2, 5), (5, 1, 6), (3, 2, 7), (0, 3, 4)]),4535,SAT
P39077,26,9,9,CG(nc=6, r=9, tr=[(1, 2, 0), (0, 3, 1), (5, 4, 2), (4, 1, 3), (4, 3, 4), (2, 0, 5), (0, 3, 6), (2, 3, 7), (1, 5, 6)]),CG(nc=6, r=9, tr=[(1, 2, 0), (3, 0, 1), (2, 0, 2), (5, 1, 3), (0, 4, 4), (3, 5, 5), (2, 5, 6), (3, 4, 7), (1, 4, 6)]),4152,SAT
P39078,28,10,10,CG(nc=6, r=10, tr=[(0, 1, 0), (0, 2, 1), (3, 4, 2), (1, 2, 3), (0, 3, 4), (5, 2, 5), (3, 2, 6), (4, 5, 7), (1, 5, 4), (4, 3, 0)]),CG(nc=6, r=10, tr=[(1, 2, 0), (2, 5, 1), (0, 4, 2), (1, 5, 3), (3, 2, 4), (2, 4, 5), (1, 4, 6), (0, 4, 7), (5, 3, 7), (3, 0, 3)]),9818,SAT
P39079,28,10,10,CG(nc=6, r=10, tr=[(1, 2, 0), (2, 5, 1), (4, 5, 2), (3, 2, 3), (3, 0, 4), (0, 2, 5), (4, 0, 6), (4, 3, 7), (1, 5, 3), (3, 1, 6)]),CG(nc=7, r=10, tr=[(0, 1, 0), (1, 2, 1), (1, 3, 2), (2, 0, 3), (4, 6, 4), (5, 0, 5), (2, 4, 6), (5, 4, 7), (3, 6, 3), (5, 6, 1)]),11131,SAT
P39080,22,7,7,CG(nc=5, r=7, tr=[(1, 2, 0), (3, 0, 1), (4, 2, 3), (4, 3, 4), (0, 1, 5), (1, 4, 6), (0, 3, 7)]),CG(nc=5, r=7, tr=[(1, 0, 0), (2, 4, 1), (3, 0, 3), (1, 4, 4), (1, 0, 5), (1, 3, 6), (2, 3, 7)]),2094,SAT
P39081,26,9,9,CG(nc=6, r=9, tr=[(1, 0, 0), (5, 3, 1), (5, 4, 2), (2, 3, 3), (0, 3, 4), (1, 2, 5), (2, 5, 6), (3, 4, 7), (4, 3, 0)]),CG(nc=6, r=9, tr=[(0, 1, 0), (2, 3, 1), (2, 5, 2), (4, 1, 3), (1, 5, 4), (0, 1, 5), (4, 0, 6), (5, 2, 7), (3, 4, 0)]),3790,SAT
P39082,22,7,7,CG(nc=5, r=7, tr=[(1, 2, 0), (3, 0, 1), (4, 2, 3), (4, 3, 4), (0, 1, 5), (3, 0, 6), (1, 3, 7)]),CG(nc=6, r=7, tr=[(1, 5, 0), (3, 4, 1), (2, 0, 3), (5, 2, 4), (0, 2, 5), (0, 4, 6), (3, 1, 7)]),2011,SAT
P39083,24,8,8,CG(nc=6, r=8, tr=[(0, 1, 0), (2, 5, 1), (2, 4, 2), (1, 3, 3), (2, 0, 4), (3, 5, 5), (1, 0, 6), (5, 4, 7)]),CG(nc=6, r=8, tr=[(1, 2, 0), (5, 1, 1), (2, 4, 2), (4, 0, 3), (5, 4, 4), (4, 3, 5), (3, 2, 6), (3, 0, 7)]),2288,SAT
P39084,24,8,8,CG(nc=5, r=8, tr=[(4, 2, 0), (3, 4, 1), (2, 1, 2), (3, 2, 3), (2, 0, 4), (3, 0, 5), (4, 3, 6), (1, 4, 7)]),CG(nc=6, r=8, tr=[(1, 5, 0), (3, 4, 1), (3, 1, 2), (3, 2, 3), (2, 5, 4), (0, 2, 5), (0, 3, 6), (4, 1, 7)]),2171,SAT
P39085,26,9,9,CG(nc=6, r=9, tr=[(1, 2, 0), (0, 3, 1), (4, 5, 2), (2, 0, 3), (3, 4, 4), (5, 1, 5), (3, 2, 6), (0, 3, 7), (4, 5, 3)]),CG(nc=6, r=9, tr=[(1, 0, 0), (5, 3, 1), (4, 2, 2), (0, 4, 3), (1, 5, 4), (1, 0, 5), (1, 4, 6), (4, 3, 7), (5, 2, 0)]),4178,SAT
P39086,26,9,9,CG(nc=6, r=9, tr=[(5, 2, 0), (5, 3, 1), (4, 5, 2), (2, 3, 3), (2, 0, 4), (1, 2, 5), (1, 5, 6), (2, 4, 7), (0, 3, 5)]),CG(nc=7, r=9, tr=[(1, 2, 0), (6, 4, 1), (0, 5, 2), (4, 3, 3), (0, 3, 4), (6, 3, 5), (4, 1, 6), (2, 0, 7), (5, 4, 5)]),3881,SAT
P39087,24,8,8,CG(nc=6, r=8, tr=[(1, 2, 0), (2, 3, 1), (0, 4, 2), (0, 2, 3), (3, 5, 4), (1, 5, 5), (1, 2, 6), (4, 3, 7)]),CG(nc=5, r=8, tr=[(4, 2, 0), (3, 0, 1), (0, 1, 2), (1, 4, 3), (2, 0, 4), (2, 4, 5), (1, 2, 6), (1, 3, 7)]),1952,SAT
P39088,22,7,7,CG(nc=5, r=7, tr=[(1, 2, 0), (3, 4, 1), (2, 0, 3), (3, 0, 4), (4, 1, 5), (0, 1, 6), (2, 3, 7)]),CG(nc=5, r=7, tr=[(4, 2, 0), (0, 3, 1), (2, 4, 3), (0, 3, 4), (1, 3, 5), (2, 3, 6), (1, 4, 7)]),1869,SAT
P39089,24,8,8,CG(nc=6, r=8, tr=[(0, 1, 0), (2, 5, 1), (4, 5, 3), (0, 2, 4), (4, 1, 5), (1, 3, 6), (3, 5, 7), (3, 0, 3)]),CG(nc=5, r=8, tr=[(1, 2, 0), (0, 3, 1), (2, 4, 3), (3, 0, 4), (4, 2, 5), (1, 4, 6), (2, 3, 7), (3, 1, 3)]),3737,SAT
P39090,24,8,8,CG(nc=5, r=8, tr=[(1, 2, 0), (1, 3, 1), (1, 4, 3), (4, 1, 4), (2, 0, 5), (3, 4, 6), (2, 0, 7), (3, 0, 4)]),CG(nc=6, r=8, tr=[(1, 0, 0), (2, 1, 1), (3, 0, 3), (3, 2, 4), (0, 4, 5), (2, 5, 6), (4, 1, 7), (5, 1, 4)]),3814,SAT
P39091,22,7,7,CG(nc=5, r=7, tr=[(4, 2, 0), (3, 0, 1), (0, 1, 3), (4, 3, 4), (2, 1, 5), (1, 3, 6), (1, 2, 7)]),CG(nc=5, r=7, tr=[(0, 1, 0), (2, 4, 1), (0, 2, 3), (4, 1, 4), (1, 3, 5), (1, 2, 6), (3, 0, 7)]),1945,SAT
P39092,26,9,9,CG(nc=6, r=9, tr=[(1, 2, 0), (3, 5, 1), (3, 4, 2), (5, 2, 3), (0, 4, 4), (0, 1, 5), (5, 1, 6), (2, 0, 7), (1, 4, 3)]),CG(nc=5, r=9, tr=[(1, 0, 0), (2, 4, 1), (4, 2, 2), (3, 2, 3), (4, 1, 4), (1, 3, 5), (0, 3, 6), (0, 3, 7), (2, 1, 6)]),4294,SAT
P39093,26,9,9,CG(nc=7, r=9, tr=[(6, 2, 0), (3, 4, 1), (0, 3, 2), (4, 5, 3), (6, 4, 4), (1, 0, 5), (5, 0, 6), (5, 2, 7), (2, 1, 3)]),CG(nc=6, r=9, tr=[(1, 2, 0), (3, 2, 1), (0, 1, 2), (5, 2, 3), (4, 5, 4), (3, 4, 5), (3, 0, 6), (3, 0, 7), (5, 1, 6)]),3920,SAT
P39094,28,10,10,CG(nc=6, r=10, tr=[(1, 2, 0), (3, 1, 1), (4, 5, 2), (4, 5, 3), (4, 3, 4), (2, 4, 5), (0, 3, 6), (5, 2, 7), (0, 1, 3), (1, 0, 4)]),CG(nc=7, r=10, tr=[(1, 0, 0), (1, 2, 1), (3, 6, 2), (5, 2, 3), (0, 5, 4), (1, 4, 5), (6, 2, 6), (0, 4, 7), (3, 4, 3), (1, 6, 4)]),9240,SAT
P39095,26,9,9,CG(nc=6, r=9, tr=[(1, 2, 0), (5, 4, 1), (4, 3, 2), (5, 2, 3), (0, 3, 4), (0, 1, 5), (4, 2, 6), (0, 1, 7), (4, 3, 3)]),CG(nc=6, r=9, tr=[(1, 2, 0), (5, 1, 1), (4, 2, 2), (0, 1, 3), (4, 2, 4), (5, 4, 5), (0, 2, 6), (3, 2, 7), (0, 3, 4)]),5113,SAT
P39096,18,6,6,CG(nc=5, r=6, tr=[(1, 4, 0), (3, 0, 1), (2, 1, 3), (3, 4, 4), (2, 0, 5), (4, 2, 6)]),CG(nc=4, r=6, tr=[(1, 2, 0), (2, 3, 1), (1, 2, 3), (2, 3, 4), (0, 2, 5), (1, 0, 6)]),1697,SAT
P39097,20,7,7,CG(nc=5, r=7, tr=[(1, 2, 0), (0, 3, 1), (1, 3, 3), (3, 4, 4), (2, 4, 5), (1, 0, 6), (0, 3, 0)]),CG(nc=5, r=7, tr=[(0, 1, 0), (4, 3, 1), (2, 1, 3), (4, 1, 4), (1, 0, 5), (0, 2, 6), (3, 2, 0)]),3435,SAT
P39098,18,6,6,CG(nc=5, r=6, tr=[(1, 2, 0), (3, 4, 1), (2, 0, 3), (3, 0, 4), (1, 4, 5), (3, 4, 6)]),CG(nc=5, r=6, tr=[(4, 2, 0), (3, 0, 1), (1, 0, 3), (4, 1, 4), (0, 1, 5), (3, 2, 6)]),1776,SAT
P39099,18,6,6,CG(nc=5, r=6, tr=[(1, 0, 0), (4, 3, 1), (2, 4, 3), (0, 3, 4), (2, 1, 5), (0, 1, 6)]),CG(nc=4, r=6, tr=[(1, 0, 0), (3, 2, 1), (2, 0, 3), (3, 2, 4), (0, 2, 5), (1, 2, 6)]),1898,SAT
P391,24,9,9,CG(nc=6, r=9, tr=[(1, 2, 0), (0, 2, 1), (0, 3, 2), (4, 0, 3), (5, 3, 4), (3, 5, 5), (1, 4, 6), (5, 4, 0), (5, 2, 3)]),CG(nc=6, r=9, tr=[(0, 1, 0), (0, 2, 1), (3, 5, 2), (2, 1, 3), (4, 5, 4), (2, 3, 5), (3, 0, 6), (1, 4, 5), (3, 1, 1)]),8130,SAT
P39100,20,7,7,CG(nc=5, r=7, tr=[(1, 0, 0), (1, 0, 1), (1, 2, 2), (2, 3, 3), (4, 2, 4), (4, 3, 5), (0, 3, 6)]),CG(nc=5, r=7, tr=[(1, 4, 0), (1, 3, 1), (3, 1, 2), (3, 2, 3), (4, 2, 4), (2, 0, 5), (3, 0, 6)]),2238,SAT
P39101,22,8,8,CG(nc=6, r=8, tr=[(0, 1, 0), (2, 3, 1), (5, 3, 2), (2, 4, 3), (2, 0, 4), (1, 4, 5), (4, 5, 6), (2, 5, 0)]),CG(nc=5, r=8, tr=[(0, 1, 0), (2, 4, 1), (3, 4, 2), (1, 3, 3), (1, 4, 4), (0, 1, 5), (0, 3, 6), (2, 3, 0)]),4423,SAT
P39102,22,8,8,CG(nc=6, r=8, tr=[(1, 2, 0), (0, 3, 1), (3, 4, 2), (5, 1, 3), (1, 3, 4), (0, 2, 5), (4, 2, 6), (5, 4, 4)]),CG(nc=5, r=8, tr=[(1, 2, 0), (1, 0, 1), (1, 0, 2), (3, 2, 3), (4, 2, 4), (4, 3, 5), (2, 4, 6), (0, 3, 4)]),3651,SAT
P39103,20,7,7,CG(nc=6, r=7, tr=[(1, 5, 0), (3, 4, 1), (0, 4, 2), (0, 2, 3), (3, 5, 4), (1, 2, 5), (2, 3, 6)]),CG(nc=5, r=7, tr=[(0, 1, 0), (4, 3, 1), (3, 4, 2), (0, 3, 3), (2, 4, 4), (0, 2, 5), (1, 3, 6)]),1777,SAT
P39136,26,9,9,CG(nc=5, r=9, tr=[(4, 2, 0), (4, 3, 1), (3, 2, 3), (0, 2, 4), (1, 2, 5), (2, 4, 6), (1, 4, 7), (0, 1, 6), (0, 3, 5)]),CG(nc=7, r=9, tr=[(1, 2, 0), (2, 0, 1), (0, 1, 3), (3, 4, 4), (4, 0, 5), (3, 1, 6), (3, 6, 7), (4, 5, 6), (6, 5, 3)]),7071,SAT
P39137,28,10,10,CG(nc=6, r=10, tr=[(1, 2, 0), (3, 5, 1), (4, 1, 2), (0, 4, 3), (1, 3, 4), (0, 3, 5), (1, 0, 6), (5, 4, 7), (2, 4, 6), (5, 2, 5)]),CG(nc=7, r=10, tr=[(1, 2, 0), (0, 3, 1), (1, 6, 2), (2, 3, 3), (2, 5, 4), (0, 5, 5), (5, 4, 6), (6, 2, 7), (1, 3, 6), (6, 4, 3)]),10019,SAT
P39138,24,8,8,CG(nc=6, r=8, tr=[(1, 2, 0), (3, 0, 1), (1, 5, 3), (3, 1, 4), (0, 2, 5), (3, 4, 6), (4, 5, 7), (4, 2, 4)]),CG(nc=6, r=8, tr=[(1, 0, 0), (2, 3, 1), (4, 3, 3), (4, 0, 4), (4, 1, 5), (5, 3, 6), (1, 2, 7), (2, 5, 4)]),3475,SAT
P39139,28,10,10,CG(nc=6, r=10, tr=[(1, 5, 0), (3, 0, 1), (0, 3, 2), (0, 4, 3), (2, 5, 4), (1, 4, 5), (2, 3, 6), (4, 5, 7), (4, 2, 1), (3, 1, 4)]),CG(nc=7, r=10, tr=[(1, 0, 0), (2, 3, 1), (2, 4, 2), (6, 4, 3), (3, 5, 4), (0, 5, 5), (5, 4, 6), (3, 6, 7), (3, 0, 3), (1, 2, 6)]),9655,SAT
P39142,28,10,10,CG(nc=6, r=10, tr=[(1, 0, 0), (2, 3, 1), (2, 5, 3), (0, 3, 4), (5, 4, 5), (4, 3, 6), (0, 2, 7), (2, 1, 5), (1, 5, 4), (4, 5, 0)]),CG(nc=6, r=10, tr=[(1, 0, 0), (2, 3, 1), (2, 5, 3), (0, 3, 4), (5, 4, 5), (4, 3, 6), (0, 2, 7), (2, 1, 5), (1, 5, 4), (4, 5, 0)]),208720,SAT
P39143,28,10,10,CG(nc=6, r=10, tr=[(5, 2, 0), (3, 4, 1), (1, 0, 2), (0, 3, 3), (4, 5, 4), (2, 3, 5), (1, 4, 6), (5, 3, 7), (1, 2, 4), (1, 0, 0)]),CG(nc=6, r=10, tr=[(0, 1, 0), (5, 3, 1), (4, 3, 2), (0, 4, 3), (1, 5, 4), (2, 1, 5), (4, 1, 6), (0, 2, 7), (5, 2, 3), (3, 4, 7)]),10567,SAT
P39144,24,8,8,CG(nc=5, r=8, tr=[(1, 0, 0), (2, 3, 1), (4, 3, 3), (1, 4, 4), (3, 1, 5), (2, 4, 6), (2, 3, 7), (2, 0, 4)]),CG(nc=6, r=8, tr=[(1, 5, 0), (3, 4, 1), (2, 4, 3), (5, 2, 4), (2, 0, 5), (4, 1, 6), (3, 0, 7), (1, 0, 4)]),3770,SAT
P39145,28,10,10,CG(nc=7, r=10, tr=[(1, 2, 0), (2, 3, 1), (4, 5, 2), (2, 6, 3), (4, 1, 4), (1, 0, 5), (5, 2, 6), (5, 6, 7), (3, 0, 4), (5, 3, 3)]),CG(nc=6, r=10, tr=[(0, 1, 0), (1, 2, 1), (5, 4, 2), (2, 4, 3), (1, 5, 4), (1, 0, 5), (0, 4, 6), (3, 5, 7), (2, 3, 6), (5, 3, 5)]),9700,SAT
P39146,24,8,8,CG(nc=5, r=8, tr=[(1, 0, 0), (2, 0, 1), (4, 3, 3), (1, 4, 4), (1, 3, 5), (0, 1, 6), (3, 0, 7), (2, 1, 3)]),CG(nc=5, r=8, tr=[(1, 4, 0), (1, 3, 1), (4, 3, 3), (0, 1, 4), (0, 2, 5), (2, 3, 6), (2, 0, 7), (4, 1, 5)]),3770,SAT
P39147,28,10,10,CG(nc=7, r=10, tr=[(1, 0, 0), (2, 3, 1), (2, 4, 2), (3, 5, 3), (5, 0, 4), (6, 4, 5), (3, 6, 6), (5, 2, 7), (1, 6, 4), (1, 4, 3)]),CG(nc=7, r=10, tr=[(1, 2, 0), (1, 3, 1), (4, 3, 2), (0, 4, 3), (6, 4, 4), (5, 4, 5), (5, 2, 6), (5, 0, 7), (1, 6, 1), (2, 6, 3)]),10482,SAT
P39150,24,8,8,CG(nc=6, r=8, tr=[(1, 2, 0), (1, 3, 1), (1, 0, 3), (5, 3, 4), (5, 2, 5), (4, 3, 6), (4, 3, 7), (0, 4, 5)]),CG(nc=6, r=8, tr=[(1, 0, 0), (2, 3, 1), (5, 4, 3), (2, 4, 4), (0, 4, 5), (1, 3, 6), (2, 5, 7), (3, 0, 3)]),3225,SAT
P39151,26,9,9,CG(nc=6, r=9, tr=[(1, 0, 0), (2, 3, 1), (5, 4, 2), (5, 2, 3), (4, 1, 4), (2, 1, 5), (1, 0, 6), (2, 0, 7), (3, 0, 4)]),CG(nc=6, r=9, tr=[(1, 5, 0), (3, 4, 1), (5, 2, 2), (0, 2, 3), (4, 3, 4), (2, 4, 5), (1, 4, 6), (0, 3, 7), (5, 2, 4)]),3986,SAT
P39152,22,7,7,CG(nc=4, r=7, tr=[(3, 2, 0), (2, 3, 1), (2, 1, 3), (1, 0, 4), (0, 1, 5), (3, 1, 6), (1, 0, 7)]),CG(nc=6, r=7, tr=[(0, 1, 0), (2, 1, 1), (0, 2, 3), (3, 0, 4), (5, 4, 5), (5, 2, 6), (4, 3, 7)]),2049,SAT
P39153,24,8,8,CG(nc=5, r=8, tr=[(4, 2, 0), (4, 2, 1), (3, 4, 3), (1, 2, 4), (1, 2, 5), (2, 3, 6), (3, 0, 7), (1, 0, 3)]),CG(nc=6, r=8, tr=[(1, 2, 0), (3, 1, 1), (2, 0, 3), (4, 0, 4), (4, 2, 5), (3, 0, 6), (5, 2, 7), (5, 3, 3)]),3780,SAT
P39154,22,7,7,CG(nc=5, r=7, tr=[(4, 2, 0), (3, 1, 1), (1, 0, 3), (3, 4, 4), (2, 1, 5), (3, 0, 6), (2, 1, 7)]),CG(nc=5, r=7, tr=[(4, 2, 0), (3, 2, 1), (4, 3, 3), (2, 0, 4), (4, 1, 5), (0, 3, 6), (2, 1, 7)]),1915,SAT
P39155,24,8,8,CG(nc=6, r=8, tr=[(1, 2, 0), (3, 4, 1), (5, 4, 3), (3, 2, 4), (1, 4, 5), (5, 3, 6), (4, 0, 7), (0, 2, 3)]),CG(nc=6, r=8, tr=[(1, 2, 0), (5, 4, 1), (0, 4, 3), (2, 3, 4), (3, 5, 5), (1, 4, 6), (0, 2, 7), (5, 1, 3)]),3691,SAT
P39158,24,8,8,CG(nc=6, r=8, tr=[(1, 2, 0), (2, 3, 1), (4, 5, 3), (4, 3, 4), (1, 4, 5), (0, 3, 6), (1, 5, 7), (0, 2, 3)]),CG(nc=5, r=8, tr=[(1, 2, 0), (2, 4, 1), (3, 0, 3), (3, 2, 4), (2, 0, 5), (1, 0, 6), (3, 4, 7), (4, 1, 3)]),3508,SAT
P39159,24,8,8,CG(nc=6, r=8, tr=[(1, 5, 0), (3, 4, 1), (3, 2, 3), (5, 2, 4), (1, 4, 5), (0, 3, 6), (1, 4, 7), (0, 4, 3)]),CG(nc=6, r=8, tr=[(1, 5, 0), (3, 1, 1), (5, 3, 3), (4, 5, 4), (2, 4, 5), (0, 3, 6), (2, 0, 7), (0, 1, 3)]),4385,SAT
P39160,18,6,6,CG(nc=4, r=6, tr=[(1, 3, 0), (1, 3, 1), (1, 2, 3), (0, 2, 4), (0, 2, 5), (2, 3, 6)]),CG(nc=5, r=6, tr=[(4, 2, 0), (2, 3, 1), (4, 3, 3), (1, 4, 4), (1, 0, 5), (0, 3, 6)]),1918,SAT
P39161,22,8,8,CG(nc=6, r=8, tr=[(0, 1, 0), (0, 2, 1), (5, 4, 3), (2, 4, 4), (1, 4, 5), (3, 1, 6), (0, 3, 3), (5, 4, 6)]),CG(nc=6, r=8, tr=[(1, 2, 0), (5, 1, 1), (2, 0, 3), (4, 0, 4), (5, 4, 5), (0, 2, 6), (3, 4, 3), (1, 3, 6)]),5560,SAT
P39162,18,6,6,CG(nc=4, r=6, tr=[(0, 1, 0), (0, 2, 1), (2, 1, 3), (1, 3, 4), (3, 2, 5), (0, 1, 6)]),CG(nc=4, r=6, tr=[(1, 3, 0), (1, 2, 1), (2, 3, 3), (0, 1, 4), (1, 3, 5), (0, 2, 6)]),1788,SAT
P39163,20,7,7,CG(nc=5, r=7, tr=[(1, 2, 0), (1, 3, 1), (1, 4, 3), (3, 0, 4), (2, 0, 5), (2, 1, 6), (2, 4, 1)]),CG(nc=5, r=7, tr=[(1, 2, 0), (3, 0, 1), (3, 1, 3), (3, 0, 4), (3, 4, 5), (0, 2, 6), (4, 1, 1)]),3549,SAT
P39166,20,7,7,CG(nc=5, r=7, tr=[(0, 1, 0), (2, 0, 1), (1, 2, 3), (4, 1, 4), (4, 2, 5), (3, 2, 6), (3, 0, 4)]),CG(nc=5, r=7, tr=[(4, 2, 0), (0, 3, 1), (2, 1, 3), (2, 0, 4), (1, 0, 5), (2, 3, 6), (1, 4, 4)]),4148,SAT
P39167,18,6,6,CG(nc=5, r=6, tr=[(1, 2, 0), (3, 0, 1), (4, 2, 3), (3, 2, 4), (0, 1, 5), (3, 0, 6)]),CG(nc=5, r=6, tr=[(1, 2, 0), (4, 2, 1), (0, 4, 3), (4, 3, 4), (0, 3, 5), (0, 1, 6)]),1942,SAT
P392,20,7,7,CG(nc=3, r=7, tr=[(1, 0, 0), (1, 0, 1), (0, 1, 2), (1, 2, 3), (2, 1, 4), (1, 2, 5), (0, 1, 7)]),CG(nc=7, r=7, tr=[(1, 0, 0), (6, 3, 1), (4, 1, 2), (5, 2, 3), (5, 6, 4), (0, 2, 5), (4, 3, 7)]),1903,SAT
P393,16,6,6,CG(nc=3, r=6, tr=[(1, 2, 0), (2, 1, 1), (2, 1, 2), (0, 1, 3), (0, 1, 4), (1, 0, 5)]),CG(nc=6, r=6, tr=[(1, 5, 0), (3, 0, 1), (3, 1, 2), (5, 4, 3), (2, 4, 4), (0, 2, 5)]),1779,SAT
P39312,20,6,6,CG(nc=4, r=6, tr=[(1, 0, 0), (1, 0, 1), (1, 3, 4), (3, 1, 5), (2, 0, 6), (3, 2, 7)]),CG(nc=4, r=6, tr=[(0, 1, 0), (3, 2, 1), (3, 1, 4), (0, 2, 5), (2, 1, 6), (1, 2, 7)]),1885,SAT
P39313,20,6,6,CG(nc=5, r=6, tr=[(1, 0, 0), (4, 3, 1), (3, 0, 4), (1, 4, 5), (3, 2, 6), (2, 0, 7)]),CG(nc=5, r=6, tr=[(1, 0, 0), (1, 4, 1), (4, 3, 4), (2, 0, 5), (3, 2, 6), (2, 3, 7)]),1887,SAT
P39314,26,9,9,CG(nc=6, r=9, tr=[(1, 2, 0), (0, 1, 1), (2, 0, 2), (2, 0, 3), (3, 0, 4), (1, 5, 5), (3, 4, 6), (4, 1, 7), (3, 5, 1)]),CG(nc=7, r=9, tr=[(6, 2, 0), (3, 4, 1), (4, 5, 2), (0, 5, 3), (3, 6, 4), (1, 3, 5), (1, 0, 6), (1, 0, 7), (2, 1, 1)]),3785,SAT
P39315,24,8,8,CG(nc=5, r=8, tr=[(4, 2, 0), (4, 3, 1), (2, 3, 2), (2, 3, 3), (3, 0, 4), (3, 0, 5), (1, 3, 6), (1, 0, 7)]),CG(nc=6, r=8, tr=[(5, 2, 0), (0, 2, 1), (2, 3, 2), (4, 3, 3), (4, 5, 4), (4, 1, 5), (0, 1, 6), (1, 0, 7)]),2164,SAT
P39318,28,10,10,CG(nc=6, r=10, tr=[(1, 2, 0), (5, 4, 1), (1, 0, 2), (0, 1, 3), (4, 1, 4), (0, 4, 5), (3, 1, 6), (3, 5, 7), (5, 2, 5), (0, 2, 1)]),CG(nc=6, r=10, tr=[(1, 2, 0), (0, 2, 1), (3, 0, 2), (3, 1, 3), (1, 4, 4), (2, 5, 5), (1, 5, 6), (1, 5, 7), (5, 4, 1), (4, 0, 5)]),9857,SAT
P39319,26,9,9,CG(nc=7, r=9, tr=[(6, 2, 0), (0, 3, 1), (4, 6, 2), (6, 4, 3), (3, 4, 4), (5, 4, 5), (3, 1, 6), (2, 1, 7), (0, 5, 0)]),CG(nc=6, r=9, tr=[(5, 2, 0), (2, 0, 1), (3, 4, 2), (4, 2, 3), (5, 3, 4), (1, 3, 5), (1, 0, 6), (1, 0, 7), (0, 3, 0)]),4548,SAT
P39320,20,6,6,CG(nc=5, r=6, tr=[(0, 1, 0), (2, 0, 1), (4, 2, 4), (1, 4, 5), (3, 2, 6), (0, 3, 7)]),CG(nc=5, r=6, tr=[(1, 0, 0), (4, 3, 1), (4, 2, 4), (0, 2, 5), (1, 3, 6), (1, 3, 7)]),1913,SAT
P39321,12,4,4,CG(nc=4, r=4, tr=[(3, 2, 0), (3, 1, 1), (0, 1, 2), (2, 0, 3)]),CG(nc=4, r=4, tr=[(1, 3, 0), (0, 1, 1), (3, 2, 2), (0, 2, 3)]),1628,SAT
P39322,24,8,8,CG(nc=5, r=8, tr=[(0, 1, 0), (1, 0, 1), (4, 3, 2), (2, 4, 3), (4, 1, 4), (1, 3, 5), (2, 3, 6), (2, 0, 7)]),CG(nc=6, r=8, tr=[(0, 1, 0), (5, 3, 1), (4, 2, 2), (3, 4, 3), (0, 2, 4), (2, 5, 5), (4, 1, 6), (1, 3, 7)]),2167,SAT
P39323,16,6,6,CG(nc=5, r=6, tr=[(1, 0, 0), (4, 3, 1), (4, 2, 2), (4, 2, 3), (0, 3, 4), (1, 2, 5)]),CG(nc=4, r=6, tr=[(1, 3, 0), (1, 0, 1), (2, 1, 2), (3, 2, 3), (0, 1, 4), (1, 3, 5)]),2008,SAT
P39326,26,9,9,CG(nc=6, r=9, tr=[(5, 2, 0), (3, 4, 1), (0, 1, 2), (0, 4, 3), (5, 3, 4), (4, 2, 5), (5, 1, 6), (4, 1, 7), (0, 2, 4)]),CG(nc=6, r=9, tr=[(5, 2, 0), (3, 2, 1), (4, 1, 2), (2, 1, 3), (5, 4, 4), (4, 0, 5), (0, 3, 6), (3, 0, 7), (0, 3, 4)]),4403,SAT
P39327,16,6,6,CG(nc=5, r=6, tr=[(1, 2, 0), (1, 3, 1), (1, 4, 2), (4, 1, 3), (0, 3, 4), (0, 2, 5)]),CG(nc=5, r=6, tr=[(1, 0, 0), (1, 4, 1), (3, 4, 2), (0, 3, 3), (4, 2, 4), (0, 2, 5)]),2084,SAT
P39328,22,7,7,CG(nc=5, r=7, tr=[(4, 2, 0), (0, 3, 1), (2, 1, 3), (4, 3, 4), (0, 1, 5), (1, 2, 6), (1, 3, 7)]),CG(nc=5, r=7, tr=[(1, 4, 0), (3, 0, 1), (2, 1, 3), (0, 1, 4), (4, 3, 5), (4, 2, 6), (1, 3, 7)]),2203,SAT
P39329,24,8,8,CG(nc=6, r=8, tr=[(1, 5, 0), (3, 0, 1), (4, 3, 2), (2, 0, 3), (3, 5, 4), (2, 1, 5), (1, 4, 6), (4, 0, 7)]),CG(nc=6, r=8, tr=[(1, 2, 0), (0, 2, 1), (1, 5, 2), (4, 0, 3), (4, 3, 4), (0, 4, 5), (5, 3, 6), (3, 1, 7)]),2372,SAT
P39330,24,8,8,CG(nc=6, r=8, tr=[(1, 2, 0), (3, 2, 1), (0, 2, 3), (5, 3, 4), (1, 5, 5), (2, 4, 6), (0, 3, 7), (4, 5, 7)]),CG(nc=5, r=8, tr=[(1, 0, 0), (2, 1, 1), (2, 0, 3), (1, 4, 4), (0, 3, 5), (2, 1, 6), (3, 1, 7), (4, 3, 1)]),3720,SAT
P39331,24,8,8,CG(nc=6, r=8, tr=[(1, 2, 0), (3, 5, 1), (5, 4, 2), (2, 0, 3), (3, 0, 4), (1, 5, 5), (4, 0, 6), (3, 4, 7)]),CG(nc=6, r=8, tr=[(1, 2, 0), (1, 5, 1), (1, 4, 2), (0, 4, 3), (3, 5, 4), (2, 3, 5), (4, 3, 6), (0, 2, 7)]),2102,SAT
P39332,26,9,9,CG(nc=6, r=9, tr=[(1, 2, 0), (3, 5, 1), (0, 4, 2), (1, 4, 3), (4, 3, 4), (4, 0, 5), (1, 0, 6), (3, 2, 7), (2, 5, 5)]),CG(nc=7, r=9, tr=[(0, 1, 0), (1, 2, 1), (3, 4, 2), (6, 3, 3), (0, 5, 4), (2, 5, 5), (3, 5, 6), (2, 6, 7), (1, 4, 5)]),4306,SAT
P39333,24,8,8,CG(nc=6, r=8, tr=[(1, 2, 0), (3, 5, 1), (0, 4, 2), (4, 1, 3), (4, 3, 4), (2, 5, 5), (1, 0, 6), (3, 2, 7)]),CG(nc=5, r=8, tr=[(1, 4, 0), (0, 3, 1), (2, 0, 2), (2, 1, 3), (0, 1, 4), (4, 3, 5), (2, 4, 6), (1, 3, 7)]),2361,SAT
P39334,28,10,10,CG(nc=7, r=10, tr=[(0, 1, 0), (6, 3, 1), (4, 3, 2), (3, 4, 3), (0, 4, 4), (6, 5, 5), (1, 2, 6), (5, 4, 7), (5, 1, 3), (2, 3, 7)]),CG(nc=6, r=10, tr=[(1, 0, 0), (5, 3, 1), (5, 4, 2), (1, 2, 3), (1, 5, 4), (3, 0, 5), (3, 4, 6), (3, 1, 7), (0, 2, 1), (2, 4, 5)]),8575,SAT
P39335,26,9,9,CG(nc=6, r=9, tr=[(0, 1, 0), (2, 5, 1), (4, 0, 2), (3, 1, 3), (5, 1, 4), (3, 5, 5), (2, 4, 6), (1, 4, 7), (3, 0, 1)]),CG(nc=6, r=9, tr=[(1, 2, 0), (2, 3, 1), (5, 2, 2), (1, 3, 3), (3, 4, 4), (0, 3, 5), (5, 4, 6), (2, 4, 7), (1, 0, 1)]),4514,SAT
P39336,22,7,7,CG(nc=5, r=7, tr=[(1, 2, 0), (3, 0, 1), (2, 4, 3), (3, 4, 4), (0, 1, 5), (2, 4, 6), (0, 3, 7)]),CG(nc=6, r=7, tr=[(1, 5, 0), (3, 0, 1), (4, 2, 3), (4, 5, 4), (4, 0, 5), (0, 2, 6), (3, 1, 7)]),1763,SAT
P39337,24,8,8,CG(nc=5, r=8, tr=[(4, 2, 0), (4, 2, 1), (3, 4, 2), (1, 0, 3), (0, 2, 4), (1, 2, 5), (1, 0, 6), (3, 2, 7)]),CG(nc=5, r=8, tr=[(4, 2, 0), (0, 3, 1), (2, 3, 2), (1, 4, 3), (2, 0, 4), (2, 4, 5), (2, 1, 6), (2, 3, 7)]),2603,SAT
P39338,18,6,6,CG(nc=5, r=6, tr=[(4, 2, 0), (3, 0, 1), (2, 1, 2), (4, 3, 3), (0, 1, 4), (1, 3, 5)]),CG(nc=5, r=6, tr=[(0, 1, 0), (4, 3, 1), (0, 2, 2), (2, 4, 3), (0, 2, 4), (1, 3, 5)]),1981,SAT
P39339,20,7,7,CG(nc=6, r=7, tr=[(1, 5, 0), (5, 3, 1), (4, 5, 2), (1, 2, 3), (0, 3, 4), (2, 0, 5), (3, 4, 7)]),CG(nc=5, r=7, tr=[(4, 2, 0), (2, 3, 1), (3, 0, 2), (0, 1, 3), (4, 1, 4), (0, 1, 5), (0, 3, 7)]),2250,SAT
P39340,24,8,8,CG(nc=5, r=8, tr=[(1, 0, 0), (1, 0, 1), (4, 3, 2), (2, 3, 3), (3, 1, 4), (1, 2, 5), (4, 2, 6), (0, 1, 7)]),CG(nc=6, r=8, tr=[(1, 5, 0), (0, 3, 1), (4, 5, 2), (2, 4, 3), (5, 2, 4), (2, 0, 5), (0, 4, 6), (3, 1, 7)]),2445,SAT
P39341,24,8,8,CG(nc=5, r=8, tr=[(4, 2, 0), (3, 4, 1), (3, 2, 2), (3, 1, 3), (0, 2, 4), (1, 0, 5), (1, 2, 6), (4, 3, 7)]),CG(nc=5, r=8, tr=[(1, 4, 0), (0, 3, 1), (2, 0, 2), (2, 1, 3), (1, 0, 4), (4, 1, 5), (4, 2, 6), (3, 1, 7)]),2460,SAT
P39342,22,8,8,CG(nc=6, r=8, tr=[(1, 2, 0), (3, 4, 1), (0, 3, 2), (3, 0, 3), (5, 4, 4), (0, 1, 5), (4, 1, 7), (5, 2, 3)]),CG(nc=6, r=8, tr=[(0, 1, 0), (2, 5, 1), (1, 4, 2), (3, 4, 3), (0, 3, 4), (3, 5, 5), (2, 1, 7), (2, 4, 4)]),4009,SAT
P39343,20,7,7,CG(nc=6, r=7, tr=[(1, 2, 0), (3, 1, 1), (5, 4, 2), (1, 5, 3), (3, 0, 4), (2, 0, 5), (4, 3, 7)]),CG(nc=4, r=7, tr=[(3, 2, 0), (2, 1, 1), (1, 0, 2), (1, 3, 3), (2, 0, 4), (3, 2, 5), (1, 0, 7)]),2126,SAT
P39344,22,7,7,CG(nc=6, r=7, tr=[(1, 2, 0), (3, 5, 1), (1, 5, 3), (0, 3, 4), (2, 0, 5), (4, 0, 6), (5, 4, 7)]),CG(nc=4, r=7, tr=[(1, 3, 0), (0, 2, 1), (1, 3, 3), (0, 2, 4), (3, 1, 5), (2, 1, 6), (2, 1, 7)]),2551,SAT
P39345,22,7,7,CG(nc=5, r=7, tr=[(1, 4, 0), (0, 3, 1), (0, 2, 3), (4, 3, 4), (2, 1, 5), (2, 0, 6), (2, 1, 7)]),CG(nc=5, r=7, tr=[(1, 0, 0), (1, 4, 1), (3, 2, 3), (3, 0, 4), (3, 2, 5), (4, 2, 6), (2, 4, 7)]),2279,SAT
P39346,24,8,8,CG(nc=6, r=8, tr=[(1, 5, 0), (1, 3, 1), (0, 4, 3), (1, 0, 4), (4, 1, 5), (0, 2, 6), (3, 2, 7), (3, 5, 4)]),CG(nc=5, r=8, tr=[(1, 4, 0), (3, 0, 1), (2, 4, 3), (0, 1, 4), (3, 4, 5), (1, 3, 6), (3, 1, 7), (1, 2, 1)]),4062,SAT
P39347,22,7,7,CG(nc=6, r=7, tr=[(1, 5, 0), (3, 0, 1), (0, 4, 3), (5, 3, 4), (4, 1, 5), (3, 2, 6), (5, 2, 7)]),CG(nc=4, r=7, tr=[(1, 3, 0), (1, 0, 1), (1, 3, 3), (2, 1, 4), (3, 1, 5), (0, 2, 6), (2, 0, 7)]),2164,SAT
P39348,28,10,10,CG(nc=7, r=10, tr=[(1, 2, 0), (6, 4, 1), (0, 5, 2), (2, 5, 3), (3, 4, 4), (1, 6, 5), (2, 0, 6), (1, 4, 7), (3, 5, 1), (4, 2, 5)]),CG(nc=7, r=10, tr=[(1, 2, 0), (2, 6, 1), (6, 4, 2), (5, 0, 3), (2, 6, 4), (3, 5, 5), (2, 5, 6), (1, 0, 7), (1, 2, 5), (4, 3, 0)]),12819,SAT
P39349,24,8,8,CG(nc=5, r=8, tr=[(4, 2, 0), (4, 3, 1), (2, 3, 2), (1, 3, 3), (0, 2, 4), (1, 0, 5), (1, 2, 6), (0, 1, 7)]),CG(nc=5, r=8, tr=[(4, 2, 0), (0, 2, 1), (3, 0, 2), (3, 2, 3), (2, 0, 4), (4, 1, 5), (3, 4, 6), (2, 1, 7)]),2261,SAT
P39350,28,10,10,CG(nc=7, r=10, tr=[(1, 6, 0), (3, 4, 1), (3, 0, 2), (5, 3, 3), (6, 4, 4), (1, 5, 5), (2, 4, 6), (1, 2, 7), (0, 3, 0), (0, 5, 4)]),CG(nc=7, r=10, tr=[(1, 0, 0), (2, 3, 1), (1, 4, 2), (2, 6, 3), (0, 3, 4), (5, 3, 5), (6, 5, 6), (5, 6, 7), (2, 4, 5), (5, 1, 1)]),15759,SAT
P39351,26,9,9,CG(nc=7, r=9, tr=[(1, 6, 0), (3, 0, 1), (3, 4, 2), (0, 4, 3), (6, 5, 4), (4, 1, 5), (1, 2, 6), (3, 2, 7), (4, 5, 1)]),CG(nc=6, r=9, tr=[(1, 2, 0), (1, 0, 1), (5, 2, 2), (4, 1, 3), (3, 4, 4), (4, 0, 5), (5, 3, 6), (3, 2, 7), (4, 5, 1)]),4580,SAT
P39352,22,7,7,CG(nc=5, r=7, tr=[(1, 0, 0), (2, 4, 1), (4, 3, 3), (0, 2, 4), (3, 1, 5), (3, 4, 6), (3, 2, 7)]),CG(nc=4, r=7, tr=[(1, 0, 0), (3, 2, 1), (1, 0, 3), (3, 2, 4), (0, 2, 5), (1, 2, 6), (1, 2, 7)]),2040,SAT
P39353,18,6,6,CG(nc=5, r=6, tr=[(1, 2, 0), (4, 3, 1), (1, 0, 3), (0, 3, 4), (2, 4, 5), (0, 1, 6)]),CG(nc=5, r=6, tr=[(1, 4, 0), (0, 1, 1), (3, 4, 3), (0, 2, 4), (4, 2, 5), (3, 1, 6)]),1944,SAT
P39354,22,7,7,CG(nc=5, r=7, tr=[(0, 1, 0), (0, 2, 1), (4, 3, 3), (2, 4, 4), (3, 1, 5), (2, 1, 6), (0, 3, 7)]),CG(nc=5, r=7, tr=[(1, 4, 0), (3, 0, 1), (2, 0, 3), (4, 2, 4), (0, 2, 5), (1, 3, 6), (3, 1, 7)]),2712,SAT
P39355,14,5,5,CG(nc=5, r=5, tr=[(1, 4, 0), (4, 3, 1), (2, 0, 2), (0, 3, 3), (2, 1, 4)]),CG(nc=4, r=5, tr=[(1, 3, 0), (0, 1, 1), (0, 2, 2), (3, 2, 3), (0, 2, 4)]),1983,SAT
P39356,24,8,8,CG(nc=6, r=8, tr=[(1, 5, 0), (5, 3, 1), (4, 0, 2), (2, 4, 3), (4, 3, 4), (2, 1, 5), (2, 0, 6), (1, 5, 7)]),CG(nc=5, r=8, tr=[(1, 0, 0), (2, 4, 1), (3, 4, 2), (3, 2, 3), (4, 2, 4), (0, 2, 5), (0, 3, 6), (1, 2, 7)]),2255,SAT
P39357,20,7,7,CG(nc=6, r=7, tr=[(5, 2, 0), (3, 5, 1), (4, 0, 2), (4, 1, 3), (3, 4, 4), (1, 2, 5), (1, 0, 6)]),CG(nc=5, r=7, tr=[(1, 4, 0), (0, 1, 1), (3, 4, 2), (3, 2, 3), (4, 2, 4), (0, 2, 5), (0, 3, 6)]),2017,SAT
P39358,26,9,9,CG(nc=6, r=9, tr=[(5, 2, 0), (5, 3, 1), (3, 4, 2), (1, 0, 3), (0, 4, 4), (1, 2, 5), (4, 2, 6), (5, 1, 7), (4, 3, 3)]),CG(nc=5, r=9, tr=[(1, 2, 0), (1, 4, 1), (3, 2, 2), (3, 4, 3), (1, 4, 4), (0, 1, 5), (2, 0, 6), (0, 2, 7), (3, 0, 4)]),4603,SAT
P39359,18,7,7,CG(nc=5, r=7, tr=[(4, 2, 0), (3, 4, 1), (3, 2, 2), (1, 3, 3), (0, 2, 4), (0, 1, 5), (1, 2, 3)]),CG(nc=5, r=7, tr=[(4, 2, 0), (2, 3, 1), (3, 0, 2), (3, 4, 3), (1, 4, 4), (1, 0, 5), (0, 3, 1)]),3801,SAT
P39392,24,8,8,CG(nc=6, r=8, tr=[(1, 2, 0), (0, 3, 1), (5, 2, 3), (2, 3, 4), (1, 0, 5), (0, 4, 6), (4, 5, 7), (4, 1, 4)]),CG(nc=6, r=8, tr=[(1, 5, 0), (3, 0, 1), (5, 4, 3), (2, 3, 4), (5, 1, 5), (2, 4, 6), (3, 1, 7), (0, 2, 5)]),3991,SAT
P39393,28,10,10,CG(nc=6, r=10, tr=[(5, 2, 0), (3, 4, 1), (1, 5, 2), (4, 0, 3), (3, 2, 4), (2, 4, 5), (0, 1, 6), (2, 1, 7), (3, 0, 5), (2, 5, 1)]),CG(nc=7, r=10, tr=[(1, 2, 0), (6, 1, 1), (2, 0, 2), (4, 5, 3), (4, 6, 4), (3, 4, 5), (0, 5, 6), (5, 2, 7), (0, 3, 7), (3, 6, 3)]),12363,SAT
P39394,26,9,9,CG(nc=6, r=9, tr=[(1, 5, 0), (3, 4, 1), (0, 4, 3), (4, 2, 4), (0, 2, 5), (0, 3, 6), (4, 5, 7), (1, 4, 5), (5, 2, 1)]),CG(nc=6, r=9, tr=[(1, 5, 0), (1, 3, 1), (0, 4, 3), (2, 3, 4), (2, 5, 5), (2, 4, 6), (0, 3, 7), (3, 5, 3), (1, 0, 4)]),6192,SAT
P39395,26,9,9,CG(nc=6, r=9, tr=[(1, 5, 0), (5, 3, 1), (4, 5, 2), (1, 3, 3), (1, 0, 4), (3, 0, 5), (2, 0, 6), (3, 2, 7), (4, 2, 4)]),CG(nc=6, r=9, tr=[(5, 2, 0), (3, 2, 1), (0, 3, 2), (4, 1, 3), (5, 1, 4), (1, 2, 5), (0, 4, 6), (3, 4, 7), (4, 2, 4)]),4694,SAT
P39398,26,9,9,CG(nc=6, r=9, tr=[(1, 2, 0), (2, 3, 1), (0, 3, 3), (0, 4, 4), (4, 3, 5), (0, 1, 6), (3, 5, 7), (5, 4, 0), (5, 2, 4)]),CG(nc=6, r=9, tr=[(1, 0, 0), (2, 1, 1), (3, 1, 3), (2, 5, 4), (3, 4, 5), (5, 4, 6), (2, 4, 7), (3, 0, 4), (5, 4, 0)]),5668,SAT
P39399,27,10,9,CG(nc=7, r=10, tr=[(1, 6, 0), (3, 6, 1), (6, 4, 2), (3, 1, 3), (0, 5, 4), (3, 0, 5), (2, 0, 6), (2, 5, 7), (2, 4, 5), (1, 5, 1)]),CG(nc=6, r=9, tr=[(5, 2, 0), (2, 3, 1), (4, 2, 2), (4, 0, 3), (3, 1, 4), (1, 5, 5), (1, 4, 6), (3, 0, 7), (5, 3, 3)]),8873,SAT
P394,20,7,7,CG(nc=5, r=7, tr=[(4, 2, 0), (3, 0, 1), (1, 0, 2), (0, 2, 3), (3, 4, 4), (4, 1, 5), (0, 3, 7)]),CG(nc=5, r=7, tr=[(0, 1, 0), (4, 3, 1), (1, 2, 2), (1, 0, 3), (2, 4, 4), (1, 2, 5), (3, 2, 7)]),2111,SAT
P39400,24,8,8,CG(nc=5, r=8, tr=[(1, 4, 0), (3, 4, 1), (3, 1, 3), (2, 4, 4), (0, 3, 5), (1, 3, 6), (3, 2, 7), (0, 1, 4)]),CG(nc=5, r=8, tr=[(1, 2, 0), (2, 0, 1), (0, 3, 3), (4, 1, 4), (4, 2, 5), (3, 1, 6), (4, 1, 7), (0, 2, 4)]),3930,SAT
P39401,26,9,9,CG(nc=7, r=9, tr=[(1, 2, 0), (3, 1, 1), (4, 2, 2), (0, 1, 3), (3, 6, 4), (2, 6, 5), (0, 1, 6), (5, 4, 7), (0, 5, 4)]),CG(nc=6, r=9, tr=[(0, 1, 0), (2, 5, 1), (2, 1, 2), (5, 4, 3), (5, 1, 4), (3, 1, 5), (4, 3, 6), (1, 2, 7), (3, 0, 4)]),4061,SAT
P39402,24,8,8,CG(nc=6, r=8, tr=[(1, 2, 0), (1, 3, 1), (5, 1, 3), (3, 0, 4), (4, 5, 5), (4, 5, 6), (3, 4, 7), (0, 2, 5)]),CG(nc=6, r=8, tr=[(1, 0, 0), (1, 2, 1), (5, 4, 3), (5, 3, 4), (4, 3, 5), (3, 1, 6), (2, 5, 7), (0, 4, 4)]),4225,SAT
P39403,26,9,9,CG(nc=7, r=9, tr=[(1, 2, 0), (3, 0, 1), (4, 5, 2), (1, 6, 3), (6, 5, 4), (2, 0, 5), (5, 3, 6), (4, 2, 7), (3, 4, 3)]),CG(nc=6, r=9, tr=[(5, 2, 0), (3, 0, 1), (2, 3, 2), (4, 1, 3), (5, 4, 4), (0, 4, 5), (2, 1, 6), (3, 1, 7), (1, 0, 4)]),4035,SAT
P39406,20,7,7,CG(nc=6, r=7, tr=[(1, 5, 0), (3, 4, 1), (0, 4, 2), (3, 5, 3), (4, 1, 4), (0, 2, 5), (2, 3, 4)]),CG(nc=5, r=7, tr=[(1, 4, 0), (3, 0, 1), (3, 2, 2), (2, 4, 3), (2, 0, 4), (1, 3, 5), (3, 4, 4)]),3638,SAT
P39407,22,8,8,CG(nc=6, r=8, tr=[(1, 0, 0), (2, 3, 1), (1, 4, 2), (2, 5, 3), (5, 4, 4), (2, 1, 5), (3, 2, 7), (0, 3, 4)]),CG(nc=5, r=8, tr=[(1, 2, 0), (2, 0, 1), (4, 1, 2), (3, 4, 3), (1, 3, 4), (3, 0, 5), (1, 4, 7), (2, 1, 3)]),3723,SAT
P39408,22,7,7,CG(nc=5, r=7, tr=[(1, 2, 0), (3, 0, 1), (1, 4, 3), (1, 3, 4), (2, 0, 5), (4, 1, 6), (0, 1, 7)]),CG(nc=5, r=7, tr=[(1, 0, 0), (2, 4, 1), (3, 4, 3), (2, 4, 4), (1, 0, 5), (0, 3, 6), (2, 1, 7)]),1904,SAT
P39409,22,7,7,CG(nc=5, r=7, tr=[(1, 4, 0), (3, 2, 1), (0, 2, 3), (4, 3, 4), (2, 1, 5), (2, 0, 6), (2, 1, 7)]),CG(nc=6, r=7, tr=[(1, 0, 0), (1, 5, 1), (3, 0, 3), (0, 4, 4), (5, 2, 5), (3, 5, 6), (4, 2, 7)]),1754,SAT
P39410,24,8,8,CG(nc=6, r=8, tr=[(1, 2, 0), (1, 3, 1), (0, 1, 3), (3, 5, 4), (5, 2, 5), (4, 0, 6), (3, 4, 7), (2, 5, 7)]),CG(nc=5, r=8, tr=[(1, 2, 0), (0, 2, 1), (1, 0, 3), (1, 3, 4), (3, 0, 5), (4, 1, 6), (1, 4, 7), (4, 3, 1)]),3609,SAT
P39411,22,7,7,CG(nc=5, r=7, tr=[(0, 1, 0), (0, 2, 1), (2, 1, 3), (1, 4, 4), (2, 4, 5), (3, 4, 6), (3, 2, 7)]),CG(nc=4, r=7, tr=[(1, 3, 0), (0, 1, 1), (3, 2, 3), (1, 2, 4), (3, 1, 5), (2, 0, 6), (2, 0, 7)]),1930,SAT
P39414,26,9,9,CG(nc=7, r=9, tr=[(6, 2, 0), (2, 3, 1), (4, 2, 3), (3, 0, 4), (4, 5, 5), (1, 3, 6), (5, 1, 7), (5, 0, 0), (6, 4, 4)]),CG(nc=5, r=9, tr=[(0, 1, 0), (1, 2, 1), (4, 3, 3), (4, 1, 4), (1, 3, 5), (3, 0, 6), (3, 0, 7), (2, 4, 7), (0, 2, 3)]),5816,SAT
P39415,24,8,8,CG(nc=7, r=8, tr=[(1, 0, 0), (1, 2, 1), (6, 4, 3), (5, 4, 4), (1, 4, 5), (3, 6, 6), (3, 2, 7), (0, 5, 1)]),CG(nc=4, r=8, tr=[(1, 3, 0), (0, 1, 1), (0, 2, 3), (0, 1, 4), (2, 1, 5), (2, 3, 6), (2, 3, 7), (3, 2, 1)]),3492,SAT
P39416,22,7,7,CG(nc=5, r=7, tr=[(1, 4, 0), (3, 2, 1), (2, 0, 3), (4, 3, 4), (2, 1, 5), (0, 2, 6), (4, 1, 7)]),CG(nc=6, r=7, tr=[(1, 5, 0), (1, 3, 1), (4, 5, 3), (5, 2, 4), (0, 2, 5), (0, 4, 6), (0, 3, 7)]),1913,SAT
P39417,18,6,6,CG(nc=4, r=6, tr=[(3, 2, 0), (2, 3, 1), (2, 1, 3), (0, 1, 4), (1, 0, 5), (1, 2, 6)]),CG(nc=5, r=6, tr=[(1, 0, 0), (1, 4, 1), (3, 0, 3), (2, 4, 4), (0, 2, 5), (4, 3, 6)]),1756,SAT
P39418,22,7,7,CG(nc=6, r=7, tr=[(5, 2, 0), (3, 4, 1), (3, 0, 3), (5, 4, 4), (3, 2, 5), (0, 1, 6), (1, 4, 7)]),CG(nc=4, r=7, tr=[(0, 1, 0), (2, 1, 1), (2, 0, 3), (3, 1, 4), (0, 1, 5), (2, 3, 6), (2, 3, 7)]),1875,SAT
P39419,20,7,7,CG(nc=5, r=7, tr=[(1, 4, 0), (1, 4, 1), (1, 3, 3), (0, 3, 4), (0, 3, 5), (2, 4, 6), (3, 2, 1)]),CG(nc=4, r=7, tr=[(1, 0, 0), (2, 3, 1), (0, 2, 3), (3, 1, 4), (1, 0, 5), (3, 2, 6), (1, 3, 1)]),3546,SAT
P39422,24,8,8,CG(nc=7, r=8, tr=[(1, 2, 0), (3, 4, 1), (0, 2, 3), (4, 0, 4), (1, 6, 5), (4, 5, 6), (5, 1, 7), (6, 3, 3)]),CG(nc=5, r=8, tr=[(1, 2, 0), (1, 0, 1), (3, 4, 3), (3, 2, 4), (3, 0, 5), (4, 2, 6), (2, 4, 7), (0, 2, 3)]),3643,SAT
P39423,14,5,5,CG(nc=5, r=5, tr=[(1, 2, 0), (0, 3, 1), (1, 4, 2), (3, 1, 3), (0, 2, 4)]),CG(nc=4, r=5, tr=[(1, 3, 0), (1, 0, 1), (3, 0, 2), (3, 2, 3), (0, 2, 4)]),2183,SAT
P395,16,6,6,CG(nc=4, r=6, tr=[(1, 3, 0), (1, 3, 1), (3, 2, 2), (1, 0, 3), (0, 1, 4), (0, 2, 5)]),CG(nc=5, r=6, tr=[(1, 0, 0), (1, 2, 1), (2, 4, 2), (1, 0, 3), (3, 4, 4), (3, 1, 5)]),1844,SAT
P39584,26,9,9,CG(nc=6, r=9, tr=[(1, 2, 0), (3, 4, 1), (4, 5, 2), (2, 0, 3), (0, 3, 4), (4, 1, 5), (5, 3, 6), (3, 1, 7), (1, 0, 6)]),CG(nc=7, r=9, tr=[(1, 2, 0), (0, 2, 1), (6, 4, 2), (5, 3, 3), (0, 3, 4), (6, 4, 5), (6, 5, 6), (5, 1, 7), (3, 4, 7)]),4211,SAT
P39585,28,10,10,CG(nc=6, r=10, tr=[(0, 1, 0), (2, 5, 1), (4, 0, 2), (2, 3, 3), (5, 1, 4), (3, 4, 5), (3, 5, 6), (1, 3, 7), (2, 5, 0), (0, 2, 4)]),CG(nc=6, r=10, tr=[(5, 2, 0), (0, 3, 1), (3, 4, 2), (2, 4, 3), (1, 5, 4), (2, 4, 5), (5, 4, 6), (4, 1, 7), (1, 3, 0), (0, 2, 4)]),8794,SAT
P39586,26,9,9,CG(nc=6, r=9, tr=[(1, 2, 0), (5, 4, 1), (1, 5, 2), (4, 2, 3), (4, 0, 4), (4, 0, 5), (3, 4, 6), (3, 0, 7), (5, 3, 4)]),CG(nc=6, r=9, tr=[(1, 2, 0), (3, 5, 1), (4, 0, 2), (1, 2, 3), (3, 4, 4), (1, 2, 5), (2, 0, 6), (3, 1, 7), (1, 5, 4)]),4171,SAT
P39587,26,9,9,CG(nc=6, r=9, tr=[(1, 5, 0), (0, 3, 1), (4, 2, 2), (2, 0, 3), (3, 5, 4), (4, 1, 5), (2, 3, 6), (5, 2, 7), (4, 0, 4)]),CG(nc=6, r=9, tr=[(0, 1, 0), (5, 3, 1), (3, 4, 2), (1, 4, 3), (4, 0, 4), (3, 0, 5), (2, 1, 6), (2, 3, 7), (5, 2, 4)]),4091,SAT
P39588,28,10,10,CG(nc=6, r=10, tr=[(5, 2, 0), (3, 0, 1), (4, 5, 2), (1, 3, 3), (0, 2, 4), (1, 4, 5), (4, 0, 6), (2, 4, 7), (0, 3, 0), (1, 5, 4)]),CG(nc=7, r=10, tr=[(0, 1, 0), (6, 3, 1), (6, 4, 2), (1, 5, 3), (6, 5, 4), (4, 5, 5), (1, 2, 6), (4, 2, 7), (3, 4, 0), (2, 0, 4)]),9439,SAT
P39589,28,10,10,CG(nc=6, r=10, tr=[(5, 2, 0), (3, 5, 1), (2, 3, 2), (3, 4, 3), (2, 0, 4), (4, 0, 5), (2, 1, 6), (0, 1, 7), (1, 5, 3), (5, 3, 7)]),CG(nc=6, r=10, tr=[(1, 2, 0), (5, 4, 1), (0, 3, 2), (2, 0, 3), (2, 3, 4), (1, 4, 5), (5, 3, 6), (2, 4, 7), (5, 1, 2), (1, 0, 6)]),7857,SAT
P39590,30,11,11,CG(nc=7, r=11, tr=[(1, 6, 0), (0, 3, 1), (4, 3, 2), (1, 6, 3), (0, 5, 4), (6, 3, 5), (1, 5, 6), (5, 3, 7), (4, 2, 3), (0, 2, 0), (4, 6, 4)]),CG(nc=7, r=11, tr=[(1, 6, 0), (0, 3, 1), (4, 3, 2), (1, 6, 3), (0, 5, 4), (6, 3, 5), (1, 5, 6), (5, 3, 7), (4, 2, 3), (0, 2, 0), (4, 6, 4)]),220779,SAT
P39591,28,10,10,CG(nc=7, r=10, tr=[(0, 1, 0), (2, 3, 1), (4, 3, 2), (6, 4, 3), (0, 5, 4), (3, 1, 5), (5, 4, 6), (6, 2, 7), (3, 1, 6), (2, 5, 2)]),CG(nc=6, r=10, tr=[(0, 1, 0), (2, 3, 1), (3, 1, 2), (3, 5, 3), (5, 1, 4), (5, 4, 5), (2, 4, 6), (0, 3, 7), (2, 0, 4), (4, 5, 0)]),11806,SAT
P39592,26,9,9,CG(nc=5, r=9, tr=[(1, 4, 0), (4, 1, 1), (3, 1, 2), (0, 2, 3), (0, 1, 4), (2, 3, 5), (4, 1, 6), (4, 2, 7), (0, 3, 6)]),CG(nc=7, r=9, tr=[(1, 2, 0), (3, 2, 1), (4, 1, 2), (5, 4, 3), (4, 6, 4), (4, 0, 5), (0, 5, 6), (1, 0, 7), (3, 6, 6)]),4341,SAT
P39593,28,10,10,CG(nc=7, r=10, tr=[(1, 6, 0), (3, 4, 1), (0, 4, 2), (3, 5, 3), (5, 6, 4), (2, 1, 5), (0, 3, 6), (3, 2, 7), (5, 4, 7), (4, 2, 3)]),CG(nc=7, r=10, tr=[(6, 2, 0), (2, 3, 1), (0, 4, 2), (4, 3, 3), (6, 5, 4), (5, 3, 5), (1, 0, 6), (1, 3, 7), (4, 5, 7), (5, 1, 3)]),8567,SAT
P39594,24,8,8,CG(nc=6, r=8, tr=[(1, 0, 0), (2, 0, 1), (3, 1, 2), (3, 4, 3), (5, 2, 4), (4, 5, 5), (0, 2, 6), (2, 0, 7)]),CG(nc=6, r=8, tr=[(1, 2, 0), (3, 5, 1), (0, 4, 2), (4, 0, 3), (4, 5, 4), (0, 4, 5), (2, 3, 6), (0, 1, 7)]),2207,SAT
P39595,26,9,9,CG(nc=7, r=9, tr=[(1, 0, 0), (2, 6, 1), (4, 5, 2), (3, 4, 3), (2, 0, 4), (6, 4, 5), (3, 2, 6), (5, 2, 7), (1, 5, 3)]),CG(nc=5, r=9, tr=[(0, 1, 0), (2, 3, 1), (4, 3, 2), (0, 2, 3), (1, 4, 4), (0, 1, 5), (2, 1, 6), (3, 4, 7), (1, 0, 2)]),4052,SAT
P39596,26,9,9,CG(nc=6, r=9, tr=[(1, 5, 0), (1, 5, 1), (3, 4, 2), (1, 4, 3), (4, 0, 4), (0, 3, 5), (2, 1, 6), (2, 3, 7), (5, 2, 4)]),CG(nc=6, r=9, tr=[(0, 1, 0), (5, 3, 1), (4, 2, 2), (0, 2, 3), (4, 0, 4), (5, 4, 5), (2, 1, 6), (3, 2, 7), (3, 1, 4)]),4440,SAT
P39597,28,10,10,CG(nc=7, r=10, tr=[(1, 2, 0), (0, 3, 1), (4, 3, 2), (4, 1, 3), (5, 0, 4), (2, 6, 5), (1, 5, 6), (3, 5, 7), (6, 4, 4), (0, 3, 0)]),CG(nc=6, r=10, tr=[(1, 0, 0), (2, 5, 1), (5, 4, 2), (4, 1, 3), (5, 1, 4), (0, 1, 5), (4, 0, 6), (3, 1, 7), (3, 0, 2), (3, 2, 6)]),8105,SAT
P39598,26,9,9,CG(nc=6, r=9, tr=[(1, 2, 0), (2, 1, 1), (0, 3, 2), (5, 2, 3), (1, 0, 4), (1, 3, 5), (5, 3, 6), (4, 5, 7), (3, 4, 4)]),CG(nc=7, r=9, tr=[(6, 2, 0), (0, 3, 1), (4, 0, 2), (6, 5, 3), (6, 4, 4), (5, 4, 5), (3, 1, 6), (1, 2, 7), (0, 5, 4)]),3792,SAT
P39599,26,9,9,CG(nc=7, r=9, tr=[(1, 2, 0), (6, 4, 1), (6, 1, 2), (0, 5, 3), (0, 3, 4), (2, 5, 5), (6, 4, 6), (1, 3, 7), (4, 5, 4)]),CG(nc=6, r=9, tr=[(1, 5, 0), (0, 3, 1), (4, 0, 2), (4, 1, 3), (4, 5, 4), (1, 5, 5), (3, 2, 6), (1, 2, 7), (0, 1, 4)]),4171,SAT
P39600,24,8,8,CG(nc=5, r=8, tr=[(0, 1, 0), (1, 0, 1), (2, 3, 2), (2, 1, 3), (1, 4, 4), (4, 3, 5), (2, 0, 6), (4, 2, 7)]),CG(nc=6, r=8, tr=[(1, 2, 0), (0, 1, 1), (5, 4, 2), (3, 2, 3), (3, 0, 4), (4, 5, 5), (2, 5, 6), (4, 3, 7)]),2245,SAT
P39601,26,9,9,CG(nc=6, r=9, tr=[(1, 5, 0), (5, 1, 1), (3, 4, 2), (2, 5, 3), (0, 1, 4), (0, 4, 5), (2, 1, 6), (0, 2, 7), (2, 3, 0)]),CG(nc=6, r=9, tr=[(1, 5, 0), (3, 1, 1), (4, 5, 2), (0, 3, 3), (2, 4, 4), (5, 4, 5), (3, 2, 6), (0, 2, 7), (5, 4, 3)]),4700,SAT
P39602,26,9,9,CG(nc=6, r=9, tr=[(1, 2, 0), (1, 3, 1), (0, 4, 2), (4, 1, 3), (5, 3, 4), (5, 2, 5), (3, 0, 6), (2, 5, 7), (1, 0, 4)]),CG(nc=5, r=9, tr=[(0, 1, 0), (4, 3, 1), (1, 0, 2), (0, 1, 3), (4, 2, 4), (3, 0, 5), (2, 3, 6), (1, 2, 7), (2, 1, 1)]),4477,SAT
P39603,24,8,8,CG(nc=6, r=8, tr=[(1, 2, 0), (5, 4, 1), (2, 3, 2), (3, 5, 3), (0, 4, 4), (1, 0, 5), (4, 3, 6), (3, 0, 7)]),CG(nc=5, r=8, tr=[(4, 2, 0), (3, 0, 1), (2, 1, 2), (3, 4, 3), (0, 2, 4), (4, 3, 5), (2, 3, 6), (1, 4, 7)]),2363,SAT
P39604,28,10,10,CG(nc=7, r=10, tr=[(1, 6, 0), (3, 4, 1), (3, 0, 2), (5, 3, 3), (4, 6, 4), (2, 5, 5), (5, 0, 6), (1, 5, 7), (2, 4, 6), (1, 2, 2)]),CG(nc=6, r=10, tr=[(1, 2, 0), (0, 1, 1), (0, 2, 2), (3, 4, 3), (4, 0, 4), (4, 2, 5), (2, 5, 6), (3, 5, 7), (3, 2, 4), (5, 3, 0)]),10657,SAT
P39605,26,9,9,CG(nc=6, r=9, tr=[(0, 1, 0), (2, 0, 1), (2, 1, 2), (2, 3, 3), (1, 5, 4), (5, 3, 5), (1, 4, 6), (5, 4, 7), (0, 4, 3)]),CG(nc=6, r=9, tr=[(1, 2, 0), (0, 2, 1), (3, 2, 2), (1, 5, 3), (3, 4, 4), (3, 0, 5), (4, 1, 6), (4, 5, 7), (3, 0, 3)]),4703,SAT
P39606,28,10,10,CG(nc=7, r=10, tr=[(1, 6, 0), (3, 4, 1), (5, 0, 2), (5, 3, 3), (6, 2, 4), (4, 2, 5), (4, 0, 6), (3, 1, 7), (3, 1, 5), (2, 5, 1)]),CG(nc=6, r=10, tr=[(1, 5, 0), (0, 3, 1), (4, 2, 2), (4, 3, 3), (4, 5, 4), (5, 3, 5), (1, 3, 6), (2, 0, 7), (2, 0, 0), (0, 1, 4)]),9566,SAT
P39607,26,9,9,CG(nc=6, r=9, tr=[(1, 2, 0), (0, 1, 1), (5, 4, 2), (0, 2, 3), (4, 1, 4), (1, 4, 5), (5, 3, 6), (2, 3, 7), (2, 3, 4)]),CG(nc=6, r=9, tr=[(1, 2, 0), (3, 5, 1), (0, 1, 2), (5, 2, 3), (5, 4, 4), (3, 0, 5), (3, 4, 6), (4, 1, 7), (0, 2, 1)]),4500,SAT
P39608,24,8,8,CG(nc=5, r=8, tr=[(4, 2, 0), (4, 2, 1), (0, 3, 2), (2, 1, 3), (0, 2, 4), (1, 3, 5), (4, 3, 6), (1, 0, 7)]),CG(nc=6, r=8, tr=[(1, 5, 0), (0, 3, 1), (5, 4, 2), (5, 1, 3), (0, 2, 4), (5, 2, 5), (3, 1, 6), (2, 4, 7)]),2224,SAT
P39609,26,9,9,CG(nc=7, r=9, tr=[(0, 1, 0), (2, 6, 1), (4, 1, 2), (4, 5, 3), (2, 0, 4), (5, 6, 5), (1, 3, 6), (5, 3, 7), (4, 2, 6)]),CG(nc=6, r=9, tr=[(1, 2, 0), (0, 2, 1), (3, 4, 2), (5, 1, 3), (0, 3, 4), (3, 1, 5), (4, 1, 6), (4, 5, 7), (3, 4, 3)]),4193,SAT
P39610,20,7,7,CG(nc=6, r=7, tr=[(1, 5, 0), (5, 3, 1), (4, 2, 2), (0, 2, 3), (0, 3, 4), (1, 4, 5), (3, 5, 6)]),CG(nc=5, r=7, tr=[(1, 4, 0), (3, 0, 1), (2, 0, 2), (2, 0, 3), (4, 2, 4), (0, 2, 5), (3, 1, 6)]),2172,SAT
P39611,20,7,7,CG(nc=6, r=7, tr=[(1, 2, 0), (3, 0, 1), (2, 4, 2), (4, 0, 3), (5, 3, 4), (5, 1, 5), (4, 3, 6)]),CG(nc=5, r=7, tr=[(1, 2, 0), (4, 2, 1), (0, 3, 2), (0, 2, 3), (4, 3, 4), (0, 3, 5), (0, 1, 6)]),2022,SAT
P39612,26,9,9,CG(nc=7, r=9, tr=[(1, 2, 0), (1, 3, 1), (1, 6, 2), (5, 3, 3), (3, 0, 4), (4, 0, 5), (5, 6, 6), (4, 5, 7), (2, 4, 3)]),CG(nc=6, r=9, tr=[(1, 2, 0), (5, 2, 1), (4, 3, 2), (4, 1, 3), (5, 4, 4), (4, 0, 5), (1, 0, 6), (0, 3, 7), (1, 5, 2)]),4149,SAT
P39613,26,9,9,CG(nc=7, r=9, tr=[(1, 2, 0), (3, 4, 1), (4, 6, 2), (3, 5, 3), (3, 0, 4), (1, 0, 5), (6, 5, 6), (2, 5, 7), (4, 2, 3)]),CG(nc=6, r=9, tr=[(1, 5, 0), (3, 0, 1), (4, 2, 2), (2, 5, 3), (5, 4, 4), (0, 4, 5), (1, 2, 6), (3, 2, 7), (1, 3, 3)]),4669,SAT
P39614,22,8,8,CG(nc=6, r=8, tr=[(1, 5, 0), (1, 5, 1), (1, 3, 2), (4, 3, 3), (3, 0, 4), (0, 4, 5), (2, 5, 6), (4, 2, 4)]),CG(nc=6, r=8, tr=[(5, 2, 0), (2, 3, 1), (0, 4, 2), (4, 1, 3), (1, 0, 4), (5, 1, 5), (3, 0, 6), (5, 4, 4)]),4083,SAT
P39615,20,7,7,CG(nc=5, r=7, tr=[(1, 2, 0), (3, 0, 1), (3, 2, 2), (1, 0, 3), (2, 4, 4), (3, 4, 5), (1, 2, 6)]),CG(nc=5, r=7, tr=[(1, 0, 0), (4, 3, 1), (2, 3, 2), (3, 0, 3), (0, 2, 4), (2, 4, 5), (1, 3, 6)]),2093,SAT
P39616,24,8,8,CG(nc=6, r=8, tr=[(5, 2, 0), (0, 3, 1), (4, 2, 2), (3, 1, 3), (5, 1, 4), (0, 4, 5), (1, 0, 6), (2, 1, 7)]),CG(nc=5, r=8, tr=[(1, 4, 0), (3, 0, 1), (2, 4, 2), (3, 0, 3), (0, 1, 4), (4, 2, 5), (2, 3, 6), (1, 2, 7)]),2063,SAT
P39617,28,10,10,CG(nc=6, r=10, tr=[(1, 2, 0), (2, 1, 1), (3, 4, 2), (0, 1, 3), (5, 2, 4), (5, 3, 5), (1, 4, 6), (4, 0, 7), (4, 2, 3), (5, 2, 7)]),CG(nc=7, r=10, tr=[(1, 2, 0), (2, 3, 1), (0, 3, 2), (4, 6, 3), (6, 4, 4), (0, 5, 5), (3, 6, 6), (1, 0, 7), (5, 4, 6), (4, 1, 2)]),10968,SAT
P39618,26,9,9,CG(nc=6, r=9, tr=[(1, 2, 0), (5, 1, 1), (2, 5, 2), (4, 0, 3), (3, 5, 4), (1, 0, 5), (0, 3, 6), (3, 1, 7), (4, 1, 4)]),CG(nc=6, r=9, tr=[(5, 2, 0), (3, 4, 1), (2, 5, 2), (0, 3, 3), (2, 4, 4), (1, 5, 5), (1, 3, 6), (4, 0, 7), (1, 2, 7)]),4187,SAT
P39619,28,10,10,CG(nc=7, r=10, tr=[(1, 2, 0), (3, 4, 1), (1, 5, 2), (0, 2, 3), (4, 2, 4), (1, 3, 5), (4, 6, 6), (5, 0, 7), (5, 3, 6), (3, 6, 2)]),CG(nc=6, r=10, tr=[(5, 2, 0), (3, 4, 1), (3, 5, 2), (0, 4, 3), (4, 0, 4), (1, 4, 5), (1, 5, 6), (5, 1, 7), (4, 2, 7), (0, 3, 6)]),11480,SAT
P39622,28,10,10,CG(nc=6, r=10, tr=[(0, 1, 0), (2, 0, 1), (1, 2, 2), (5, 4, 3), (4, 2, 4), (2, 5, 5), (4, 3, 6), (3, 2, 7), (5, 4, 0), (0, 3, 4)]),CG(nc=6, r=10, tr=[(1, 2, 0), (3, 5, 1), (0, 2, 2), (4, 5, 3), (4, 5, 4), (4, 1, 5), (1, 0, 6), (4, 2, 7), (3, 4, 6), (2, 3, 4)]),10884,SAT
P39623,28,10,10,CG(nc=7, r=10, tr=[(1, 2, 0), (3, 4, 1), (2, 5, 2), (1, 0, 3), (1, 3, 4), (6, 5, 5), (6, 3, 6), (2, 0, 7), (4, 6, 4), (1, 4, 7)]),CG(nc=6, r=10, tr=[(1, 2, 0), (0, 3, 1), (2, 5, 2), (1, 0, 3), (0, 1, 4), (5, 3, 5), (1, 3, 6), (5, 4, 7), (1, 4, 2), (2, 4, 1)]),12425,SAT
P39624,24,8,8,CG(nc=6, r=8, tr=[(5, 2, 0), (0, 3, 1), (4, 2, 2), (1, 3, 3), (1, 5, 4), (0, 4, 5), (1, 0, 6), (4, 5, 7)]),CG(nc=5, r=8, tr=[(1, 2, 0), (4, 3, 1), (1, 2, 2), (4, 3, 3), (2, 4, 4), (2, 0, 5), (3, 2, 6), (1, 0, 7)]),2157,SAT
P39625,28,10,10,CG(nc=6, r=10, tr=[(5, 2, 0), (5, 3, 1), (5, 4, 2), (4, 5, 3), (0, 2, 4), (3, 0, 5), (2, 4, 6), (3, 4, 7), (1, 3, 2), (2, 1, 3)]),CG(nc=6, r=10, tr=[(1, 2, 0), (2, 3, 1), (3, 0, 2), (5, 1, 3), (5, 4, 4), (0, 4, 5), (5, 3, 6), (1, 0, 7), (2, 4, 7), (4, 2, 6)]),10648,SAT
P39626,24,8,8,CG(nc=6, r=8, tr=[(1, 5, 0), (3, 4, 1), (1, 2, 2), (0, 3, 3), (4, 5, 4), (2, 0, 5), (4, 0, 6), (2, 4, 7)]),CG(nc=6, r=8, tr=[(1, 2, 0), (2, 3, 1), (5, 4, 2), (4, 3, 3), (4, 0, 4), (5, 4, 5), (0, 3, 6), (1, 5, 7)]),1939,SAT
P39627,26,9,9,CG(nc=6, r=9, tr=[(1, 5, 0), (3, 4, 1), (0, 2, 2), (5, 4, 3), (3, 0, 4), (1, 2, 5), (4, 1, 6), (1, 5, 7), (1, 3, 3)]),CG(nc=6, r=9, tr=[(1, 2, 0), (2, 3, 1), (4, 0, 2), (5, 3, 3), (4, 5, 4), (0, 4, 5), (5, 1, 6), (3, 0, 7), (4, 2, 3)]),4526,SAT
P39630,24,8,8,CG(nc=6, r=8, tr=[(5, 2, 0), (3, 0, 1), (2, 4, 2), (1, 3, 3), (1, 5, 4), (4, 0, 5), (0, 3, 6), (4, 1, 7)]),CG(nc=5, r=8, tr=[(1, 2, 0), (0, 3, 1), (4, 2, 2), (0, 3, 3), (2, 0, 4), (4, 3, 5), (3, 2, 6), (4, 1, 7)]),2060,SAT
P39631,24,8,8,CG(nc=6, r=8, tr=[(1, 2, 0), (3, 4, 1), (0, 1, 2), (3, 0, 3), (5, 4, 4), (2, 5, 5), (3, 4, 6), (1, 2, 7)]),CG(nc=5, r=8, tr=[(1, 2, 0), (1, 3, 1), (0, 1, 2), (1, 4, 3), (1, 4, 4), (1, 0, 5), (3, 4, 6), (0, 2, 7)]),2275,SAT
P39632,24,8,8,CG(nc=6, r=8, tr=[(1, 5, 0), (3, 4, 1), (2, 0, 2), (0, 4, 3), (3, 5, 4), (2, 1, 5), (3, 0, 6), (3, 5, 7)]),CG(nc=6, r=8, tr=[(1, 5, 0), (1, 3, 1), (4, 0, 2), (2, 5, 3), (2, 5, 4), (3, 2, 5), (0, 3, 6), (4, 2, 7)]),2064,SAT
P39633,26,9,9,CG(nc=6, r=9, tr=[(5, 2, 0), (3, 0, 1), (4, 2, 2), (1, 5, 3), (3, 1, 4), (4, 0, 5), (3, 4, 6), (2, 4, 7), (2, 5, 1)]),CG(nc=6, r=9, tr=[(1, 2, 0), (5, 1, 1), (2, 4, 2), (0, 2, 3), (0, 2, 4), (3, 5, 5), (3, 2, 6), (4, 5, 7), (0, 3, 1)]),4838,SAT
P39634,24,8,8,CG(nc=6, r=8, tr=[(5, 2, 0), (3, 4, 1), (2, 1, 2), (4, 0, 3), (3, 5, 4), (1, 0, 5), (3, 0, 6), (5, 4, 7)]),CG(nc=5, r=8, tr=[(4, 2, 0), (3, 1, 1), (2, 4, 2), (0, 3, 3), (1, 2, 4), (4, 2, 5), (3, 2, 6), (1, 0, 7)]),2114,SAT
P39635,26,9,9,CG(nc=6, r=9, tr=[(1, 0, 0), (0, 2, 1), (2, 1, 2), (1, 3, 3), (3, 5, 4), (5, 2, 5), (4, 2, 6), (5, 4, 7), (0, 1, 6)]),CG(nc=5, r=9, tr=[(1, 2, 0), (1, 3, 1), (4, 3, 2), (0, 1, 3), (0, 1, 4), (1, 2, 5), (4, 2, 6), (4, 2, 7), (3, 0, 6)]),4241,SAT
P39636,26,9,9,CG(nc=6, r=9, tr=[(1, 2, 0), (0, 3, 1), (2, 5, 2), (3, 4, 3), (4, 5, 4), (4, 1, 5), (0, 1, 6), (5, 2, 7), (0, 4, 0)]),CG(nc=6, r=9, tr=[(1, 5, 0), (3, 0, 1), (4, 5, 2), (3, 0, 3), (1, 0, 4), (2, 5, 5), (2, 1, 6), (1, 4, 7), (2, 3, 0)]),4442,SAT
P39637,24,8,8,CG(nc=5, r=8, tr=[(1, 4, 0), (3, 1, 1), (2, 0, 2), (4, 3, 3), (1, 0, 4), (2, 1, 5), (2, 3, 6), (0, 2, 7)]),CG(nc=5, r=8, tr=[(1, 0, 0), (4, 3, 1), (2, 1, 2), (4, 1, 3), (1, 4, 4), (3, 0, 5), (3, 1, 6), (2, 0, 7)]),2169,SAT
P39638,26,9,9,CG(nc=7, r=9, tr=[(1, 0, 0), (2, 6, 1), (4, 1, 2), (2, 5, 3), (5, 0, 4), (4, 6, 5), (3, 1, 6), (3, 2, 7), (5, 4, 6)]),CG(nc=6, r=9, tr=[(1, 2, 0), (3, 4, 1), (0, 1, 2), (3, 5, 3), (1, 4, 4), (3, 2, 5), (0, 2, 6), (5, 4, 7), (1, 3, 6)]),4140,SAT
P39639,26,9,9,CG(nc=7, r=9, tr=[(1, 0, 0), (2, 6, 1), (1, 4, 2), (0, 5, 3), (3, 4, 4), (4, 6, 5), (3, 2, 6), (1, 3, 7), (2, 5, 4)]),CG(nc=6, r=9, tr=[(5, 2, 0), (2, 3, 1), (4, 3, 2), (2, 0, 3), (5, 4, 4), (4, 3, 5), (0, 3, 6), (3, 1, 7), (1, 0, 4)]),3947,SAT
P39640,24,8,8,CG(nc=6, r=8, tr=[(1, 2, 0), (5, 4, 1), (1, 0, 2), (3, 4, 3), (3, 0, 4), (2, 5, 5), (5, 3, 6), (0, 1, 7)]),CG(nc=5, r=8, tr=[(0, 1, 0), (2, 1, 1), (2, 3, 2), (1, 2, 3), (1, 4, 4), (0, 1, 5), (2, 4, 6), (0, 3, 7)]),1850,SAT
P39641,28,10,10,CG(nc=7, r=10, tr=[(1, 0, 0), (2, 0, 1), (3, 6, 2), (5, 6, 3), (5, 4, 4), (1, 3, 5), (0, 4, 6), (3, 6, 7), (2, 4, 3), (3, 5, 1)]),CG(nc=6, r=10, tr=[(0, 1, 0), (2, 5, 1), (1, 4, 2), (3, 2, 3), (1, 5, 4), (1, 0, 5), (1, 2, 6), (4, 0, 7), (5, 3, 3), (3, 4, 1)]),20995,SAT
P39642,20,7,7,CG(nc=6, r=7, tr=[(1, 5, 0), (0, 3, 1), (4, 0, 2), (2, 3, 3), (2, 5, 4), (1, 4, 5), (2, 0, 6)]),CG(nc=5, r=7, tr=[(1, 0, 0), (2, 4, 1), (3, 0, 2), (2, 4, 3), (4, 3, 4), (3, 0, 5), (2, 1, 6)]),2090,SAT
P39643,24,9,9,CG(nc=7, r=9, tr=[(0, 1, 0), (0, 2, 1), (6, 4, 2), (5, 4, 3), (5, 3, 4), (4, 1, 5), (1, 0, 6), (6, 3, 6), (5, 2, 4)]),CG(nc=6, r=9, tr=[(1, 2, 0), (3, 0, 1), (5, 4, 2), (3, 4, 3), (4, 0, 4), (5, 4, 5), (3, 2, 6), (5, 1, 1), (2, 0, 3)]),8222,SAT
P39644,24,8,8,CG(nc=6, r=8, tr=[(1, 2, 0), (0, 3, 1), (2, 5, 2), (4, 3, 3), (5, 4, 4), (1, 0, 5), (4, 1, 6), (4, 5, 7)]),CG(nc=6, r=8, tr=[(1, 5, 0), (1, 3, 1), (4, 0, 2), (2, 5, 3), (5, 2, 4), (2, 0, 5), (0, 3, 6), (4, 2, 7)]),2011,SAT
P39645,24,8,8,CG(nc=5, r=8, tr=[(0, 1, 0), (0, 2, 1), (4, 3, 2), (2, 1, 3), (1, 4, 4), (1, 3, 5), (2, 0, 6), (3, 4, 7)]),CG(nc=6, r=8, tr=[(1, 5, 0), (3, 0, 1), (4, 2, 2), (0, 1, 3), (5, 2, 4), (0, 2, 5), (1, 3, 6), (3, 4, 7)]),2130,SAT
P39646,20,7,7,CG(nc=6, r=7, tr=[(0, 1, 0), (2, 5, 1), (4, 1, 2), (3, 2, 3), (0, 3, 4), (4, 5, 5), (3, 4, 6)]),CG(nc=5, r=7, tr=[(1, 4, 0), (1, 3, 1), (2, 0, 2), (1, 3, 3), (2, 4, 4), (3, 2, 5), (0, 3, 6)]),1917,SAT
P39647,20,7,7,CG(nc=6, r=7, tr=[(0, 1, 0), (2, 5, 1), (1, 4, 2), (0, 3, 3), (3, 2, 4), (4, 5, 5), (2, 5, 6)]),CG(nc=4, r=7, tr=[(1, 0, 0), (2, 3, 1), (1, 0, 2), (1, 3, 3), (3, 1, 4), (0, 1, 5), (1, 2, 6)]),1684,SAT
P39648,28,10,10,CG(nc=7, r=10, tr=[(0, 1, 0), (2, 3, 1), (4, 1, 2), (2, 6, 3), (3, 0, 4), (4, 5, 5), (6, 3, 6), (3, 1, 7), (2, 4, 5), (6, 5, 4)]),CG(nc=6, r=10, tr=[(1, 0, 0), (1, 2, 1), (0, 3, 2), (0, 4, 3), (3, 4, 4), (3, 0, 5), (4, 2, 6), (4, 5, 7), (5, 2, 5), (5, 1, 4)]),9721,SAT
P39649,30,11,11,CG(nc=7, r=11, tr=[(1, 6, 0), (6, 1, 1), (3, 4, 2), (4, 5, 3), (5, 3, 4), (6, 5, 5), (1, 4, 6), (4, 0, 7), (3, 2, 0), (1, 2, 4), (0, 2, 3)]),CG(nc=7, r=11, tr=[(0, 1, 0), (1, 2, 1), (3, 2, 2), (6, 3, 3), (0, 5, 4), (5, 4, 5), (4, 2, 6), (6, 4, 7), (4, 0, 3), (3, 5, 6), (5, 4, 2)]),232496,SAT
P39650,26,9,9,CG(nc=6, r=9, tr=[(1, 5, 0), (3, 5, 1), (4, 1, 2), (4, 3, 3), (4, 0, 4), (0, 3, 5), (0, 2, 6), (3, 2, 7), (5, 2, 4)]),CG(nc=6, r=9, tr=[(5, 2, 0), (2, 3, 1), (4, 5, 2), (1, 2, 3), (5, 1, 4), (1, 4, 5), (4, 0, 6), (4, 3, 7), (0, 3, 4)]),4359,SAT
P39651,28,10,10,CG(nc=6, r=10, tr=[(1, 0, 0), (0, 2, 1), (3, 5, 2), (1, 2, 3), (5, 1, 4), (2, 3, 5), (3, 4, 6), (2, 4, 7), (5, 3, 1), (4, 0, 4)]),CG(nc=6, r=10, tr=[(1, 0, 0), (2, 3, 1), (4, 1, 2), (2, 4, 3), (4, 0, 4), (1, 4, 5), (2, 5, 6), (3, 1, 7), (5, 3, 4), (5, 3, 3)]),8838,SAT
P39652,28,10,10,CG(nc=7, r=10, tr=[(1, 2, 0), (0, 3, 1), (4, 1, 2), (4, 6, 3), (3, 4, 4), (0, 2, 5), (5, 2, 6), (1, 0, 7), (5, 6, 7), (3, 5, 5)]),CG(nc=7, r=10, tr=[(1, 2, 0), (6, 4, 1), (1, 5, 2), (2, 3, 3), (3, 4, 4), (3, 6, 5), (0, 2, 6), (4, 1, 7), (0, 1, 5), (5, 0, 4)]),11787,SAT
P39653,28,10,10,CG(nc=7, r=10, tr=[(1, 2, 0), (3, 0, 1), (4, 2, 2), (0, 1, 3), (5, 3, 4), (5, 4, 5), (3, 1, 6), (2, 6, 7), (6, 5, 3), (0, 3, 7)]),CG(nc=7, r=10, tr=[(1, 2, 0), (3, 2, 1), (0, 4, 2), (6, 5, 3), (4, 1, 4), (0, 4, 5), (3, 0, 6), (1, 6, 7), (4, 5, 0), (5, 3, 4)]),15645,SAT
P39654,28,10,10,CG(nc=6, r=10, tr=[(1, 2, 0), (2, 5, 1), (0, 4, 2), (1, 5, 3), (3, 2, 4), (2, 4, 5), (1, 4, 6), (0, 4, 7), (5, 3, 7), (3, 0, 3)]),CG(nc=6, r=10, tr=[(0, 1, 0), (0, 2, 1), (3, 4, 2), (1, 2, 3), (0, 3, 4), (5, 2, 5), (3, 2, 6), (4, 5, 7), (1, 5, 4), (4, 3, 0)]),10427,SAT
P39655,30,11,11,CG(nc=8, r=11, tr=[(1, 7, 0), (3, 0, 1), (1, 4, 2), (5, 3, 3), (5, 7, 4), (0, 6, 5), (3, 4, 6), (4, 1, 7), (2, 6, 2), (5, 2, 7), (4, 6, 3)]),CG(nc=6, r=11, tr=[(1, 0, 0), (2, 3, 1), (4, 1, 2), (5, 3, 3), (0, 2, 4), (4, 1, 5), (4, 2, 6), (4, 0, 7), (4, 3, 3), (3, 5, 0), (1, 5, 4)]),217420,SAT
P39656,26,9,9,CG(nc=6, r=9, tr=[(5, 2, 0), (5, 3, 1), (4, 3, 2), (4, 2, 3), (5, 1, 4), (3, 0, 5), (1, 2, 6), (3, 1, 7), (2, 0, 4)]),CG(nc=6, r=9, tr=[(1, 5, 0), (3, 0, 1), (4, 2, 2), (2, 4, 3), (5, 2, 4), (2, 0, 5), (4, 1, 6), (3, 4, 7), (1, 3, 4)]),4093,SAT
P39657,30,11,11,CG(nc=7, r=11, tr=[(1, 2, 0), (1, 3, 1), (3, 2, 2), (1, 0, 3), (4, 5, 4), (3, 4, 5), (1, 2, 6), (0, 5, 7), (6, 4, 0), (2, 6, 4), (5, 3, 6)]),CG(nc=7, r=11, tr=[(6, 2, 0), (0, 3, 1), (4, 3, 2), (2, 4, 3), (6, 5, 4), (5, 0, 5), (5, 4, 6), (5, 4, 7), (1, 3, 6), (2, 0, 4), (1, 2, 7)]),235442,SAT
P39658,26,9,9,CG(nc=7, r=9, tr=[(1, 2, 0), (3, 1, 1), (4, 2, 2), (6, 1, 3), (3, 0, 4), (4, 0, 5), (5, 3, 6), (4, 5, 7), (6, 5, 4)]),CG(nc=6, r=9, tr=[(1, 2, 0), (1, 3, 1), (4, 3, 2), (0, 4, 3), (5, 4, 4), (4, 3, 5), (2, 5, 6), (3, 0, 7), (3, 1, 3)]),4677,SAT
P39659,28,10,10,CG(nc=7, r=10, tr=[(1, 2, 0), (1, 2, 1), (3, 2, 2), (1, 6, 3), (0, 5, 4), (3, 0, 5), (1, 5, 6), (4, 6, 7), (2, 5, 3), (4, 2, 4)]),CG(nc=7, r=10, tr=[(1, 2, 0), (0, 1, 1), (3, 6, 2), (5, 4, 3), (5, 2, 4), (0, 5, 5), (6, 4, 6), (4, 2, 7), (3, 2, 3), (3, 0, 4)]),12792,SAT
P39660,28,10,10,CG(nc=7, r=10, tr=[(6, 2, 0), (3, 4, 1), (5, 2, 2), (0, 4, 3), (3, 6, 4), (4, 5, 5), (3, 4, 6), (1, 0, 7), (3, 1, 5), (6, 4, 7)]),CG(nc=7, r=10, tr=[(0, 1, 0), (2, 3, 1), (4, 2, 2), (1, 2, 3), (0, 4, 4), (5, 2, 5), (3, 1, 6), (6, 2, 7), (5, 6, 3), (5, 4, 6)]),10280,SAT
P39661,28,10,10,CG(nc=6, r=10, tr=[(1, 5, 0), (3, 4, 1), (4, 2, 2), (1, 2, 3), (5, 3, 4), (0, 4, 5), (5, 2, 6), (2, 3, 7), (0, 1, 4), (3, 4, 0)]),CG(nc=7, r=10, tr=[(1, 2, 0), (3, 4, 1), (1, 6, 2), (0, 2, 3), (2, 3, 4), (1, 3, 5), (3, 6, 6), (0, 5, 7), (5, 1, 4), (4, 5, 0)]),16497,SAT
P39662,26,9,9,CG(nc=7, r=9, tr=[(6, 2, 0), (3, 4, 1), (3, 5, 2), (0, 3, 3), (4, 6, 4), (5, 2, 5), (4, 3, 6), (4, 1, 7), (0, 1, 5)]),CG(nc=5, r=9, tr=[(1, 2, 0), (4, 3, 1), (2, 1, 2), (2, 4, 3), (2, 0, 4), (0, 1, 5), (1, 3, 6), (0, 2, 7), (1, 4, 4)]),4724,SAT
P39663,26,9,9,CG(nc=6, r=9, tr=[(1, 0, 0), (2, 0, 1), (5, 4, 2), (3, 5, 3), (2, 3, 4), (2, 4, 5), (0, 2, 6), (3, 0, 7), (1, 2, 3)]),CG(nc=6, r=9, tr=[(5, 2, 0), (3, 2, 1), (4, 0, 2), (4, 2, 3), (5, 4, 4), (0, 4, 5), (0, 1, 6), (1, 3, 7), (0, 3, 4)]),4064,SAT
P39664,24,8,8,CG(nc=6, r=8, tr=[(1, 2, 0), (3, 4, 1), (3, 2, 2), (5, 3, 3), (0, 4, 4), (1, 0, 5), (5, 4, 6), (4, 0, 7)]),CG(nc=6, r=8, tr=[(1, 5, 0), (3, 1, 1), (0, 4, 2), (5, 3, 3), (2, 5, 4), (0, 4, 5), (3, 0, 6), (4, 2, 7)]),2452,SAT
P39665,26,9,9,CG(nc=6, r=9, tr=[(0, 1, 0), (1, 0, 1), (5, 3, 2), (4, 0, 3), (5, 2, 4), (2, 3, 5), (4, 1, 6), (5, 4, 7), (2, 1, 3)]),CG(nc=6, r=9, tr=[(1, 2, 0), (1, 3, 1), (4, 0, 2), (5, 2, 3), (3, 4, 4), (0, 4, 5), (0, 2, 6), (5, 3, 7), (3, 0, 3)]),4451,SAT
P39666,24,8,8,CG(nc=6, r=8, tr=[(1, 2, 0), (3, 1, 1), (4, 5, 2), (4, 1, 3), (3, 0, 4), (0, 2, 5), (5, 3, 6), (1, 0, 7)]),CG(nc=6, r=8, tr=[(1, 2, 0), (1, 0, 1), (3, 1, 2), (0, 2, 3), (5, 3, 4), (4, 3, 5), (5, 2, 6), (4, 0, 7)]),2259,SAT
P39667,26,9,9,CG(nc=6, r=9, tr=[(1, 5, 0), (3, 5, 1), (3, 4, 2), (4, 1, 3), (0, 1, 4), (3, 0, 5), (5, 4, 6), (2, 3, 7), (0, 2, 6)]),CG(nc=5, r=9, tr=[(1, 0, 0), (4, 3, 1), (0, 1, 2), (4, 2, 3), (2, 4, 4), (0, 3, 5), (2, 3, 6), (2, 1, 7), (0, 3, 3)]),4361,SAT
P39668,26,9,9,CG(nc=6, r=9, tr=[(1, 2, 0), (1, 3, 1), (2, 4, 2), (5, 1, 3), (0, 3, 4), (4, 0, 5), (2, 5, 6), (0, 3, 7), (3, 2, 5)]),CG(nc=6, r=9, tr=[(1, 2, 0), (5, 4, 1), (3, 1, 2), (5, 2, 3), (0, 3, 4), (0, 1, 5), (2, 0, 6), (4, 1, 7), (4, 5, 4)]),4487,SAT
P39669,26,9,9,CG(nc=6, r=9, tr=[(1, 0, 0), (0, 2, 1), (3, 1, 2), (2, 3, 3), (5, 1, 4), (2, 5, 5), (1, 4, 6), (4, 5, 7), (0, 4, 3)]),CG(nc=6, r=9, tr=[(1, 0, 0), (2, 1, 1), (3, 4, 2), (1, 5, 3), (4, 0, 4), (2, 5, 5), (4, 2, 6), (5, 3, 7), (5, 4, 0)]),4551,SAT
P39670,26,9,9,CG(nc=7, r=9, tr=[(1, 2, 0), (2, 3, 1), (0, 2, 2), (6, 5, 3), (3, 5, 4), (1, 5, 5), (3, 0, 6), (6, 4, 7), (1, 4, 6)]),CG(nc=6, r=9, tr=[(1, 2, 0), (0, 1, 1), (3, 5, 2), (0, 2, 3), (4, 1, 4), (1, 5, 5), (2, 5, 6), (4, 0, 7), (3, 1, 4)]),4865,SAT
P39671,26,9,9,CG(nc=7, r=9, tr=[(1, 2, 0), (3, 6, 1), (1, 5, 2), (6, 2, 3), (4, 3, 4), (5, 4, 5), (3, 2, 6), (0, 1, 7), (0, 4, 3)]),CG(nc=6, r=9, tr=[(1, 2, 0), (5, 1, 1), (1, 4, 2), (5, 2, 3), (0, 4, 4), (3, 5, 5), (2, 0, 6), (4, 3, 7), (4, 0, 3)]),4472,SAT
P39672,24,8,8,CG(nc=5, r=8, tr=[(1, 2, 0), (3, 1, 1), (3, 2, 2), (1, 0, 3), (4, 2, 4), (3, 4, 5), (2, 0, 6), (3, 2, 7)]),CG(nc=6, r=8, tr=[(1, 2, 0), (5, 1, 1), (4, 3, 2), (5, 2, 3), (4, 5, 4), (0, 4, 5), (0, 2, 6), (3, 0, 7)]),2148,SAT
P39673,26,9,9,CG(nc=7, r=9, tr=[(1, 0, 0), (2, 3, 1), (4, 2, 2), (4, 6, 3), (3, 0, 4), (2, 1, 5), (3, 4, 6), (5, 6, 7), (5, 2, 6)]),CG(nc=5, r=9, tr=[(4, 2, 0), (3, 2, 1), (1, 3, 2), (1, 0, 3), (0, 2, 4), (2, 4, 5), (4, 1, 6), (1, 4, 7), (3, 0, 6)]),4653,SAT
P39674,20,7,7,CG(nc=5, r=7, tr=[(1, 2, 0), (3, 2, 1), (1, 3, 2), (2, 0, 3), (1, 4, 4), (4, 3, 5), (1, 0, 6)]),CG(nc=5, r=7, tr=[(1, 4, 0), (3, 0, 1), (2, 0, 2), (3, 2, 3), (4, 2, 4), (2, 0, 5), (3, 1, 6)]),2245,SAT
P39675,24,9,9,CG(nc=6, r=9, tr=[(1, 2, 0), (1, 5, 1), (4, 0, 2), (5, 2, 3), (0, 3, 4), (1, 4, 5), (3, 2, 6), (1, 2, 6), (1, 3, 3)]),CG(nc=6, r=9, tr=[(5, 2, 0), (3, 4, 1), (0, 1, 2), (4, 5, 3), (1, 5, 4), (1, 0, 5), (3, 2, 6), (0, 4, 6), (4, 0, 1)]),8842,SAT
P39676,24,8,8,CG(nc=5, r=8, tr=[(1, 4, 0), (3, 4, 1), (2, 3, 2), (3, 1, 3), (0, 1, 4), (2, 0, 5), (4, 3, 6), (3, 2, 7)]),CG(nc=6, r=8, tr=[(1, 2, 0), (3, 2, 1), (5, 4, 2), (0, 1, 3), (3, 4, 4), (1, 4, 5), (1, 5, 6), (3, 0, 7)]),2415,SAT
P39677,26,9,9,CG(nc=6, r=9, tr=[(0, 1, 0), (2, 3, 1), (3, 4, 2), (0, 2, 3), (5, 1, 4), (5, 4, 5), (2, 1, 6), (2, 4, 7), (1, 3, 3)]),CG(nc=6, r=9, tr=[(1, 2, 0), (2, 0, 1), (3, 4, 2), (0, 4, 3), (3, 0, 4), (5, 3, 5), (4, 1, 6), (5, 4, 7), (5, 1, 3)]),4230,SAT
P39678,20,7,7,CG(nc=5, r=7, tr=[(1, 2, 0), (1, 2, 1), (3, 0, 2), (2, 4, 3), (1, 0, 4), (1, 3, 5), (3, 4, 6)]),CG(nc=5, r=7, tr=[(1, 2, 0), (4, 2, 1), (3, 0, 2), (4, 1, 3), (3, 4, 4), (1, 3, 5), (1, 0, 6)]),2138,SAT
P39679,20,7,7,CG(nc=6, r=7, tr=[(5, 2, 0), (3, 4, 1), (2, 1, 2), (4, 0, 3), (5, 3, 4), (4, 1, 5), (4, 3, 6)]),CG(nc=5, r=7, tr=[(1, 4, 0), (0, 3, 1), (0, 2, 2), (4, 0, 3), (2, 4, 4), (0, 2, 5), (3, 1, 6)]),2004,SAT
P398,24,9,9,CG(nc=5, r=9, tr=[(1, 2, 0), (3, 4, 1), (1, 0, 2), (2, 0, 3), (3, 2, 4), (3, 0, 5), (2, 1, 7), (4, 1, 5), (3, 2, 3)]),CG(nc=6, r=9, tr=[(1, 2, 0), (5, 1, 1), (2, 4, 2), (2, 3, 3), (0, 4, 4), (2, 0, 5), (4, 0, 7), (3, 5, 2), (5, 3, 4)]),9173,SAT
P39856,24,8,8,CG(nc=7, r=8, tr=[(1, 2, 0), (3, 0, 1), (0, 2, 2), (4, 6, 3), (6, 3, 4), (1, 4, 5), (0, 5, 6), (5, 6, 7)]),CG(nc=5, r=8, tr=[(1, 2, 0), (1, 0, 1), (0, 3, 2), (1, 2, 3), (2, 3, 4), (3, 0, 5), (2, 4, 6), (2, 4, 7)]),2307,SAT
P39857,24,8,8,CG(nc=6, r=8, tr=[(1, 5, 0), (5, 1, 1), (3, 0, 2), (1, 4, 3), (0, 1, 4), (4, 3, 5), (0, 2, 6), (1, 2, 7)]),CG(nc=5, r=8, tr=[(0, 1, 0), (1, 4, 1), (0, 3, 2), (0, 3, 3), (2, 4, 4), (0, 3, 5), (3, 2, 6), (3, 2, 7)]),2064,SAT
P39858,26,9,9,CG(nc=7, r=9, tr=[(1, 2, 0), (6, 2, 1), (4, 6, 2), (4, 1, 3), (5, 2, 4), (2, 0, 5), (6, 3, 6), (5, 3, 7), (0, 5, 1)]),CG(nc=6, r=9, tr=[(0, 1, 0), (5, 3, 1), (1, 0, 2), (4, 3, 3), (0, 4, 4), (2, 4, 5), (2, 5, 6), (2, 5, 7), (1, 2, 1)]),4371,SAT
P39859,24,8,8,CG(nc=7, r=8, tr=[(1, 2, 0), (3, 0, 1), (4, 6, 2), (4, 1, 3), (6, 3, 4), (0, 2, 5), (6, 5, 6), (3, 5, 7)]),CG(nc=5, r=8, tr=[(1, 2, 0), (4, 2, 1), (0, 2, 2), (2, 0, 3), (3, 4, 4), (1, 3, 5), (0, 1, 6), (1, 0, 7)]),2163,SAT
P39860,28,10,10,CG(nc=7, r=10, tr=[(0, 1, 0), (2, 3, 1), (3, 6, 2), (2, 5, 3), (2, 0, 4), (2, 1, 5), (4, 1, 6), (6, 4, 7), (5, 6, 1), (5, 3, 0)]),CG(nc=6, r=10, tr=[(1, 2, 0), (3, 5, 1), (3, 4, 2), (2, 0, 3), (3, 5, 4), (1, 3, 5), (3, 2, 6), (1, 0, 7), (5, 4, 3), (4, 0, 7)]),12274,SAT
P39861,26,9,9,CG(nc=6, r=9, tr=[(1, 5, 0), (5, 3, 1), (3, 4, 2), (3, 1, 3), (0, 1, 4), (4, 0, 5), (0, 2, 6), (1, 2, 7), (4, 2, 1)]),CG(nc=6, r=9, tr=[(5, 2, 0), (3, 4, 1), (2, 3, 2), (0, 3, 3), (5, 1, 4), (0, 4, 5), (4, 1, 6), (1, 4, 7), (2, 0, 1)]),3676,SAT
P39862,30,11,11,CG(nc=8, r=11, tr=[(7, 2, 0), (3, 4, 1), (4, 5, 2), (4, 0, 3), (7, 3, 4), (6, 3, 5), (1, 6, 6), (0, 1, 7), (2, 5, 5), (5, 1, 1), (6, 2, 1)]),CG(nc=7, r=11, tr=[(1, 0, 0), (2, 6, 1), (6, 4, 2), (5, 2, 3), (5, 0, 4), (3, 4, 5), (3, 2, 6), (1, 2, 7), (5, 4, 7), (6, 3, 4), (1, 3, 3)]),213127,SAT
P39863,26,9,9,CG(nc=7, r=9, tr=[(1, 2, 0), (3, 4, 1), (4, 0, 2), (4, 1, 3), (3, 6, 4), (2, 6, 5), (0, 5, 6), (2, 6, 7), (5, 1, 1)]),CG(nc=6, r=9, tr=[(1, 2, 0), (2, 5, 1), (2, 0, 2), (1, 5, 3), (5, 4, 4), (4, 3, 5), (3, 0, 6), (3, 0, 7), (3, 1, 1)]),4075,SAT
P39864,24,8,8,CG(nc=6, r=8, tr=[(1, 5, 0), (0, 3, 1), (1, 4, 2), (2, 0, 3), (5, 3, 4), (4, 2, 5), (2, 0, 6), (5, 4, 7)]),CG(nc=5, r=8, tr=[(1, 4, 0), (3, 1, 1), (1, 4, 2), (1, 4, 3), (2, 4, 4), (0, 2, 5), (3, 0, 6), (3, 0, 7)]),2168,SAT
P39865,24,8,8,CG(nc=7, r=8, tr=[(6, 2, 0), (3, 0, 1), (4, 5, 2), (0, 4, 3), (3, 6, 4), (5, 2, 5), (1, 0, 6), (5, 1, 7)]),CG(nc=6, r=8, tr=[(1, 0, 0), (1, 5, 1), (3, 1, 2), (4, 0, 3), (5, 2, 4), (2, 0, 5), (2, 4, 6), (0, 3, 7)]),2064,SAT
P39866,24,8,8,CG(nc=6, r=8, tr=[(1, 2, 0), (0, 1, 1), (0, 2, 2), (3, 5, 3), (5, 1, 4), (3, 1, 5), (0, 4, 6), (4, 3, 7)]),CG(nc=5, r=8, tr=[(4, 2, 0), (0, 3, 1), (4, 2, 2), (3, 1, 3), (2, 0, 4), (2, 1, 5), (1, 4, 6), (3, 2, 7)]),1922,SAT
P39867,16,6,6,CG(nc=6, r=6, tr=[(0, 1, 0), (5, 3, 1), (5, 4, 2), (2, 4, 3), (0, 3, 4), (1, 2, 5)]),CG(nc=4, r=6, tr=[(1, 3, 0), (1, 0, 1), (0, 2, 2), (0, 2, 3), (3, 2, 4), (0, 2, 5)]),1868,SAT
P39868,26,9,9,CG(nc=6, r=9, tr=[(5, 2, 0), (3, 5, 1), (4, 2, 2), (3, 4, 3), (0, 4, 4), (0, 3, 5), (1, 5, 6), (1, 3, 7), (2, 5, 1)]),CG(nc=6, r=9, tr=[(1, 2, 0), (5, 1, 1), (2, 5, 2), (4, 2, 3), (4, 5, 4), (0, 4, 5), (2, 0, 6), (3, 2, 7), (3, 0, 1)]),4204,SAT
P39869,26,9,9,CG(nc=7, r=9, tr=[(0, 1, 0), (6, 3, 1), (6, 4, 2), (4, 5, 3), (4, 2, 4), (1, 5, 5), (5, 3, 6), (6, 3, 7), (2, 0, 1)]),CG(nc=6, r=9, tr=[(5, 2, 0), (2, 0, 1), (0, 3, 2), (2, 3, 3), (4, 5, 4), (4, 0, 5), (1, 4, 6), (3, 4, 7), (3, 1, 1)]),4312,SAT
P39870,26,9,9,CG(nc=7, r=9, tr=[(1, 2, 0), (6, 4, 1), (5, 0, 2), (5, 1, 3), (5, 4, 4), (2, 6, 5), (3, 0, 6), (2, 1, 7), (3, 1, 4)]),CG(nc=5, r=9, tr=[(1, 2, 0), (1, 0, 1), (3, 1, 2), (0, 3, 3), (3, 4, 4), (1, 4, 5), (2, 4, 6), (3, 4, 7), (1, 0, 4)]),4142,SAT
P39871,18,7,7,CG(nc=5, r=7, tr=[(1, 0, 0), (0, 1, 1), (2, 4, 2), (1, 3, 3), (3, 4, 4), (3, 2, 5), (2, 1, 4)]),CG(nc=5, r=7, tr=[(1, 0, 0), (4, 1, 1), (3, 4, 2), (3, 1, 3), (2, 0, 4), (2, 4, 5), (0, 3, 4)]),3242,SAT
P39888,24,8,8,CG(nc=6, r=8, tr=[(1, 2, 0), (5, 4, 1), (0, 2, 2), (3, 0, 3), (4, 3, 4), (5, 1, 5), (3, 0, 6), (5, 3, 7)]),CG(nc=5, r=8, tr=[(1, 2, 0), (2, 4, 1), (3, 4, 2), (4, 2, 3), (1, 3, 4), (4, 3, 5), (0, 1, 6), (1, 0, 7)]),1917,SAT
P39889,24,8,8,CG(nc=5, r=8, tr=[(4, 2, 0), (2, 4, 1), (3, 2, 2), (0, 1, 3), (1, 2, 4), (3, 0, 5), (0, 3, 6), (3, 2, 7)]),CG(nc=6, r=8, tr=[(0, 1, 0), (1, 5, 1), (3, 1, 2), (4, 2, 3), (3, 2, 4), (5, 2, 5), (4, 0, 6), (0, 3, 7)]),2332,SAT
P39890,26,9,9,CG(nc=6, r=9, tr=[(1, 0, 0), (2, 1, 1), (3, 5, 2), (2, 0, 3), (5, 1, 4), (3, 1, 5), (0, 4, 6), (4, 3, 7), (3, 5, 1)]),CG(nc=6, r=9, tr=[(1, 2, 0), (2, 5, 1), (0, 4, 2), (3, 1, 3), (4, 2, 4), (3, 5, 5), (0, 1, 6), (0, 1, 7), (3, 1, 4)]),4315,SAT
P39891,24,8,8,CG(nc=6, r=8, tr=[(1, 2, 0), (0, 3, 1), (2, 5, 2), (4, 3, 3), (5, 4, 4), (0, 1, 5), (3, 4, 6), (4, 5, 7)]),CG(nc=5, r=8, tr=[(4, 2, 0), (2, 0, 1), (2, 4, 2), (3, 0, 3), (1, 2, 4), (2, 4, 5), (3, 2, 6), (1, 0, 7)]),2038,SAT
P39894,28,10,10,CG(nc=8, r=10, tr=[(7, 2, 0), (3, 2, 1), (4, 0, 2), (5, 6, 3), (7, 6, 4), (2, 4, 5), (1, 0, 6), (1, 3, 7), (6, 3, 5), (5, 0, 1)]),CG(nc=6, r=10, tr=[(1, 2, 0), (1, 5, 1), (4, 3, 2), (5, 1, 3), (5, 4, 4), (4, 2, 5), (0, 2, 6), (2, 0, 7), (0, 3, 1), (3, 0, 0)]),8844,SAT
P39895,24,8,8,CG(nc=6, r=8, tr=[(1, 5, 0), (3, 1, 1), (4, 1, 2), (3, 5, 3), (0, 1, 4), (4, 0, 5), (3, 2, 6), (0, 2, 7)]),CG(nc=6, r=8, tr=[(1, 2, 0), (2, 5, 1), (0, 2, 2), (1, 4, 3), (3, 0, 4), (5, 4, 5), (0, 1, 6), (3, 4, 7)]),1884,SAT
P39896,24,8,8,CG(nc=6, r=8, tr=[(1, 2, 0), (2, 3, 1), (1, 5, 2), (3, 5, 3), (0, 2, 4), (0, 2, 5), (2, 4, 6), (4, 5, 7)]),CG(nc=5, r=8, tr=[(0, 1, 0), (2, 4, 1), (3, 2, 2), (2, 4, 3), (1, 4, 4), (0, 1, 5), (2, 1, 6), (3, 0, 7)]),2091,SAT
P39897,24,8,8,CG(nc=6, r=8, tr=[(1, 5, 0), (3, 0, 1), (4, 1, 2), (2, 3, 3), (2, 5, 4), (0, 4, 5), (2, 3, 6), (1, 4, 7)]),CG(nc=6, r=8, tr=[(1, 0, 0), (5, 1, 1), (3, 4, 2), (5, 2, 3), (4, 0, 4), (5, 4, 5), (2, 1, 6), (5, 3, 7)]),2016,SAT
P39898,24,8,8,CG(nc=7, r=8, tr=[(1, 0, 0), (2, 3, 1), (1, 4, 2), (3, 0, 3), (6, 2, 4), (4, 6, 5), (5, 0, 6), (5, 2, 7)]),CG(nc=4, r=8, tr=[(1, 3, 0), (0, 2, 1), (1, 3, 2), (2, 0, 3), (0, 1, 4), (1, 3, 5), (2, 1, 6), (1, 2, 7)]),1951,SAT
P39899,20,7,7,CG(nc=6, r=7, tr=[(1, 0, 0), (0, 2, 1), (5, 4, 2), (2, 3, 3), (5, 3, 4), (4, 1, 5), (2, 3, 6)]),CG(nc=5, r=7, tr=[(4, 2, 0), (2, 0, 1), (3, 0, 2), (2, 1, 3), (3, 4, 4), (0, 3, 5), (1, 0, 6)]),1906,SAT
P399,16,6,6,CG(nc=4, r=6, tr=[(3, 2, 0), (2, 3, 1), (1, 0, 2), (0, 2, 3), (1, 3, 4), (1, 3, 5)]),CG(nc=5, r=6, tr=[(4, 2, 0), (2, 3, 1), (3, 0, 2), (4, 3, 3), (1, 3, 4), (0, 1, 5)]),2112,SAT
P39902,24,8,8,CG(nc=5, r=8, tr=[(1, 4, 0), (3, 4, 1), (2, 0, 2), (3, 1, 3), (1, 0, 4), (1, 2, 5), (2, 3, 6), (3, 4, 7)]),CG(nc=6, r=8, tr=[(1, 5, 0), (3, 0, 1), (0, 4, 2), (2, 1, 3), (4, 5, 4), (4, 2, 5), (0, 2, 6), (3, 1, 7)]),2099,SAT
P39903,16,6,6,CG(nc=6, r=6, tr=[(1, 2, 0), (0, 3, 1), (1, 5, 2), (5, 4, 3), (3, 4, 4), (0, 2, 5)]),CG(nc=4, r=6, tr=[(3, 2, 0), (0, 2, 1), (3, 2, 2), (2, 0, 3), (1, 3, 4), (0, 1, 5)]),1818,SAT
P39904,26,9,9,CG(nc=6, r=9, tr=[(1, 5, 0), (3, 5, 1), (3, 4, 2), (1, 4, 3), (3, 2, 4), (0, 3, 5), (0, 2, 6), (2, 5, 7), (0, 2, 3)]),CG(nc=6, r=9, tr=[(1, 5, 0), (3, 1, 1), (5, 1, 2), (3, 1, 3), (4, 5, 4), (3, 4, 5), (2, 4, 6), (3, 0, 7), (2, 0, 3)]),4261,SAT
P39905,28,10,10,CG(nc=7, r=10, tr=[(1, 6, 0), (1, 6, 1), (6, 3, 2), (0, 4, 3), (5, 2, 4), (5, 3, 5), (2, 1, 6), (2, 0, 7), (1, 4, 4), (5, 4, 0)]),CG(nc=7, r=10, tr=[(1, 6, 0), (3, 1, 1), (0, 3, 2), (4, 6, 3), (6, 5, 4), (5, 4, 5), (0, 2, 6), (3, 5, 7), (2, 4, 4), (5, 2, 0)]),10842,SAT
P39906,28,10,10,CG(nc=7, r=10, tr=[(0, 1, 0), (2, 3, 1), (6, 5, 2), (4, 0, 3), (1, 6, 4), (1, 2, 5), (3, 6, 6), (0, 2, 7), (2, 5, 3), (1, 4, 1)]),CG(nc=7, r=10, tr=[(1, 2, 0), (1, 6, 1), (4, 0, 2), (0, 5, 3), (1, 3, 4), (1, 2, 5), (5, 3, 6), (2, 0, 7), (4, 3, 1), (3, 6, 5)]),12291,SAT
P39907,26,9,9,CG(nc=7, r=9, tr=[(1, 2, 0), (3, 6, 1), (5, 2, 2), (0, 1, 3), (3, 1, 4), (5, 6, 5), (4, 3, 6), (4, 0, 7), (2, 4, 4)]),CG(nc=6, r=9, tr=[(1, 2, 0), (3, 0, 1), (3, 5, 2), (4, 2, 3), (0, 2, 4), (4, 0, 5), (1, 5, 6), (2, 3, 7), (1, 4, 4)]),4063,SAT
P39908,26,9,9,CG(nc=6, r=9, tr=[(1, 2, 0), (5, 4, 1), (1, 5, 2), (3, 4, 3), (0, 3, 4), (2, 3, 5), (1, 0, 6), (5, 2, 7), (4, 0, 5)]),CG(nc=6, r=9, tr=[(1, 2, 0), (5, 4, 1), (0, 2, 2), (1, 3, 3), (3, 4, 4), (3, 5, 5), (1, 0, 6), (4, 2, 7), (1, 4, 5)]),5556,SAT
P39909,28,10,10,CG(nc=7, r=10, tr=[(1, 6, 0), (3, 6, 1), (4, 5, 2), (1, 3, 3), (1, 0, 4), (4, 1, 5), (2, 5, 6), (5, 6, 7), (0, 2, 0), (0, 5, 3)]),CG(nc=6, r=10, tr=[(5, 2, 0), (3, 2, 1), (3, 4, 2), (2, 3, 3), (5, 1, 4), (3, 4, 5), (1, 4, 6), (0, 3, 7), (4, 1, 7), (0, 4, 3)]),9745,SAT
P39910,27,10,9,CG(nc=7, r=10, tr=[(6, 2, 0), (3, 4, 1), (5, 1, 2), (5, 2, 3), (2, 0, 4), (4, 6, 5), (3, 0, 6), (2, 4, 7), (0, 1, 5), (6, 5, 1)]),CG(nc=6, r=9, tr=[(0, 1, 0), (1, 2, 1), (2, 3, 2), (4, 5, 3), (1, 5, 4), (1, 4, 5), (4, 3, 6), (2, 5, 7), (0, 3, 4)]),8658,SAT
P39911,26,9,9,CG(nc=6, r=9, tr=[(1, 2, 0), (3, 0, 1), (0, 1, 2), (2, 4, 3), (5, 2, 4), (4, 5, 5), (5, 2, 6), (3, 1, 7), (4, 3, 4)]),CG(nc=6, r=9, tr=[(0, 1, 0), (5, 3, 1), (0, 3, 2), (4, 1, 3), (1, 5, 4), (5, 4, 5), (4, 2, 6), (3, 1, 7), (0, 2, 4)]),4588,SAT
P39912,26,9,9,CG(nc=6, r=9, tr=[(1, 2, 0), (5, 4, 1), (2, 5, 2), (4, 1, 3), (1, 0, 4), (4, 0, 5), (1, 4, 6), (5, 3, 7), (1, 3, 5)]),CG(nc=6, r=9, tr=[(1, 2, 0), (2, 0, 1), (1, 2, 2), (3, 2, 3), (4, 5, 4), (0, 4, 5), (3, 4, 6), (5, 1, 7), (5, 2, 5)]),4398,SAT
P39913,28,10,10,CG(nc=6, r=10, tr=[(0, 1, 0), (0, 2, 1), (3, 0, 2), (2, 4, 3), (5, 4, 4), (2, 5, 5), (4, 2, 6), (1, 3, 7), (4, 3, 0), (1, 2, 4)]),CG(nc=7, r=10, tr=[(1, 2, 0), (0, 1, 1), (2, 3, 2), (0, 4, 3), (5, 6, 4), (5, 3, 5), (5, 4, 6), (6, 2, 7), (3, 6, 0), (3, 0, 4)]),11022,SAT
P39914,26,9,9,CG(nc=6, r=9, tr=[(1, 2, 0), (3, 0, 1), (0, 1, 2), (3, 2, 3), (5, 2, 4), (5, 3, 5), (2, 3, 6), (3, 4, 7), (0, 4, 4)]),CG(nc=5, r=9, tr=[(1, 2, 0), (2, 4, 1), (2, 1, 2), (3, 1, 3), (0, 1, 4), (0, 2, 5), (4, 3, 6), (0, 1, 7), (2, 4, 4)]),3845,SAT
P39915,26,9,9,CG(nc=6, r=9, tr=[(1, 2, 0), (5, 4, 1), (5, 1, 2), (2, 4, 3), (2, 0, 4), (4, 0, 5), (2, 4, 6), (1, 3, 7), (3, 2, 5)]),CG(nc=6, r=9, tr=[(1, 2, 0), (5, 1, 1), (1, 0, 2), (4, 0, 3), (4, 5, 4), (4, 2, 5), (3, 5, 6), (2, 0, 7), (3, 1, 3)]),3931,SAT
P39916,26,9,9,CG(nc=7, r=9, tr=[(1, 2, 0), (3, 4, 1), (3, 2, 2), (3, 0, 3), (6, 4, 4), (0, 5, 5), (2, 4, 6), (4, 5, 7), (6, 1, 5)]),CG(nc=5, r=9, tr=[(4, 2, 0), (2, 3, 1), (2, 4, 2), (4, 3, 3), (0, 1, 4), (4, 1, 5), (1, 2, 6), (3, 0, 7), (3, 0, 5)]),4050,SAT
P39917,28,10,10,CG(nc=7, r=10, tr=[(1, 2, 0), (2, 0, 1), (0, 3, 2), (3, 1, 3), (2, 4, 4), (2, 6, 5), (5, 1, 6), (0, 5, 7), (4, 6, 3), (3, 4, 7)]),CG(nc=5, r=10, tr=[(1, 2, 0), (4, 2, 1), (3, 2, 2), (1, 4, 3), (1, 3, 4), (0, 2, 5), (3, 0, 6), (1, 0, 7), (0, 3, 0), (2, 4, 4)]),9982,SAT
P39918,22,8,8,CG(nc=7, r=8, tr=[(1, 2, 0), (3, 4, 1), (5, 1, 2), (6, 5, 3), (4, 6, 4), (2, 0, 5), (2, 4, 7), (0, 3, 3)]),CG(nc=4, r=8, tr=[(1, 2, 0), (2, 0, 1), (1, 2, 2), (1, 0, 3), (1, 3, 4), (3, 2, 5), (1, 3, 7), (0, 2, 4)]),3464,SAT
P39919,22,8,8,CG(nc=6, r=8, tr=[(1, 2, 0), (5, 4, 1), (5, 1, 2), (2, 4, 3), (2, 0, 4), (4, 0, 5), (1, 3, 7), (3, 2, 5)]),CG(nc=5, r=8, tr=[(4, 2, 0), (3, 2, 1), (2, 1, 2), (1, 0, 3), (1, 4, 4), (1, 2, 5), (0, 3, 7), (2, 3, 4)]),3592,SAT
P39920,24,8,8,CG(nc=7, r=8, tr=[(1, 2, 0), (0, 3, 1), (4, 0, 2), (2, 6, 3), (2, 3, 4), (1, 4, 5), (0, 5, 6), (6, 5, 7)]),CG(nc=5, r=8, tr=[(1, 2, 0), (2, 0, 1), (3, 4, 2), (0, 1, 3), (0, 2, 4), (3, 4, 5), (4, 1, 6), (2, 3, 7)]),2108,SAT
P39921,24,8,8,CG(nc=5, r=8, tr=[(1, 2, 0), (1, 2, 1), (3, 1, 2), (0, 2, 3), (4, 1, 4), (4, 3, 5), (0, 2, 6), (4, 1, 7)]),CG(nc=5, r=8, tr=[(4, 2, 0), (0, 2, 1), (4, 3, 2), (1, 4, 3), (2, 0, 4), (4, 3, 5), (0, 1, 6), (3, 2, 7)]),2187,SAT
P39922,26,9,9,CG(nc=6, r=9, tr=[(1, 2, 0), (3, 4, 1), (5, 1, 2), (4, 0, 3), (3, 2, 4), (2, 4, 5), (4, 0, 6), (5, 3, 7), (5, 2, 1)]),CG(nc=5, r=9, tr=[(1, 2, 0), (0, 1, 1), (2, 1, 2), (2, 0, 3), (2, 3, 4), (3, 0, 5), (2, 4, 6), (2, 4, 7), (3, 4, 1)]),4090,SAT
P39923,24,8,8,CG(nc=5, r=8, tr=[(1, 0, 0), (2, 0, 1), (1, 2, 2), (3, 2, 3), (4, 3, 4), (4, 3, 5), (2, 3, 6), (4, 3, 7)]),CG(nc=5, r=8, tr=[(1, 0, 0), (4, 1, 1), (0, 1, 2), (3, 4, 3), (2, 3, 4), (4, 2, 5), (3, 0, 6), (0, 3, 7)]),2499,SAT
P39924,26,9,9,CG(nc=7, r=9, tr=[(0, 1, 0), (2, 3, 1), (4, 3, 2), (3, 6, 3), (2, 0, 4), (4, 1, 5), (5, 6, 6), (1, 5, 7), (4, 2, 7)]),CG(nc=6, r=9, tr=[(1, 2, 0), (1, 0, 1), (5, 4, 2), (2, 0, 3), (1, 3, 4), (1, 5, 5), (2, 5, 6), (4, 1, 7), (3, 0, 7)]),4224,SAT
P39925,24,8,8,CG(nc=6, r=8, tr=[(1, 2, 0), (3, 4, 1), (0, 2, 2), (5, 3, 3), (4, 0, 4), (3, 1, 5), (5, 1, 6), (2, 0, 7)]),CG(nc=5, r=8, tr=[(1, 2, 0), (4, 3, 1), (2, 0, 2), (1, 4, 3), (3, 4, 4), (2, 0, 5), (1, 0, 6), (2, 3, 7)]),2047,SAT
P39926,26,9,9,CG(nc=6, r=9, tr=[(1, 2, 0), (3, 1, 1), (4, 0, 2), (5, 1, 3), (0, 3, 4), (4, 2, 5), (5, 2, 6), (3, 4, 7), (0, 4, 1)]),CG(nc=6, r=9, tr=[(1, 0, 0), (2, 5, 1), (2, 4, 2), (3, 5, 3), (5, 1, 4), (3, 1, 5), (3, 0, 6), (2, 1, 7), (4, 0, 4)]),3921,SAT
P39927,24,8,8,CG(nc=6, r=8, tr=[(1, 2, 0), (1, 0, 1), (0, 2, 2), (3, 5, 3), (3, 1, 4), (3, 1, 5), (4, 2, 6), (4, 5, 7)]),CG(nc=5, r=8, tr=[(1, 2, 0), (4, 2, 1), (2, 0, 2), (4, 1, 3), (4, 3, 4), (0, 2, 5), (0, 1, 6), (2, 3, 7)]),1925,SAT
P39928,24,8,8,CG(nc=6, r=8, tr=[(1, 2, 0), (3, 4, 1), (3, 1, 2), (3, 0, 3), (4, 5, 4), (2, 5, 5), (3, 0, 6), (3, 2, 7)]),CG(nc=6, r=8, tr=[(1, 5, 0), (3, 1, 1), (5, 1, 2), (0, 4, 3), (2, 5, 4), (0, 2, 5), (5, 4, 6), (3, 0, 7)]),1858,SAT
P39929,24,8,8,CG(nc=5, r=8, tr=[(1, 4, 0), (3, 4, 1), (1, 3, 2), (3, 2, 3), (2, 0, 4), (0, 2, 5), (3, 2, 6), (3, 1, 7)]),CG(nc=6, r=8, tr=[(5, 2, 0), (2, 0, 1), (3, 0, 2), (4, 1, 3), (4, 5, 4), (4, 0, 5), (1, 2, 6), (4, 3, 7)]),1835,SAT
P39930,24,8,8,CG(nc=7, r=8, tr=[(1, 2, 0), (3, 4, 1), (6, 1, 2), (0, 3, 3), (4, 6, 4), (2, 3, 5), (4, 5, 6), (5, 0, 7)]),CG(nc=5, r=8, tr=[(4, 2, 0), (3, 0, 1), (4, 2, 2), (1, 0, 3), (0, 2, 4), (3, 1, 5), (4, 1, 6), (2, 3, 7)]),1862,SAT
P39931,20,7,7,CG(nc=6, r=7, tr=[(1, 2, 0), (3, 4, 1), (4, 2, 2), (4, 0, 3), (5, 3, 4), (5, 1, 5), (0, 4, 6)]),CG(nc=4, r=7, tr=[(1, 3, 0), (0, 1, 1), (3, 1, 2), (3, 2, 3), (1, 0, 4), (1, 3, 5), (2, 0, 6)]),2096,SAT
P39932,24,8,8,CG(nc=7, r=8, tr=[(1, 2, 0), (3, 4, 1), (4, 1, 2), (6, 4, 3), (0, 3, 4), (2, 0, 5), (5, 2, 6), (6, 5, 7)]),CG(nc=6, r=8, tr=[(0, 1, 0), (5, 3, 1), (4, 3, 2), (1, 2, 3), (2, 0, 4), (2, 5, 5), (3, 1, 6), (0, 4, 7)]),2425,SAT
P39933,24,8,8,CG(nc=6, r=8, tr=[(1, 0, 0), (1, 0, 1), (2, 3, 2), (1, 2, 3), (2, 5, 4), (5, 3, 5), (4, 3, 6), (4, 1, 7)]),CG(nc=6, r=8, tr=[(1, 2, 0), (3, 1, 1), (0, 1, 2), (2, 5, 3), (5, 4, 4), (4, 0, 5), (0, 2, 6), (3, 5, 7)]),2035,SAT
P39934,24,8,8,CG(nc=6, r=8, tr=[(1, 2, 0), (1, 2, 1), (0, 3, 2), (1, 5, 3), (0, 2, 4), (3, 2, 5), (4, 5, 6), (4, 3, 7)]),CG(nc=6, r=8, tr=[(1, 5, 0), (1, 3, 1), (0, 4, 2), (5, 2, 3), (5, 4, 4), (2, 4, 5), (0, 2, 6), (3, 0, 7)]),2100,SAT
P39935,16,6,6,CG(nc=5, r=6, tr=[(1, 2, 0), (2, 4, 1), (1, 4, 2), (2, 3, 3), (0, 3, 4), (0, 3, 5)]),CG(nc=4, r=6, tr=[(1, 3, 0), (1, 0, 1), (0, 2, 2), (3, 0, 3), (3, 2, 4), (0, 2, 5)]),1975,SAT
P40,18,6,6,CG(nc=4, r=6, tr=[(1, 3, 1), (0, 1, 2), (3, 0, 3), (3, 0, 4), (3, 2, 5), (0, 2, 6)]),CG(nc=5, r=6, tr=[(1, 4, 1), (3, 4, 2), (2, 0, 3), (1, 3, 4), (2, 1, 5), (3, 2, 6)]),1841,SAT
P406,30,11,11,CG(nc=7, r=11, tr=[(1, 2, 0), (2, 0, 1), (2, 3, 2), (0, 3, 3), (4, 3, 4), (1, 0, 5), (4, 1, 6), (6, 5, 7), (5, 3, 5), (4, 6, 1), (2, 6, 3)]),CG(nc=7, r=11, tr=[(0, 1, 0), (2, 3, 1), (1, 2, 2), (3, 0, 3), (3, 4, 4), (6, 5, 5), (4, 2, 6), (4, 3, 7), (6, 4, 0), (1, 6, 4), (2, 5, 3)]),283981,SAT
P40672,28,10,10,CG(nc=7, r=10, tr=[(1, 6, 0), (3, 4, 1), (5, 3, 2), (5, 0, 3), (6, 4, 4), (1, 3, 5), (2, 5, 6), (2, 0, 7), (2, 4, 5), (5, 6, 7)]),CG(nc=7, r=10, tr=[(6, 2, 0), (2, 3, 1), (4, 5, 2), (5, 1, 3), (6, 5, 4), (2, 5, 5), (1, 0, 6), (4, 0, 7), (2, 3, 4), (3, 4, 6)]),9895,SAT
P40673,32,12,12,CG(nc=7, r=12, tr=[(0, 1, 0), (0, 1, 1), (2, 1, 2), (2, 3, 3), (3, 6, 4), (3, 5, 5), (1, 4, 6), (4, 6, 7), (5, 1, 4), (4, 0, 3), (2, 0, 7), (5, 6, 5)]),CG(nc=7, r=12, tr=[(1, 6, 0), (1, 3, 1), (3, 4, 2), (6, 5, 3), (1, 0, 4), (3, 0, 5), (2, 4, 6), (4, 6, 7), (2, 1, 5), (0, 5, 7), (3, 5, 6), (0, 4, 3)]),463318,SAT
P40674,28,10,10,CG(nc=7, r=10, tr=[(1, 2, 0), (3, 6, 1), (1, 5, 2), (0, 5, 3), (4, 2, 4), (6, 2, 5), (5, 4, 6), (0, 4, 7), (3, 1, 4), (3, 5, 7)]),CG(nc=6, r=10, tr=[(5, 2, 0), (2, 3, 1), (4, 5, 2), (2, 1, 3), (1, 5, 4), (0, 3, 5), (0, 4, 6), (3, 4, 7), (1, 4, 5), (3, 0, 4)]),10027,SAT
P40675,30,11,11,CG(nc=8, r=11, tr=[(1, 2, 0), (3, 0, 1), (4, 3, 2), (7, 1, 3), (4, 1, 4), (6, 0, 5), (5, 3, 6), (5, 7, 7), (2, 6, 2), (6, 4, 6), (5, 2, 4)]),CG(nc=7, r=11, tr=[(0, 1, 0), (2, 1, 1), (6, 4, 2), (4, 2, 3), (0, 5, 4), (1, 5, 5), (6, 3, 6), (4, 5, 7), (1, 3, 4), (2, 3, 7), (3, 5, 3)]),230304,SAT
P40678,30,11,11,CG(nc=7, r=11, tr=[(1, 2, 0), (3, 1, 1), (6, 1, 2), (2, 5, 3), (5, 3, 4), (0, 5, 5), (2, 0, 6), (3, 6, 7), (3, 4, 6), (6, 4, 5), (0, 2, 4)]),CG(nc=7, r=11, tr=[(1, 6, 0), (3, 1, 1), (4, 1, 2), (3, 6, 3), (5, 4, 4), (0, 2, 5), (3, 2, 6), (5, 6, 7), (0, 2, 7), (2, 4, 5), (1, 0, 4)]),238545,SAT
P40679,31,12,11,CG(nc=8, r=12, tr=[(1, 2, 0), (3, 7, 1), (5, 6, 2), (4, 0, 3), (1, 6, 4), (7, 1, 5), (3, 2, 6), (0, 5, 7), (6, 4, 6), (2, 4, 2), (3, 2, 4), (1, 5, 1)]),CG(nc=7, r=11, tr=[(1, 2, 0), (1, 0, 1), (3, 4, 2), (3, 1, 3), (5, 3, 4), (0, 3, 5), (6, 5, 6), (5, 2, 7), (6, 4, 1), (5, 0, 2), (2, 6, 5)]),332327,SAT
P40680,28,10,10,CG(nc=6, r=10, tr=[(1, 0, 0), (2, 0, 1), (2, 3, 2), (1, 3, 3), (5, 1, 4), (2, 5, 5), (4, 2, 6), (3, 4, 7), (1, 3, 6), (0, 4, 4)]),CG(nc=6, r=10, tr=[(0, 1, 0), (2, 5, 1), (4, 3, 2), (4, 3, 3), (2, 1, 4), (5, 4, 5), (3, 1, 6), (2, 3, 7), (4, 0, 4), (2, 1, 5)]),11689,SAT
P40681,30,11,11,CG(nc=7, r=11, tr=[(0, 1, 0), (2, 3, 1), (4, 3, 2), (4, 6, 3), (1, 6, 4), (1, 3, 5), (5, 3, 6), (5, 6, 7), (0, 2, 4), (2, 4, 7), (2, 5, 3)]),CG(nc=7, r=11, tr=[(1, 6, 0), (1, 3, 1), (4, 0, 2), (5, 2, 3), (5, 6, 4), (5, 1, 5), (2, 0, 6), (3, 2, 7), (4, 3, 3), (4, 5, 7), (1, 3, 4)]),213284,SAT
P40682,28,10,10,CG(nc=7, r=10, tr=[(0, 1, 0), (2, 3, 1), (3, 4, 2), (4, 1, 3), (1, 6, 4), (5, 2, 5), (3, 5, 6), (6, 5, 7), (3, 6, 5), (2, 0, 4)]),CG(nc=7, r=10, tr=[(1, 2, 0), (3, 1, 1), (6, 5, 2), (4, 0, 3), (5, 1, 4), (4, 1, 5), (6, 2, 6), (0, 3, 7), (3, 5, 5), (4, 6, 4)]),10802,SAT
P40683,30,11,11,CG(nc=7, r=11, tr=[(1, 2, 0), (0, 3, 1), (1, 4, 2), (3, 4, 3), (0, 5, 4), (6, 3, 5), (5, 4, 6), (2, 4, 7), (1, 2, 1), (2, 0, 5), (1, 6, 4)]),CG(nc=7, r=11, tr=[(1, 2, 0), (3, 6, 1), (1, 5, 2), (1, 6, 3), (4, 1, 4), (6, 5, 5), (5, 4, 6), (1, 0, 7), (3, 4, 2), (4, 0, 3), (3, 2, 6)]),222479,SAT
P40686,26,9,9,CG(nc=6, r=9, tr=[(1, 0, 0), (2, 0, 1), (3, 4, 2), (4, 5, 3), (2, 3, 4), (5, 2, 5), (3, 0, 6), (1, 0, 7), (3, 1, 5)]),CG(nc=6, r=9, tr=[(1, 0, 0), (5, 3, 1), (4, 0, 2), (0, 4, 3), (4, 3, 4), (5, 4, 5), (1, 2, 6), (2, 3, 7), (0, 2, 5)]),3922,SAT
P40687,28,10,10,CG(nc=7, r=10, tr=[(0, 1, 0), (2, 3, 1), (4, 6, 2), (4, 3, 3), (2, 0, 4), (5, 4, 5), (0, 4, 6), (2, 5, 7), (1, 3, 5), (6, 1, 4)]),CG(nc=6, r=10, tr=[(1, 2, 0), (0, 2, 1), (3, 4, 2), (3, 5, 3), (3, 2, 4), (0, 3, 5), (4, 1, 6), (5, 4, 7), (2, 1, 5), (4, 1, 3)]),11000,SAT
P40688,26,9,9,CG(nc=6, r=9, tr=[(1, 2, 0), (0, 3, 1), (5, 4, 2), (2, 3, 3), (2, 4, 4), (5, 3, 5), (4, 0, 6), (4, 5, 7), (1, 0, 2)]),CG(nc=6, r=9, tr=[(1, 2, 0), (1, 5, 1), (1, 4, 2), (2, 5, 3), (3, 4, 4), (3, 1, 5), (2, 0, 6), (3, 0, 7), (4, 5, 5)]),4005,SAT
P40689,28,10,10,CG(nc=6, r=10, tr=[(1, 2, 0), (1, 2, 1), (3, 5, 2), (0, 2, 3), (4, 3, 4), (4, 5, 5), (3, 2, 6), (5, 2, 7), (1, 4, 2), (1, 0, 6)]),CG(nc=7, r=10, tr=[(6, 2, 0), (3, 2, 1), (4, 5, 2), (1, 3, 3), (0, 4, 4), (4, 1, 5), (0, 3, 6), (6, 5, 7), (6, 1, 6), (1, 0, 2)]),12478,SAT
P40690,26,9,9,CG(nc=6, r=9, tr=[(1, 2, 0), (3, 4, 1), (3, 0, 2), (5, 1, 3), (2, 0, 4), (3, 2, 5), (5, 3, 6), (0, 4, 7), (1, 4, 4)]),CG(nc=6, r=9, tr=[(1, 2, 0), (2, 3, 1), (4, 2, 2), (5, 3, 3), (1, 4, 4), (4, 0, 5), (3, 0, 6), (1, 5, 7), (0, 2, 4)]),4078,SAT
P40691,28,10,10,CG(nc=7, r=10, tr=[(0, 1, 0), (2, 3, 1), (6, 2, 2), (5, 2, 3), (1, 6, 4), (1, 5, 5), (0, 2, 6), (3, 6, 7), (5, 4, 1), (4, 0, 4)]),CG(nc=6, r=10, tr=[(1, 2, 0), (3, 1, 1), (5, 3, 2), (0, 2, 3), (1, 0, 4), (1, 2, 5), (5, 2, 6), (0, 4, 7), (4, 3, 5), (3, 0, 6)]),9412,SAT
P40694,26,9,9,CG(nc=6, r=9, tr=[(1, 2, 0), (2, 3, 1), (4, 5, 2), (0, 2, 3), (4, 3, 4), (3, 5, 5), (0, 1, 6), (3, 5, 7), (4, 1, 5)]),CG(nc=6, r=9, tr=[(1, 2, 0), (5, 2, 1), (4, 2, 2), (1, 5, 3), (0, 4, 4), (0, 2, 5), (1, 0, 6), (3, 5, 7), (4, 3, 5)]),4213,SAT
P40695,28,10,10,CG(nc=7, r=10, tr=[(1, 6, 0), (3, 6, 1), (3, 1, 2), (4, 0, 3), (1, 4, 4), (4, 3, 5), (5, 3, 6), (2, 5, 7), (5, 6, 4), (0, 2, 0)]),CG(nc=6, r=10, tr=[(1, 2, 0), (1, 5, 1), (4, 5, 2), (1, 3, 3), (3, 4, 4), (3, 5, 5), (4, 0, 6), (2, 4, 7), (0, 3, 1), (0, 2, 5)]),11690,SAT
P40696,26,9,9,CG(nc=7, r=9, tr=[(1, 2, 0), (0, 3, 1), (6, 5, 2), (1, 5, 3), (2, 4, 4), (2, 0, 5), (4, 6, 6), (1, 4, 7), (1, 3, 4)]),CG(nc=5, r=9, tr=[(1, 2, 0), (0, 2, 1), (0, 3, 2), (3, 0, 3), (4, 1, 4), (4, 2, 5), (4, 3, 6), (3, 1, 7), (2, 0, 4)]),4226,SAT
P40697,28,10,10,CG(nc=7, r=10, tr=[(0, 1, 0), (0, 2, 1), (3, 4, 2), (6, 3, 3), (2, 4, 4), (4, 1, 5), (4, 5, 6), (5, 6, 7), (5, 0, 3), (2, 6, 5)]),CG(nc=5, r=10, tr=[(1, 4, 0), (3, 1, 1), (4, 2, 2), (3, 0, 3), (0, 1, 4), (3, 0, 5), (0, 2, 6), (2, 3, 7), (2, 4, 3), (4, 1, 5)]),10187,SAT
P40698,26,9,9,CG(nc=6, r=9, tr=[(1, 2, 0), (5, 1, 1), (0, 4, 2), (3, 1, 3), (4, 3, 4), (3, 0, 5), (5, 4, 6), (3, 0, 7), (5, 2, 2)]),CG(nc=6, r=9, tr=[(0, 1, 0), (2, 5, 1), (4, 2, 2), (2, 4, 3), (0, 4, 4), (2, 3, 5), (2, 1, 6), (3, 1, 7), (5, 4, 5)]),5165,SAT
P40699,28,10,10,CG(nc=7, r=10, tr=[(0, 1, 0), (2, 3, 1), (4, 1, 2), (2, 6, 3), (5, 0, 4), (2, 4, 5), (6, 3, 6), (5, 2, 7), (3, 5, 2), (5, 4, 6)]),CG(nc=6, r=10, tr=[(1, 2, 0), (3, 0, 1), (4, 5, 2), (5, 3, 3), (2, 5, 4), (2, 0, 5), (1, 3, 6), (1, 4, 7), (4, 0, 4), (5, 2, 1)]),9689,SAT
P407,24,9,9,CG(nc=6, r=9, tr=[(1, 2, 0), (5, 4, 1), (0, 2, 2), (1, 4, 3), (4, 2, 4), (1, 5, 5), (3, 4, 6), (0, 1, 1), (3, 0, 0)]),CG(nc=6, r=9, tr=[(1, 2, 0), (1, 5, 1), (1, 4, 2), (0, 2, 3), (2, 4, 4), (3, 5, 5), (3, 4, 6), (4, 3, 0), (3, 0, 1)]),6391,SAT
P40702,22,8,8,CG(nc=6, r=8, tr=[(1, 2, 0), (3, 4, 1), (5, 1, 2), (4, 0, 3), (1, 3, 4), (2, 4, 5), (1, 0, 6), (3, 5, 5)]),CG(nc=5, r=8, tr=[(1, 4, 0), (0, 3, 1), (2, 4, 2), (2, 4, 3), (3, 2, 4), (0, 2, 5), (1, 3, 6), (4, 3, 5)]),3752,SAT
P40703,22,8,8,CG(nc=7, r=8, tr=[(1, 6, 0), (3, 4, 1), (4, 5, 2), (0, 5, 3), (3, 6, 4), (3, 2, 5), (5, 2, 6), (1, 4, 5)]),CG(nc=5, r=8, tr=[(1, 2, 0), (1, 0, 1), (4, 3, 2), (4, 0, 3), (3, 2, 4), (0, 3, 5), (2, 4, 6), (1, 2, 2)]),3713,SAT
P408,24,8,8,CG(nc=6, r=8, tr=[(1, 2, 0), (3, 0, 1), (1, 5, 2), (1, 0, 3), (5, 3, 4), (4, 2, 5), (5, 2, 6), (4, 0, 7)]),CG(nc=6, r=8, tr=[(5, 2, 0), (0, 3, 1), (3, 4, 2), (3, 1, 3), (0, 1, 4), (5, 3, 5), (2, 1, 6), (4, 2, 7)]),2168,SAT
P4080,12,4,4,CG(nc=4, r=4, tr=[(1, 3, 0), (0, 1, 1), (3, 2, 2), (0, 2, 3)]),CG(nc=4, r=4, tr=[(3, 2, 0), (3, 1, 1), (0, 1, 2), (2, 0, 3)]),1658,SAT
P4081,16,6,6,CG(nc=5, r=6, tr=[(4, 2, 0), (4, 2, 1), (4, 3, 2), (0, 3, 3), (1, 2, 6), (0, 1, 7)]),CG(nc=5, r=6, tr=[(1, 2, 0), (0, 1, 1), (4, 3, 2), (4, 2, 3), (0, 2, 6), (0, 3, 7)]),1713,SAT
P4082,18,6,6,CG(nc=5, r=6, tr=[(1, 0, 1), (2, 4, 2), (0, 2, 3), (0, 1, 4), (3, 4, 6), (1, 3, 7)]),CG(nc=4, r=6, tr=[(1, 2, 1), (2, 3, 2), (3, 2, 3), (1, 0, 4), (0, 2, 6), (0, 2, 7)]),1860,SAT
P4083,14,5,5,CG(nc=5, r=5, tr=[(1, 2, 0), (4, 3, 1), (0, 3, 2), (2, 4, 4), (0, 1, 5)]),CG(nc=4, r=5, tr=[(1, 0, 0), (3, 2, 1), (3, 1, 2), (0, 1, 4), (0, 2, 5)]),1588,SAT
P4086,24,8,8,CG(nc=7, r=8, tr=[(0, 1, 0), (1, 2, 1), (3, 6, 2), (0, 3, 3), (5, 0, 4), (2, 5, 5), (6, 4, 6), (4, 2, 7)]),CG(nc=5, r=8, tr=[(1, 4, 0), (3, 2, 1), (2, 0, 2), (2, 0, 3), (4, 3, 4), (1, 2, 5), (2, 4, 6), (2, 4, 7)]),2194,SAT
P4087,16,6,6,CG(nc=6, r=6, tr=[(5, 2, 0), (3, 0, 1), (5, 4, 2), (0, 4, 3), (1, 3, 6), (2, 1, 7)]),CG(nc=4, r=6, tr=[(1, 0, 0), (1, 0, 1), (3, 2, 2), (3, 1, 3), (0, 1, 6), (0, 2, 7)]),2164,SAT
P4088,20,6,6,CG(nc=5, r=6, tr=[(0, 1, 2), (4, 1, 3), (3, 2, 4), (3, 2, 5), (3, 4, 6), (0, 2, 7)]),CG(nc=5, r=6, tr=[(4, 2, 2), (4, 3, 3), (1, 3, 4), (0, 1, 5), (0, 3, 6), (2, 0, 7)]),1890,SAT
P4089,24,8,8,CG(nc=7, r=8, tr=[(1, 2, 0), (3, 2, 1), (4, 0, 2), (6, 4, 3), (6, 3, 4), (6, 1, 5), (2, 5, 6), (5, 0, 7)]),CG(nc=5, r=8, tr=[(1, 2, 0), (4, 1, 1), (0, 2, 2), (2, 0, 3), (4, 3, 4), (3, 2, 5), (2, 4, 6), (2, 4, 7)]),2020,SAT
P409,18,7,7,CG(nc=4, r=7, tr=[(1, 3, 0), (3, 1, 1), (2, 3, 2), (0, 2, 3), (0, 1, 4), (0, 1, 5), (1, 2, 3)]),CG(nc=6, r=7, tr=[(1, 0, 0), (2, 5, 1), (1, 2, 2), (5, 4, 3), (3, 4, 4), (3, 0, 5), (2, 1, 3)]),3554,SAT
P4090,16,5,5,CG(nc=5, r=5, tr=[(1, 0, 1), (4, 1, 2), (4, 3, 3), (3, 2, 4), (0, 2, 5)]),CG(nc=4, r=5, tr=[(3, 2, 1), (3, 1, 2), (1, 0, 3), (0, 1, 4), (0, 2, 5)]),1730,SAT
P4091,18,6,6,CG(nc=6, r=6, tr=[(1, 5, 1), (5, 3, 2), (0, 3, 3), (4, 2, 4), (1, 4, 6), (0, 2, 7)]),CG(nc=3, r=6, tr=[(1, 0, 1), (1, 2, 2), (2, 1, 3), (1, 0, 4), (0, 1, 6), (1, 0, 7)]),1832,SAT
P4094,20,6,6,CG(nc=6, r=6, tr=[(1, 0, 2), (5, 1, 3), (5, 3, 4), (4, 2, 5), (3, 4, 6), (2, 0, 7)]),CG(nc=3, r=6, tr=[(2, 1, 2), (2, 1, 3), (1, 0, 4), (1, 0, 5), (0, 1, 6), (1, 0, 7)]),1804,SAT
P40944,24,8,8,CG(nc=7, r=8, tr=[(1, 2, 0), (3, 0, 1), (4, 6, 2), (4, 1, 3), (3, 1, 4), (0, 2, 5), (5, 6, 6), (0, 5, 7)]),CG(nc=5, r=8, tr=[(1, 2, 0), (2, 0, 1), (1, 0, 2), (0, 1, 3), (0, 3, 4), (3, 1, 5), (1, 4, 6), (1, 4, 7)]),1963,SAT
P40945,24,8,8,CG(nc=6, r=8, tr=[(5, 2, 0), (5, 2, 1), (3, 4, 2), (0, 4, 3), (3, 2, 4), (3, 2, 5), (1, 0, 6), (2, 1, 7)]),CG(nc=6, r=8, tr=[(1, 0, 0), (5, 1, 1), (3, 0, 2), (4, 5, 3), (2, 0, 4), (3, 2, 5), (4, 0, 6), (3, 5, 7)]),2139,SAT
P40946,26,9,9,CG(nc=7, r=9, tr=[(1, 2, 0), (3, 0, 1), (6, 1, 2), (5, 2, 3), (3, 5, 4), (0, 5, 5), (4, 3, 6), (6, 4, 7), (2, 1, 1)]),CG(nc=6, r=9, tr=[(0, 1, 0), (1, 2, 1), (2, 0, 2), (5, 4, 3), (3, 4, 4), (3, 5, 5), (4, 0, 6), (5, 2, 7), (3, 0, 1)]),4228,SAT
P40947,24,8,8,CG(nc=7, r=8, tr=[(6, 2, 0), (3, 6, 1), (4, 5, 2), (0, 4, 3), (3, 5, 4), (2, 5, 5), (3, 1, 6), (1, 0, 7)]),CG(nc=6, r=8, tr=[(1, 5, 0), (0, 1, 1), (1, 3, 2), (5, 4, 3), (5, 3, 4), (0, 2, 5), (0, 4, 6), (2, 3, 7)]),2102,SAT
P4095,4,2,2,CG(nc=3, r=2, tr=[(2, 1, 0), (0, 1, 1)]),CG(nc=2, r=2, tr=[(0, 1, 0), (1, 0, 1)]),1751,SAT
P40950,24,8,8,CG(nc=6, r=8, tr=[(1, 2, 0), (1, 3, 1), (4, 5, 2), (1, 0, 3), (4, 3, 4), (2, 4, 5), (2, 0, 6), (5, 3, 7)]),CG(nc=5, r=8, tr=[(4, 2, 0), (2, 3, 1), (0, 1, 2), (4, 3, 3), (0, 2, 4), (1, 2, 5), (3, 0, 6), (1, 4, 7)]),2201,SAT
P40951,26,9,9,CG(nc=7, r=9, tr=[(1, 2, 0), (6, 4, 1), (0, 5, 2), (3, 6, 3), (4, 2, 4), (1, 3, 5), (2, 4, 6), (1, 0, 7), (5, 2, 3)]),CG(nc=5, r=9, tr=[(4, 2, 0), (0, 2, 1), (2, 3, 2), (3, 2, 3), (1, 4, 4), (3, 0, 5), (3, 1, 6), (1, 3, 7), (3, 4, 1)]),3956,SAT
P40952,24,8,8,CG(nc=6, r=8, tr=[(1, 2, 0), (2, 1, 1), (0, 2, 2), (3, 1, 3), (5, 3, 4), (5, 3, 5), (0, 4, 6), (4, 3, 7)]),CG(nc=6, r=8, tr=[(1, 0, 0), (2, 1, 1), (5, 4, 2), (2, 0, 3), (3, 5, 4), (3, 0, 5), (2, 5, 6), (0, 4, 7)]),1994,SAT
P40953,24,8,8,CG(nc=5, r=8, tr=[(1, 2, 0), (2, 1, 1), (4, 2, 2), (1, 3, 3), (0, 3, 4), (3, 0, 5), (3, 1, 6), (2, 4, 7)]),CG(nc=6, r=8, tr=[(5, 2, 0), (2, 0, 1), (3, 5, 2), (0, 4, 3), (5, 1, 4), (0, 1, 5), (4, 5, 6), (0, 3, 7)]),1944,SAT
P40954,24,8,8,CG(nc=6, r=8, tr=[(1, 0, 0), (0, 2, 1), (1, 3, 2), (3, 2, 3), (5, 1, 4), (5, 2, 5), (1, 4, 6), (4, 0, 7)]),CG(nc=6, r=8, tr=[(5, 2, 0), (3, 0, 1), (4, 0, 2), (1, 3, 3), (1, 5, 4), (0, 1, 5), (2, 3, 6), (5, 4, 7)]),2091,SAT
P40955,26,9,9,CG(nc=8, r=9, tr=[(1, 2, 0), (7, 4, 1), (2, 5, 2), (7, 5, 3), (6, 2, 4), (0, 1, 5), (3, 2, 6), (4, 3, 7), (0, 6, 1)]),CG(nc=6, r=9, tr=[(1, 2, 0), (3, 1, 1), (5, 4, 2), (3, 0, 3), (4, 0, 4), (4, 5, 5), (5, 3, 6), (0, 2, 7), (2, 5, 2)]),4241,SAT
P40958,26,9,9,CG(nc=7, r=9, tr=[(1, 2, 0), (3, 4, 1), (0, 1, 2), (3, 6, 3), (4, 1, 4), (6, 5, 5), (4, 5, 6), (1, 0, 7), (2, 3, 5)]),CG(nc=6, r=9, tr=[(1, 2, 0), (2, 5, 1), (5, 1, 2), (5, 4, 3), (0, 4, 4), (3, 5, 5), (4, 3, 6), (0, 1, 7), (3, 0, 3)]),4125,SAT
P40959,16,6,6,CG(nc=6, r=6, tr=[(5, 2, 0), (3, 5, 1), (4, 1, 2), (1, 0, 3), (4, 3, 4), (2, 4, 5)]),CG(nc=4, r=6, tr=[(1, 3, 0), (0, 1, 1), (3, 0, 2), (3, 0, 3), (3, 2, 4), (0, 2, 5)]),1808,SAT
P41,22,8,8,CG(nc=4, r=8, tr=[(1, 0, 0), (2, 3, 1), (0, 2, 2), (3, 0, 3), (1, 3, 4), (1, 2, 5), (3, 2, 6), (1, 0, 1)]),CG(nc=6, r=8, tr=[(1, 2, 0), (3, 2, 1), (0, 3, 2), (5, 4, 3), (0, 2, 4), (1, 2, 5), (3, 4, 6), (4, 1, 2)]),3704,SAT
P410,26,9,9,CG(nc=6, r=9, tr=[(1, 0, 0), (5, 3, 1), (4, 1, 2), (3, 1, 3), (3, 0, 4), (5, 4, 5), (2, 3, 6), (2, 5, 7), (2, 5, 0)]),CG(nc=6, r=9, tr=[(5, 2, 0), (3, 0, 1), (4, 2, 2), (4, 5, 3), (0, 2, 4), (4, 1, 5), (3, 1, 6), (4, 3, 7), (1, 2, 3)]),3745,SAT
P411,18,7,7,CG(nc=5, r=7, tr=[(4, 2, 0), (4, 2, 1), (2, 3, 2), (1, 4, 3), (0, 2, 4), (3, 1, 5), (0, 1, 0)]),CG(nc=5, r=7, tr=[(0, 1, 0), (2, 3, 1), (2, 1, 2), (2, 0, 3), (4, 1, 4), (1, 2, 5), (4, 3, 0)]),3379,SAT
P414,28,10,10,CG(nc=7, r=10, tr=[(0, 1, 0), (6, 3, 1), (3, 4, 2), (1, 4, 3), (0, 5, 4), (2, 6, 5), (2, 4, 6), (4, 5, 7), (0, 3, 3), (1, 2, 2)]),CG(nc=6, r=10, tr=[(0, 1, 0), (2, 5, 1), (4, 2, 2), (3, 1, 3), (4, 1, 4), (0, 2, 5), (3, 2, 6), (1, 4, 7), (3, 0, 2), (4, 5, 3)]),11503,SAT
P415,20,8,8,CG(nc=5, r=8, tr=[(1, 4, 0), (1, 4, 1), (3, 0, 2), (2, 4, 3), (2, 3, 4), (2, 3, 5), (1, 2, 2), (0, 1, 3)]),CG(nc=6, r=8, tr=[(1, 2, 0), (2, 5, 1), (5, 4, 2), (1, 4, 3), (4, 3, 4), (5, 3, 5), (1, 0, 2), (4, 0, 3)]),6349,SAT
P42,10,4,4,CG(nc=3, r=4, tr=[(2, 1, 1), (0, 1, 2), (2, 0, 3), (2, 0, 4)]),CG(nc=4, r=4, tr=[(0, 1, 1), (0, 1, 2), (2, 3, 3), (2, 1, 4)]),1854,SAT
P424,24,8,8,CG(nc=5, r=8, tr=[(1, 4, 0), (3, 0, 1), (0, 3, 2), (0, 1, 3), (4, 3, 4), (4, 2, 5), (3, 2, 6), (0, 3, 7)]),CG(nc=7, r=8, tr=[(1, 6, 0), (3, 4, 1), (0, 4, 2), (5, 2, 3), (2, 0, 4), (6, 5, 5), (6, 5, 6), (1, 3, 7)]),2252,SAT
P425,20,7,7,CG(nc=5, r=7, tr=[(1, 0, 0), (4, 3, 1), (4, 3, 2), (1, 4, 3), (0, 3, 4), (2, 4, 5), (1, 2, 6)]),CG(nc=5, r=7, tr=[(0, 1, 0), (1, 2, 1), (2, 4, 2), (0, 3, 3), (4, 1, 4), (3, 1, 5), (1, 3, 6)]),1997,SAT
P426,16,6,6,CG(nc=3, r=6, tr=[(0, 1, 0), (1, 0, 1), (0, 1, 2), (1, 2, 3), (2, 1, 4), (0, 1, 7)]),CG(nc=6, r=6, tr=[(1, 2, 0), (0, 1, 1), (5, 4, 2), (5, 3, 3), (0, 3, 4), (4, 2, 7)]),2136,SAT
P427,12,5,5,CG(nc=4, r=5, tr=[(1, 0, 0), (3, 2, 1), (2, 3, 2), (3, 1, 3), (0, 2, 4)]),CG(nc=5, r=5, tr=[(1, 4, 0), (3, 1, 1), (0, 3, 2), (4, 2, 3), (0, 2, 4)]),1824,SAT
P428,24,8,8,CG(nc=5, r=8, tr=[(1, 4, 0), (3, 2, 1), (0, 2, 2), (0, 1, 3), (2, 4, 4), (0, 3, 5), (1, 3, 6), (2, 3, 7)]),CG(nc=7, r=8, tr=[(0, 1, 0), (2, 3, 1), (3, 6, 2), (5, 0, 3), (4, 6, 4), (5, 3, 5), (5, 4, 6), (1, 2, 7)]),2200,SAT
P429,20,7,7,CG(nc=4, r=7, tr=[(3, 2, 0), (2, 3, 1), (1, 3, 2), (0, 2, 3), (1, 0, 4), (2, 1, 5), (0, 1, 6)]),CG(nc=5, r=7, tr=[(1, 2, 0), (1, 0, 1), (2, 4, 2), (2, 3, 3), (4, 2, 4), (3, 0, 5), (0, 3, 6)]),2031,SAT
P43,14,6,6,CG(nc=4, r=6, tr=[(1, 0, 1), (1, 3, 2), (3, 0, 3), (1, 3, 4), (2, 0, 2), (1, 2, 4)]),CG(nc=5, r=6, tr=[(4, 2, 1), (3, 2, 2), (0, 1, 3), (4, 3, 4), (2, 1, 4), (1, 2, 2)]),5707,SAT
P430,20,7,7,CG(nc=5, r=7, tr=[(0, 1, 0), (0, 1, 1), (0, 2, 2), (1, 4, 3), (2, 4, 4), (0, 3, 5), (3, 2, 7)]),CG(nc=5, r=7, tr=[(1, 2, 0), (4, 3, 1), (3, 2, 2), (4, 1, 3), (0, 1, 4), (3, 0, 5), (0, 1, 7)]),2075,SAT
P431,12,5,5,CG(nc=4, r=5, tr=[(3, 2, 0), (3, 2, 1), (3, 1, 2), (2, 0, 3), (0, 1, 4)]),CG(nc=4, r=5, tr=[(1, 2, 0), (3, 2, 1), (1, 0, 2), (3, 1, 3), (0, 1, 4)]),1910,SAT
P43136,20,6,6,CG(nc=4, r=6, tr=[(0, 3, 4), (3, 2, 5), (3, 1, 6), (1, 0, 7), (1, 0, 5), (2, 0, 7)]),CG(nc=5, r=6, tr=[(1, 4, 4), (1, 3, 5), (2, 0, 6), (0, 3, 7), (1, 2, 7), (3, 2, 6)]),4669,SAT
P43137,26,9,9,CG(nc=6, r=9, tr=[(1, 2, 0), (5, 4, 1), (3, 1, 2), (5, 4, 3), (0, 4, 4), (3, 0, 5), (2, 0, 6), (5, 1, 7), (4, 3, 6)]),CG(nc=6, r=9, tr=[(0, 1, 0), (2, 3, 1), (1, 3, 2), (5, 2, 3), (5, 4, 4), (1, 4, 5), (1, 0, 6), (0, 3, 7), (3, 4, 6)]),3652,SAT
P43138,24,8,8,CG(nc=6, r=8, tr=[(1, 2, 1), (3, 4, 2), (3, 1, 3), (0, 5, 4), (5, 3, 5), (1, 0, 6), (5, 2, 7), (0, 4, 7)]),CG(nc=6, r=8, tr=[(5, 2, 1), (3, 4, 2), (2, 4, 3), (0, 3, 4), (5, 1, 5), (1, 3, 6), (4, 1, 7), (4, 5, 6)]),3460,SAT
P43139,24,8,8,CG(nc=5, r=8, tr=[(1, 0, 1), (2, 0, 2), (0, 2, 3), (2, 4, 4), (1, 4, 5), (4, 3, 6), (1, 3, 7), (2, 3, 5)]),CG(nc=6, r=8, tr=[(1, 2, 1), (1, 0, 2), (2, 5, 3), (5, 4, 4), (3, 4, 5), (4, 1, 6), (3, 1, 7), (3, 0, 6)]),4096,SAT
P43140,26,9,9,CG(nc=5, r=9, tr=[(1, 0, 0), (0, 1, 2), (0, 1, 3), (4, 1, 4), (4, 3, 5), (1, 3, 6), (2, 4, 7), (2, 1, 6), (0, 2, 5)]),CG(nc=7, r=9, tr=[(0, 1, 0), (1, 2, 2), (3, 2, 3), (0, 4, 4), (6, 3, 5), (6, 5, 6), (5, 4, 7), (5, 4, 5), (5, 3, 7)]),8788,SAT
P43141,26,9,9,CG(nc=6, r=9, tr=[(1, 0, 0), (0, 2, 2), (3, 0, 3), (2, 5, 4), (4, 5, 5), (4, 3, 6), (1, 4, 7), (5, 3, 7), (4, 5, 4)]),CG(nc=6, r=9, tr=[(1, 5, 0), (3, 0, 2), (5, 4, 3), (0, 1, 4), (2, 4, 5), (1, 2, 6), (1, 4, 7), (1, 3, 3), (5, 2, 7)]),7478,SAT
P43142,28,10,10,CG(nc=7, r=10, tr=[(1, 2, 0), (3, 1, 1), (6, 5, 2), (4, 0, 3), (5, 1, 4), (4, 1, 5), (6, 2, 6), (0, 3, 7), (3, 5, 5), (4, 6, 4)]),CG(nc=7, r=10, tr=[(0, 1, 0), (2, 3, 1), (3, 4, 2), (4, 1, 3), (1, 6, 4), (5, 2, 5), (3, 5, 6), (6, 5, 7), (3, 6, 5), (2, 0, 4)]),10544,SAT
P43143,26,9,9,CG(nc=6, r=9, tr=[(5, 2, 0), (0, 3, 1), (0, 4, 2), (4, 0, 3), (5, 4, 4), (4, 1, 5), (1, 2, 6), (1, 3, 7), (3, 2, 5)]),CG(nc=6, r=9, tr=[(1, 2, 0), (0, 2, 1), (2, 3, 2), (5, 3, 3), (4, 5, 4), (2, 4, 5), (2, 1, 6), (1, 4, 7), (0, 1, 5)]),4368,SAT
P43144,16,4,4,CG(nc=3, r=4, tr=[(0, 2, 4), (2, 1, 5), (1, 0, 6), (1, 0, 7)]),CG(nc=4, r=4, tr=[(1, 3, 4), (0, 1, 5), (1, 2, 6), (0, 2, 7)]),1626,SAT
P43145,24,8,8,CG(nc=5, r=8, tr=[(4, 2, 0), (3, 0, 1), (4, 2, 2), (3, 0, 3), (4, 3, 4), (1, 0, 5), (1, 2, 6), (2, 1, 7)]),CG(nc=6, r=8, tr=[(1, 5, 0), (3, 4, 1), (3, 1, 2), (0, 4, 3), (3, 0, 4), (3, 5, 5), (4, 2, 6), (2, 5, 7)]),2073,SAT
P43146,20,6,6,CG(nc=5, r=6, tr=[(1, 0, 2), (0, 2, 3), (4, 0, 4), (3, 4, 5), (2, 3, 6), (3, 1, 7)]),CG(nc=5, r=6, tr=[(1, 0, 2), (1, 2, 3), (2, 4, 4), (3, 1, 5), (3, 0, 6), (3, 2, 7)]),1825,SAT
P43147,22,7,7,CG(nc=5, r=7, tr=[(1, 0, 1), (0, 1, 2), (2, 3, 3), (1, 4, 4), (2, 4, 5), (0, 3, 6), (1, 2, 7)]),CG(nc=5, r=7, tr=[(1, 2, 1), (0, 2, 2), (1, 4, 3), (3, 4, 4), (0, 3, 5), (3, 2, 6), (1, 0, 7)]),1949,SAT
P43148,20,6,6,CG(nc=4, r=6, tr=[(1, 3, 2), (3, 1, 3), (0, 1, 4), (0, 2, 5), (3, 2, 6), (2, 3, 7)]),CG(nc=5, r=6, tr=[(1, 2, 2), (2, 0, 3), (0, 1, 4), (1, 4, 5), (1, 3, 6), (4, 3, 7)]),1849,SAT
P43149,22,7,7,CG(nc=5, r=7, tr=[(4, 2, 0), (0, 3, 2), (3, 0, 3), (3, 4, 4), (0, 1, 5), (2, 1, 6), (1, 2, 7)]),CG(nc=6, r=7, tr=[(1, 2, 0), (2, 5, 2), (0, 1, 3), (0, 4, 4), (4, 5, 5), (4, 3, 6), (3, 5, 7)]),1943,SAT
P43150,24,8,8,CG(nc=5, r=8, tr=[(1, 4, 2), (4, 1, 3), (3, 0, 4), (3, 4, 5), (0, 2, 6), (2, 0, 7), (1, 3, 4), (2, 1, 5)]),CG(nc=6, r=8, tr=[(5, 2, 2), (2, 3, 3), (3, 4, 4), (5, 4, 5), (1, 5, 6), (4, 1, 7), (0, 3, 5), (3, 0, 4)]),5897,SAT
P43151,20,6,6,CG(nc=4, r=6, tr=[(0, 1, 2), (1, 0, 3), (3, 1, 4), (3, 2, 5), (1, 2, 6), (1, 2, 7)]),CG(nc=5, r=6, tr=[(1, 0, 2), (1, 4, 3), (4, 3, 4), (3, 0, 5), (2, 0, 6), (3, 2, 7)]),1788,SAT
P43156,26,9,9,CG(nc=6, r=9, tr=[(0, 1, 0), (2, 3, 1), (3, 4, 2), (4, 5, 3), (0, 4, 4), (4, 3, 5), (3, 1, 6), (5, 2, 7), (1, 2, 5)]),CG(nc=7, r=9, tr=[(1, 2, 0), (3, 0, 1), (2, 4, 2), (6, 1, 3), (6, 5, 4), (0, 4, 5), (2, 3, 6), (5, 2, 7), (4, 5, 6)]),4040,SAT
P43157,28,10,10,CG(nc=7, r=10, tr=[(1, 2, 0), (3, 4, 1), (0, 3, 2), (5, 6, 3), (5, 0, 4), (5, 1, 5), (0, 1, 6), (2, 6, 7), (0, 5, 7), (2, 4, 4)]),CG(nc=6, r=10, tr=[(0, 1, 0), (1, 2, 1), (2, 1, 2), (2, 5, 3), (5, 1, 4), (4, 1, 5), (4, 0, 6), (4, 3, 7), (4, 0, 7), (3, 2, 6)]),18844,SAT
P43158,30,11,11,CG(nc=7, r=11, tr=[(1, 0, 0), (2, 3, 1), (2, 4, 2), (5, 1, 3), (0, 5, 4), (4, 6, 5), (5, 4, 6), (1, 2, 7), (4, 5, 1), (6, 3, 6), (1, 6, 4)]),CG(nc=8, r=11, tr=[(1, 2, 0), (3, 2, 1), (7, 5, 2), (6, 0, 3), (4, 1, 4), (5, 1, 5), (1, 7, 6), (0, 4, 7), (6, 3, 6), (5, 3, 4), (2, 6, 2)]),214780,SAT
P43159,28,10,10,CG(nc=7, r=10, tr=[(0, 1, 0), (2, 1, 1), (3, 4, 2), (5, 6, 3), (0, 5, 4), (1, 3, 5), (5, 3, 6), (6, 4, 7), (2, 4, 6), (5, 3, 1)]),CG(nc=6, r=10, tr=[(1, 0, 0), (2, 3, 1), (4, 2, 2), (5, 2, 3), (5, 1, 4), (4, 1, 5), (3, 1, 6), (0, 2, 7), (3, 0, 2), (3, 0, 5)]),10270,SAT
P43160,22,7,7,CG(nc=5, r=7, tr=[(1, 2, 0), (4, 3, 1), (3, 4, 3), (3, 0, 4), (1, 4, 5), (0, 1, 6), (0, 2, 7)]),CG(nc=6, r=7, tr=[(1, 2, 0), (3, 5, 1), (0, 1, 3), (0, 4, 4), (4, 5, 5), (3, 2, 6), (2, 4, 7)]),1821,SAT
P43161,22,7,7,CG(nc=5, r=7, tr=[(1, 2, 0), (0, 3, 1), (0, 3, 3), (4, 3, 4), (4, 2, 5), (1, 0, 6), (1, 0, 7)]),CG(nc=5, r=7, tr=[(1, 0, 0), (1, 2, 1), (2, 4, 3), (3, 4, 4), (0, 3, 5), (3, 1, 6), (0, 2, 7)]),1835,SAT
P43162,26,9,9,CG(nc=6, r=9, tr=[(1, 0, 0), (0, 1, 1), (2, 3, 2), (3, 4, 3), (4, 0, 4), (5, 3, 5), (1, 4, 6), (2, 1, 7), (5, 1, 4)]),CG(nc=7, r=9, tr=[(1, 2, 0), (3, 2, 1), (4, 1, 2), (1, 0, 3), (6, 4, 4), (4, 0, 5), (6, 3, 6), (0, 5, 7), (3, 5, 4)]),4000,SAT
P43163,24,8,8,CG(nc=6, r=8, tr=[(1, 2, 0), (5, 4, 1), (5, 3, 2), (4, 5, 3), (0, 4, 4), (2, 0, 5), (2, 4, 6), (1, 3, 7)]),CG(nc=6, r=8, tr=[(1, 2, 0), (5, 2, 1), (2, 1, 2), (0, 1, 3), (0, 4, 4), (4, 5, 5), (4, 3, 6), (3, 2, 7)]),2093,SAT
P43164,24,8,8,CG(nc=6, r=8, tr=[(5, 2, 0), (3, 4, 1), (0, 3, 2), (0, 4, 3), (4, 5, 4), (1, 0, 5), (5, 1, 6), (1, 2, 7)]),CG(nc=6, r=8, tr=[(1, 2, 0), (0, 3, 1), (1, 4, 2), (5, 1, 3), (4, 5, 4), (4, 0, 5), (2, 3, 6), (4, 2, 7)]),2201,SAT
P43165,24,8,8,CG(nc=5, r=8, tr=[(1, 4, 0), (4, 3, 1), (3, 2, 2), (1, 4, 3), (0, 1, 4), (0, 2, 5), (1, 2, 6), (2, 1, 7)]),CG(nc=6, r=8, tr=[(1, 0, 0), (2, 5, 1), (5, 2, 2), (1, 2, 3), (5, 4, 4), (0, 4, 5), (3, 0, 6), (3, 4, 7)]),2128,SAT
P43166,26,9,9,CG(nc=6, r=9, tr=[(1, 0, 0), (2, 3, 1), (4, 3, 2), (2, 1, 3), (1, 5, 4), (5, 3, 5), (2, 3, 6), (1, 4, 7), (2, 0, 4)]),CG(nc=6, r=9, tr=[(0, 1, 0), (2, 3, 1), (3, 4, 2), (3, 1, 3), (5, 1, 4), (5, 4, 5), (2, 5, 6), (3, 4, 7), (4, 0, 4)]),4456,SAT
P43167,24,8,8,CG(nc=5, r=8, tr=[(1, 2, 0), (1, 2, 1), (2, 4, 2), (1, 4, 3), (0, 1, 4), (3, 1, 5), (0, 3, 6), (0, 3, 7)]),CG(nc=6, r=8, tr=[(1, 2, 0), (0, 2, 1), (0, 1, 2), (1, 5, 3), (5, 4, 4), (4, 0, 5), (0, 3, 6), (3, 4, 7)]),2237,SAT
P43176,12,3,3,CG(nc=3, r=3, tr=[(2, 0, 3), (2, 1, 4), (0, 1, 5)]),CG(nc=3, r=3, tr=[(1, 2, 3), (0, 1, 4), (0, 1, 5)]),1669,SAT
P43177,20,7,7,CG(nc=5, r=7, tr=[(0, 1, 0), (2, 4, 1), (2, 4, 2), (2, 4, 3), (0, 2, 4), (3, 4, 5), (1, 3, 6)]),CG(nc=6, r=7, tr=[(1, 2, 0), (5, 4, 1), (1, 0, 2), (4, 2, 3), (5, 3, 4), (3, 0, 5), (0, 3, 6)]),1812,SAT
P43178,14,4,4,CG(nc=4, r=4, tr=[(1, 0, 3), (3, 0, 4), (2, 3, 5), (1, 2, 6)]),CG(nc=3, r=4, tr=[(0, 1, 3), (2, 1, 4), (0, 1, 5), (0, 1, 6)]),1896,SAT
P43179,18,6,6,CG(nc=5, r=6, tr=[(1, 0, 1), (0, 1, 2), (2, 4, 3), (4, 1, 4), (3, 0, 5), (3, 2, 6)]),CG(nc=5, r=6, tr=[(1, 0, 1), (2, 1, 2), (2, 4, 3), (3, 4, 4), (0, 3, 5), (0, 3, 6)]),1567,SAT
P43180,16,5,5,CG(nc=4, r=5, tr=[(1, 0, 2), (1, 0, 3), (1, 3, 4), (3, 2, 5), (0, 2, 6)]),CG(nc=4, r=5, tr=[(1, 2, 2), (3, 1, 3), (3, 2, 4), (2, 0, 5), (0, 2, 6)]),1572,SAT
P43181,18,6,6,CG(nc=5, r=6, tr=[(1, 2, 0), (3, 4, 2), (4, 3, 3), (0, 3, 4), (1, 4, 5), (0, 2, 6)]),CG(nc=5, r=6, tr=[(1, 2, 0), (2, 0, 2), (1, 4, 3), (4, 3, 4), (3, 0, 5), (0, 3, 6)]),1567,SAT
P43182,20,7,7,CG(nc=5, r=7, tr=[(4, 2, 2), (4, 3, 3), (0, 2, 4), (4, 2, 5), (1, 0, 6), (1, 3, 5), (3, 0, 4)]),CG(nc=5, r=7, tr=[(1, 4, 2), (3, 2, 3), (0, 3, 4), (2, 0, 5), (0, 2, 6), (1, 3, 5), (2, 4, 4)]),4513,SAT
P43183,16,5,5,CG(nc=4, r=5, tr=[(3, 2, 2), (2, 3, 3), (0, 2, 4), (1, 0, 5), (1, 2, 6)]),CG(nc=4, r=5, tr=[(3, 2, 2), (0, 2, 3), (3, 1, 4), (0, 1, 5), (0, 1, 6)]),1782,SAT
P43196,18,6,6,CG(nc=5, r=6, tr=[(1, 2, 1), (4, 1, 2), (2, 4, 3), (0, 2, 4), (4, 3, 5), (3, 0, 6)]),CG(nc=4, r=6, tr=[(3, 2, 1), (2, 3, 2), (2, 1, 3), (3, 1, 4), (1, 0, 5), (1, 0, 6)]),2027,SAT
P43197,20,7,7,CG(nc=6, r=7, tr=[(0, 1, 0), (2, 5, 1), (2, 4, 2), (4, 5, 3), (4, 0, 4), (5, 3, 5), (1, 3, 6)]),CG(nc=5, r=7, tr=[(1, 0, 0), (4, 3, 1), (4, 3, 2), (3, 1, 3), (0, 2, 4), (2, 4, 5), (2, 4, 6)]),1916,SAT
P43198,22,8,8,CG(nc=6, r=8, tr=[(1, 2, 1), (2, 0, 2), (1, 0, 3), (1, 5, 4), (4, 3, 5), (5, 3, 6), (4, 1, 3), (4, 0, 4)]),CG(nc=5, r=8, tr=[(1, 0, 1), (1, 0, 2), (1, 2, 3), (2, 0, 4), (2, 4, 5), (4, 2, 6), (3, 4, 4), (3, 0, 3)]),5838,SAT
P43199,18,6,6,CG(nc=5, r=6, tr=[(1, 2, 1), (2, 4, 2), (4, 1, 3), (1, 0, 4), (3, 1, 5), (3, 0, 6)]),CG(nc=4, r=6, tr=[(1, 3, 1), (1, 3, 2), (1, 0, 3), (0, 2, 4), (3, 2, 5), (2, 3, 6)]),2264,SAT
P43200,20,6,6,CG(nc=4, r=6, tr=[(1, 3, 3), (0, 1, 4), (0, 2, 5), (2, 1, 6), (2, 3, 7), (1, 0, 7)]),CG(nc=5, r=6, tr=[(0, 1, 3), (2, 3, 4), (1, 2, 5), (4, 2, 6), (1, 4, 7), (0, 3, 7)]),3204,SAT
P43201,26,9,9,CG(nc=6, r=9, tr=[(1, 2, 0), (2, 1, 1), (3, 5, 2), (4, 0, 3), (5, 4, 4), (3, 1, 5), (0, 3, 6), (1, 0, 7), (2, 5, 6)]),CG(nc=6, r=9, tr=[(1, 5, 0), (3, 4, 1), (3, 1, 2), (4, 0, 3), (4, 0, 4), (3, 5, 5), (3, 2, 6), (5, 2, 7), (4, 2, 5)]),4014,SAT
P43202,26,9,9,CG(nc=5, r=9, tr=[(1, 2, 1), (2, 1, 2), (0, 3, 3), (3, 4, 4), (1, 4, 5), (3, 1, 6), (0, 2, 7), (0, 1, 4), (4, 3, 7)]),CG(nc=7, r=9, tr=[(6, 2, 1), (3, 4, 2), (0, 4, 3), (5, 1, 4), (5, 6, 5), (5, 3, 6), (0, 1, 7), (3, 4, 5), (2, 3, 4)]),6469,SAT
P43203,24,8,8,CG(nc=5, r=8, tr=[(4, 2, 1), (4, 3, 2), (4, 1, 3), (0, 1, 4), (0, 2, 5), (0, 3, 6), (3, 2, 7), (2, 1, 6)]),CG(nc=6, r=8, tr=[(1, 2, 1), (5, 2, 2), (0, 1, 3), (4, 3, 4), (5, 4, 5), (1, 4, 6), (1, 5, 7), (3, 0, 7)]),3633,SAT
P43204,22,7,7,CG(nc=5, r=7, tr=[(1, 2, 0), (2, 0, 3), (2, 4, 4), (3, 4, 5), (3, 1, 6), (2, 4, 7), (0, 3, 7)]),CG(nc=5, r=7, tr=[(1, 2, 0), (2, 0, 3), (3, 0, 4), (4, 1, 5), (2, 1, 6), (4, 2, 7), (1, 3, 7)]),3693,SAT
P43205,24,8,8,CG(nc=6, r=8, tr=[(1, 2, 0), (5, 4, 2), (3, 5, 3), (3, 0, 4), (2, 0, 5), (1, 5, 6), (4, 2, 7), (0, 4, 6)]),CG(nc=6, r=8, tr=[(1, 0, 0), (1, 2, 2), (2, 5, 3), (5, 4, 4), (3, 2, 5), (3, 0, 6), (3, 4, 7), (0, 2, 7)]),3507,SAT
P43206,28,10,10,CG(nc=7, r=10, tr=[(1, 2, 0), (2, 0, 1), (3, 4, 2), (0, 4, 3), (4, 5, 4), (3, 0, 5), (3, 5, 6), (6, 4, 7), (5, 6, 3), (1, 4, 6)]),CG(nc=7, r=10, tr=[(1, 2, 0), (3, 0, 1), (1, 4, 2), (1, 6, 3), (3, 4, 4), (5, 1, 5), (5, 2, 6), (2, 4, 7), (5, 6, 4), (0, 2, 5)]),10253,SAT
P43207,26,9,9,CG(nc=7, r=9, tr=[(1, 2, 0), (3, 1, 1), (3, 4, 2), (5, 6, 3), (5, 0, 4), (4, 0, 5), (5, 4, 6), (6, 3, 7), (2, 0, 6)]),CG(nc=6, r=9, tr=[(5, 2, 0), (2, 5, 1), (3, 2, 2), (3, 0, 3), (4, 1, 4), (3, 4, 5), (5, 4, 6), (0, 1, 7), (5, 2, 7)]),4080,SAT
P43208,18,5,5,CG(nc=4, r=5, tr=[(1, 0, 3), (3, 1, 4), (3, 2, 5), (2, 1, 6), (0, 2, 7)]),CG(nc=4, r=5, tr=[(1, 3, 3), (3, 2, 4), (0, 2, 5), (1, 2, 6), (1, 0, 7)]),1672,SAT
P43209,24,8,8,CG(nc=5, r=8, tr=[(1, 2, 0), (2, 0, 1), (2, 1, 2), (0, 3, 3), (4, 3, 4), (2, 4, 5), (3, 2, 6), (0, 1, 7)]),CG(nc=6, r=8, tr=[(5, 2, 0), (3, 4, 1), (4, 0, 2), (3, 2, 3), (1, 5, 4), (0, 1, 5), (3, 1, 6), (3, 0, 7)]),2013,SAT
P43210,22,7,7,CG(nc=5, r=7, tr=[(1, 0, 2), (0, 2, 3), (4, 2, 4), (4, 3, 5), (2, 3, 6), (3, 1, 7), (0, 3, 4)]),CG(nc=5, r=7, tr=[(4, 2, 2), (3, 2, 3), (0, 3, 4), (4, 3, 5), (1, 4, 6), (3, 1, 7), (0, 2, 6)]),3285,SAT
P43211,22,7,7,CG(nc=5, r=7, tr=[(1, 4, 1), (1, 3, 2), (2, 4, 3), (0, 2, 4), (0, 1, 5), (1, 2, 6), (4, 3, 7)]),CG(nc=5, r=7, tr=[(4, 2, 1), (3, 2, 2), (3, 0, 3), (1, 0, 4), (1, 4, 5), (3, 1, 6), (3, 4, 7)]),1992,SAT
P43212,18,5,5,CG(nc=4, r=5, tr=[(1, 0, 3), (1, 3, 4), (3, 2, 5), (0, 2, 6), (0, 2, 7)]),CG(nc=4, r=5, tr=[(1, 3, 3), (1, 3, 4), (1, 0, 5), (2, 1, 6), (0, 2, 7)]),1634,SAT
P43213,22,7,7,CG(nc=6, r=7, tr=[(1, 2, 0), (0, 3, 2), (5, 4, 3), (4, 0, 4), (1, 5, 5), (0, 2, 6), (1, 3, 7)]),CG(nc=5, r=7, tr=[(0, 1, 0), (1, 2, 2), (2, 4, 3), (4, 2, 4), (2, 0, 5), (3, 0, 6), (3, 2, 7)]),1931,SAT
P43214,22,7,7,CG(nc=5, r=7, tr=[(1, 0, 2), (2, 4, 3), (0, 2, 4), (1, 3, 5), (1, 2, 6), (3, 4, 7), (3, 0, 3)]),CG(nc=5, r=7, tr=[(1, 2, 2), (1, 0, 3), (4, 2, 4), (1, 3, 5), (3, 2, 6), (3, 0, 7), (4, 3, 3)]),3461,SAT
P43215,20,6,6,CG(nc=4, r=6, tr=[(3, 2, 2), (3, 1, 3), (1, 0, 4), (2, 1, 5), (2, 0, 6), (0, 1, 7)]),CG(nc=5, r=6, tr=[(4, 2, 2), (0, 2, 3), (3, 0, 4), (1, 2, 5), (1, 4, 6), (1, 3, 7)]),1811,SAT
P43220,24,8,8,CG(nc=6, r=8, tr=[(1, 2, 0), (5, 4, 3), (0, 4, 4), (5, 3, 5), (1, 5, 6), (3, 2, 7), (3, 0, 6), (1, 0, 5)]),CG(nc=5, r=8, tr=[(1, 0, 0), (4, 3, 3), (3, 4, 4), (0, 2, 5), (2, 1, 6), (1, 0, 7), (2, 3, 6), (3, 1, 5)]),5740,SAT
P43221,22,7,7,CG(nc=5, r=7, tr=[(1, 2, 0), (3, 4, 3), (0, 3, 4), (1, 0, 5), (3, 1, 6), (3, 0, 7), (2, 4, 7)]),CG(nc=5, r=7, tr=[(0, 1, 0), (4, 1, 3), (3, 4, 4), (1, 2, 5), (0, 2, 6), (1, 0, 7), (3, 2, 7)]),3376,SAT
P43222,28,10,10,CG(nc=7, r=10, tr=[(6, 2, 0), (3, 4, 1), (5, 3, 2), (1, 2, 3), (1, 6, 4), (0, 5, 5), (5, 1, 6), (3, 2, 7), (0, 4, 6), (2, 0, 4)]),CG(nc=6, r=10, tr=[(1, 2, 0), (2, 3, 1), (1, 3, 2), (2, 5, 3), (4, 1, 4), (3, 0, 5), (1, 0, 6), (4, 5, 7), (0, 4, 3), (3, 2, 6)]),9257,SAT
P43223,26,9,9,CG(nc=7, r=9, tr=[(6, 2, 0), (3, 4, 1), (4, 5, 2), (1, 6, 3), (1, 0, 4), (5, 0, 5), (0, 3, 6), (4, 2, 7), (1, 3, 5)]),CG(nc=6, r=9, tr=[(1, 5, 0), (5, 3, 1), (3, 1, 2), (1, 0, 3), (4, 0, 4), (2, 5, 5), (4, 2, 6), (3, 2, 7), (4, 3, 5)]),4437,SAT
P43224,20,6,6,CG(nc=4, r=6, tr=[(1, 3, 0), (3, 1, 3), (1, 0, 4), (2, 0, 5), (2, 3, 6), (2, 1, 7)]),CG(nc=5, r=6, tr=[(1, 2, 0), (2, 0, 3), (0, 3, 4), (4, 3, 5), (4, 1, 6), (3, 1, 7)]),1872,SAT
P43225,22,7,7,CG(nc=5, r=7, tr=[(1, 2, 0), (0, 1, 1), (0, 3, 3), (4, 3, 4), (4, 1, 5), (1, 3, 6), (0, 2, 7)]),CG(nc=5, r=7, tr=[(4, 2, 0), (2, 3, 1), (0, 3, 3), (1, 0, 4), (1, 4, 5), (3, 1, 6), (4, 3, 7)]),1998,SAT
P43226,24,8,8,CG(nc=6, r=8, tr=[(1, 2, 0), (5, 4, 2), (4, 3, 3), (0, 3, 4), (1, 0, 5), (3, 5, 6), (4, 2, 7), (1, 4, 6)]),CG(nc=6, r=8, tr=[(1, 0, 0), (2, 3, 2), (2, 5, 3), (3, 0, 4), (5, 3, 5), (4, 3, 6), (4, 5, 7), (1, 2, 6)]),3862,SAT
P43227,24,8,8,CG(nc=6, r=8, tr=[(5, 2, 0), (0, 3, 1), (0, 4, 2), (0, 1, 3), (1, 5, 4), (3, 2, 5), (1, 3, 6), (4, 3, 7)]),CG(nc=5, r=8, tr=[(1, 0, 0), (2, 1, 1), (1, 0, 2), (4, 2, 3), (4, 3, 4), (3, 0, 5), (3, 2, 6), (0, 2, 7)]),2042,SAT
P43228,20,6,6,CG(nc=5, r=6, tr=[(4, 2, 0), (0, 3, 3), (4, 3, 4), (0, 1, 5), (1, 4, 6), (1, 2, 7)]),CG(nc=4, r=6, tr=[(1, 2, 0), (0, 2, 3), (0, 2, 4), (2, 3, 5), (3, 1, 6), (2, 1, 7)]),1828,SAT
P43229,20,6,6,CG(nc=5, r=6, tr=[(1, 2, 0), (4, 3, 3), (0, 3, 4), (1, 4, 5), (0, 2, 6), (0, 2, 7)]),CG(nc=5, r=6, tr=[(1, 4, 0), (1, 0, 3), (3, 4, 4), (3, 0, 5), (3, 2, 6), (0, 2, 7)]),1749,SAT
P43230,24,8,8,CG(nc=5, r=8, tr=[(1, 2, 0), (0, 3, 2), (2, 0, 3), (0, 1, 4), (1, 3, 5), (3, 4, 6), (4, 2, 7), (4, 2, 4)]),CG(nc=6, r=8, tr=[(1, 2, 0), (5, 4, 2), (4, 3, 3), (3, 0, 4), (2, 4, 5), (5, 2, 6), (3, 2, 7), (0, 1, 3)]),3584,SAT
P43231,22,7,7,CG(nc=6, r=7, tr=[(5, 2, 0), (0, 3, 2), (4, 0, 3), (5, 4, 4), (2, 1, 5), (4, 1, 6), (3, 1, 7)]),CG(nc=5, r=7, tr=[(1, 0, 0), (1, 0, 2), (4, 1, 3), (3, 0, 4), (3, 4, 5), (4, 2, 6), (3, 2, 7)]),1682,SAT
P43240,18,6,6,CG(nc=4, r=6, tr=[(3, 2, 3), (0, 2, 4), (2, 3, 5), (2, 1, 6), (0, 1, 5), (2, 3, 6)]),CG(nc=5, r=6, tr=[(1, 0, 3), (4, 3, 4), (2, 4, 5), (0, 3, 6), (2, 0, 4), (1, 2, 6)]),4076,SAT
P43241,22,8,8,CG(nc=6, r=8, tr=[(1, 5, 0), (3, 0, 1), (4, 2, 2), (4, 0, 3), (4, 5, 4), (0, 2, 5), (1, 2, 6), (4, 3, 6)]),CG(nc=6, r=8, tr=[(1, 2, 0), (5, 2, 1), (4, 1, 2), (4, 0, 3), (3, 0, 4), (2, 4, 5), (2, 3, 6), (3, 5, 5)]),3510,SAT
P43242,16,5,5,CG(nc=4, r=5, tr=[(1, 2, 3), (3, 2, 4), (2, 0, 5), (3, 1, 6), (0, 1, 4)]),CG(nc=4, r=5, tr=[(1, 2, 3), (3, 2, 4), (2, 0, 5), (3, 1, 6), (0, 1, 4)]),3335,SAT
P43243,20,7,7,CG(nc=5, r=7, tr=[(1, 2, 1), (3, 0, 2), (0, 2, 3), (2, 4, 4), (2, 3, 5), (3, 4, 6), (1, 0, 6)]),CG(nc=5, r=7, tr=[(1, 2, 1), (0, 1, 2), (4, 2, 3), (3, 4, 4), (0, 3, 5), (3, 2, 6), (0, 1, 4)]),3631,SAT
P43244,16,5,5,CG(nc=4, r=5, tr=[(1, 2, 3), (2, 3, 4), (0, 2, 5), (3, 2, 6), (0, 1, 4)]),CG(nc=4, r=5, tr=[(3, 2, 3), (2, 3, 4), (2, 0, 5), (1, 0, 6), (1, 2, 4)]),3720,SAT
P43245,18,6,6,CG(nc=5, r=6, tr=[(1, 2, 0), (2, 3, 2), (4, 3, 3), (0, 3, 4), (2, 4, 5), (0, 1, 6)]),CG(nc=4, r=6, tr=[(0, 1, 0), (1, 2, 2), (3, 2, 3), (3, 1, 4), (2, 0, 5), (0, 1, 6)]),2030,SAT
P43246,18,6,6,CG(nc=5, r=6, tr=[(1, 2, 3), (3, 4, 4), (4, 2, 5), (0, 1, 6), (3, 0, 5), (3, 0, 3)]),CG(nc=4, r=6, tr=[(1, 0, 3), (1, 3, 4), (3, 1, 5), (1, 2, 6), (1, 2, 5), (2, 0, 4)]),4630,SAT
P43247,16,5,5,CG(nc=4, r=5, tr=[(3, 2, 2), (3, 1, 3), (1, 0, 4), (2, 1, 5), (0, 2, 6)]),CG(nc=4, r=5, tr=[(1, 0, 2), (1, 3, 3), (2, 3, 4), (2, 1, 5), (2, 0, 6)]),1846,SAT
P43260,14,4,4,CG(nc=4, r=4, tr=[(1, 0, 3), (3, 1, 4), (3, 2, 5), (0, 2, 6)]),CG(nc=3, r=4, tr=[(2, 1, 3), (2, 1, 4), (1, 0, 5), (0, 1, 6)]),1713,SAT
P43261,16,5,5,CG(nc=5, r=5, tr=[(1, 2, 0), (4, 3, 3), (0, 3, 4), (2, 4, 5), (0, 1, 6)]),CG(nc=4, r=5, tr=[(1, 0, 0), (3, 1, 3), (3, 2, 4), (2, 0, 5), (0, 2, 6)]),1726,SAT
P43262,18,6,6,CG(nc=5, r=6, tr=[(1, 0, 3), (2, 0, 4), (3, 1, 5), (4, 3, 6), (1, 0, 4), (2, 4, 3)]),CG(nc=4, r=6, tr=[(1, 0, 3), (3, 1, 4), (2, 1, 5), (2, 1, 6), (2, 3, 3), (0, 2, 4)]),4787,SAT
P43263,14,4,4,CG(nc=4, r=4, tr=[(1, 3, 3), (0, 1, 4), (1, 2, 5), (0, 2, 6)]),CG(nc=3, r=4, tr=[(2, 0, 3), (1, 2, 4), (0, 1, 5), (1, 0, 6)]),1698,SAT
P43412,30,11,11,CG(nc=7, r=11, tr=[(1, 2, 0), (3, 1, 1), (2, 1, 2), (1, 6, 3), (0, 2, 4), (5, 3, 5), (4, 5, 6), (4, 6, 7), (5, 0, 0), (3, 2, 6), (4, 3, 2)]),CG(nc=8, r=11, tr=[(7, 2, 0), (2, 3, 1), (0, 4, 2), (2, 5, 3), (6, 7, 4), (3, 6, 5), (0, 1, 6), (4, 3, 7), (1, 6, 7), (3, 1, 3), (5, 4, 5)]),267664,SAT
P43413,28,10,10,CG(nc=6, r=10, tr=[(0, 1, 0), (2, 0, 1), (3, 0, 2), (2, 1, 3), (1, 5, 4), (3, 2, 5), (5, 3, 6), (1, 4, 7), (4, 5, 5), (3, 4, 1)]),CG(nc=6, r=10, tr=[(0, 1, 0), (2, 5, 1), (4, 5, 2), (2, 1, 3), (1, 5, 4), (3, 0, 5), (0, 4, 6), (1, 3, 7), (4, 3, 1), (2, 4, 5)]),13026,SAT
P43414,32,12,12,CG(nc=7, r=12, tr=[(1, 6, 0), (1, 3, 1), (6, 3, 2), (4, 6, 3), (5, 6, 4), (2, 4, 5), (4, 3, 6), (0, 4, 7), (2, 1, 2), (5, 2, 6), (5, 0, 0), (0, 1, 4)]),CG(nc=7, r=12, tr=[(0, 1, 0), (2, 6, 1), (1, 4, 2), (5, 4, 3), (6, 1, 4), (2, 0, 5), (1, 3, 6), (3, 0, 7), (3, 2, 3), (2, 4, 7), (5, 6, 5), (5, 0, 1)]),2934792,SAT
P43415,30,11,11,CG(nc=7, r=11, tr=[(1, 6, 0), (3, 1, 1), (6, 4, 2), (6, 5, 3), (0, 1, 4), (3, 2, 5), (5, 3, 6), (3, 4, 7), (2, 4, 6), (1, 5, 2), (2, 0, 0)]),CG(nc=7, r=11, tr=[(1, 0, 0), (6, 3, 1), (3, 1, 2), (1, 4, 3), (0, 5, 4), (6, 2, 5), (4, 3, 6), (4, 2, 7), (4, 5, 2), (2, 5, 6), (5, 6, 0)]),333219,SAT
P43416,26,9,9,CG(nc=6, r=9, tr=[(1, 2, 0), (1, 0, 1), (0, 2, 2), (2, 1, 3), (5, 1, 4), (4, 3, 5), (0, 4, 6), (4, 1, 7), (3, 5, 0)]),CG(nc=6, r=9, tr=[(0, 1, 0), (2, 3, 1), (4, 5, 2), (3, 5, 3), (1, 5, 4), (1, 0, 5), (2, 1, 6), (2, 0, 7), (4, 3, 0)]),4560,SAT
P43417,24,8,8,CG(nc=6, r=8, tr=[(1, 0, 0), (2, 5, 1), (4, 2, 2), (5, 4, 3), (0, 2, 4), (5, 3, 5), (3, 1, 6), (1, 3, 7)]),CG(nc=6, r=8, tr=[(1, 5, 0), (0, 3, 1), (3, 1, 2), (3, 1, 3), (5, 4, 4), (4, 0, 5), (2, 0, 6), (4, 2, 7)]),2120,SAT
P43418,28,10,10,CG(nc=7, r=10, tr=[(1, 6, 0), (3, 4, 1), (4, 5, 2), (0, 3, 3), (6, 2, 4), (5, 1, 5), (2, 4, 6), (4, 0, 7), (3, 5, 6), (3, 2, 2)]),CG(nc=6, r=10, tr=[(1, 2, 0), (3, 2, 1), (4, 0, 2), (3, 5, 3), (4, 2, 4), (2, 1, 5), (5, 4, 6), (3, 0, 7), (1, 5, 2), (0, 1, 6)]),7498,SAT
P43419,26,9,9,CG(nc=6, r=9, tr=[(1, 5, 0), (1, 5, 1), (5, 3, 2), (1, 3, 3), (0, 1, 4), (4, 0, 5), (3, 4, 6), (2, 4, 7), (1, 2, 2)]),CG(nc=5, r=9, tr=[(0, 1, 0), (4, 3, 1), (2, 0, 2), (3, 2, 3), (4, 1, 4), (0, 1, 5), (1, 2, 6), (2, 0, 7), (3, 1, 2)]),3976,SAT
P43420,28,10,10,CG(nc=7, r=10, tr=[(1, 6, 0), (3, 0, 1), (4, 3, 2), (3, 5, 3), (5, 6, 4), (2, 0, 5), (1, 4, 6), (5, 4, 7), (2, 4, 3), (2, 1, 7)]),CG(nc=6, r=10, tr=[(1, 5, 0), (3, 0, 1), (0, 4, 2), (3, 4, 3), (1, 0, 4), (5, 3, 5), (5, 2, 6), (2, 1, 7), (3, 2, 2), (1, 4, 6)]),12397,SAT
P43421,28,10,10,CG(nc=7, r=10, tr=[(0, 1, 0), (2, 3, 1), (1, 0, 2), (4, 0, 3), (6, 3, 4), (2, 5, 5), (4, 2, 6), (2, 1, 7), (3, 4, 2), (6, 5, 0)]),CG(nc=7, r=10, tr=[(1, 2, 0), (6, 1, 1), (6, 4, 2), (0, 2, 3), (5, 0, 4), (6, 5, 5), (5, 3, 6), (1, 3, 7), (0, 2, 2), (4, 1, 3)]),19850,SAT
P43422,30,11,11,CG(nc=7, r=11, tr=[(1, 2, 0), (3, 2, 1), (6, 5, 2), (4, 1, 3), (5, 4, 4), (0, 3, 5), (2, 6, 6), (2, 5, 7), (3, 1, 2), (4, 3, 6), (1, 0, 4)]),CG(nc=7, r=11, tr=[(6, 2, 0), (3, 0, 1), (2, 4, 2), (4, 5, 3), (6, 5, 4), (5, 0, 5), (4, 5, 6), (4, 3, 7), (1, 3, 6), (0, 1, 4), (2, 1, 3)]),229733,SAT
P43423,26,9,9,CG(nc=7, r=9, tr=[(0, 1, 0), (2, 3, 1), (6, 5, 2), (2, 5, 3), (2, 0, 4), (1, 3, 5), (4, 6, 6), (5, 3, 7), (3, 4, 3)]),CG(nc=6, r=9, tr=[(1, 2, 0), (2, 3, 1), (1, 0, 2), (5, 1, 3), (4, 5, 4), (4, 0, 5), (3, 0, 6), (2, 4, 7), (3, 5, 2)]),3858,SAT
P43432,22,7,7,CG(nc=4, r=7, tr=[(1, 0, 0), (1, 0, 1), (0, 1, 2), (1, 3, 4), (2, 3, 5), (2, 1, 6), (0, 1, 7)]),CG(nc=6, r=7, tr=[(1, 2, 0), (2, 3, 1), (5, 3, 2), (5, 4, 4), (4, 0, 5), (0, 4, 6), (1, 0, 7)]),1706,SAT
P43433,18,6,6,CG(nc=5, r=6, tr=[(0, 1, 0), (4, 3, 1), (4, 3, 2), (0, 3, 3), (2, 4, 4), (1, 2, 5)]),CG(nc=5, r=6, tr=[(1, 0, 0), (2, 4, 1), (2, 1, 2), (0, 3, 3), (4, 3, 4), (3, 4, 5)]),1600,SAT
P43434,24,8,8,CG(nc=6, r=8, tr=[(1, 2, 0), (3, 5, 1), (5, 3, 2), (2, 4, 3), (3, 0, 4), (5, 4, 5), (0, 1, 6), (3, 4, 7)]),CG(nc=6, r=8, tr=[(1, 2, 0), (3, 2, 1), (0, 1, 2), (0, 4, 3), (4, 5, 4), (4, 0, 5), (0, 4, 6), (5, 3, 7)]),2144,SAT
P43435,20,7,7,CG(nc=6, r=7, tr=[(1, 2, 0), (3, 5, 1), (5, 3, 2), (2, 4, 3), (0, 3, 4), (1, 5, 5), (0, 4, 6)]),CG(nc=5, r=7, tr=[(1, 2, 0), (2, 4, 1), (1, 0, 2), (3, 4, 3), (3, 0, 4), (4, 3, 5), (3, 2, 6)]),2063,SAT
P43436,24,8,8,CG(nc=6, r=8, tr=[(1, 0, 0), (5, 3, 1), (4, 5, 2), (3, 4, 3), (4, 0, 4), (5, 2, 5), (2, 1, 6), (0, 1, 7)]),CG(nc=5, r=8, tr=[(1, 4, 0), (0, 3, 1), (2, 3, 2), (0, 3, 3), (0, 2, 4), (4, 2, 5), (2, 4, 6), (2, 1, 7)]),2022,SAT
P43437,20,7,7,CG(nc=6, r=7, tr=[(1, 2, 0), (3, 4, 1), (4, 5, 2), (3, 5, 3), (4, 0, 4), (2, 5, 5), (0, 1, 6)]),CG(nc=5, r=7, tr=[(1, 0, 0), (4, 3, 1), (3, 1, 2), (3, 4, 3), (0, 2, 4), (2, 4, 5), (2, 3, 6)]),1860,SAT
P43438,26,9,9,CG(nc=7, r=9, tr=[(1, 2, 0), (3, 6, 1), (6, 5, 2), (4, 1, 3), (5, 0, 4), (2, 6, 5), (0, 4, 6), (5, 2, 7), (1, 3, 4)]),CG(nc=6, r=9, tr=[(1, 2, 0), (2, 5, 1), (1, 4, 2), (0, 3, 3), (5, 3, 4), (3, 1, 5), (0, 3, 6), (4, 0, 7), (5, 4, 3)]),3982,SAT
P43439,20,7,7,CG(nc=6, r=7, tr=[(1, 0, 0), (2, 3, 1), (3, 5, 2), (2, 5, 3), (0, 3, 4), (4, 2, 5), (1, 4, 6)]),CG(nc=5, r=7, tr=[(0, 1, 0), (2, 4, 1), (1, 2, 2), (3, 2, 3), (0, 3, 4), (3, 4, 5), (3, 4, 6)]),1868,SAT
P43452,26,9,9,CG(nc=6, r=9, tr=[(1, 0, 0), (2, 3, 1), (1, 2, 2), (2, 0, 3), (5, 3, 4), (5, 4, 5), (1, 4, 6), (1, 0, 7), (1, 3, 3)]),CG(nc=6, r=9, tr=[(0, 1, 0), (2, 3, 1), (1, 3, 2), (3, 4, 3), (4, 0, 4), (4, 5, 5), (5, 4, 6), (5, 2, 7), (2, 0, 3)]),3971,SAT
P43453,24,9,9,CG(nc=7, r=9, tr=[(1, 2, 0), (3, 1, 1), (3, 4, 2), (3, 5, 3), (5, 6, 4), (2, 6, 5), (1, 0, 6), (5, 4, 1), (0, 4, 2)]),CG(nc=6, r=9, tr=[(1, 2, 0), (1, 5, 1), (2, 0, 2), (4, 0, 3), (0, 4, 4), (3, 4, 5), (1, 4, 6), (5, 3, 2), (5, 1, 4)]),7101,SAT
P43454,28,10,10,CG(nc=7, r=10, tr=[(1, 6, 0), (3, 4, 1), (3, 0, 2), (4, 0, 3), (6, 5, 4), (1, 2, 5), (2, 4, 6), (4, 5, 7), (0, 1, 4), (5, 3, 3)]),CG(nc=6, r=10, tr=[(1, 2, 0), (3, 2, 1), (5, 3, 2), (1, 5, 3), (4, 1, 4), (4, 3, 5), (0, 3, 6), (1, 0, 7), (5, 3, 4), (4, 0, 3)]),12408,SAT
P43455,24,9,9,CG(nc=6, r=9, tr=[(1, 5, 0), (1, 5, 1), (3, 5, 2), (1, 4, 3), (4, 0, 4), (2, 4, 5), (0, 2, 6), (4, 3, 1), (1, 5, 2)]),CG(nc=6, r=9, tr=[(1, 2, 0), (1, 0, 1), (2, 3, 2), (1, 5, 3), (4, 3, 4), (0, 3, 5), (0, 4, 6), (5, 3, 4), (3, 5, 1)]),8421,SAT
P43456,26,9,9,CG(nc=5, r=9, tr=[(1, 2, 0), (2, 1, 1), (0, 3, 2), (1, 0, 3), (2, 4, 4), (2, 3, 5), (3, 4, 6), (1, 4, 7), (1, 0, 6)]),CG(nc=7, r=9, tr=[(6, 2, 0), (3, 4, 1), (2, 4, 2), (0, 5, 3), (3, 1, 4), (5, 1, 5), (6, 1, 6), (0, 3, 7), (5, 6, 7)]),3882,SAT
P43457,26,9,9,CG(nc=6, r=9, tr=[(5, 2, 0), (3, 4, 1), (1, 0, 2), (3, 1, 3), (3, 5, 4), (3, 1, 5), (4, 0, 6), (3, 5, 7), (4, 2, 5)]),CG(nc=7, r=9, tr=[(1, 2, 0), (6, 1, 1), (2, 0, 2), (1, 4, 3), (0, 5, 4), (6, 3, 5), (3, 1, 6), (3, 5, 7), (4, 0, 5)]),3673,SAT
P43458,28,10,10,CG(nc=6, r=10, tr=[(5, 2, 0), (2, 3, 1), (4, 5, 2), (1, 2, 3), (3, 5, 4), (4, 1, 5), (4, 0, 6), (0, 1, 7), (3, 4, 7), (1, 0, 4)]),CG(nc=7, r=10, tr=[(1, 2, 0), (0, 3, 1), (3, 2, 2), (6, 5, 3), (4, 1, 4), (5, 4, 5), (0, 4, 6), (1, 6, 7), (5, 2, 4), (0, 5, 7)]),10006,SAT
P43459,28,10,10,CG(nc=6, r=10, tr=[(1, 2, 0), (3, 5, 1), (1, 4, 2), (2, 4, 3), (2, 3, 4), (1, 5, 5), (4, 3, 6), (0, 4, 7), (0, 4, 4), (0, 3, 5)]),CG(nc=7, r=10, tr=[(0, 1, 0), (2, 6, 1), (1, 2, 2), (4, 1, 3), (5, 2, 4), (6, 3, 5), (3, 4, 6), (5, 3, 7), (0, 4, 4), (1, 0, 5)]),11201,SAT
P43460,26,9,9,CG(nc=6, r=9, tr=[(1, 2, 0), (5, 4, 1), (5, 4, 2), (3, 0, 3), (3, 4, 4), (1, 5, 5), (2, 3, 6), (3, 5, 7), (1, 0, 7)]),CG(nc=6, r=9, tr=[(1, 5, 0), (3, 4, 1), (4, 0, 2), (2, 0, 3), (0, 3, 4), (1, 2, 5), (1, 5, 6), (5, 2, 7), (3, 1, 7)]),4009,SAT
P43461,26,9,9,CG(nc=6, r=9, tr=[(1, 0, 0), (2, 0, 1), (2, 0, 2), (5, 4, 3), (2, 4, 4), (4, 3, 5), (1, 3, 6), (3, 5, 7), (2, 4, 7)]),CG(nc=6, r=9, tr=[(1, 5, 0), (1, 3, 1), (0, 3, 2), (3, 1, 3), (4, 5, 4), (3, 2, 5), (0, 2, 6), (2, 4, 7), (1, 5, 6)]),3764,SAT
P43462,30,11,11,CG(nc=7, r=11, tr=[(1, 2, 0), (3, 0, 1), (0, 3, 2), (3, 4, 3), (0, 1, 4), (5, 1, 5), (2, 6, 6), (6, 5, 7), (4, 6, 4), (3, 1, 7), (0, 5, 3)]),CG(nc=7, r=11, tr=[(6, 2, 0), (3, 4, 1), (3, 2, 2), (4, 6, 3), (5, 1, 4), (5, 0, 5), (4, 5, 6), (0, 4, 7), (0, 2, 4), (5, 3, 3), (1, 6, 7)]),245747,SAT
P43463,28,10,10,CG(nc=7, r=10, tr=[(1, 2, 0), (0, 3, 1), (0, 3, 2), (6, 5, 3), (3, 5, 4), (6, 4, 5), (4, 1, 6), (3, 4, 7), (0, 2, 3), (6, 2, 7)]),CG(nc=7, r=10, tr=[(1, 2, 0), (0, 2, 1), (3, 6, 2), (3, 2, 3), (0, 5, 4), (4, 1, 5), (4, 6, 6), (1, 3, 7), (0, 1, 3), (4, 5, 7)]),10702,SAT
P43464,24,8,8,CG(nc=5, r=8, tr=[(4, 2, 0), (3, 4, 1), (1, 4, 2), (1, 2, 3), (2, 0, 4), (0, 3, 5), (3, 2, 6), (3, 4, 7)]),CG(nc=6, r=8, tr=[(1, 2, 0), (3, 5, 1), (3, 1, 2), (5, 1, 3), (5, 4, 4), (0, 4, 5), (4, 2, 6), (2, 0, 7)]),2240,SAT
P43465,24,8,8,CG(nc=6, r=8, tr=[(1, 2, 0), (3, 2, 1), (5, 4, 2), (4, 3, 3), (0, 3, 4), (0, 1, 5), (5, 2, 6), (4, 1, 7)]),CG(nc=6, r=8, tr=[(1, 2, 0), (1, 0, 1), (2, 5, 2), (5, 4, 3), (5, 3, 4), (3, 0, 5), (3, 4, 6), (4, 1, 7)]),2179,SAT
P43466,26,9,9,CG(nc=6, r=9, tr=[(5, 2, 0), (2, 5, 1), (3, 2, 2), (4, 2, 3), (3, 5, 4), (0, 1, 5), (1, 4, 6), (1, 3, 7), (0, 4, 4)]),CG(nc=6, r=9, tr=[(1, 2, 0), (5, 1, 1), (4, 2, 2), (5, 4, 3), (0, 2, 4), (0, 3, 5), (4, 3, 6), (0, 4, 7), (3, 5, 4)]),4111,SAT
P43467,26,9,9,CG(nc=6, r=9, tr=[(0, 1, 0), (0, 2, 1), (3, 0, 2), (1, 3, 3), (1, 5, 4), (5, 4, 5), (2, 1, 6), (4, 3, 7), (2, 4, 3)]),CG(nc=6, r=9, tr=[(1, 5, 0), (0, 3, 1), (1, 4, 2), (5, 4, 3), (2, 5, 4), (2, 0, 5), (4, 2, 6), (4, 3, 7), (3, 1, 2)]),3818,SAT
P43468,24,8,8,CG(nc=6, r=8, tr=[(1, 5, 0), (0, 3, 1), (4, 2, 2), (3, 4, 3), (4, 5, 4), (2, 0, 5), (2, 1, 6), (5, 2, 7)]),CG(nc=6, r=8, tr=[(1, 2, 0), (3, 5, 1), (2, 0, 2), (4, 0, 3), (4, 0, 4), (4, 5, 5), (1, 4, 6), (1, 3, 7)]),1830,SAT
P43469,24,8,8,CG(nc=5, r=8, tr=[(1, 0, 0), (0, 1, 1), (0, 1, 2), (4, 3, 3), (3, 1, 4), (4, 2, 5), (2, 1, 6), (1, 2, 7)]),CG(nc=6, r=8, tr=[(1, 0, 0), (2, 5, 1), (1, 2, 2), (0, 4, 3), (0, 4, 4), (5, 4, 5), (2, 3, 6), (3, 4, 7)]),1801,SAT
P43470,28,10,10,CG(nc=7, r=10, tr=[(1, 2, 0), (3, 4, 1), (0, 5, 2), (3, 0, 3), (6, 4, 4), (1, 6, 5), (2, 3, 6), (5, 1, 7), (3, 4, 2), (5, 0, 4)]),CG(nc=7, r=10, tr=[(1, 2, 0), (1, 6, 1), (4, 2, 2), (2, 6, 3), (5, 4, 4), (6, 5, 5), (3, 5, 6), (3, 1, 7), (4, 0, 7), (5, 0, 3)]),8667,SAT
P43471,24,8,8,CG(nc=5, r=8, tr=[(1, 2, 0), (1, 2, 1), (0, 3, 2), (1, 0, 3), (4, 2, 4), (3, 2, 5), (3, 4, 6), (4, 2, 7)]),CG(nc=6, r=8, tr=[(1, 5, 0), (3, 1, 1), (3, 0, 2), (3, 5, 3), (4, 5, 4), (2, 3, 5), (2, 0, 6), (2, 4, 7)]),2209,SAT
P43476,30,11,11,CG(nc=7, r=11, tr=[(6, 2, 0), (2, 3, 1), (3, 2, 2), (3, 6, 3), (2, 0, 4), (0, 4, 5), (5, 6, 6), (1, 2, 7), (1, 5, 5), (4, 0, 7), (4, 5, 0)]),CG(nc=7, r=11, tr=[(6, 2, 0), (3, 4, 1), (0, 4, 2), (5, 3, 3), (2, 0, 4), (2, 3, 5), (3, 6, 6), (6, 1, 7), (5, 0, 0), (3, 2, 7), (2, 1, 5)]),217247,SAT
P43477,28,10,10,CG(nc=7, r=10, tr=[(1, 2, 0), (3, 4, 1), (4, 3, 2), (6, 4, 3), (3, 0, 4), (2, 4, 5), (5, 0, 6), (1, 6, 7), (2, 5, 0), (0, 3, 7)]),CG(nc=6, r=10, tr=[(1, 2, 0), (3, 1, 1), (0, 3, 2), (2, 0, 3), (4, 1, 4), (1, 5, 5), (2, 1, 6), (5, 2, 7), (4, 0, 7), (5, 1, 0)]),18789,SAT
P43478,32,12,12,CG(nc=8, r=12, tr=[(1, 2, 0), (0, 3, 1), (4, 3, 2), (2, 7, 3), (2, 3, 4), (4, 0, 5), (6, 5, 6), (7, 6, 7), (5, 6, 5), (1, 4, 6), (5, 1, 4), (3, 5, 0)]),CG(nc=7, r=12, tr=[(1, 2, 0), (6, 4, 1), (1, 4, 2), (5, 0, 3), (5, 1, 4), (0, 4, 5), (0, 1, 6), (2, 0, 7), (2, 6, 3), (4, 3, 4), (6, 5, 7), (3, 6, 6)]),2598839,SAT
P43479,28,10,10,CG(nc=6, r=10, tr=[(1, 5, 0), (1, 3, 1), (1, 3, 2), (5, 3, 3), (0, 1, 4), (4, 2, 5), (0, 2, 6), (4, 0, 7), (4, 1, 3), (2, 3, 7)]),CG(nc=6, r=10, tr=[(0, 1, 0), (2, 3, 1), (3, 5, 2), (1, 5, 3), (5, 1, 4), (1, 4, 5), (2, 4, 6), (0, 4, 7), (2, 1, 7), (2, 0, 3)]),13191,SAT
P43480,26,9,9,CG(nc=6, r=9, tr=[(1, 0, 0), (5, 3, 1), (5, 3, 2), (3, 4, 3), (4, 0, 4), (2, 1, 5), (3, 4, 6), (3, 2, 7), (2, 5, 6)]),CG(nc=7, r=9, tr=[(1, 6, 0), (1, 3, 1), (4, 3, 2), (5, 0, 3), (6, 2, 4), (2, 0, 5), (4, 2, 6), (4, 0, 7), (1, 5, 6)]),4198,SAT
P43481,24,8,8,CG(nc=6, r=8, tr=[(1, 2, 0), (0, 3, 1), (0, 3, 2), (5, 4, 3), (4, 3, 4), (1, 0, 5), (4, 2, 6), (2, 5, 7)]),CG(nc=6, r=8, tr=[(0, 1, 0), (2, 1, 1), (2, 5, 2), (4, 1, 3), (0, 3, 4), (3, 5, 5), (5, 4, 6), (4, 3, 7)]),2214,SAT
P43482,28,10,10,CG(nc=7, r=10, tr=[(1, 2, 0), (6, 4, 1), (4, 6, 2), (4, 5, 3), (5, 0, 4), (0, 2, 5), (6, 3, 6), (5, 3, 7), (1, 4, 7), (1, 3, 3)]),CG(nc=6, r=10, tr=[(1, 5, 0), (0, 3, 1), (5, 4, 2), (1, 4, 3), (1, 0, 4), (1, 5, 5), (0, 4, 6), (2, 1, 7), (3, 2, 2), (2, 5, 6)]),8840,SAT
P43483,26,9,9,CG(nc=6, r=9, tr=[(5, 2, 0), (3, 5, 1), (2, 4, 2), (3, 1, 3), (0, 2, 4), (0, 1, 5), (2, 3, 6), (4, 1, 7), (4, 5, 3)]),CG(nc=6, r=9, tr=[(1, 2, 0), (3, 0, 1), (2, 5, 2), (3, 2, 3), (4, 5, 4), (4, 0, 5), (1, 4, 6), (1, 3, 7), (1, 5, 3)]),4867,SAT
P43484,26,9,9,CG(nc=6, r=9, tr=[(1, 2, 0), (0, 3, 1), (0, 3, 2), (4, 5, 3), (3, 4, 4), (1, 5, 5), (3, 1, 6), (2, 3, 7), (0, 2, 6)]),CG(nc=6, r=9, tr=[(1, 5, 0), (1, 3, 1), (0, 4, 2), (0, 2, 3), (0, 2, 4), (5, 2, 5), (5, 4, 6), (3, 4, 7), (3, 2, 6)]),4352,SAT
P43485,24,8,8,CG(nc=5, r=8, tr=[(1, 4, 0), (4, 3, 1), (4, 3, 2), (1, 3, 3), (0, 1, 4), (0, 2, 5), (2, 1, 6), (2, 1, 7)]),CG(nc=6, r=8, tr=[(1, 0, 0), (5, 3, 1), (3, 1, 2), (1, 5, 3), (4, 0, 4), (5, 4, 5), (2, 4, 6), (2, 5, 7)]),2020,SAT
P43486,28,10,10,CG(nc=6, r=10, tr=[(1, 2, 0), (0, 3, 1), (3, 0, 2), (4, 3, 3), (5, 4, 4), (1, 5, 5), (3, 1, 6), (2, 3, 7), (0, 4, 0), (2, 0, 4)]),CG(nc=7, r=10, tr=[(6, 2, 0), (3, 4, 1), (3, 5, 2), (1, 5, 3), (6, 4, 4), (6, 1, 5), (2, 1, 6), (2, 4, 7), (0, 1, 4), (5, 0, 0)]),10229,SAT
P43487,26,9,9,CG(nc=6, r=9, tr=[(5, 2, 0), (3, 2, 1), (3, 2, 2), (4, 1, 3), (2, 0, 4), (0, 1, 5), (2, 4, 6), (3, 1, 7), (3, 5, 3)]),CG(nc=6, r=9, tr=[(5, 2, 0), (2, 3, 1), (3, 4, 2), (0, 2, 3), (5, 4, 4), (0, 4, 5), (4, 1, 6), (0, 1, 7), (4, 0, 0)]),4627,SAT
P43496,26,9,9,CG(nc=7, r=9, tr=[(1, 2, 0), (6, 4, 1), (2, 5, 2), (4, 5, 3), (5, 0, 4), (6, 2, 5), (1, 0, 6), (5, 3, 7), (3, 6, 6)]),CG(nc=6, r=9, tr=[(0, 1, 0), (2, 1, 1), (3, 5, 2), (2, 1, 3), (0, 4, 4), (4, 5, 5), (2, 4, 6), (3, 2, 7), (2, 5, 4)]),4594,SAT
P43497,22,8,8,CG(nc=6, r=8, tr=[(5, 2, 0), (3, 4, 1), (4, 1, 2), (0, 1, 3), (5, 4, 4), (0, 1, 5), (3, 0, 6), (2, 3, 5)]),CG(nc=5, r=8, tr=[(1, 4, 0), (3, 0, 1), (3, 1, 2), (2, 0, 3), (0, 1, 4), (3, 4, 5), (3, 2, 6), (1, 4, 6)]),4041,SAT
P43498,26,9,9,CG(nc=5, r=9, tr=[(1, 4, 0), (4, 1, 1), (1, 4, 2), (3, 2, 3), (3, 0, 4), (2, 0, 5), (1, 3, 6), (1, 4, 7), (1, 2, 4)]),CG(nc=7, r=9, tr=[(1, 2, 0), (0, 3, 1), (3, 2, 2), (4, 5, 3), (5, 6, 4), (5, 0, 5), (4, 6, 6), (6, 1, 7), (4, 0, 4)]),4028,SAT
P43499,22,8,8,CG(nc=6, r=8, tr=[(1, 2, 0), (3, 5, 1), (1, 2, 2), (4, 0, 3), (4, 3, 4), (2, 5, 5), (1, 4, 6), (0, 1, 4)]),CG(nc=5, r=8, tr=[(1, 2, 0), (0, 2, 1), (1, 4, 2), (3, 2, 3), (2, 0, 4), (2, 4, 5), (0, 3, 6), (4, 3, 4)]),3373,SAT
P43500,24,8,8,CG(nc=6, r=8, tr=[(1, 5, 0), (0, 3, 1), (0, 3, 2), (3, 4, 3), (4, 5, 4), (0, 2, 5), (2, 1, 6), (2, 4, 7)]),CG(nc=5, r=8, tr=[(1, 2, 0), (4, 3, 1), (2, 3, 2), (4, 3, 3), (4, 2, 4), (3, 0, 5), (2, 0, 6), (1, 0, 7)]),2039,SAT
P43501,20,7,7,CG(nc=5, r=7, tr=[(1, 4, 0), (4, 3, 1), (4, 2, 2), (1, 3, 3), (1, 0, 4), (1, 2, 5), (0, 2, 6)]),CG(nc=5, r=7, tr=[(4, 2, 0), (3, 2, 1), (3, 0, 2), (3, 2, 3), (4, 1, 4), (3, 1, 5), (0, 1, 6)]),1976,SAT
P43502,26,9,9,CG(nc=6, r=9, tr=[(0, 1, 0), (0, 2, 1), (3, 0, 2), (4, 5, 3), (5, 1, 4), (3, 1, 5), (3, 4, 6), (4, 0, 7), (1, 2, 3)]),CG(nc=6, r=9, tr=[(1, 2, 0), (2, 3, 1), (5, 3, 2), (5, 1, 3), (4, 5, 4), (4, 1, 5), (0, 4, 6), (0, 1, 7), (0, 4, 3)]),4671,SAT
P43503,20,7,7,CG(nc=5, r=7, tr=[(1, 2, 0), (1, 2, 1), (3, 0, 2), (2, 0, 3), (4, 1, 4), (3, 1, 5), (3, 4, 6)]),CG(nc=5, r=7, tr=[(1, 2, 0), (1, 4, 1), (0, 2, 2), (4, 2, 3), (3, 4, 4), (2, 3, 5), (0, 3, 6)]),2066,SAT
P43516,24,8,8,CG(nc=5, r=8, tr=[(1, 0, 0), (0, 1, 1), (0, 2, 2), (3, 1, 3), (4, 3, 4), (1, 2, 5), (4, 2, 6), (1, 0, 7)]),CG(nc=6, r=8, tr=[(0, 1, 0), (5, 3, 1), (4, 3, 2), (0, 2, 3), (2, 0, 4), (2, 5, 5), (3, 2, 6), (1, 4, 7)]),2279,SAT
P43517,20,7,7,CG(nc=6, r=7, tr=[(1, 5, 0), (3, 4, 1), (3, 4, 2), (3, 0, 3), (4, 5, 4), (1, 2, 5), (2, 0, 6)]),CG(nc=5, r=7, tr=[(1, 4, 0), (3, 0, 1), (3, 1, 2), (2, 4, 3), (4, 2, 4), (0, 2, 5), (3, 2, 6)]),2084,SAT
P43518,26,9,9,CG(nc=6, r=9, tr=[(1, 0, 0), (0, 2, 1), (0, 1, 2), (3, 5, 3), (2, 3, 4), (5, 4, 5), (2, 4, 6), (3, 0, 7), (2, 1, 3)]),CG(nc=5, r=9, tr=[(0, 1, 0), (2, 3, 1), (2, 4, 2), (1, 0, 3), (1, 4, 4), (0, 3, 5), (3, 0, 6), (1, 3, 7), (4, 3, 3)]),4442,SAT
P43519,20,7,7,CG(nc=5, r=7, tr=[(4, 2, 0), (2, 4, 1), (2, 4, 2), (2, 3, 3), (0, 3, 4), (3, 1, 5), (1, 0, 6)]),CG(nc=5, r=7, tr=[(1, 4, 0), (0, 3, 1), (1, 3, 2), (4, 0, 3), (2, 4, 4), (0, 2, 5), (0, 2, 6)]),2005,SAT
P43688,16,4,4,CG(nc=4, r=4, tr=[(3, 0, 4), (0, 2, 5), (3, 1, 6), (2, 1, 7)]),CG(nc=3, r=4, tr=[(1, 2, 4), (0, 1, 5), (0, 1, 6), (0, 1, 7)]),1656,SAT
P43689,24,8,8,CG(nc=6, r=8, tr=[(1, 5, 0), (3, 5, 1), (3, 5, 2), (3, 5, 3), (0, 3, 4), (4, 2, 5), (4, 1, 6), (0, 2, 7)]),CG(nc=6, r=8, tr=[(1, 5, 0), (1, 3, 1), (3, 4, 2), (4, 0, 3), (5, 2, 4), (0, 2, 5), (0, 2, 6), (2, 0, 7)]),2079,SAT
P43690,4,1,1,CG(nc=2, r=1, tr=[(1, 0, 1)]),CG(nc=2, r=1, tr=[(1, 0, 1)]),1637,SAT
P43691,10,4,4,CG(nc=3, r=4, tr=[(2, 1, 1), (2, 1, 2), (2, 1, 3), (0, 1, 4)]),CG(nc=4, r=4, tr=[(1, 0, 1), (2, 3, 2), (1, 2, 3), (3, 0, 4)]),1615,SAT
P43692,20,6,6,CG(nc=4, r=6, tr=[(1, 0, 2), (0, 1, 3), (1, 3, 4), (0, 1, 5), (3, 2, 6), (1, 2, 7)]),CG(nc=5, r=6, tr=[(4, 2, 2), (2, 3, 3), (0, 1, 4), (3, 0, 5), (4, 1, 6), (1, 2, 7)]),1778,SAT
P43693,22,7,7,CG(nc=6, r=7, tr=[(1, 2, 0), (5, 4, 2), (5, 4, 3), (0, 4, 4), (5, 3, 5), (2, 3, 6), (1, 0, 7)]),CG(nc=5, r=7, tr=[(0, 1, 0), (2, 4, 2), (2, 1, 3), (3, 0, 4), (4, 3, 5), (4, 3, 6), (3, 2, 7)]),1918,SAT
P43694,12,4,4,CG(nc=3, r=4, tr=[(0, 1, 2), (0, 1, 3), (2, 1, 4), (0, 1, 5)]),CG(nc=4, r=4, tr=[(1, 0, 2), (2, 3, 3), (3, 0, 4), (1, 2, 5)]),1928,SAT
P43695,8,3,3,CG(nc=3, r=3, tr=[(1, 2, 1), (2, 1, 2), (0, 1, 3)]),CG(nc=3, r=3, tr=[(2, 1, 1), (0, 1, 2), (2, 0, 3)]),1854,SAT
P43708,22,7,7,CG(nc=6, r=7, tr=[(1, 2, 1), (2, 5, 2), (5, 1, 3), (0, 1, 4), (4, 3, 5), (4, 5, 6), (0, 3, 7)]),CG(nc=5, r=7, tr=[(1, 4, 1), (3, 2, 2), (3, 0, 3), (2, 0, 4), (4, 2, 5), (3, 1, 6), (2, 4, 7)]),2113,SAT
P43709,24,8,8,CG(nc=7, r=8, tr=[(1, 2, 0), (3, 4, 1), (0, 4, 2), (0, 3, 3), (3, 6, 4), (5, 2, 5), (5, 6, 6), (1, 0, 7)]),CG(nc=5, r=8, tr=[(1, 4, 0), (3, 0, 1), (0, 3, 2), (3, 1, 3), (4, 2, 4), (2, 0, 5), (2, 0, 6), (2, 0, 7)]),2184,SAT
P43710,18,6,6,CG(nc=5, r=6, tr=[(1, 2, 1), (2, 0, 2), (1, 0, 3), (1, 4, 4), (3, 1, 5), (0, 3, 6)]),CG(nc=5, r=6, tr=[(1, 0, 1), (2, 3, 2), (2, 4, 3), (4, 0, 4), (3, 0, 5), (2, 1, 6)]),1926,SAT
P43711,10,4,4,CG(nc=4, r=4, tr=[(1, 2, 1), (3, 1, 2), (2, 3, 3), (0, 2, 4)]),CG(nc=3, r=4, tr=[(2, 1, 1), (2, 1, 2), (0, 1, 3), (0, 2, 4)]),1922,SAT
P43712,18,5,5,CG(nc=4, r=5, tr=[(3, 2, 3), (0, 2, 4), (1, 3, 5), (3, 1, 6), (0, 1, 7)]),CG(nc=5, r=5, tr=[(1, 0, 3), (4, 3, 4), (2, 1, 5), (2, 4, 6), (0, 3, 7)]),1719,SAT
P43713,24,8,8,CG(nc=5, r=8, tr=[(1, 2, 0), (1, 2, 1), (4, 3, 2), (1, 4, 3), (0, 1, 4), (1, 3, 5), (2, 4, 6), (0, 1, 7)]),CG(nc=6, r=8, tr=[(1, 2, 0), (1, 0, 1), (3, 2, 2), (3, 5, 3), (2, 5, 4), (0, 4, 5), (3, 4, 6), (2, 0, 7)]),2923,SAT
P43714,22,7,7,CG(nc=4, r=7, tr=[(1, 3, 1), (1, 3, 2), (0, 2, 3), (3, 2, 4), (0, 2, 5), (2, 0, 6), (1, 2, 7)]),CG(nc=6, r=7, tr=[(1, 5, 1), (3, 1, 2), (0, 4, 3), (0, 3, 4), (5, 2, 5), (2, 4, 6), (3, 5, 7)]),2055,SAT
P43715,22,7,7,CG(nc=6, r=7, tr=[(1, 2, 1), (3, 5, 2), (5, 4, 3), (4, 0, 4), (3, 2, 5), (1, 5, 6), (0, 2, 7)]),CG(nc=5, r=7, tr=[(4, 2, 1), (0, 3, 2), (2, 3, 3), (4, 1, 4), (3, 0, 5), (4, 2, 6), (0, 1, 7)]),1883,SAT
P43716,20,6,6,CG(nc=5, r=6, tr=[(0, 1, 0), (2, 4, 3), (0, 2, 4), (3, 0, 5), (3, 1, 6), (3, 4, 7)]),CG(nc=5, r=6, tr=[(1, 0, 0), (4, 3, 3), (4, 2, 4), (3, 1, 5), (1, 0, 6), (0, 2, 7)]),1661,SAT
P43717,22,7,7,CG(nc=5, r=7, tr=[(1, 4, 0), (1, 4, 2), (0, 3, 3), (3, 4, 4), (2, 0, 5), (0, 2, 6), (1, 2, 7)]),CG(nc=5, r=7, tr=[(1, 0, 0), (2, 1, 2), (4, 2, 3), (4, 2, 4), (2, 3, 5), (0, 3, 6), (2, 0, 7)]),1878,SAT
P43718,24,8,8,CG(nc=6, r=8, tr=[(1, 2, 0), (5, 4, 1), (1, 3, 2), (3, 5, 3), (3, 0, 4), (3, 5, 5), (1, 4, 6), (2, 0, 7)]),CG(nc=6, r=8, tr=[(1, 5, 0), (3, 4, 1), (0, 4, 2), (0, 2, 3), (5, 3, 4), (2, 1, 5), (5, 1, 6), (3, 0, 7)]),2109,SAT
P43719,24,8,8,CG(nc=7, r=8, tr=[(1, 2, 0), (6, 2, 1), (4, 5, 2), (6, 3, 3), (3, 0, 4), (5, 6, 5), (4, 1, 6), (4, 0, 7)]),CG(nc=5, r=8, tr=[(1, 2, 0), (0, 3, 1), (1, 3, 2), (1, 4, 3), (1, 4, 4), (2, 0, 5), (1, 2, 6), (0, 1, 7)]),2223,SAT
P43720,18,5,5,CG(nc=4, r=5, tr=[(1, 3, 3), (1, 0, 4), (3, 2, 5), (1, 3, 6), (0, 2, 7)]),CG(nc=4, r=5, tr=[(1, 3, 3), (3, 2, 4), (2, 0, 5), (1, 2, 6), (0, 2, 7)]),1917,SAT
P43721,24,8,8,CG(nc=6, r=8, tr=[(1, 2, 0), (1, 3, 1), (4, 2, 2), (3, 0, 3), (5, 3, 4), (5, 2, 5), (1, 4, 6), (4, 0, 7)]),CG(nc=6, r=8, tr=[(1, 5, 0), (3, 0, 1), (3, 4, 2), (4, 1, 3), (2, 5, 4), (0, 2, 5), (4, 2, 6), (2, 0, 7)]),2168,SAT
P43722,20,6,6,CG(nc=5, r=6, tr=[(4, 2, 2), (0, 3, 3), (3, 4, 4), (1, 0, 5), (0, 3, 6), (1, 2, 7)]),CG(nc=5, r=6, tr=[(4, 2, 2), (0, 3, 3), (0, 2, 4), (1, 3, 5), (1, 4, 6), (2, 4, 7)]),1820,SAT
P43723,22,7,7,CG(nc=6, r=7, tr=[(5, 2, 1), (3, 5, 2), (4, 5, 3), (0, 4, 4), (3, 1, 5), (4, 2, 6), (0, 1, 7)]),CG(nc=5, r=7, tr=[(1, 2, 1), (2, 0, 2), (1, 4, 3), (4, 2, 4), (3, 1, 5), (0, 3, 6), (0, 2, 7)]),2082,SAT
P43724,14,4,4,CG(nc=4, r=4, tr=[(1, 3, 2), (0, 1, 3), (3, 2, 4), (0, 2, 5)]),CG(nc=4, r=4, tr=[(0, 1, 2), (3, 2, 3), (3, 1, 4), (0, 2, 5)]),1752,SAT
P43725,18,6,6,CG(nc=5, r=6, tr=[(4, 2, 0), (2, 4, 2), (3, 0, 3), (3, 4, 4), (2, 1, 5), (1, 0, 7)]),CG(nc=5, r=6, tr=[(1, 2, 0), (4, 2, 2), (1, 0, 3), (4, 3, 4), (1, 4, 5), (0, 3, 7)]),1875,SAT
P43726,16,5,5,CG(nc=4, r=5, tr=[(3, 2, 2), (1, 0, 3), (3, 1, 4), (0, 1, 5), (1, 2, 7)]),CG(nc=4, r=5, tr=[(0, 1, 2), (2, 0, 3), (3, 1, 4), (3, 2, 5), (0, 1, 7)]),1775,SAT
P43727,16,5,5,CG(nc=5, r=5, tr=[(4, 2, 2), (4, 3, 3), (0, 3, 4), (2, 1, 5), (0, 1, 7)]),CG(nc=4, r=5, tr=[(0, 1, 2), (1, 3, 3), (3, 2, 4), (0, 1, 5), (0, 2, 7)]),1886,SAT
P43732,22,7,7,CG(nc=5, r=7, tr=[(1, 4, 0), (1, 4, 3), (0, 1, 4), (3, 4, 5), (1, 3, 6), (0, 2, 7), (2, 3, 0)]),CG(nc=5, r=7, tr=[(0, 1, 0), (2, 4, 3), (1, 4, 4), (0, 3, 5), (1, 3, 6), (0, 1, 7), (3, 2, 0)]),3495,SAT
P43733,20,6,6,CG(nc=5, r=6, tr=[(1, 2, 0), (4, 3, 3), (0, 3, 4), (4, 2, 5), (2, 4, 6), (0, 1, 7)]),CG(nc=5, r=6, tr=[(0, 1, 0), (4, 1, 3), (0, 3, 4), (1, 2, 5), (0, 2, 6), (3, 4, 7)]),1852,SAT
P43734,26,9,9,CG(nc=6, r=9, tr=[(0, 1, 0), (5, 3, 1), (4, 2, 2), (0, 1, 3), (5, 1, 4), (5, 2, 5), (3, 4, 6), (4, 1, 7), (3, 0, 5)]),CG(nc=6, r=9, tr=[(1, 0, 0), (2, 1, 1), (2, 0, 2), (3, 5, 3), (1, 5, 4), (1, 4, 5), (0, 4, 6), (1, 0, 7), (3, 4, 0)]),4578,SAT
P43735,24,8,8,CG(nc=6, r=8, tr=[(1, 2, 0), (0, 3, 1), (3, 0, 2), (4, 5, 3), (0, 4, 4), (5, 2, 5), (5, 2, 6), (1, 3, 7)]),CG(nc=6, r=8, tr=[(5, 2, 0), (0, 3, 1), (3, 4, 2), (0, 2, 3), (5, 4, 4), (1, 0, 5), (4, 1, 6), (0, 4, 7)]),2169,SAT
P43736,20,6,6,CG(nc=5, r=6, tr=[(4, 2, 0), (3, 0, 3), (3, 4, 4), (0, 1, 5), (0, 3, 6), (1, 2, 7)]),CG(nc=5, r=6, tr=[(1, 4, 0), (3, 0, 3), (4, 2, 4), (0, 2, 5), (3, 1, 6), (0, 2, 7)]),1967,SAT
P43737,22,7,7,CG(nc=5, r=7, tr=[(4, 2, 0), (3, 4, 1), (1, 4, 3), (1, 0, 4), (0, 3, 5), (1, 2, 6), (3, 2, 7)]),CG(nc=5, r=7, tr=[(4, 2, 0), (3, 2, 1), (3, 0, 3), (1, 4, 4), (0, 1, 5), (2, 3, 6), (0, 1, 7)]),2130,SAT
P43738,22,7,7,CG(nc=6, r=7, tr=[(5, 2, 0), (0, 3, 2), (4, 0, 3), (4, 5, 4), (2, 1, 5), (0, 4, 6), (1, 3, 7)]),CG(nc=5, r=7, tr=[(1, 0, 0), (2, 4, 2), (1, 3, 3), (2, 0, 4), (2, 4, 5), (3, 4, 6), (2, 4, 7)]),1992,SAT
P43739,24,8,8,CG(nc=7, r=8, tr=[(1, 2, 0), (0, 3, 1), (6, 5, 2), (0, 4, 3), (6, 4, 4), (1, 5, 5), (3, 4, 6), (0, 2, 7)]),CG(nc=5, r=8, tr=[(1, 0, 0), (0, 2, 1), (3, 2, 2), (4, 3, 3), (1, 4, 4), (0, 1, 5), (1, 3, 6), (1, 0, 7)]),2301,SAT
P43740,20,6,6,CG(nc=4, r=6, tr=[(1, 2, 0), (1, 0, 3), (1, 3, 4), (2, 0, 5), (1, 2, 6), (3, 1, 7)]),CG(nc=5, r=6, tr=[(1, 2, 0), (1, 0, 3), (4, 3, 4), (1, 4, 5), (2, 4, 6), (0, 3, 7)]),1955,SAT
P43741,16,5,5,CG(nc=5, r=5, tr=[(1, 2, 0), (4, 3, 2), (0, 3, 3), (2, 4, 4), (0, 1, 5)]),CG(nc=4, r=5, tr=[(1, 3, 0), (0, 1, 2), (3, 2, 3), (2, 0, 4), (0, 2, 5)]),1828,SAT
P43742,22,7,7,CG(nc=6, r=7, tr=[(1, 5, 0), (3, 1, 2), (0, 4, 3), (5, 4, 4), (3, 2, 5), (4, 3, 6), (2, 0, 7)]),CG(nc=5, r=7, tr=[(1, 0, 0), (2, 4, 2), (3, 1, 3), (2, 0, 4), (3, 2, 5), (3, 4, 6), (2, 4, 7)]),1959,SAT
P43743,18,6,6,CG(nc=6, r=6, tr=[(5, 2, 0), (3, 4, 2), (5, 1, 3), (0, 1, 4), (4, 2, 5), (3, 0, 7)]),CG(nc=4, r=6, tr=[(1, 3, 0), (3, 1, 2), (1, 0, 3), (3, 2, 4), (1, 3, 5), (0, 2, 7)]),1932,SAT
P43752,22,7,7,CG(nc=5, r=7, tr=[(1, 4, 3), (0, 1, 4), (4, 1, 5), (3, 1, 6), (0, 2, 7), (3, 4, 4), (3, 2, 6)]),CG(nc=5, r=7, tr=[(0, 1, 3), (0, 2, 4), (2, 4, 5), (2, 4, 6), (4, 2, 7), (4, 3, 5), (3, 1, 6)]),5475,SAT
P43753,26,9,9,CG(nc=6, r=9, tr=[(5, 2, 0), (5, 3, 1), (4, 2, 2), (5, 2, 3), (2, 0, 4), (0, 1, 5), (2, 3, 6), (1, 3, 7), (4, 5, 5)]),CG(nc=6, r=9, tr=[(5, 2, 0), (2, 3, 1), (3, 4, 2), (0, 4, 3), (5, 1, 4), (1, 4, 5), (1, 2, 6), (3, 1, 7), (3, 0, 4)]),3976,SAT
P43754,14,4,4,CG(nc=3, r=4, tr=[(0, 1, 3), (2, 1, 4), (0, 1, 5), (0, 1, 6)]),CG(nc=4, r=4, tr=[(1, 0, 3), (3, 0, 4), (2, 3, 5), (1, 2, 6)]),1668,SAT
P43755,18,6,6,CG(nc=5, r=6, tr=[(0, 1, 1), (0, 2, 2), (3, 0, 3), (4, 3, 4), (2, 3, 5), (1, 3, 6)]),CG(nc=5, r=6, tr=[(1, 2, 1), (0, 2, 2), (4, 1, 3), (4, 0, 4), (1, 3, 5), (0, 3, 6)]),1722,SAT
P43756,18,5,5,CG(nc=4, r=5, tr=[(3, 2, 3), (2, 0, 4), (2, 3, 5), (1, 2, 6), (0, 1, 7)]),CG(nc=4, r=5, tr=[(1, 0, 3), (3, 2, 4), (3, 1, 5), (2, 0, 6), (0, 2, 7)]),1897,SAT
P43757,22,7,7,CG(nc=6, r=7, tr=[(5, 2, 0), (3, 4, 2), (0, 3, 3), (5, 3, 4), (4, 0, 5), (4, 1, 6), (1, 2, 7)]),CG(nc=5, r=7, tr=[(1, 2, 0), (1, 4, 2), (2, 0, 3), (0, 3, 4), (4, 2, 5), (4, 3, 6), (3, 1, 7)]),2034,SAT
P43758,10,3,3,CG(nc=3, r=3, tr=[(1, 0, 2), (2, 1, 3), (0, 1, 4)]),CG(nc=3, r=3, tr=[(2, 1, 2), (2, 0, 3), (0, 1, 4)]),1791,SAT
P43759,12,4,4,CG(nc=4, r=4, tr=[(1, 0, 2), (0, 2, 3), (2, 3, 4), (1, 2, 5)]),CG(nc=3, r=4, tr=[(0, 1, 2), (2, 1, 3), (2, 0, 4), (0, 1, 5)]),1916,SAT
P43772,18,5,5,CG(nc=5, r=5, tr=[(1, 4, 3), (0, 1, 4), (3, 0, 5), (2, 4, 6), (3, 2, 7)]),CG(nc=4, r=5, tr=[(1, 0, 3), (3, 2, 4), (3, 1, 5), (1, 3, 6), (0, 2, 7)]),1893,SAT
P43773,20,6,6,CG(nc=6, r=6, tr=[(1, 2, 0), (5, 4, 3), (0, 4, 4), (0, 3, 5), (3, 1, 6), (2, 5, 7)]),CG(nc=4, r=6, tr=[(0, 1, 0), (3, 1, 3), (3, 2, 4), (1, 0, 5), (1, 0, 6), (0, 2, 7)]),1932,SAT
P43774,14,4,4,CG(nc=4, r=4, tr=[(3, 2, 3), (0, 2, 4), (1, 3, 5), (2, 1, 6)]),CG(nc=3, r=4, tr=[(1, 2, 3), (2, 0, 4), (0, 1, 5), (0, 1, 6)]),1905,SAT
P43775,6,2,2,CG(nc=3, r=2, tr=[(2, 1, 1), (0, 1, 2)]),CG(nc=2, r=2, tr=[(0, 1, 1), (1, 0, 2)]),1653,SAT
P43964,24,8,8,CG(nc=6, r=8, tr=[(1, 2, 1), (2, 3, 2), (3, 1, 3), (0, 1, 4), (3, 4, 5), (4, 0, 6), (3, 5, 7), (5, 2, 3)]),CG(nc=5, r=8, tr=[(1, 2, 1), (1, 4, 2), (2, 4, 3), (3, 4, 4), (0, 3, 5), (0, 1, 6), (0, 3, 7), (2, 3, 2)]),4076,SAT
P43965,26,9,9,CG(nc=7, r=9, tr=[(1, 2, 0), (3, 4, 1), (5, 4, 2), (3, 5, 3), (4, 6, 4), (3, 0, 5), (6, 1, 6), (2, 3, 7), (0, 5, 1)]),CG(nc=5, r=9, tr=[(1, 4, 0), (3, 0, 1), (3, 2, 2), (0, 2, 3), (1, 0, 4), (1, 4, 5), (4, 1, 6), (4, 2, 7), (1, 3, 3)]),4326,SAT
P43966,24,8,8,CG(nc=5, r=8, tr=[(1, 2, 1), (0, 3, 2), (0, 2, 3), (1, 4, 4), (2, 0, 5), (3, 1, 6), (2, 3, 7), (3, 1, 3)]),CG(nc=6, r=8, tr=[(1, 2, 1), (0, 2, 2), (5, 4, 3), (5, 0, 4), (4, 2, 5), (3, 0, 6), (1, 5, 7), (3, 4, 1)]),3776,SAT
P43967,14,6,6,CG(nc=5, r=6, tr=[(4, 2, 1), (3, 0, 2), (1, 4, 3), (3, 2, 4), (1, 2, 2), (3, 0, 3)]),CG(nc=4, r=6, tr=[(0, 1, 1), (3, 1, 2), (2, 3, 3), (3, 0, 4), (2, 0, 1), (0, 2, 2)]),4987,SAT
P43968,22,7,7,CG(nc=5, r=7, tr=[(1, 4, 1), (4, 1, 2), (1, 3, 3), (3, 0, 4), (2, 0, 5), (2, 0, 6), (4, 2, 7)]),CG(nc=6, r=7, tr=[(1, 2, 1), (2, 5, 2), (4, 5, 3), (5, 1, 4), (0, 3, 5), (3, 4, 6), (0, 1, 7)]),2033,SAT
P43969,24,8,8,CG(nc=4, r=8, tr=[(0, 1, 0), (1, 0, 1), (0, 1, 2), (1, 2, 3), (2, 3, 4), (1, 2, 5), (1, 2, 6), (2, 3, 7)]),CG(nc=6, r=8, tr=[(5, 2, 0), (0, 3, 1), (3, 2, 2), (0, 4, 3), (0, 2, 4), (1, 5, 5), (4, 1, 6), (5, 2, 7)]),2369,SAT
P43970,24,8,8,CG(nc=5, r=8, tr=[(1, 2, 1), (2, 1, 2), (0, 1, 3), (2, 4, 4), (3, 0, 5), (0, 3, 6), (2, 3, 7), (1, 4, 7)]),CG(nc=6, r=8, tr=[(0, 1, 1), (2, 1, 2), (5, 4, 3), (4, 2, 4), (4, 3, 5), (3, 0, 6), (5, 2, 7), (4, 0, 7)]),3857,SAT
P43971,22,7,7,CG(nc=4, r=7, tr=[(1, 0, 1), (0, 1, 2), (2, 3, 3), (1, 2, 4), (3, 2, 5), (3, 2, 6), (2, 1, 7)]),CG(nc=6, r=7, tr=[(1, 5, 1), (0, 1, 2), (3, 4, 3), (2, 0, 4), (5, 4, 5), (3, 0, 6), (2, 5, 7)]),1966,SAT
P43972,24,8,8,CG(nc=6, r=8, tr=[(1, 2, 0), (3, 0, 1), (4, 1, 2), (4, 3, 3), (4, 5, 4), (0, 1, 5), (2, 0, 6), (5, 1, 7)]),CG(nc=5, r=8, tr=[(1, 0, 0), (4, 3, 1), (2, 3, 2), (4, 2, 3), (2, 4, 4), (1, 2, 5), (0, 1, 6), (0, 2, 7)]),2205,SAT
P43973,24,8,8,CG(nc=5, r=8, tr=[(1, 2, 0), (2, 3, 1), (2, 3, 2), (0, 3, 3), (2, 4, 4), (0, 3, 5), (0, 1, 6), (4, 2, 7)]),CG(nc=5, r=8, tr=[(0, 1, 0), (2, 4, 1), (2, 1, 2), (2, 4, 3), (4, 1, 4), (0, 3, 5), (3, 2, 6), (0, 1, 7)]),2533,SAT
P43974,26,9,9,CG(nc=6, r=9, tr=[(1, 5, 0), (3, 0, 1), (0, 3, 2), (4, 5, 3), (3, 4, 4), (5, 2, 5), (1, 2, 6), (0, 4, 7), (3, 2, 7)]),CG(nc=6, r=9, tr=[(5, 2, 0), (3, 4, 1), (3, 5, 2), (1, 0, 3), (4, 1, 4), (1, 2, 5), (2, 5, 6), (0, 4, 7), (5, 1, 7)]),4143,SAT
P43975,24,8,8,CG(nc=5, r=8, tr=[(1, 0, 0), (2, 3, 1), (2, 3, 2), (3, 0, 3), (4, 2, 4), (3, 0, 5), (1, 3, 6), (4, 2, 7)]),CG(nc=5, r=8, tr=[(1, 4, 0), (3, 0, 1), (3, 4, 2), (2, 0, 3), (2, 0, 4), (1, 2, 5), (1, 4, 6), (2, 4, 7)]),2058,SAT
P43976,22,7,7,CG(nc=6, r=7, tr=[(1, 2, 1), (3, 5, 2), (2, 3, 3), (0, 2, 4), (4, 5, 5), (1, 5, 6), (4, 0, 7)]),CG(nc=5, r=7, tr=[(1, 0, 1), (4, 3, 2), (3, 4, 3), (4, 2, 4), (0, 2, 5), (3, 2, 6), (1, 3, 7)]),1818,SAT
P43977,24,8,8,CG(nc=5, r=8, tr=[(1, 4, 0), (4, 1, 1), (4, 1, 2), (3, 1, 3), (0, 3, 4), (2, 0, 5), (1, 3, 6), (1, 2, 7)]),CG(nc=6, r=8, tr=[(1, 2, 0), (0, 1, 1), (5, 2, 2), (4, 3, 3), (5, 3, 4), (3, 0, 5), (4, 5, 6), (3, 0, 7)]),2039,SAT
P43978,24,8,8,CG(nc=6, r=8, tr=[(1, 5, 1), (5, 1, 2), (3, 1, 3), (0, 3, 4), (4, 0, 5), (2, 3, 6), (2, 5, 7), (1, 4, 7)]),CG(nc=6, r=8, tr=[(1, 2, 1), (3, 2, 2), (2, 5, 3), (0, 3, 4), (0, 4, 5), (2, 4, 6), (1, 0, 7), (3, 5, 7)]),3958,SAT
P43979,22,7,7,CG(nc=5, r=7, tr=[(1, 4, 1), (4, 1, 2), (3, 1, 3), (0, 3, 4), (2, 0, 5), (1, 3, 6), (2, 1, 7)]),CG(nc=5, r=7, tr=[(1, 0, 1), (4, 1, 2), (4, 3, 3), (2, 4, 4), (0, 2, 5), (2, 3, 6), (2, 0, 7)]),2059,SAT
P43980,18,6,6,CG(nc=5, r=6, tr=[(1, 2, 1), (1, 2, 2), (2, 0, 3), (4, 1, 4), (3, 4, 5), (3, 0, 7)]),CG(nc=5, r=6, tr=[(4, 2, 1), (2, 3, 2), (1, 0, 3), (3, 4, 4), (4, 1, 5), (0, 3, 7)]),2135,SAT
P43981,20,7,7,CG(nc=5, r=7, tr=[(4, 2, 0), (4, 3, 1), (4, 3, 2), (1, 0, 3), (1, 3, 4), (0, 1, 5), (1, 2, 7)]),CG(nc=6, r=7, tr=[(1, 2, 0), (2, 0, 1), (1, 5, 2), (4, 5, 3), (3, 5, 4), (4, 0, 5), (0, 3, 7)]),2228,SAT
P43982,20,7,7,CG(nc=5, r=7, tr=[(1, 2, 1), (2, 1, 2), (1, 0, 3), (2, 4, 4), (2, 3, 5), (3, 0, 7), (4, 1, 7)]),CG(nc=5, r=7, tr=[(1, 4, 1), (3, 1, 2), (2, 0, 3), (2, 3, 4), (2, 4, 5), (3, 0, 7), (2, 4, 7)]),3562,SAT
P43983,18,6,6,CG(nc=5, r=6, tr=[(1, 4, 1), (1, 4, 2), (1, 3, 3), (0, 3, 4), (1, 2, 5), (0, 2, 7)]),CG(nc=4, r=6, tr=[(1, 3, 1), (0, 1, 2), (0, 2, 3), (0, 2, 4), (3, 2, 5), (2, 3, 7)]),1773,SAT
P43988,28,10,10,CG(nc=6, r=10, tr=[(1, 5, 0), (3, 0, 1), (0, 3, 2), (4, 3, 3), (4, 5, 4), (2, 3, 5), (4, 2, 6), (3, 0, 7), (4, 3, 0), (1, 2, 7)]),CG(nc=7, r=10, tr=[(0, 1, 0), (2, 3, 1), (2, 0, 2), (4, 6, 3), (0, 3, 4), (4, 1, 5), (4, 5, 6), (6, 3, 7), (4, 1, 6), (0, 5, 5)]),20974,SAT
P43989,24,8,8,CG(nc=6, r=8, tr=[(1, 2, 0), (5, 4, 1), (5, 4, 2), (0, 3, 3), (4, 3, 4), (0, 1, 5), (1, 0, 6), (5, 2, 7)]),CG(nc=6, r=8, tr=[(1, 5, 0), (1, 3, 1), (3, 0, 2), (1, 0, 3), (4, 5, 4), (0, 2, 5), (2, 4, 6), (0, 4, 7)]),2084,SAT
P43990,28,10,10,CG(nc=7, r=10, tr=[(1, 2, 0), (6, 2, 1), (6, 2, 2), (0, 4, 3), (5, 6, 4), (5, 1, 5), (1, 3, 6), (3, 0, 7), (4, 2, 4), (3, 5, 0)]),CG(nc=6, r=10, tr=[(0, 1, 0), (2, 3, 1), (3, 5, 2), (4, 5, 3), (2, 0, 4), (1, 2, 5), (1, 4, 6), (4, 0, 7), (4, 2, 0), (4, 5, 4)]),13687,SAT
P43991,24,8,8,CG(nc=5, r=8, tr=[(0, 1, 0), (2, 1, 1), (2, 1, 2), (0, 1, 3), (4, 2, 4), (3, 4, 5), (4, 3, 6), (3, 2, 7)]),CG(nc=6, r=8, tr=[(5, 2, 0), (5, 3, 1), (0, 3, 2), (0, 2, 3), (0, 4, 4), (5, 1, 5), (1, 2, 6), (5, 4, 7)]),1985,SAT
P43992,24,8,8,CG(nc=6, r=8, tr=[(1, 2, 0), (3, 2, 1), (0, 1, 2), (3, 1, 3), (3, 5, 4), (4, 2, 5), (2, 0, 6), (4, 5, 7)]),CG(nc=5, r=8, tr=[(1, 0, 0), (4, 3, 1), (3, 2, 2), (4, 2, 3), (4, 1, 4), (0, 1, 5), (1, 2, 6), (2, 0, 7)]),1951,SAT
P43993,24,8,8,CG(nc=5, r=8, tr=[(1, 4, 0), (3, 1, 1), (3, 1, 2), (4, 3, 3), (1, 0, 4), (0, 2, 5), (3, 4, 6), (2, 1, 7)]),CG(nc=5, r=8, tr=[(1, 0, 0), (4, 3, 1), (3, 1, 2), (3, 1, 3), (0, 2, 4), (4, 2, 5), (4, 3, 6), (2, 4, 7)]),2025,SAT
P43994,26,9,9,CG(nc=7, r=9, tr=[(1, 2, 0), (3, 6, 1), (6, 3, 2), (5, 0, 3), (5, 3, 4), (3, 2, 5), (4, 1, 6), (1, 0, 7), (4, 6, 4)]),CG(nc=6, r=9, tr=[(1, 5, 0), (0, 3, 1), (4, 1, 2), (2, 0, 3), (4, 5, 4), (4, 1, 5), (1, 2, 6), (3, 4, 7), (0, 1, 4)]),4295,SAT
P43995,24,8,8,CG(nc=6, r=8, tr=[(1, 2, 0), (3, 5, 1), (3, 5, 2), (4, 0, 3), (3, 4, 4), (0, 2, 5), (0, 4, 6), (1, 3, 7)]),CG(nc=5, r=8, tr=[(1, 0, 0), (2, 0, 1), (2, 4, 2), (3, 4, 3), (4, 1, 4), (1, 0, 5), (1, 3, 6), (2, 3, 7)]),2216,SAT
P43996,24,8,8,CG(nc=5, r=8, tr=[(1, 4, 0), (3, 2, 1), (3, 2, 2), (3, 4, 3), (0, 2, 4), (1, 3, 5), (4, 1, 6), (0, 3, 7)]),CG(nc=5, r=8, tr=[(1, 0, 0), (2, 3, 1), (2, 4, 2), (3, 4, 3), (3, 4, 4), (0, 3, 5), (1, 2, 6), (0, 3, 7)]),2244,SAT
P43997,20,7,7,CG(nc=6, r=7, tr=[(1, 2, 0), (3, 0, 1), (0, 3, 2), (4, 5, 3), (4, 3, 4), (2, 0, 5), (5, 1, 7)]),CG(nc=5, r=7, tr=[(1, 0, 0), (2, 4, 1), (1, 2, 2), (1, 4, 3), (3, 0, 4), (4, 3, 5), (4, 3, 7)]),1981,SAT
P43998,26,9,9,CG(nc=7, r=9, tr=[(1, 2, 0), (2, 3, 1), (6, 2, 2), (2, 5, 3), (5, 0, 4), (4, 1, 5), (1, 3, 6), (4, 0, 7), (6, 3, 4)]),CG(nc=5, r=9, tr=[(1, 4, 0), (3, 0, 1), (4, 1, 2), (0, 2, 3), (1, 0, 4), (2, 4, 5), (2, 1, 6), (4, 2, 7), (2, 3, 2)]),4515,SAT
P43999,20,7,7,CG(nc=6, r=7, tr=[(5, 2, 0), (0, 3, 1), (3, 0, 2), (5, 4, 3), (3, 4, 4), (1, 3, 5), (2, 1, 7)]),CG(nc=4, r=7, tr=[(1, 0, 0), (2, 0, 1), (3, 2, 2), (1, 3, 3), (1, 3, 4), (0, 1, 5), (0, 1, 7)]),1957,SAT
P44,18,6,6,CG(nc=4, r=6, tr=[(1, 0, 1), (3, 1, 2), (3, 0, 3), (0, 1, 4), (3, 2, 5), (0, 2, 6)]),CG(nc=6, r=6, tr=[(1, 2, 1), (3, 4, 2), (3, 5, 3), (3, 2, 4), (0, 4, 5), (0, 1, 6)]),1839,SAT
P44008,24,8,8,CG(nc=6, r=8, tr=[(1, 2, 1), (3, 5, 2), (5, 2, 3), (0, 1, 4), (0, 4, 5), (5, 2, 6), (2, 4, 7), (3, 1, 5)]),CG(nc=5, r=8, tr=[(1, 0, 1), (2, 1, 2), (3, 0, 3), (0, 2, 4), (4, 1, 5), (1, 3, 6), (2, 4, 7), (2, 4, 6)]),3881,SAT
P44009,26,9,9,CG(nc=6, r=9, tr=[(1, 5, 0), (5, 3, 1), (4, 5, 2), (3, 1, 3), (3, 4, 4), (2, 4, 5), (4, 0, 6), (1, 2, 7), (0, 1, 4)]),CG(nc=6, r=9, tr=[(0, 1, 0), (5, 3, 1), (3, 1, 2), (4, 1, 3), (0, 2, 4), (2, 4, 5), (2, 5, 6), (1, 0, 7), (1, 5, 4)]),3851,SAT
P44010,22,7,7,CG(nc=4, r=7, tr=[(1, 2, 1), (2, 1, 2), (0, 1, 3), (2, 3, 4), (1, 0, 5), (0, 1, 6), (1, 2, 7)]),CG(nc=6, r=7, tr=[(5, 2, 1), (0, 3, 2), (5, 4, 3), (0, 5, 4), (4, 1, 5), (0, 1, 6), (2, 3, 7)]),1901,SAT
P44011,18,6,6,CG(nc=4, r=6, tr=[(3, 2, 1), (2, 3, 2), (0, 1, 3), (2, 1, 4), (0, 1, 5), (1, 0, 6)]),CG(nc=5, r=6, tr=[(1, 4, 1), (1, 0, 2), (3, 2, 3), (4, 0, 4), (3, 4, 5), (0, 2, 6)]),1661,SAT
P44012,22,7,7,CG(nc=5, r=7, tr=[(1, 2, 1), (1, 3, 2), (4, 2, 3), (1, 0, 4), (4, 3, 5), (2, 3, 6), (0, 2, 7)]),CG(nc=5, r=7, tr=[(1, 4, 1), (1, 3, 2), (0, 2, 3), (3, 4, 4), (2, 4, 5), (0, 3, 6), (3, 0, 7)]),2213,SAT
P44013,24,8,8,CG(nc=5, r=8, tr=[(4, 2, 0), (2, 4, 1), (2, 4, 2), (2, 3, 3), (0, 3, 4), (3, 2, 5), (1, 0, 6), (1, 3, 7)]),CG(nc=5, r=8, tr=[(4, 2, 0), (0, 3, 1), (3, 2, 2), (0, 3, 3), (1, 4, 4), (4, 3, 5), (1, 0, 6), (0, 1, 7)]),2166,SAT
P44014,18,6,6,CG(nc=5, r=6, tr=[(1, 0, 1), (2, 0, 2), (1, 3, 3), (4, 3, 4), (3, 2, 5), (0, 2, 7)]),CG(nc=5, r=6, tr=[(1, 2, 1), (1, 4, 2), (4, 3, 3), (4, 0, 4), (0, 3, 5), (0, 2, 7)]),1919,SAT
P44015,14,5,5,CG(nc=5, r=5, tr=[(0, 1, 1), (2, 3, 2), (1, 3, 3), (3, 4, 4), (0, 2, 5)]),CG(nc=4, r=5, tr=[(3, 2, 1), (2, 0, 2), (3, 1, 3), (3, 0, 4), (0, 1, 5)]),1877,SAT
P44028,22,7,7,CG(nc=6, r=7, tr=[(1, 2, 1), (1, 2, 2), (0, 2, 3), (1, 5, 4), (4, 5, 5), (3, 4, 6), (0, 3, 7)]),CG(nc=4, r=7, tr=[(1, 3, 1), (2, 1, 2), (2, 3, 3), (2, 3, 4), (1, 0, 5), (0, 2, 6), (2, 0, 7)]),1988,SAT
P44029,24,8,8,CG(nc=7, r=8, tr=[(1, 2, 0), (6, 4, 1), (6, 4, 2), (5, 0, 3), (4, 5, 4), (0, 2, 5), (1, 3, 6), (6, 3, 7)]),CG(nc=5, r=8, tr=[(4, 2, 0), (3, 1, 1), (4, 1, 2), (2, 0, 3), (3, 4, 4), (3, 0, 5), (2, 4, 6), (3, 0, 7)]),2188,SAT
P44030,22,7,7,CG(nc=5, r=7, tr=[(4, 2, 1), (4, 2, 2), (0, 3, 3), (3, 2, 4), (1, 0, 5), (2, 1, 6), (3, 4, 7)]),CG(nc=5, r=7, tr=[(1, 0, 1), (4, 3, 2), (4, 2, 3), (4, 0, 4), (0, 2, 5), (0, 2, 6), (1, 3, 7)]),2048,SAT
P44031,10,4,4,CG(nc=4, r=4, tr=[(0, 1, 1), (0, 1, 2), (2, 3, 3), (2, 1, 4)]),CG(nc=3, r=4, tr=[(2, 1, 1), (0, 1, 2), (2, 0, 3), (2, 0, 4)]),1703,SAT
P44224,22,7,7,CG(nc=5, r=7, tr=[(0, 1, 2), (4, 3, 3), (3, 1, 4), (2, 4, 5), (1, 4, 6), (2, 1, 7), (2, 0, 6)]),CG(nc=5, r=7, tr=[(1, 2, 2), (4, 3, 3), (2, 1, 4), (0, 2, 5), (2, 3, 6), (4, 1, 7), (0, 3, 7)]),3884,SAT
P44225,28,10,10,CG(nc=6, r=10, tr=[(1, 2, 0), (1, 2, 1), (3, 5, 2), (0, 1, 3), (2, 3, 4), (5, 4, 5), (1, 4, 6), (1, 5, 7), (4, 0, 1), (2, 0, 5)]),CG(nc=7, r=10, tr=[(1, 2, 0), (6, 2, 1), (4, 5, 2), (5, 0, 3), (3, 5, 4), (4, 0, 5), (1, 6, 6), (5, 6, 7), (1, 4, 3), (0, 3, 6)]),13016,SAT
P44226,24,8,8,CG(nc=5, r=8, tr=[(4, 2, 1), (3, 1, 2), (3, 4, 3), (1, 0, 4), (1, 4, 5), (3, 2, 6), (3, 0, 7), (2, 0, 5)]),CG(nc=6, r=8, tr=[(1, 0, 1), (2, 3, 2), (1, 3, 3), (5, 2, 4), (3, 5, 5), (4, 1, 6), (4, 2, 7), (4, 0, 5)]),3977,SAT
P44227,26,9,9,CG(nc=6, r=9, tr=[(1, 2, 1), (3, 5, 2), (1, 5, 3), (1, 4, 4), (1, 3, 5), (3, 0, 6), (1, 0, 7), (5, 2, 6), (4, 0, 2)]),CG(nc=6, r=9, tr=[(5, 2, 1), (2, 3, 2), (4, 5, 3), (5, 4, 4), (1, 3, 5), (4, 1, 6), (1, 0, 7), (5, 2, 7), (3, 0, 3)]),6016,SAT
P44228,24,8,8,CG(nc=5, r=8, tr=[(1, 0, 0), (2, 3, 2), (4, 2, 3), (0, 3, 4), (3, 4, 5), (2, 4, 6), (1, 2, 7), (3, 0, 6)]),CG(nc=5, r=8, tr=[(0, 1, 0), (0, 2, 2), (1, 3, 3), (1, 3, 4), (3, 4, 5), (2, 4, 6), (2, 3, 7), (1, 0, 6)]),4462,SAT
P44229,26,9,9,CG(nc=5, r=9, tr=[(1, 0, 0), (1, 0, 2), (2, 0, 3), (3, 4, 4), (3, 1, 5), (3, 4, 6), (4, 2, 7), (3, 2, 2), (1, 2, 6)]),CG(nc=6, r=9, tr=[(5, 2, 0), (0, 3, 2), (2, 3, 3), (4, 5, 4), (3, 1, 5), (1, 0, 6), (4, 1, 7), (5, 2, 6), (4, 5, 2)]),7453,SAT
P44230,26,9,9,CG(nc=6, r=9, tr=[(1, 2, 0), (2, 0, 1), (3, 4, 2), (3, 0, 3), (4, 5, 4), (4, 0, 5), (1, 3, 6), (5, 3, 7), (2, 5, 5)]),CG(nc=6, r=9, tr=[(1, 2, 0), (3, 5, 1), (3, 4, 2), (4, 1, 3), (0, 1, 4), (0, 4, 5), (1, 2, 6), (2, 3, 7), (2, 5, 5)]),4832,SAT
P44231,28,10,10,CG(nc=7, r=10, tr=[(6, 2, 0), (0, 3, 1), (4, 5, 2), (5, 3, 3), (6, 4, 4), (0, 5, 5), (1, 3, 6), (6, 4, 7), (6, 1, 5), (1, 2, 7)]),CG(nc=6, r=10, tr=[(1, 2, 0), (3, 0, 1), (2, 3, 2), (5, 2, 3), (4, 5, 4), (3, 5, 5), (2, 1, 6), (0, 2, 7), (0, 1, 5), (4, 1, 7)]),15434,SAT
P44232,22,7,7,CG(nc=5, r=7, tr=[(0, 1, 2), (1, 2, 3), (2, 4, 4), (3, 4, 5), (0, 3, 6), (3, 2, 7), (0, 2, 5)]),CG(nc=6, r=7, tr=[(5, 2, 2), (0, 3, 3), (4, 1, 4), (4, 2, 5), (5, 1, 6), (0, 4, 7), (1, 3, 5)]),4070,SAT
P44233,26,9,9,CG(nc=6, r=9, tr=[(0, 1, 0), (0, 2, 1), (2, 3, 2), (1, 3, 3), (5, 1, 4), (0, 3, 5), (4, 1, 6), (2, 4, 7), (4, 5, 5)]),CG(nc=7, r=9, tr=[(1, 2, 0), (1, 3, 1), (6, 3, 2), (0, 2, 3), (5, 4, 4), (4, 2, 5), (6, 4, 6), (0, 5, 7), (5, 3, 5)]),4316,SAT
P44234,24,8,8,CG(nc=5, r=8, tr=[(4, 2, 2), (4, 3, 3), (1, 3, 4), (2, 3, 5), (1, 4, 6), (3, 0, 7), (2, 0, 6), (0, 1, 2)]),CG(nc=5, r=8, tr=[(4, 2, 2), (4, 3, 3), (1, 3, 4), (2, 3, 5), (1, 4, 6), (3, 0, 7), (2, 0, 6), (0, 1, 2)]),5036,SAT
P44235,24,8,8,CG(nc=6, r=8, tr=[(1, 0, 1), (1, 2, 2), (2, 3, 3), (5, 3, 4), (4, 5, 5), (4, 3, 6), (4, 1, 7), (2, 0, 5)]),CG(nc=6, r=8, tr=[(1, 2, 1), (0, 2, 2), (5, 1, 3), (4, 3, 4), (3, 1, 5), (3, 0, 6), (4, 5, 7), (4, 2, 5)]),4442,SAT
P44236,20,6,6,CG(nc=5, r=6, tr=[(1, 0, 2), (2, 1, 3), (4, 2, 4), (3, 4, 5), (3, 0, 6), (1, 3, 7)]),CG(nc=5, r=6, tr=[(1, 0, 2), (0, 1, 3), (2, 3, 4), (4, 1, 5), (3, 4, 6), (0, 2, 7)]),2044,SAT
P44237,24,8,8,CG(nc=6, r=8, tr=[(1, 2, 0), (0, 3, 2), (1, 2, 3), (5, 4, 4), (5, 2, 5), (1, 0, 6), (3, 2, 7), (3, 4, 3)]),CG(nc=5, r=8, tr=[(1, 0, 0), (2, 4, 2), (2, 1, 3), (3, 4, 4), (3, 0, 5), (2, 0, 6), (2, 3, 7), (3, 4, 3)]),4181,SAT
P44238,22,7,7,CG(nc=5, r=7, tr=[(1, 2, 2), (4, 2, 3), (1, 0, 4), (4, 1, 5), (3, 1, 6), (2, 0, 7), (3, 0, 3)]),CG(nc=5, r=7, tr=[(1, 0, 2), (1, 2, 3), (2, 3, 4), (1, 4, 5), (0, 2, 6), (4, 3, 7), (4, 3, 2)]),3906,SAT
P44239,22,7,7,CG(nc=5, r=7, tr=[(1, 4, 2), (4, 3, 3), (1, 2, 4), (1, 3, 5), (2, 1, 6), (0, 3, 7), (2, 0, 3)]),CG(nc=5, r=7, tr=[(1, 2, 2), (3, 4, 3), (1, 2, 4), (2, 3, 5), (0, 2, 6), (4, 1, 7), (3, 0, 2)]),3706,SAT
P44240,24,8,8,CG(nc=5, r=8, tr=[(1, 0, 0), (1, 2, 2), (0, 1, 3), (2, 4, 4), (2, 3, 5), (4, 2, 6), (4, 3, 7), (3, 0, 6)]),CG(nc=6, r=8, tr=[(1, 2, 0), (5, 4, 2), (4, 1, 3), (3, 2, 4), (3, 4, 5), (4, 0, 6), (0, 3, 7), (2, 5, 6)]),3884,SAT
P44241,26,9,9,CG(nc=6, r=9, tr=[(1, 5, 0), (3, 4, 1), (3, 0, 2), (5, 1, 3), (1, 3, 4), (1, 2, 5), (5, 4, 6), (2, 3, 7), (0, 2, 6)]),CG(nc=6, r=9, tr=[(1, 2, 0), (5, 2, 1), (4, 3, 2), (0, 1, 3), (4, 3, 4), (4, 5, 5), (2, 4, 6), (0, 3, 7), (1, 2, 5)]),4129,SAT
P44242,28,10,10,CG(nc=7, r=10, tr=[(1, 2, 0), (3, 4, 1), (2, 6, 2), (5, 2, 3), (0, 5, 4), (5, 4, 5), (0, 2, 6), (0, 3, 7), (4, 6, 6), (1, 3, 5)]),CG(nc=7, r=10, tr=[(0, 1, 0), (2, 1, 1), (3, 0, 2), (1, 3, 3), (2, 6, 4), (5, 6, 5), (6, 3, 6), (3, 5, 7), (4, 5, 4), (4, 0, 6)]),14372,SAT
P44243,26,9,9,CG(nc=7, r=9, tr=[(1, 2, 0), (3, 4, 1), (0, 2, 2), (5, 6, 3), (5, 2, 4), (3, 5, 5), (3, 0, 6), (6, 4, 7), (1, 4, 5)]),CG(nc=6, r=9, tr=[(5, 2, 0), (0, 3, 1), (2, 4, 2), (2, 3, 3), (4, 5, 4), (1, 0, 5), (4, 1, 6), (1, 3, 7), (3, 4, 5)]),4878,SAT
P44244,24,8,8,CG(nc=6, r=8, tr=[(0, 1, 0), (2, 5, 2), (2, 4, 3), (0, 4, 4), (3, 2, 5), (2, 0, 6), (3, 1, 7), (5, 3, 6)]),CG(nc=5, r=8, tr=[(1, 2, 0), (1, 0, 2), (0, 3, 3), (3, 0, 4), (2, 4, 5), (2, 3, 6), (2, 1, 7), (1, 4, 6)]),4334,SAT
P44245,24,8,8,CG(nc=5, r=8, tr=[(4, 2, 0), (2, 3, 2), (2, 4, 3), (0, 3, 4), (0, 1, 5), (2, 1, 6), (1, 3, 7), (0, 3, 6)]),CG(nc=6, r=8, tr=[(1, 0, 0), (0, 2, 2), (5, 1, 3), (4, 0, 4), (3, 2, 5), (2, 5, 6), (3, 5, 7), (3, 4, 6)]),3835,SAT
P44246,28,10,10,CG(nc=7, r=10, tr=[(1, 2, 0), (0, 1, 1), (3, 0, 2), (4, 6, 3), (3, 4, 4), (1, 6, 5), (3, 6, 6), (2, 3, 7), (4, 5, 5), (0, 5, 6)]),CG(nc=6, r=10, tr=[(1, 2, 0), (3, 2, 1), (5, 3, 2), (5, 1, 3), (4, 2, 4), (3, 1, 5), (3, 0, 6), (5, 4, 7), (0, 2, 5), (4, 0, 3)]),12429,SAT
P44247,26,9,9,CG(nc=6, r=9, tr=[(1, 5, 0), (1, 3, 1), (1, 4, 2), (4, 5, 3), (0, 1, 4), (4, 2, 5), (2, 3, 6), (0, 2, 7), (3, 0, 5)]),CG(nc=6, r=9, tr=[(5, 2, 0), (3, 4, 1), (2, 4, 2), (2, 0, 3), (3, 5, 4), (1, 3, 5), (4, 1, 6), (0, 1, 7), (4, 0, 5)]),4752,SAT
P44248,22,7,7,CG(nc=5, r=7, tr=[(4, 2, 0), (2, 3, 2), (4, 3, 3), (2, 0, 4), (0, 1, 5), (4, 1, 6), (1, 2, 7)]),CG(nc=5, r=7, tr=[(1, 4, 0), (3, 4, 2), (1, 3, 3), (4, 2, 4), (0, 2, 5), (0, 3, 6), (3, 2, 7)]),1986,SAT
P44249,26,9,9,CG(nc=5, r=9, tr=[(4, 2, 0), (4, 2, 1), (0, 3, 2), (1, 4, 3), (1, 3, 4), (2, 1, 5), (2, 3, 6), (1, 0, 7), (3, 0, 5)]),CG(nc=6, r=9, tr=[(1, 2, 0), (0, 2, 1), (3, 0, 2), (5, 1, 3), (0, 4, 4), (5, 4, 5), (3, 5, 6), (3, 4, 7), (0, 2, 6)]),4333,SAT
P44250,24,8,8,CG(nc=6, r=8, tr=[(5, 2, 0), (2, 3, 2), (2, 4, 3), (0, 3, 4), (1, 0, 5), (1, 4, 6), (1, 3, 7), (4, 5, 4)]),CG(nc=5, r=8, tr=[(1, 0, 0), (2, 3, 2), (3, 4, 3), (0, 2, 4), (4, 2, 5), (1, 3, 6), (0, 3, 7), (1, 4, 4)]),3562,SAT
P44251,26,9,9,CG(nc=7, r=9, tr=[(1, 0, 0), (6, 3, 1), (4, 3, 2), (5, 4, 3), (0, 5, 4), (4, 6, 5), (5, 2, 6), (3, 2, 7), (1, 2, 5)]),CG(nc=6, r=9, tr=[(1, 2, 0), (3, 1, 1), (3, 0, 2), (1, 5, 3), (4, 2, 4), (4, 3, 5), (2, 0, 6), (5, 4, 7), (2, 1, 5)]),4059,SAT
P44252,22,7,7,CG(nc=6, r=7, tr=[(0, 1, 0), (2, 5, 2), (4, 2, 3), (0, 4, 4), (5, 3, 5), (3, 0, 6), (3, 1, 7)]),CG(nc=4, r=7, tr=[(1, 0, 0), (2, 3, 2), (3, 2, 3), (3, 2, 4), (2, 0, 5), (2, 1, 6), (0, 1, 7)]),1780,SAT
P44253,22,7,7,CG(nc=5, r=7, tr=[(1, 4, 0), (0, 3, 2), (4, 1, 3), (3, 1, 4), (1, 2, 5), (0, 2, 6), (2, 0, 7)]),CG(nc=4, r=7, tr=[(1, 0, 0), (3, 2, 2), (3, 1, 3), (2, 3, 4), (2, 0, 5), (2, 1, 6), (0, 1, 7)]),2054,SAT
P44254,26,9,9,CG(nc=6, r=9, tr=[(1, 5, 0), (3, 4, 2), (2, 0, 3), (4, 0, 4), (1, 4, 5), (1, 5, 6), (3, 0, 7), (4, 2, 6), (5, 3, 3)]),CG(nc=6, r=9, tr=[(1, 2, 0), (3, 0, 2), (1, 5, 3), (5, 4, 4), (3, 5, 5), (0, 2, 6), (4, 2, 7), (2, 1, 5), (4, 3, 3)]),7379,SAT
P44255,22,7,7,CG(nc=5, r=7, tr=[(0, 1, 0), (2, 1, 2), (2, 0, 3), (1, 4, 4), (3, 4, 5), (2, 3, 6), (2, 3, 7)]),CG(nc=5, r=7, tr=[(1, 0, 0), (2, 1, 2), (1, 4, 3), (2, 0, 4), (2, 4, 5), (3, 2, 6), (3, 4, 7)]),1943,SAT
P44256,20,6,6,CG(nc=5, r=6, tr=[(4, 2, 2), (0, 3, 3), (2, 3, 4), (3, 1, 5), (4, 1, 6), (0, 1, 7)]),CG(nc=5, r=6, tr=[(4, 2, 2), (3, 1, 3), (0, 1, 4), (0, 3, 5), (4, 1, 6), (3, 2, 7)]),1993,SAT
P44257,26,9,9,CG(nc=6, r=9, tr=[(1, 2, 0), (1, 2, 1), (3, 5, 2), (1, 4, 3), (4, 3, 4), (4, 0, 5), (1, 5, 6), (2, 0, 7), (2, 0, 2)]),CG(nc=7, r=9, tr=[(1, 0, 0), (2, 3, 1), (3, 6, 2), (1, 2, 3), (0, 5, 4), (2, 5, 5), (6, 5, 6), (3, 4, 7), (0, 4, 5)]),4260,SAT
P44258,22,7,7,CG(nc=5, r=7, tr=[(1, 2, 1), (0, 1, 2), (3, 2, 3), (3, 4, 4), (0, 3, 5), (2, 4, 6), (0, 1, 7)]),CG(nc=5, r=7, tr=[(0, 1, 1), (0, 2, 2), (1, 3, 3), (3, 4, 4), (4, 1, 5), (0, 3, 6), (2, 1, 7)]),2165,SAT
P44259,24,8,8,CG(nc=6, r=8, tr=[(0, 1, 1), (2, 3, 2), (1, 2, 3), (3, 5, 4), (2, 0, 5), (5, 4, 6), (1, 4, 7), (4, 1, 5)]),CG(nc=6, r=8, tr=[(1, 2, 1), (5, 1, 2), (4, 3, 3), (3, 0, 4), (0, 4, 5), (3, 5, 6), (4, 1, 7), (2, 0, 3)]),3747,SAT
P44260,22,7,7,CG(nc=5, r=7, tr=[(4, 2, 0), (3, 0, 2), (3, 1, 3), (1, 4, 4), (0, 1, 5), (2, 3, 6), (0, 3, 7)]),CG(nc=6, r=7, tr=[(1, 2, 0), (3, 1, 2), (2, 0, 3), (5, 4, 4), (1, 5, 5), (0, 4, 6), (0, 3, 7)]),1769,SAT
P44261,24,8,8,CG(nc=5, r=8, tr=[(1, 4, 0), (3, 4, 2), (1, 4, 3), (2, 0, 4), (1, 2, 5), (0, 3, 6), (3, 1, 7), (2, 3, 3)]),CG(nc=5, r=8, tr=[(1, 2, 0), (4, 2, 2), (3, 4, 3), (2, 4, 4), (2, 3, 5), (0, 2, 6), (3, 0, 7), (0, 1, 3)]),3470,SAT
P44262,24,8,8,CG(nc=6, r=8, tr=[(1, 5, 0), (3, 4, 1), (4, 0, 2), (4, 2, 3), (5, 2, 4), (0, 2, 5), (4, 1, 6), (0, 3, 7)]),CG(nc=5, r=8, tr=[(1, 0, 0), (2, 3, 1), (2, 0, 2), (1, 3, 3), (1, 4, 4), (3, 4, 5), (1, 0, 6), (2, 3, 7)]),2118,SAT
P44263,26,9,9,CG(nc=7, r=9, tr=[(6, 2, 0), (3, 2, 1), (4, 0, 2), (6, 5, 3), (5, 4, 4), (5, 1, 5), (0, 1, 6), (3, 1, 7), (6, 1, 2)]),CG(nc=6, r=9, tr=[(5, 2, 0), (3, 4, 1), (5, 3, 2), (4, 0, 3), (3, 5, 4), (1, 0, 5), (0, 3, 6), (1, 3, 7), (2, 1, 3)]),4697,SAT
P44264,22,7,7,CG(nc=5, r=7, tr=[(1, 0, 2), (2, 4, 3), (1, 2, 4), (4, 3, 5), (3, 0, 6), (3, 2, 7), (4, 1, 6)]),CG(nc=5, r=7, tr=[(1, 4, 2), (3, 2, 3), (0, 3, 4), (2, 1, 5), (4, 3, 6), (2, 0, 7), (1, 0, 6)]),3724,SAT
P44265,28,10,10,CG(nc=7, r=10, tr=[(1, 2, 0), (3, 1, 1), (4, 2, 2), (1, 2, 3), (6, 4, 4), (0, 2, 5), (6, 1, 6), (0, 5, 7), (5, 3, 4), (5, 0, 2)]),CG(nc=7, r=10, tr=[(1, 2, 0), (1, 0, 1), (3, 6, 2), (6, 5, 3), (4, 6, 4), (4, 0, 5), (4, 1, 6), (4, 3, 7), (2, 3, 3), (5, 1, 5)]),11805,SAT
P44266,22,7,7,CG(nc=5, r=7, tr=[(4, 2, 2), (3, 2, 3), (0, 3, 4), (4, 3, 5), (1, 4, 6), (3, 1, 7), (0, 2, 6)]),CG(nc=5, r=7, tr=[(1, 0, 2), (0, 2, 3), (4, 2, 4), (4, 3, 5), (2, 3, 6), (3, 1, 7), (0, 3, 4)]),3249,SAT
P44267,26,9,9,CG(nc=7, r=9, tr=[(1, 2, 1), (3, 0, 2), (4, 6, 3), (6, 5, 4), (5, 3, 5), (0, 1, 6), (2, 5, 7), (5, 3, 3), (4, 1, 5)]),CG(nc=6, r=9, tr=[(5, 2, 1), (3, 2, 2), (4, 1, 3), (4, 2, 4), (0, 3, 5), (0, 4, 6), (1, 2, 7), (5, 1, 5), (3, 0, 3)]),6507,SAT
P44268,16,5,5,CG(nc=4, r=5, tr=[(1, 2, 2), (1, 3, 3), (2, 0, 4), (3, 2, 5), (0, 2, 6)]),CG(nc=4, r=5, tr=[(1, 0, 2), (1, 0, 3), (3, 2, 4), (3, 1, 5), (0, 2, 6)]),1944,SAT
P44269,20,7,7,CG(nc=5, r=7, tr=[(1, 2, 0), (2, 3, 2), (1, 2, 3), (4, 3, 4), (2, 0, 5), (1, 4, 6), (1, 0, 2)]),CG(nc=5, r=7, tr=[(1, 0, 0), (4, 3, 2), (3, 1, 3), (2, 0, 4), (2, 3, 5), (4, 2, 6), (2, 0, 2)]),3607,SAT
P44270,16,5,5,CG(nc=4, r=5, tr=[(1, 3, 2), (1, 2, 3), (0, 2, 4), (2, 3, 5), (0, 1, 6)]),CG(nc=4, r=5, tr=[(1, 0, 2), (2, 1, 3), (2, 3, 4), (1, 3, 5), (0, 2, 6)]),1761,SAT
P44271,18,6,6,CG(nc=5, r=6, tr=[(1, 4, 2), (3, 4, 3), (0, 2, 4), (3, 1, 5), (1, 0, 6), (2, 3, 2)]),CG(nc=4, r=6, tr=[(1, 0, 2), (1, 3, 3), (3, 2, 4), (1, 2, 5), (2, 0, 6), (3, 2, 2)]),3504,SAT
P44272,20,6,6,CG(nc=4, r=6, tr=[(0, 1, 2), (2, 1, 3), (3, 2, 4), (0, 1, 5), (3, 1, 6), (0, 1, 7)]),CG(nc=5, r=6, tr=[(1, 0, 2), (2, 4, 3), (4, 2, 4), (3, 4, 5), (0, 2, 6), (1, 3, 7)]),1874,SAT
P44273,24,8,8,CG(nc=6, r=8, tr=[(1, 2, 0), (2, 1, 1), (3, 4, 2), (0, 4, 3), (5, 3, 4), (4, 1, 5), (5, 1, 6), (2, 0, 7)]),CG(nc=6, r=8, tr=[(1, 5, 0), (1, 3, 1), (0, 4, 2), (3, 0, 3), (0, 3, 4), (2, 5, 5), (5, 3, 6), (2, 4, 7)]),2303,SAT
P44274,24,8,8,CG(nc=6, r=8, tr=[(5, 2, 1), (3, 5, 2), (0, 4, 3), (3, 4, 4), (1, 5, 5), (1, 4, 6), (3, 2, 7), (3, 0, 6)]),CG(nc=5, r=8, tr=[(1, 2, 1), (0, 1, 2), (4, 3, 3), (3, 2, 4), (4, 2, 5), (1, 4, 6), (2, 1, 7), (0, 3, 6)]),4058,SAT
P44275,22,7,7,CG(nc=5, r=7, tr=[(4, 2, 1), (3, 1, 2), (1, 4, 3), (0, 3, 4), (2, 0, 5), (1, 2, 6), (1, 0, 7)]),CG(nc=5, r=7, tr=[(1, 4, 1), (3, 0, 2), (0, 1, 3), (0, 3, 4), (2, 4, 5), (1, 2, 6), (2, 3, 7)]),2306,SAT
P44276,22,7,7,CG(nc=6, r=7, tr=[(1, 5, 0), (3, 4, 2), (0, 3, 3), (5, 4, 4), (2, 5, 5), (2, 0, 6), (2, 1, 7)]),CG(nc=5, r=7, tr=[(1, 2, 0), (1, 0, 2), (4, 3, 3), (3, 4, 4), (4, 2, 5), (0, 3, 6), (1, 2, 7)]),2794,SAT
P44277,22,7,7,CG(nc=4, r=7, tr=[(1, 3, 0), (2, 0, 2), (1, 3, 3), (2, 1, 4), (2, 0, 5), (2, 1, 6), (2, 0, 7)]),CG(nc=5, r=7, tr=[(4, 2, 0), (0, 3, 2), (2, 0, 3), (3, 0, 4), (1, 4, 5), (4, 3, 6), (3, 1, 7)]),1798,SAT
P44278,26,9,9,CG(nc=6, r=9, tr=[(1, 0, 0), (5, 3, 1), (0, 4, 2), (5, 2, 3), (4, 2, 4), (3, 0, 5), (2, 3, 6), (1, 2, 7), (4, 5, 6)]),CG(nc=6, r=9, tr=[(1, 0, 0), (2, 5, 1), (1, 4, 2), (1, 4, 3), (3, 0, 4), (4, 5, 5), (2, 4, 6), (4, 3, 7), (3, 2, 3)]),4457,SAT
P44279,24,8,8,CG(nc=6, r=8, tr=[(1, 2, 0), (1, 3, 1), (4, 3, 2), (5, 4, 3), (3, 0, 4), (4, 3, 5), (3, 0, 6), (5, 2, 7)]),CG(nc=5, r=8, tr=[(1, 4, 0), (1, 4, 1), (0, 3, 2), (1, 0, 3), (0, 3, 4), (2, 4, 5), (4, 3, 6), (3, 2, 7)]),2262,SAT
P44280,20,6,6,CG(nc=4, r=6, tr=[(1, 0, 2), (2, 3, 3), (1, 2, 4), (1, 0, 5), (3, 1, 6), (0, 2, 7)]),CG(nc=4, r=6, tr=[(1, 3, 2), (1, 3, 3), (2, 3, 4), (0, 2, 5), (1, 0, 6), (2, 1, 7)]),2020,SAT
P44281,24,8,8,CG(nc=5, r=8, tr=[(1, 4, 0), (3, 4, 1), (2, 1, 2), (4, 1, 3), (2, 0, 4), (0, 3, 5), (1, 3, 6), (1, 2, 7)]),CG(nc=6, r=8, tr=[(1, 2, 0), (0, 2, 1), (3, 4, 2), (1, 5, 3), (1, 3, 4), (0, 4, 5), (0, 1, 6), (5, 3, 7)]),2339,SAT
P44282,22,7,7,CG(nc=5, r=7, tr=[(1, 0, 2), (1, 2, 3), (4, 2, 4), (2, 3, 5), (4, 1, 6), (2, 3, 7), (0, 3, 6)]),CG(nc=5, r=7, tr=[(0, 1, 2), (2, 4, 3), (2, 3, 4), (1, 3, 5), (2, 0, 6), (3, 4, 7), (1, 3, 3)]),3390,SAT
P44283,22,7,7,CG(nc=5, r=7, tr=[(4, 2, 1), (3, 1, 2), (3, 4, 3), (1, 0, 4), (0, 2, 5), (3, 2, 6), (3, 1, 7)]),CG(nc=5, r=7, tr=[(1, 4, 1), (3, 2, 2), (0, 1, 3), (2, 0, 4), (2, 4, 5), (1, 2, 6), (3, 0, 7)]),1961,SAT
P44284,16,5,5,CG(nc=5, r=5, tr=[(1, 0, 2), (2, 1, 3), (2, 4, 4), (4, 3, 5), (0, 3, 6)]),CG(nc=4, r=5, tr=[(1, 0, 2), (2, 3, 3), (3, 2, 4), (3, 1, 5), (0, 2, 6)]),1760,SAT
P44285,18,6,6,CG(nc=5, r=6, tr=[(4, 2, 0), (0, 3, 2), (2, 4, 3), (2, 3, 4), (2, 1, 5), (1, 0, 6)]),CG(nc=5, r=6, tr=[(1, 4, 0), (0, 3, 2), (0, 1, 3), (4, 2, 4), (3, 4, 5), (0, 2, 6)]),1730,SAT
P44286,18,6,6,CG(nc=5, r=6, tr=[(1, 0, 2), (2, 1, 3), (4, 2, 4), (3, 0, 5), (2, 3, 6), (1, 4, 6)]),CG(nc=4, r=6, tr=[(1, 0, 2), (1, 2, 3), (2, 3, 4), (3, 1, 5), (1, 3, 6), (2, 0, 6)]),3060,SAT
P44287,16,5,5,CG(nc=5, r=5, tr=[(1, 0, 2), (2, 4, 3), (2, 1, 4), (2, 3, 5), (0, 3, 6)]),CG(nc=4, r=5, tr=[(0, 1, 2), (0, 3, 3), (3, 2, 4), (3, 1, 5), (0, 2, 6)]),1584,SAT
P444,26,9,9,CG(nc=6, r=9, tr=[(1, 0, 0), (2, 5, 1), (4, 1, 2), (1, 5, 3), (4, 2, 4), (3, 5, 5), (1, 3, 6), (1, 0, 7), (0, 4, 3)]),CG(nc=6, r=9, tr=[(1, 2, 0), (0, 3, 1), (4, 1, 2), (1, 5, 3), (0, 3, 4), (4, 0, 5), (1, 3, 6), (2, 0, 7), (5, 4, 1)]),3856,SAT
P44496,24,8,8,CG(nc=6, r=8, tr=[(1, 2, 0), (3, 4, 2), (0, 3, 3), (5, 4, 4), (2, 3, 5), (5, 1, 6), (1, 0, 7), (5, 3, 7)]),CG(nc=5, r=8, tr=[(1, 2, 0), (1, 0, 2), (2, 0, 3), (1, 3, 4), (2, 1, 5), (1, 4, 6), (3, 0, 7), (2, 4, 7)]),3641,SAT
P44497,26,9,9,CG(nc=7, r=9, tr=[(1, 2, 0), (6, 4, 1), (0, 5, 2), (3, 5, 3), (6, 3, 4), (5, 4, 5), (1, 0, 6), (4, 1, 7), (2, 6, 5)]),CG(nc=6, r=9, tr=[(5, 2, 0), (0, 3, 1), (2, 3, 2), (2, 4, 3), (1, 5, 4), (2, 5, 5), (4, 0, 6), (0, 3, 7), (4, 1, 7)]),4944,SAT
P44498,28,10,10,CG(nc=7, r=10, tr=[(1, 2, 0), (3, 0, 1), (4, 5, 2), (3, 0, 3), (3, 5, 4), (2, 4, 5), (3, 1, 6), (0, 5, 7), (6, 1, 7), (6, 4, 3)]),CG(nc=7, r=10, tr=[(0, 1, 0), (2, 3, 1), (3, 4, 2), (6, 4, 3), (2, 0, 4), (1, 0, 5), (5, 2, 6), (5, 6, 7), (1, 4, 6), (5, 1, 2)]),16190,SAT
P44499,28,10,10,CG(nc=7, r=10, tr=[(1, 2, 0), (0, 3, 1), (0, 4, 2), (5, 4, 3), (5, 6, 4), (2, 4, 5), (6, 4, 6), (1, 6, 7), (3, 1, 6), (0, 1, 3)]),CG(nc=6, r=10, tr=[(1, 5, 0), (3, 0, 1), (4, 5, 2), (1, 4, 3), (2, 5, 4), (5, 1, 5), (0, 4, 6), (2, 4, 7), (3, 0, 7), (1, 3, 2)]),11176,SAT
P445,22,8,8,CG(nc=5, r=8, tr=[(0, 1, 0), (1, 0, 1), (2, 3, 2), (3, 0, 3), (1, 2, 4), (4, 2, 5), (1, 2, 6), (3, 4, 1)]),CG(nc=5, r=8, tr=[(4, 2, 0), (0, 3, 1), (3, 1, 2), (1, 0, 3), (2, 1, 4), (4, 3, 5), (2, 4, 6), (1, 2, 1)]),3859,SAT
P44500,28,10,10,CG(nc=7, r=10, tr=[(1, 0, 0), (2, 6, 2), (0, 4, 3), (4, 2, 4), (1, 5, 5), (2, 1, 6), (2, 3, 7), (0, 1, 5), (3, 5, 0), (3, 6, 6)]),CG(nc=6, r=10, tr=[(1, 5, 0), (1, 3, 2), (1, 4, 3), (5, 2, 4), (3, 0, 5), (2, 3, 6), (3, 2, 7), (0, 2, 0), (0, 4, 6), (2, 4, 7)]),210327,SAT
P44501,26,9,9,CG(nc=7, r=9, tr=[(1, 6, 0), (3, 4, 2), (5, 0, 3), (5, 2, 4), (3, 0, 5), (0, 4, 6), (1, 4, 7), (1, 3, 6), (2, 6, 2)]),CG(nc=5, r=9, tr=[(1, 0, 0), (4, 3, 2), (2, 1, 3), (4, 1, 4), (2, 3, 5), (0, 3, 6), (3, 1, 7), (0, 2, 7), (4, 2, 3)]),9651,SAT
P44502,30,11,11,CG(nc=7, r=11, tr=[(1, 2, 0), (3, 0, 1), (1, 4, 2), (2, 0, 3), (5, 2, 4), (3, 6, 5), (1, 3, 6), (6, 2, 7), (6, 5, 2), (0, 4, 5), (5, 4, 6)]),CG(nc=7, r=11, tr=[(1, 2, 0), (3, 1, 1), (6, 5, 2), (4, 1, 3), (5, 4, 4), (2, 3, 5), (0, 4, 6), (2, 5, 7), (3, 0, 2), (6, 1, 5), (6, 2, 6)]),226386,SAT
P44503,28,10,10,CG(nc=8, r=10, tr=[(7, 2, 0), (3, 4, 1), (5, 6, 2), (6, 0, 3), (5, 7, 4), (1, 4, 5), (2, 3, 6), (0, 4, 7), (1, 2, 2), (6, 3, 5)]),CG(nc=6, r=10, tr=[(5, 2, 0), (5, 3, 1), (2, 0, 2), (2, 4, 3), (4, 1, 4), (3, 2, 5), (3, 5, 6), (1, 5, 7), (4, 0, 6), (3, 1, 2)]),11011,SAT
P44504,24,8,8,CG(nc=6, r=8, tr=[(0, 1, 0), (1, 2, 2), (0, 2, 3), (1, 5, 4), (4, 5, 5), (1, 3, 6), (0, 3, 7), (4, 3, 0)]),CG(nc=5, r=8, tr=[(1, 0, 0), (2, 4, 2), (3, 4, 3), (1, 4, 4), (1, 0, 5), (3, 1, 6), (0, 3, 7), (2, 1, 7)]),3569,SAT
P44505,26,9,9,CG(nc=6, r=9, tr=[(1, 2, 0), (0, 2, 1), (1, 3, 2), (0, 3, 3), (5, 1, 4), (4, 5, 5), (4, 2, 6), (4, 1, 7), (0, 2, 0)]),CG(nc=6, r=9, tr=[(5, 2, 0), (3, 4, 1), (3, 5, 2), (3, 2, 3), (1, 5, 4), (0, 1, 5), (0, 3, 6), (3, 1, 7), (4, 0, 0)]),4003,SAT
P44506,26,9,9,CG(nc=6, r=9, tr=[(1, 0, 0), (5, 3, 2), (3, 4, 3), (5, 1, 4), (2, 3, 5), (0, 2, 6), (1, 2, 7), (4, 0, 4), (5, 4, 0)]),CG(nc=5, r=9, tr=[(1, 4, 0), (3, 4, 2), (3, 1, 3), (1, 0, 4), (0, 2, 5), (0, 3, 6), (3, 2, 7), (0, 2, 0), (4, 2, 4)]),5193,SAT
P44507,26,9,9,CG(nc=6, r=9, tr=[(1, 0, 0), (2, 0, 1), (2, 1, 2), (3, 1, 3), (3, 5, 4), (4, 5, 5), (3, 4, 6), (2, 4, 7), (0, 2, 3)]),CG(nc=6, r=9, tr=[(1, 0, 0), (1, 2, 1), (3, 1, 2), (5, 2, 3), (0, 4, 4), (5, 4, 5), (4, 3, 6), (3, 5, 7), (0, 3, 3)]),3819,SAT
P44508,24,8,8,CG(nc=6, r=8, tr=[(1, 2, 0), (0, 3, 2), (3, 1, 3), (5, 1, 4), (2, 0, 5), (4, 1, 6), (4, 2, 7), (4, 5, 0)]),CG(nc=5, r=8, tr=[(1, 2, 0), (4, 3, 2), (2, 4, 3), (4, 3, 4), (0, 3, 5), (1, 0, 6), (2, 0, 7), (3, 1, 7)]),3737,SAT
P44509,22,7,7,CG(nc=6, r=7, tr=[(1, 5, 0), (3, 0, 2), (4, 5, 3), (3, 4, 4), (2, 0, 5), (1, 2, 6), (1, 2, 7)]),CG(nc=4, r=7, tr=[(1, 3, 0), (1, 0, 2), (1, 0, 3), (1, 0, 4), (3, 1, 5), (3, 2, 6), (1, 2, 7)]),1873,SAT
P44510,26,9,9,CG(nc=6, r=9, tr=[(1, 2, 0), (3, 2, 2), (3, 5, 3), (0, 2, 4), (1, 5, 5), (2, 4, 6), (4, 1, 7), (3, 0, 7), (0, 4, 3)]),CG(nc=6, r=9, tr=[(1, 2, 0), (3, 2, 2), (0, 2, 3), (4, 3, 4), (5, 2, 5), (1, 4, 6), (3, 0, 7), (1, 5, 7), (5, 4, 3)]),6925,SAT
P44511,24,8,8,CG(nc=6, r=8, tr=[(1, 2, 0), (1, 5, 2), (4, 0, 3), (1, 4, 4), (2, 3, 5), (1, 4, 6), (0, 3, 7), (5, 3, 3)]),CG(nc=5, r=8, tr=[(1, 2, 0), (4, 2, 2), (2, 0, 3), (3, 1, 4), (1, 2, 5), (1, 4, 6), (3, 0, 7), (1, 3, 2)]),3697,SAT
P44512,22,7,7,CG(nc=5, r=7, tr=[(0, 1, 0), (0, 2, 2), (2, 1, 3), (1, 4, 4), (3, 1, 5), (4, 3, 6), (0, 3, 7)]),CG(nc=5, r=7, tr=[(4, 2, 0), (3, 2, 2), (3, 4, 3), (4, 1, 4), (1, 3, 5), (0, 1, 6), (0, 3, 7)]),2046,SAT
P44513,24,8,8,CG(nc=5, r=8, tr=[(1, 0, 0), (1, 0, 1), (0, 2, 2), (2, 3, 3), (3, 4, 4), (3, 1, 5), (4, 2, 6), (2, 1, 7)]),CG(nc=6, r=8, tr=[(1, 5, 0), (3, 1, 1), (0, 3, 2), (4, 2, 3), (5, 2, 4), (4, 5, 5), (0, 2, 6), (3, 4, 7)]),2366,SAT
P44514,26,9,9,CG(nc=5, r=9, tr=[(1, 4, 0), (3, 0, 1), (4, 1, 2), (2, 0, 3), (3, 0, 4), (3, 1, 5), (3, 2, 6), (2, 4, 7), (1, 2, 4)]),CG(nc=6, r=9, tr=[(5, 2, 0), (3, 0, 1), (2, 4, 2), (1, 3, 3), (4, 3, 4), (5, 3, 5), (1, 0, 6), (0, 4, 7), (1, 5, 4)]),3899,SAT
P44515,26,9,9,CG(nc=6, r=9, tr=[(1, 0, 0), (0, 2, 1), (2, 1, 2), (3, 1, 3), (5, 3, 4), (4, 3, 5), (5, 4, 6), (2, 4, 7), (0, 1, 2)]),CG(nc=6, r=9, tr=[(1, 5, 0), (0, 3, 1), (4, 3, 2), (4, 5, 3), (5, 2, 4), (4, 2, 5), (0, 2, 6), (0, 4, 7), (4, 1, 2)]),3629,SAT
P44516,24,8,8,CG(nc=5, r=8, tr=[(1, 0, 0), (0, 2, 2), (3, 2, 3), (3, 4, 4), (1, 2, 5), (4, 3, 6), (2, 0, 7), (1, 3, 7)]),CG(nc=5, r=8, tr=[(1, 2, 0), (3, 0, 2), (0, 2, 3), (3, 0, 4), (4, 1, 5), (3, 4, 6), (4, 2, 7), (1, 3, 7)]),3847,SAT
P44517,22,7,7,CG(nc=5, r=7, tr=[(1, 0, 0), (0, 2, 2), (1, 2, 3), (1, 4, 4), (2, 3, 5), (3, 4, 6), (1, 3, 7)]),CG(nc=5, r=7, tr=[(0, 1, 0), (4, 1, 2), (3, 2, 3), (2, 0, 4), (3, 0, 5), (2, 4, 6), (1, 3, 7)]),1936,SAT
P44518,26,9,9,CG(nc=7, r=9, tr=[(1, 2, 0), (3, 2, 1), (4, 5, 2), (5, 6, 3), (0, 4, 4), (2, 5, 5), (0, 1, 6), (3, 6, 7), (3, 4, 5)]),CG(nc=6, r=9, tr=[(1, 5, 0), (3, 4, 1), (4, 0, 2), (3, 2, 3), (5, 2, 4), (5, 3, 5), (0, 2, 6), (1, 3, 7), (1, 4, 5)]),4441,SAT
P44519,26,9,9,CG(nc=6, r=9, tr=[(1, 0, 0), (2, 5, 1), (5, 4, 2), (3, 5, 3), (3, 1, 4), (3, 4, 5), (1, 4, 6), (2, 4, 7), (1, 0, 2)]),CG(nc=6, r=9, tr=[(1, 0, 0), (2, 3, 1), (1, 5, 2), (5, 2, 3), (3, 0, 4), (1, 2, 5), (3, 5, 6), (4, 2, 7), (3, 4, 4)]),4130,SAT
P44520,24,8,8,CG(nc=6, r=8, tr=[(5, 2, 0), (3, 0, 2), (4, 3, 3), (0, 2, 4), (1, 2, 5), (0, 1, 6), (1, 4, 7), (4, 5, 4)]),CG(nc=5, r=8, tr=[(1, 2, 0), (1, 4, 2), (4, 1, 3), (0, 2, 4), (2, 3, 5), (3, 0, 6), (2, 0, 7), (3, 4, 4)]),3745,SAT
P44521,26,9,9,CG(nc=7, r=9, tr=[(1, 2, 0), (3, 4, 1), (5, 3, 2), (0, 5, 3), (6, 3, 4), (0, 5, 5), (0, 1, 6), (4, 1, 7), (2, 6, 5)]),CG(nc=6, r=9, tr=[(0, 1, 0), (5, 3, 1), (1, 3, 2), (0, 4, 3), (0, 2, 4), (5, 2, 5), (3, 2, 6), (3, 5, 7), (4, 3, 5)]),4021,SAT
P44522,24,8,8,CG(nc=5, r=8, tr=[(0, 1, 0), (1, 0, 2), (2, 1, 3), (1, 3, 4), (4, 3, 5), (3, 2, 6), (1, 0, 7), (2, 4, 4)]),CG(nc=6, r=8, tr=[(1, 0, 0), (2, 5, 2), (4, 3, 3), (3, 0, 4), (3, 5, 5), (4, 0, 6), (1, 2, 7), (4, 5, 4)]),3760,SAT
P44523,26,9,9,CG(nc=7, r=9, tr=[(1, 0, 0), (2, 3, 1), (2, 4, 2), (5, 4, 3), (6, 5, 4), (4, 6, 5), (1, 5, 6), (3, 1, 7), (0, 2, 4)]),CG(nc=5, r=9, tr=[(1, 4, 0), (1, 3, 1), (0, 3, 2), (3, 2, 3), (4, 2, 4), (0, 2, 5), (3, 4, 6), (1, 3, 7), (1, 0, 4)]),3647,SAT
P44524,22,7,7,CG(nc=6, r=7, tr=[(0, 1, 0), (2, 3, 2), (3, 5, 3), (2, 0, 4), (4, 5, 5), (4, 1, 6), (2, 4, 7)]),CG(nc=4, r=7, tr=[(0, 1, 0), (3, 2, 2), (2, 3, 3), (3, 1, 4), (2, 0, 5), (1, 0, 6), (1, 2, 7)]),1834,SAT
P44525,20,7,7,CG(nc=6, r=7, tr=[(1, 2, 0), (1, 3, 2), (5, 3, 3), (4, 3, 4), (5, 1, 5), (0, 2, 6), (4, 0, 2)]),CG(nc=5, r=7, tr=[(4, 2, 0), (3, 1, 2), (1, 3, 3), (1, 4, 4), (3, 2, 5), (1, 0, 6), (2, 0, 2)]),3511,SAT
P44526,22,7,7,CG(nc=5, r=7, tr=[(0, 1, 0), (0, 2, 2), (3, 2, 3), (3, 4, 4), (3, 1, 5), (4, 2, 6), (1, 0, 7)]),CG(nc=5, r=7, tr=[(4, 2, 0), (3, 0, 2), (1, 3, 3), (4, 1, 4), (3, 4, 5), (0, 1, 6), (3, 2, 7)]),1857,SAT
P44527,20,7,7,CG(nc=5, r=7, tr=[(0, 1, 0), (0, 1, 2), (2, 3, 3), (4, 2, 4), (1, 2, 5), (3, 4, 6), (1, 3, 4)]),CG(nc=4, r=7, tr=[(3, 2, 0), (3, 1, 2), (1, 2, 3), (2, 0, 4), (0, 1, 5), (3, 2, 6), (0, 2, 2)]),3410,SAT
P44528,22,7,7,CG(nc=6, r=7, tr=[(1, 0, 0), (2, 3, 2), (5, 2, 3), (3, 0, 4), (4, 1, 5), (4, 5, 6), (4, 0, 7)]),CG(nc=5, r=7, tr=[(4, 2, 0), (3, 0, 2), (1, 4, 3), (4, 1, 4), (2, 4, 5), (0, 1, 6), (3, 2, 7)]),1907,SAT
P44529,24,8,8,CG(nc=6, r=8, tr=[(5, 2, 0), (3, 5, 1), (5, 4, 2), (1, 4, 3), (1, 0, 4), (2, 4, 5), (4, 0, 6), (4, 3, 7)]),CG(nc=4, r=8, tr=[(1, 0, 0), (2, 1, 1), (2, 3, 2), (2, 3, 3), (2, 3, 4), (0, 1, 5), (2, 0, 6), (1, 2, 7)]),1995,SAT
P44530,26,9,9,CG(nc=6, r=9, tr=[(0, 1, 0), (0, 2, 1), (0, 3, 2), (3, 4, 3), (4, 5, 4), (1, 4, 5), (3, 5, 6), (3, 2, 7), (0, 2, 4)]),CG(nc=6, r=9, tr=[(0, 1, 0), (2, 3, 1), (4, 1, 2), (2, 5, 3), (4, 3, 4), (3, 0, 5), (0, 2, 6), (4, 5, 7), (4, 0, 3)]),4323,SAT
P44531,24,8,8,CG(nc=7, r=8, tr=[(1, 2, 0), (3, 0, 1), (6, 5, 2), (1, 0, 3), (1, 5, 4), (4, 2, 5), (4, 6, 6), (4, 3, 7)]),CG(nc=4, r=8, tr=[(1, 2, 0), (0, 1, 1), (3, 2, 2), (3, 1, 3), (2, 3, 4), (1, 2, 5), (2, 0, 6), (1, 0, 7)]),2344,SAT
P44532,26,9,9,CG(nc=7, r=9, tr=[(1, 6, 0), (3, 4, 2), (5, 2, 3), (3, 6, 4), (5, 1, 5), (0, 2, 6), (5, 6, 7), (4, 0, 3), (2, 1, 7)]),CG(nc=5, r=9, tr=[(1, 2, 0), (4, 3, 2), (2, 4, 3), (3, 4, 4), (1, 0, 5), (3, 0, 6), (1, 3, 7), (0, 2, 7), (4, 3, 3)]),7113,SAT
P44533,22,7,7,CG(nc=6, r=7, tr=[(1, 2, 0), (5, 4, 2), (4, 3, 3), (0, 3, 4), (0, 1, 5), (5, 2, 6), (0, 1, 7)]),CG(nc=4, r=7, tr=[(1, 0, 0), (3, 1, 2), (3, 1, 3), (3, 1, 4), (1, 2, 5), (1, 0, 6), (0, 2, 7)]),1610,SAT
P44534,28,10,10,CG(nc=7, r=10, tr=[(1, 0, 0), (6, 3, 1), (4, 5, 2), (5, 6, 3), (1, 6, 4), (0, 3, 5), (2, 3, 6), (2, 1, 7), (5, 2, 0), (0, 4, 4)]),CG(nc=6, r=10, tr=[(0, 1, 0), (2, 3, 1), (4, 5, 2), (3, 5, 3), (4, 5, 4), (4, 1, 5), (4, 0, 6), (1, 2, 7), (2, 0, 4), (4, 3, 0)]),9978,SAT
P44535,24,8,8,CG(nc=7, r=8, tr=[(1, 0, 0), (2, 3, 1), (4, 5, 2), (6, 5, 3), (0, 4, 4), (3, 5, 5), (1, 3, 6), (6, 2, 7)]),CG(nc=6, r=8, tr=[(1, 0, 0), (5, 3, 1), (1, 5, 2), (0, 3, 3), (0, 4, 4), (5, 2, 5), (3, 2, 6), (4, 2, 7)]),2218,SAT
P44536,22,7,7,CG(nc=6, r=7, tr=[(5, 2, 0), (3, 4, 2), (0, 4, 3), (3, 5, 4), (2, 1, 5), (0, 1, 6), (3, 1, 7)]),CG(nc=4, r=7, tr=[(1, 0, 0), (3, 2, 2), (3, 2, 3), (1, 3, 4), (1, 0, 5), (0, 2, 6), (1, 2, 7)]),2016,SAT
P44537,24,8,8,CG(nc=6, r=8, tr=[(1, 0, 0), (0, 1, 1), (0, 2, 2), (3, 2, 3), (5, 3, 4), (5, 4, 5), (4, 1, 6), (4, 3, 7)]),CG(nc=5, r=8, tr=[(0, 1, 0), (2, 1, 1), (2, 4, 2), (2, 4, 3), (3, 4, 4), (3, 0, 5), (2, 0, 6), (2, 3, 7)]),2259,SAT
P44538,24,8,8,CG(nc=6, r=8, tr=[(1, 0, 0), (2, 0, 2), (3, 2, 3), (3, 5, 4), (4, 5, 5), (4, 2, 6), (0, 1, 7), (1, 3, 6)]),CG(nc=5, r=8, tr=[(1, 2, 0), (4, 2, 2), (0, 3, 3), (2, 3, 4), (2, 1, 5), (3, 4, 6), (1, 0, 7), (0, 2, 6)]),3548,SAT
P44539,24,8,8,CG(nc=6, r=8, tr=[(5, 2, 0), (3, 0, 1), (4, 5, 2), (0, 1, 3), (4, 1, 4), (3, 2, 5), (1, 3, 6), (4, 5, 7)]),CG(nc=5, r=8, tr=[(0, 1, 0), (2, 4, 1), (1, 2, 2), (0, 2, 3), (3, 0, 4), (4, 3, 5), (3, 2, 6), (4, 2, 7)]),1886,SAT
P44540,22,7,7,CG(nc=5, r=7, tr=[(1, 4, 0), (1, 4, 2), (3, 0, 3), (1, 3, 4), (0, 2, 5), (2, 1, 6), (4, 1, 7)]),CG(nc=4, r=7, tr=[(1, 0, 0), (3, 2, 2), (2, 3, 3), (2, 3, 4), (2, 0, 5), (0, 2, 6), (1, 2, 7)]),1756,SAT
P44541,18,6,6,CG(nc=6, r=6, tr=[(5, 2, 0), (3, 4, 2), (3, 5, 3), (0, 4, 4), (1, 2, 5), (0, 1, 6)]),CG(nc=4, r=6, tr=[(0, 1, 0), (1, 3, 2), (1, 3, 3), (3, 2, 4), (0, 1, 5), (0, 2, 6)]),1552,SAT
P44542,24,8,8,CG(nc=6, r=8, tr=[(1, 2, 0), (3, 5, 2), (0, 1, 3), (3, 1, 4), (5, 4, 5), (4, 2, 6), (1, 4, 7), (0, 3, 6)]),CG(nc=5, r=8, tr=[(1, 2, 0), (0, 1, 2), (3, 4, 3), (1, 3, 4), (4, 1, 5), (0, 3, 6), (2, 4, 7), (1, 4, 6)]),3295,SAT
P44543,18,6,6,CG(nc=6, r=6, tr=[(0, 1, 0), (2, 3, 2), (5, 3, 3), (0, 2, 4), (4, 3, 5), (1, 4, 6)]),CG(nc=4, r=6, tr=[(1, 3, 0), (1, 0, 2), (3, 0, 3), (3, 2, 4), (3, 1, 5), (0, 2, 6)]),1902,SAT
P446,26,9,9,CG(nc=6, r=9, tr=[(1, 0, 0), (2, 1, 1), (0, 1, 2), (1, 5, 3), (5, 4, 4), (2, 3, 5), (2, 0, 6), (3, 4, 7), (4, 2, 2)]),CG(nc=6, r=9, tr=[(1, 2, 0), (1, 0, 1), (3, 2, 2), (0, 3, 3), (3, 5, 4), (5, 2, 5), (4, 5, 6), (3, 5, 7), (4, 1, 3)]),4054,SAT
P447,16,7,7,CG(nc=5, r=7, tr=[(1, 4, 0), (1, 4, 1), (3, 0, 2), (3, 4, 3), (0, 2, 4), (0, 1, 3), (2, 1, 2)]),CG(nc=5, r=7, tr=[(1, 2, 0), (2, 4, 1), (4, 3, 2), (0, 2, 3), (3, 4, 4), (0, 3, 3), (0, 1, 2)]),5034,SAT
P44768,20,6,6,CG(nc=5, r=6, tr=[(1, 2, 2), (4, 2, 3), (0, 1, 4), (1, 4, 5), (0, 3, 6), (3, 4, 7)]),CG(nc=4, r=6, tr=[(1, 2, 2), (1, 2, 3), (2, 3, 4), (3, 1, 5), (0, 2, 6), (0, 2, 7)]),1845,SAT
P44769,26,9,9,CG(nc=6, r=9, tr=[(5, 2, 0), (2, 5, 1), (3, 2, 2), (4, 3, 3), (4, 0, 4), (3, 5, 5), (2, 1, 6), (1, 0, 7), (2, 4, 5)]),CG(nc=6, r=9, tr=[(1, 2, 0), (3, 0, 1), (5, 2, 2), (3, 1, 3), (4, 5, 4), (5, 3, 5), (4, 0, 6), (0, 4, 7), (4, 1, 5)]),4583,SAT
P44770,22,7,7,CG(nc=6, r=7, tr=[(5, 2, 1), (3, 4, 2), (3, 0, 3), (4, 5, 4), (4, 0, 5), (0, 1, 6), (2, 1, 7)]),CG(nc=5, r=7, tr=[(1, 2, 1), (0, 1, 2), (3, 2, 3), (4, 2, 4), (4, 3, 5), (2, 0, 6), (3, 1, 7)]),1899,SAT
P44771,24,8,8,CG(nc=6, r=8, tr=[(0, 1, 1), (1, 2, 2), (3, 2, 3), (5, 3, 4), (2, 0, 5), (4, 1, 6), (5, 4, 7), (1, 3, 5)]),CG(nc=5, r=8, tr=[(0, 1, 1), (2, 1, 2), (4, 2, 3), (4, 3, 4), (3, 2, 5), (3, 0, 6), (0, 3, 7), (4, 1, 5)]),3699,SAT
P44772,22,7,7,CG(nc=6, r=7, tr=[(0, 1, 0), (2, 3, 2), (0, 3, 3), (2, 5, 4), (2, 0, 5), (4, 5, 6), (1, 4, 7)]),CG(nc=5, r=7, tr=[(1, 2, 0), (1, 4, 2), (1, 4, 3), (4, 3, 4), (2, 0, 5), (3, 0, 6), (3, 0, 7)]),1774,SAT
P44773,26,9,9,CG(nc=7, r=9, tr=[(6, 2, 0), (3, 4, 2), (5, 4, 3), (6, 4, 4), (3, 5, 5), (1, 2, 6), (0, 1, 7), (5, 0, 2), (3, 0, 3)]),CG(nc=5, r=9, tr=[(0, 1, 0), (4, 3, 2), (1, 3, 3), (4, 1, 4), (4, 3, 5), (1, 0, 6), (1, 0, 7), (2, 1, 5), (2, 4, 2)]),7111,SAT
P44774,24,8,8,CG(nc=7, r=8, tr=[(6, 2, 0), (3, 4, 1), (5, 1, 2), (1, 0, 3), (5, 6, 4), (5, 0, 5), (3, 2, 6), (4, 0, 7)]),CG(nc=6, r=8, tr=[(1, 2, 0), (3, 5, 1), (0, 2, 2), (1, 4, 3), (0, 3, 4), (1, 5, 5), (4, 0, 6), (3, 5, 7)]),2132,SAT
P44775,26,9,9,CG(nc=6, r=9, tr=[(1, 2, 0), (2, 3, 1), (4, 1, 2), (5, 4, 3), (2, 0, 4), (4, 2, 5), (3, 0, 6), (5, 1, 7), (1, 2, 3)]),CG(nc=6, r=9, tr=[(1, 5, 0), (3, 5, 1), (3, 4, 2), (0, 4, 3), (0, 2, 4), (3, 0, 5), (2, 5, 6), (2, 5, 7), (4, 1, 5)]),4052,SAT
P44776,24,8,8,CG(nc=6, r=8, tr=[(1, 2, 2), (2, 3, 3), (1, 5, 4), (1, 3, 5), (0, 4, 6), (1, 4, 7), (3, 5, 5), (0, 3, 4)]),CG(nc=5, r=8, tr=[(4, 2, 2), (2, 4, 3), (3, 4, 4), (3, 0, 5), (3, 1, 6), (3, 1, 7), (0, 1, 4), (1, 2, 5)]),5745,SAT
P44777,28,10,10,CG(nc=7, r=10, tr=[(1, 2, 0), (6, 4, 1), (5, 1, 2), (1, 2, 3), (5, 4, 4), (6, 1, 5), (2, 3, 6), (3, 4, 7), (0, 4, 5), (0, 2, 4)]),CG(nc=6, r=10, tr=[(1, 2, 0), (3, 5, 1), (3, 1, 2), (0, 2, 3), (4, 3, 4), (5, 4, 5), (4, 2, 6), (2, 4, 7), (3, 0, 5), (0, 2, 4)]),11011,SAT
P44778,20,6,6,CG(nc=5, r=6, tr=[(1, 0, 2), (1, 2, 3), (2, 4, 4), (3, 1, 5), (3, 0, 6), (3, 2, 7)]),CG(nc=5, r=6, tr=[(1, 0, 2), (0, 2, 3), (4, 0, 4), (3, 4, 5), (2, 3, 6), (3, 1, 7)]),1581,SAT
P44779,24,8,8,CG(nc=5, r=8, tr=[(1, 4, 1), (3, 4, 2), (2, 3, 3), (2, 0, 4), (2, 1, 5), (2, 3, 6), (1, 3, 7), (4, 1, 3)]),CG(nc=5, r=8, tr=[(1, 2, 1), (2, 4, 2), (4, 3, 3), (0, 4, 4), (3, 2, 5), (2, 0, 6), (0, 3, 7), (1, 0, 3)]),3541,SAT
P44780,20,6,6,CG(nc=5, r=6, tr=[(1, 2, 2), (1, 4, 3), (2, 0, 4), (2, 4, 5), (2, 3, 6), (0, 3, 7)]),CG(nc=4, r=6, tr=[(1, 3, 2), (3, 1, 3), (0, 2, 4), (1, 0, 5), (3, 2, 6), (2, 3, 7)]),1991,SAT
P44781,26,9,9,CG(nc=7, r=9, tr=[(1, 2, 0), (3, 0, 2), (3, 1, 3), (4, 3, 4), (5, 1, 5), (5, 0, 6), (4, 2, 7), (6, 4, 3), (4, 6, 5)]),CG(nc=6, r=9, tr=[(1, 2, 0), (5, 2, 2), (1, 0, 3), (0, 4, 4), (5, 3, 5), (5, 4, 6), (4, 5, 7), (2, 0, 5), (2, 3, 3)]),8203,SAT
P44782,12,4,4,CG(nc=4, r=4, tr=[(0, 1, 2), (1, 2, 3), (3, 2, 4), (0, 2, 5)]),CG(nc=3, r=4, tr=[(1, 2, 2), (2, 1, 3), (2, 0, 4), (0, 1, 5)]),1653,SAT
P44783,16,6,6,CG(nc=5, r=6, tr=[(0, 1, 2), (0, 2, 3), (3, 2, 4), (3, 4, 5), (3, 4, 2), (1, 2, 5)]),CG(nc=4, r=6, tr=[(0, 1, 2), (3, 2, 3), (3, 0, 4), (1, 3, 5), (0, 2, 2), (1, 0, 3)]),4775,SAT
P44784,20,6,6,CG(nc=5, r=6, tr=[(4, 2, 2), (2, 3, 3), (0, 3, 4), (1, 3, 5), (4, 1, 6), (0, 1, 7)]),CG(nc=4, r=6, tr=[(3, 2, 2), (1, 3, 3), (1, 3, 4), (1, 2, 5), (0, 1, 6), (0, 1, 7)]),1804,SAT
P44785,24,8,8,CG(nc=6, r=8, tr=[(1, 5, 0), (5, 1, 1), (3, 4, 2), (5, 3, 3), (0, 4, 4), (3, 4, 5), (2, 0, 6), (2, 1, 7)]),CG(nc=6, r=8, tr=[(1, 2, 0), (2, 3, 1), (5, 1, 2), (3, 0, 3), (5, 4, 4), (4, 2, 5), (5, 3, 6), (0, 4, 7)]),2285,SAT
P44786,22,7,7,CG(nc=6, r=7, tr=[(1, 5, 1), (0, 3, 2), (3, 4, 3), (5, 4, 4), (4, 2, 5), (0, 2, 6), (2, 1, 7)]),CG(nc=5, r=7, tr=[(0, 1, 1), (2, 4, 2), (3, 4, 3), (4, 1, 4), (2, 1, 5), (0, 3, 6), (1, 0, 7)]),1777,SAT
P44787,22,7,7,CG(nc=5, r=7, tr=[(0, 1, 1), (2, 3, 2), (2, 0, 3), (4, 3, 4), (3, 2, 5), (1, 2, 6), (4, 2, 7)]),CG(nc=5, r=7, tr=[(1, 4, 1), (3, 0, 2), (1, 0, 3), (1, 0, 4), (2, 4, 5), (2, 1, 6), (2, 3, 7)]),1722,SAT
P44788,22,7,7,CG(nc=5, r=7, tr=[(0, 1, 0), (0, 1, 2), (2, 1, 3), (2, 4, 4), (0, 1, 5), (4, 3, 6), (1, 3, 7)]),CG(nc=5, r=7, tr=[(1, 2, 0), (2, 4, 2), (0, 3, 3), (3, 0, 4), (0, 1, 5), (3, 4, 6), (3, 4, 7)]),1652,SAT
P44789,22,7,7,CG(nc=6, r=7, tr=[(5, 2, 0), (3, 0, 2), (5, 4, 3), (3, 4, 4), (3, 0, 5), (1, 0, 6), (1, 2, 7)]),CG(nc=5, r=7, tr=[(1, 4, 0), (3, 0, 2), (1, 0, 3), (4, 2, 4), (3, 1, 5), (0, 2, 6), (0, 2, 7)]),1621,SAT
P44790,24,8,8,CG(nc=6, r=8, tr=[(1, 0, 0), (2, 5, 1), (4, 3, 2), (0, 3, 3), (4, 5, 4), (0, 1, 5), (4, 1, 6), (4, 2, 7)]),CG(nc=5, r=8, tr=[(1, 0, 0), (2, 4, 1), (3, 1, 2), (1, 3, 3), (2, 0, 4), (4, 3, 5), (3, 2, 6), (2, 4, 7)]),2083,SAT
P44791,24,8,8,CG(nc=7, r=8, tr=[(1, 6, 0), (3, 0, 1), (4, 5, 2), (4, 0, 3), (6, 5, 4), (4, 5, 5), (2, 1, 6), (3, 2, 7)]),CG(nc=5, r=8, tr=[(1, 4, 0), (3, 0, 1), (2, 1, 2), (1, 0, 3), (3, 4, 4), (0, 2, 5), (2, 3, 6), (0, 3, 7)]),2246,SAT
P44792,22,7,7,CG(nc=5, r=7, tr=[(1, 2, 2), (2, 4, 3), (1, 0, 4), (2, 1, 5), (3, 1, 6), (4, 3, 7), (0, 2, 7)]),CG(nc=5, r=7, tr=[(0, 1, 2), (4, 3, 3), (3, 2, 4), (2, 1, 5), (0, 3, 6), (2, 4, 7), (3, 0, 7)]),3497,SAT
P44793,26,9,9,CG(nc=7, r=9, tr=[(1, 2, 0), (3, 2, 1), (4, 6, 2), (4, 3, 3), (3, 0, 4), (4, 6, 5), (5, 2, 6), (6, 5, 7), (1, 0, 5)]),CG(nc=6, r=9, tr=[(1, 2, 0), (3, 1, 1), (5, 2, 2), (3, 0, 3), (0, 1, 4), (0, 4, 5), (5, 3, 6), (1, 4, 7), (4, 5, 4)]),4243,SAT
P44794,20,6,6,CG(nc=5, r=6, tr=[(1, 2, 2), (2, 4, 3), (1, 0, 4), (3, 1, 5), (4, 3, 6), (1, 3, 7)]),CG(nc=5, r=6, tr=[(1, 2, 2), (4, 3, 3), (0, 4, 4), (2, 4, 5), (0, 3, 6), (0, 1, 7)]),1798,SAT
P44795,22,7,7,CG(nc=5, r=7, tr=[(1, 4, 1), (3, 2, 2), (4, 3, 3), (0, 2, 4), (2, 1, 5), (1, 3, 6), (2, 3, 7)]),CG(nc=5, r=7, tr=[(4, 2, 1), (3, 0, 2), (0, 2, 3), (4, 0, 4), (4, 1, 5), (2, 1, 6), (1, 3, 7)]),2024,SAT
P44796,20,6,6,CG(nc=5, r=6, tr=[(1, 2, 2), (4, 2, 3), (0, 1, 4), (4, 3, 5), (3, 1, 6), (0, 1, 7)]),CG(nc=5, r=6, tr=[(1, 4, 2), (3, 0, 3), (2, 4, 4), (0, 1, 5), (4, 3, 6), (0, 2, 7)]),1873,SAT
P44797,22,7,7,CG(nc=6, r=7, tr=[(5, 2, 0), (3, 0, 2), (3, 4, 3), (5, 4, 4), (0, 3, 5), (3, 1, 6), (1, 2, 7)]),CG(nc=5, r=7, tr=[(1, 0, 0), (2, 4, 2), (1, 4, 3), (3, 0, 4), (0, 2, 5), (3, 4, 6), (3, 4, 7)]),1917,SAT
P44798,16,5,5,CG(nc=5, r=5, tr=[(4, 2, 2), (2, 3, 3), (3, 0, 4), (4, 1, 5), (3, 1, 6)]),CG(nc=4, r=5, tr=[(0, 1, 2), (3, 2, 3), (3, 0, 4), (1, 3, 5), (0, 2, 6)]),1666,SAT
P44799,12,4,4,CG(nc=4, r=4, tr=[(0, 1, 2), (1, 2, 3), (2, 3, 4), (0, 1, 5)]),CG(nc=3, r=4, tr=[(2, 1, 2), (0, 2, 3), (2, 0, 4), (0, 1, 5)]),1533,SAT
P45,20,7,7,CG(nc=5, r=7, tr=[(1, 2, 0), (3, 0, 1), (4, 3, 2), (4, 0, 3), (0, 3, 4), (1, 4, 5), (0, 2, 6)]),CG(nc=5, r=7, tr=[(0, 1, 0), (2, 3, 1), (2, 4, 2), (2, 1, 3), (3, 4, 4), (0, 1, 5), (1, 0, 6)]),1825,SAT
P45040,16,5,5,CG(nc=5, r=5, tr=[(1, 0, 1), (2, 1, 2), (4, 2, 3), (4, 3, 4), (0, 3, 5)]),CG(nc=4, r=5, tr=[(3, 2, 1), (3, 1, 2), (1, 3, 3), (0, 1, 4), (0, 2, 5)]),1685,SAT
P45041,20,7,7,CG(nc=6, r=7, tr=[(1, 0, 0), (0, 1, 1), (5, 3, 2), (4, 0, 3), (4, 3, 4), (5, 2, 6), (1, 2, 7)]),CG(nc=5, r=7, tr=[(1, 4, 0), (3, 1, 1), (3, 0, 2), (4, 2, 3), (2, 4, 4), (2, 0, 6), (4, 3, 7)]),1798,SAT
P45042,20,7,7,CG(nc=6, r=7, tr=[(0, 1, 1), (5, 3, 2), (3, 4, 3), (4, 0, 4), (5, 2, 6), (2, 4, 7), (4, 1, 6)]),CG(nc=4, r=7, tr=[(1, 0, 1), (3, 2, 2), (2, 3, 3), (3, 1, 4), (2, 1, 6), (0, 2, 7), (0, 1, 6)]),3492,SAT
P45043,18,6,6,CG(nc=6, r=6, tr=[(0, 1, 1), (2, 0, 2), (5, 4, 3), (2, 4, 4), (3, 5, 6), (3, 1, 7)]),CG(nc=3, r=6, tr=[(1, 0, 1), (2, 1, 2), (2, 1, 3), (2, 1, 4), (0, 1, 6), (0, 1, 7)]),1812,SAT
P45044,22,7,7,CG(nc=6, r=7, tr=[(5, 2, 0), (5, 3, 2), (3, 4, 3), (0, 4, 4), (2, 5, 5), (1, 0, 6), (2, 1, 7)]),CG(nc=5, r=7, tr=[(4, 2, 0), (3, 0, 2), (1, 4, 3), (1, 4, 4), (3, 2, 5), (0, 1, 6), (3, 4, 7)]),2016,SAT
P45045,18,6,6,CG(nc=6, r=6, tr=[(0, 1, 0), (0, 2, 1), (5, 4, 2), (2, 4, 3), (5, 3, 4), (3, 1, 5)]),CG(nc=4, r=6, tr=[(0, 1, 0), (1, 3, 1), (2, 0, 2), (2, 0, 3), (3, 2, 4), (0, 1, 5)]),1821,SAT
P45046,24,8,8,CG(nc=6, r=8, tr=[(1, 0, 0), (5, 3, 1), (1, 4, 2), (4, 0, 3), (5, 1, 4), (3, 0, 5), (2, 3, 6), (2, 1, 7)]),CG(nc=6, r=8, tr=[(0, 1, 0), (2, 5, 1), (4, 1, 2), (0, 3, 3), (0, 2, 4), (4, 5, 5), (3, 5, 6), (2, 4, 7)]),2227,SAT
P45047,20,7,7,CG(nc=7, r=7, tr=[(6, 2, 0), (2, 3, 1), (4, 0, 2), (5, 6, 3), (4, 5, 4), (1, 0, 6), (3, 1, 7)]),CG(nc=4, r=7, tr=[(1, 0, 0), (2, 3, 1), (3, 1, 2), (2, 0, 3), (1, 3, 4), (2, 3, 6), (0, 1, 7)]),2181,SAT
P45048,22,7,7,CG(nc=6, r=7, tr=[(1, 2, 2), (1, 5, 3), (0, 2, 4), (4, 0, 5), (5, 3, 6), (3, 4, 7), (2, 4, 4)]),CG(nc=5, r=7, tr=[(0, 1, 2), (2, 4, 3), (3, 0, 4), (4, 3, 5), (2, 0, 6), (3, 1, 7), (4, 3, 7)]),3605,SAT
P45049,24,8,8,CG(nc=6, r=8, tr=[(5, 2, 0), (5, 3, 1), (4, 2, 2), (5, 4, 3), (0, 2, 4), (0, 3, 5), (1, 3, 6), (2, 1, 7)]),CG(nc=5, r=8, tr=[(4, 2, 0), (3, 2, 1), (0, 3, 2), (1, 4, 3), (0, 2, 4), (2, 4, 5), (0, 1, 6), (3, 4, 7)]),2354,SAT
P45050,16,5,5,CG(nc=5, r=5, tr=[(4, 2, 1), (3, 2, 2), (3, 0, 3), (4, 1, 4), (3, 1, 5)]),CG(nc=4, r=5, tr=[(1, 3, 1), (3, 2, 2), (3, 0, 3), (0, 2, 4), (1, 0, 5)]),3162,SAT
P45051,18,6,6,CG(nc=6, r=6, tr=[(1, 5, 1), (3, 4, 2), (5, 3, 3), (4, 0, 4), (2, 4, 6), (2, 1, 7)]),CG(nc=4, r=6, tr=[(0, 1, 1), (3, 2, 2), (3, 1, 3), (3, 0, 4), (0, 1, 6), (0, 2, 7)]),1665,SAT
P45052,20,6,6,CG(nc=6, r=6, tr=[(1, 5, 2), (3, 0, 3), (1, 3, 4), (5, 4, 5), (0, 2, 6), (2, 4, 7)]),CG(nc=4, r=6, tr=[(3, 2, 2), (3, 1, 3), (1, 3, 4), (0, 1, 5), (0, 1, 6), (2, 0, 7)]),1697,SAT
P45053,22,7,7,CG(nc=7, r=7, tr=[(1, 2, 0), (3, 4, 2), (3, 6, 3), (0, 4, 4), (0, 5, 5), (2, 5, 6), (1, 6, 7)]),CG(nc=4, r=7, tr=[(0, 1, 0), (3, 1, 2), (2, 0, 3), (0, 2, 4), (2, 3, 5), (3, 2, 6), (0, 1, 7)]),1741,SAT
P45054,20,6,6,CG(nc=6, r=6, tr=[(5, 2, 2), (3, 2, 3), (0, 3, 4), (4, 5, 5), (1, 4, 6), (1, 3, 7)]),CG(nc=4, r=6, tr=[(1, 3, 2), (3, 2, 3), (3, 0, 4), (2, 0, 5), (0, 2, 6), (1, 0, 7)]),1673,SAT
P45055,8,3,3,CG(nc=4, r=3, tr=[(3, 2, 1), (2, 1, 2), (0, 1, 3)]),CG(nc=2, r=3, tr=[(1, 0, 1), (0, 1, 2), (1, 0, 3)]),1752,SAT
P46,14,5,5,CG(nc=4, r=5, tr=[(0, 1, 1), (1, 3, 2), (3, 0, 3), (3, 2, 4), (0, 2, 5)]),CG(nc=4, r=5, tr=[(3, 2, 1), (3, 2, 2), (2, 1, 3), (0, 1, 4), (0, 1, 5)]),1904,SAT
P47,10,4,4,CG(nc=3, r=4, tr=[(0, 1, 1), (2, 1, 2), (2, 0, 3), (0, 1, 4)]),CG(nc=4, r=4, tr=[(0, 1, 1), (2, 0, 2), (2, 3, 3), (1, 2, 4)]),1708,SAT
P48320,24,8,8,CG(nc=6, r=8, tr=[(1, 0, 1), (2, 3, 2), (5, 2, 3), (3, 1, 4), (4, 2, 5), (4, 0, 6), (5, 4, 7), (0, 3, 7)]),CG(nc=5, r=8, tr=[(1, 4, 1), (3, 4, 2), (2, 4, 3), (4, 1, 4), (3, 2, 5), (3, 0, 6), (2, 0, 7), (1, 2, 6)]),3523,SAT
P48321,28,10,10,CG(nc=6, r=10, tr=[(1, 2, 0), (5, 2, 1), (1, 2, 2), (5, 4, 3), (3, 0, 4), (2, 0, 5), (4, 2, 6), (1, 5, 7), (4, 0, 7), (1, 3, 3)]),CG(nc=6, r=10, tr=[(1, 2, 0), (1, 3, 1), (0, 2, 2), (3, 5, 3), (1, 3, 4), (4, 3, 5), (4, 0, 6), (3, 0, 7), (5, 1, 6), (4, 5, 2)]),8016,SAT
P48322,28,10,10,CG(nc=7, r=10, tr=[(1, 2, 1), (1, 3, 2), (3, 4, 3), (1, 6, 4), (5, 0, 5), (5, 4, 6), (2, 6, 7), (3, 6, 5), (1, 5, 7), (0, 4, 1)]),CG(nc=6, r=10, tr=[(1, 2, 1), (0, 2, 2), (0, 3, 3), (4, 1, 4), (3, 2, 5), (5, 2, 6), (2, 4, 7), (3, 5, 7), (0, 1, 7), (4, 5, 3)]),209171,SAT
P48323,26,9,9,CG(nc=7, r=9, tr=[(1, 0, 1), (2, 3, 2), (4, 6, 3), (4, 5, 4), (2, 0, 5), (2, 4, 6), (3, 6, 7), (5, 1, 2), (1, 3, 6)]),CG(nc=6, r=9, tr=[(1, 5, 1), (1, 3, 2), (3, 4, 3), (4, 0, 4), (0, 3, 5), (2, 4, 6), (1, 2, 7), (2, 5, 5), (0, 4, 1)]),5456,SAT
P48324,26,9,9,CG(nc=6, r=9, tr=[(0, 1, 0), (2, 5, 1), (4, 0, 2), (3, 4, 3), (2, 3, 4), (0, 3, 5), (5, 4, 6), (1, 4, 7), (5, 3, 7)]),CG(nc=6, r=9, tr=[(1, 2, 0), (3, 4, 1), (2, 3, 2), (0, 1, 3), (0, 1, 4), (1, 4, 5), (4, 5, 6), (0, 3, 7), (2, 5, 5)]),3649,SAT
P48325,28,10,10,CG(nc=7, r=10, tr=[(1, 2, 0), (3, 4, 1), (2, 3, 2), (2, 6, 3), (4, 0, 4), (5, 0, 5), (6, 1, 6), (0, 2, 7), (5, 2, 6), (3, 6, 5)]),CG(nc=7, r=10, tr=[(1, 2, 0), (3, 6, 1), (3, 5, 2), (2, 5, 3), (2, 4, 4), (2, 6, 5), (0, 5, 6), (3, 5, 7), (0, 1, 2), (4, 0, 7)]),11185,SAT
P48326,28,10,10,CG(nc=7, r=10, tr=[(1, 6, 0), (3, 1, 1), (4, 5, 2), (0, 2, 3), (3, 2, 4), (4, 6, 5), (4, 2, 6), (5, 0, 7), (3, 5, 6), (1, 6, 2)]),CG(nc=7, r=10, tr=[(1, 2, 0), (3, 0, 1), (1, 6, 2), (1, 5, 3), (2, 4, 4), (2, 0, 5), (4, 3, 6), (4, 6, 7), (3, 5, 4), (6, 5, 5)]),10917,SAT
P48327,27,10,9,CG(nc=7, r=10, tr=[(6, 2, 0), (2, 3, 1), (4, 6, 2), (5, 4, 3), (1, 0, 4), (5, 6, 5), (0, 4, 6), (4, 3, 7), (3, 0, 5), (1, 5, 1)]),CG(nc=6, r=9, tr=[(1, 2, 0), (0, 3, 1), (1, 3, 2), (1, 5, 3), (2, 4, 4), (3, 5, 5), (4, 5, 6), (3, 4, 7), (0, 2, 5)]),8283,SAT
P48328,24,8,8,CG(nc=6, r=8, tr=[(0, 1, 1), (2, 1, 2), (5, 4, 3), (4, 2, 4), (0, 3, 5), (3, 4, 6), (3, 5, 7), (1, 2, 7)]),CG(nc=5, r=8, tr=[(4, 2, 1), (3, 1, 2), (3, 1, 3), (4, 2, 4), (3, 4, 5), (0, 1, 6), (2, 1, 7), (0, 2, 5)]),3346,SAT
P48329,28,10,10,CG(nc=6, r=10, tr=[(1, 2, 0), (1, 0, 1), (2, 3, 2), (1, 2, 3), (5, 3, 4), (1, 5, 5), (2, 0, 6), (2, 4, 7), (3, 4, 1), (4, 0, 5)]),CG(nc=6, r=10, tr=[(1, 2, 0), (5, 4, 1), (1, 5, 2), (3, 2, 3), (5, 4, 4), (3, 5, 5), (1, 0, 6), (4, 1, 7), (0, 4, 5), (0, 3, 1)]),8404,SAT
P48330,24,8,8,CG(nc=6, r=8, tr=[(1, 0, 1), (2, 3, 2), (1, 3, 3), (5, 2, 4), (3, 5, 5), (4, 1, 6), (4, 2, 7), (4, 0, 5)]),CG(nc=5, r=8, tr=[(4, 2, 1), (3, 1, 2), (3, 4, 3), (1, 0, 4), (1, 4, 5), (3, 2, 6), (3, 0, 7), (2, 0, 5)]),3869,SAT
P48331,26,9,9,CG(nc=6, r=9, tr=[(1, 2, 1), (0, 3, 2), (1, 4, 3), (0, 2, 4), (5, 1, 5), (5, 3, 6), (1, 3, 7), (4, 5, 2), (4, 0, 6)]),CG(nc=5, r=9, tr=[(1, 2, 1), (4, 1, 2), (4, 3, 3), (2, 1, 4), (3, 1, 5), (1, 0, 6), (4, 2, 7), (0, 2, 3), (0, 3, 7)]),6225,SAT
P48332,22,7,7,CG(nc=6, r=7, tr=[(1, 2, 1), (5, 1, 2), (2, 4, 3), (4, 0, 4), (5, 3, 5), (3, 0, 6), (0, 3, 7)]),CG(nc=5, r=7, tr=[(1, 0, 1), (4, 3, 2), (4, 3, 3), (3, 4, 4), (0, 3, 5), (4, 2, 6), (1, 2, 7)]),1977,SAT
P48333,26,9,9,CG(nc=7, r=9, tr=[(1, 0, 0), (6, 3, 1), (0, 4, 2), (0, 1, 3), (3, 5, 4), (2, 6, 5), (2, 1, 6), (4, 2, 7), (5, 4, 3)]),CG(nc=6, r=9, tr=[(1, 2, 0), (3, 1, 1), (4, 2, 2), (0, 4, 3), (0, 4, 4), (4, 5, 5), (3, 5, 6), (1, 0, 7), (5, 1, 3)]),4006,SAT
P48334,24,8,8,CG(nc=6, r=8, tr=[(1, 0, 1), (5, 3, 2), (4, 1, 3), (4, 3, 4), (3, 2, 5), (1, 0, 6), (0, 2, 7), (5, 4, 5)]),CG(nc=6, r=8, tr=[(1, 5, 1), (3, 0, 2), (3, 4, 3), (5, 4, 4), (4, 0, 5), (0, 2, 6), (1, 2, 7), (3, 5, 5)]),3491,SAT
P48335,24,8,8,CG(nc=6, r=8, tr=[(0, 1, 1), (2, 3, 2), (3, 5, 3), (1, 2, 4), (0, 4, 5), (3, 4, 6), (3, 0, 7), (5, 2, 5)]),CG(nc=5, r=8, tr=[(1, 0, 1), (1, 2, 2), (2, 4, 3), (0, 1, 4), (0, 2, 5), (3, 1, 6), (3, 4, 7), (4, 1, 5)]),4102,SAT
P48340,26,9,9,CG(nc=7, r=9, tr=[(1, 6, 0), (6, 3, 1), (0, 4, 2), (5, 3, 3), (5, 4, 4), (4, 2, 5), (4, 6, 6), (1, 2, 7), (0, 2, 6)]),CG(nc=5, r=9, tr=[(4, 2, 0), (0, 3, 1), (1, 2, 2), (1, 2, 3), (2, 1, 4), (0, 1, 5), (2, 3, 6), (2, 4, 7), (3, 4, 5)]),4377,SAT
P48341,26,9,9,CG(nc=7, r=9, tr=[(0, 1, 0), (2, 3, 1), (6, 3, 2), (0, 5, 3), (5, 2, 4), (5, 4, 5), (6, 4, 6), (6, 5, 7), (1, 4, 7)]),CG(nc=5, r=9, tr=[(1, 4, 0), (3, 2, 1), (0, 3, 2), (0, 1, 3), (2, 3, 4), (1, 3, 5), (3, 4, 6), (1, 4, 7), (2, 0, 7)]),4463,SAT
P48342,30,11,11,CG(nc=7, r=11, tr=[(1, 6, 0), (0, 3, 1), (4, 5, 2), (2, 5, 3), (4, 0, 4), (5, 0, 5), (6, 2, 6), (1, 4, 7), (2, 3, 5), (3, 4, 6), (6, 2, 1)]),CG(nc=7, r=11, tr=[(1, 0, 0), (1, 2, 1), (2, 0, 2), (3, 4, 3), (6, 4, 4), (5, 0, 5), (5, 4, 6), (1, 0, 7), (3, 6, 5), (3, 1, 2), (2, 6, 6)]),218612,SAT
P48343,26,9,9,CG(nc=6, r=9, tr=[(0, 1, 0), (2, 1, 1), (1, 3, 2), (2, 0, 3), (5, 3, 4), (3, 4, 5), (5, 3, 6), (4, 5, 7), (4, 2, 6)]),CG(nc=6, r=9, tr=[(1, 0, 0), (1, 2, 1), (2, 0, 2), (5, 1, 3), (4, 3, 4), (5, 3, 5), (5, 2, 6), (2, 3, 7), (0, 4, 6)]),4321,SAT
P48344,24,8,8,CG(nc=6, r=8, tr=[(1, 0, 0), (2, 5, 1), (0, 4, 2), (1, 4, 3), (1, 2, 4), (5, 3, 5), (3, 0, 6), (1, 3, 7)]),CG(nc=5, r=8, tr=[(1, 2, 0), (4, 3, 1), (4, 2, 2), (1, 4, 3), (4, 3, 4), (0, 3, 5), (2, 0, 6), (2, 3, 7)]),1874,SAT
P48345,26,9,9,CG(nc=6, r=9, tr=[(1, 5, 0), (3, 5, 1), (4, 1, 2), (3, 4, 3), (0, 1, 4), (2, 0, 5), (2, 3, 6), (1, 2, 7), (5, 4, 6)]),CG(nc=6, r=9, tr=[(0, 1, 0), (2, 3, 1), (2, 1, 2), (5, 3, 3), (0, 4, 4), (5, 4, 5), (5, 2, 6), (4, 2, 7), (3, 1, 6)]),3722,SAT
P48346,26,9,9,CG(nc=6, r=9, tr=[(1, 2, 0), (3, 4, 1), (1, 3, 2), (4, 5, 3), (1, 0, 4), (0, 3, 5), (2, 1, 6), (2, 5, 7), (4, 3, 6)]),CG(nc=6, r=9, tr=[(1, 2, 0), (1, 3, 1), (1, 4, 2), (0, 1, 3), (4, 5, 4), (4, 0, 5), (5, 2, 6), (5, 1, 7), (0, 3, 6)]),3971,SAT
P48347,26,9,9,CG(nc=6, r=9, tr=[(0, 1, 0), (1, 2, 1), (1, 3, 2), (2, 0, 3), (3, 5, 4), (5, 4, 5), (2, 4, 6), (4, 3, 7), (1, 0, 6)]),CG(nc=6, r=9, tr=[(1, 0, 0), (2, 3, 1), (4, 2, 2), (5, 2, 3), (4, 0, 4), (4, 5, 5), (5, 3, 6), (0, 2, 7), (1, 3, 3)]),4059,SAT
P48348,24,8,8,CG(nc=7, r=8, tr=[(1, 2, 0), (3, 4, 1), (4, 6, 2), (0, 5, 3), (3, 5, 4), (2, 6, 5), (0, 2, 6), (1, 0, 7)]),CG(nc=5, r=8, tr=[(4, 2, 0), (3, 0, 1), (1, 4, 2), (0, 3, 3), (1, 4, 4), (0, 1, 5), (3, 2, 6), (2, 4, 7)]),2202,SAT
P48349,24,8,8,CG(nc=7, r=8, tr=[(1, 2, 0), (3, 4, 1), (4, 5, 2), (6, 3, 3), (0, 5, 4), (0, 1, 5), (1, 3, 6), (2, 6, 7)]),CG(nc=5, r=8, tr=[(1, 4, 0), (1, 3, 1), (4, 2, 2), (1, 0, 3), (4, 2, 4), (2, 0, 5), (3, 0, 6), (1, 4, 7)]),2164,SAT
P48350,26,9,9,CG(nc=7, r=9, tr=[(1, 2, 0), (1, 2, 1), (0, 1, 2), (3, 6, 3), (2, 3, 4), (5, 6, 5), (3, 4, 6), (5, 2, 7), (4, 0, 5)]),CG(nc=6, r=9, tr=[(1, 2, 0), (0, 1, 1), (3, 5, 2), (4, 3, 3), (4, 0, 4), (3, 0, 5), (2, 5, 6), (1, 2, 7), (2, 4, 5)]),4222,SAT
P48351,24,8,8,CG(nc=6, r=8, tr=[(5, 2, 0), (3, 0, 1), (2, 4, 2), (5, 4, 3), (3, 2, 4), (0, 1, 5), (4, 1, 6), (1, 4, 7)]),CG(nc=5, r=8, tr=[(1, 4, 0), (3, 0, 1), (1, 2, 2), (1, 0, 3), (2, 4, 4), (2, 0, 5), (1, 3, 6), (4, 1, 7)]),1993,SAT
P48360,24,8,8,CG(nc=6, r=8, tr=[(1, 0, 1), (5, 3, 2), (4, 1, 3), (3, 4, 4), (0, 2, 5), (3, 0, 6), (2, 4, 7), (2, 5, 6)]),CG(nc=5, r=8, tr=[(1, 2, 1), (4, 3, 2), (1, 2, 3), (2, 0, 4), (3, 1, 5), (4, 2, 6), (0, 1, 7), (0, 3, 6)]),3982,SAT
P48361,28,10,10,CG(nc=6, r=10, tr=[(1, 0, 0), (2, 3, 1), (0, 4, 2), (3, 0, 3), (5, 1, 4), (3, 4, 5), (2, 0, 6), (3, 1, 7), (5, 4, 6), (2, 1, 2)]),CG(nc=7, r=10, tr=[(1, 2, 0), (3, 6, 1), (5, 4, 2), (0, 1, 3), (4, 1, 4), (5, 6, 5), (1, 5, 6), (0, 4, 7), (4, 3, 6), (3, 2, 2)]),13586,SAT
P48362,26,9,9,CG(nc=7, r=9, tr=[(6, 2, 1), (3, 4, 2), (0, 4, 3), (5, 1, 4), (5, 6, 5), (5, 3, 6), (0, 1, 7), (3, 4, 5), (2, 3, 4)]),CG(nc=5, r=9, tr=[(1, 2, 1), (2, 1, 2), (0, 3, 3), (3, 4, 4), (1, 4, 5), (3, 1, 6), (0, 2, 7), (0, 1, 4), (4, 3, 7)]),6731,SAT
P48363,26,9,9,CG(nc=6, r=9, tr=[(1, 2, 1), (3, 5, 2), (1, 3, 3), (2, 0, 4), (1, 5, 5), (0, 3, 6), (1, 4, 7), (4, 2, 2), (5, 4, 6)]),CG(nc=6, r=9, tr=[(1, 2, 1), (3, 1, 2), (2, 5, 3), (5, 3, 4), (4, 3, 5), (4, 2, 6), (4, 0, 7), (5, 1, 7), (3, 0, 3)]),7795,SAT
P48364,22,7,7,CG(nc=5, r=7, tr=[(0, 1, 1), (4, 3, 2), (3, 2, 3), (1, 2, 4), (4, 2, 5), (0, 2, 6), (0, 1, 7)]),CG(nc=5, r=7, tr=[(1, 2, 1), (4, 3, 2), (4, 3, 3), (2, 0, 4), (0, 3, 5), (2, 4, 6), (0, 1, 7)]),1910,SAT
P48365,26,9,9,CG(nc=6, r=9, tr=[(0, 1, 0), (2, 3, 1), (2, 0, 2), (3, 4, 3), (5, 4, 4), (1, 2, 5), (2, 5, 6), (1, 4, 7), (1, 0, 3)]),CG(nc=5, r=9, tr=[(1, 4, 0), (3, 2, 1), (2, 0, 2), (3, 1, 3), (0, 2, 4), (2, 4, 5), (2, 4, 6), (3, 0, 7), (3, 0, 5)]),4031,SAT
P48366,22,7,7,CG(nc=5, r=7, tr=[(1, 4, 1), (3, 0, 2), (3, 2, 3), (2, 1, 4), (0, 2, 5), (4, 3, 6), (4, 1, 7)]),CG(nc=5, r=7, tr=[(1, 2, 1), (3, 4, 2), (3, 2, 3), (0, 2, 4), (3, 0, 5), (2, 4, 6), (0, 1, 7)]),1709,SAT
P48367,24,8,8,CG(nc=6, r=8, tr=[(1, 0, 1), (2, 3, 2), (2, 5, 3), (1, 3, 4), (1, 5, 5), (4, 0, 6), (2, 0, 7), (4, 2, 5)]),CG(nc=5, r=8, tr=[(0, 1, 1), (2, 3, 2), (4, 2, 3), (3, 2, 4), (0, 2, 5), (3, 1, 6), (4, 3, 7), (3, 0, 3)]),3540,SAT
P48380,18,6,6,CG(nc=6, r=6, tr=[(1, 2, 1), (2, 3, 2), (0, 3, 3), (5, 1, 4), (5, 4, 5), (0, 4, 6)]),CG(nc=3, r=6, tr=[(2, 1, 1), (1, 2, 2), (2, 1, 3), (1, 2, 4), (0, 1, 5), (1, 0, 6)]),1902,SAT
P48381,20,7,7,CG(nc=6, r=7, tr=[(1, 0, 0), (1, 2, 1), (2, 3, 2), (1, 0, 3), (5, 3, 4), (5, 4, 5), (1, 4, 6)]),CG(nc=5, r=7, tr=[(0, 1, 0), (2, 4, 1), (4, 3, 2), (1, 4, 3), (4, 2, 4), (3, 0, 5), (2, 0, 6)]),1911,SAT
P48382,20,7,7,CG(nc=5, r=7, tr=[(1, 2, 1), (3, 0, 2), (2, 3, 3), (4, 1, 4), (3, 0, 5), (2, 4, 6), (1, 3, 6)]),CG(nc=5, r=7, tr=[(4, 2, 1), (0, 3, 2), (1, 0, 3), (2, 1, 4), (4, 1, 5), (2, 0, 6), (1, 3, 5)]),3565,SAT
P48383,18,6,6,CG(nc=6, r=6, tr=[(1, 2, 1), (3, 0, 2), (5, 2, 3), (3, 1, 4), (4, 0, 5), (4, 2, 6)]),CG(nc=3, r=6, tr=[(2, 1, 1), (2, 1, 2), (0, 2, 3), (2, 1, 4), (0, 1, 5), (0, 1, 6)]),1680,SAT
P48596,30,11,11,CG(nc=7, r=11, tr=[(1, 2, 0), (3, 4, 1), (4, 6, 2), (5, 0, 3), (5, 3, 4), (6, 4, 5), (4, 1, 6), (0, 1, 7), (4, 6, 0), (5, 4, 7), (5, 2, 5)]),CG(nc=7, r=11, tr=[(0, 1, 0), (2, 1, 1), (6, 4, 2), (6, 4, 3), (0, 5, 4), (4, 1, 5), (3, 5, 6), (6, 3, 7), (2, 6, 6), (2, 5, 5), (2, 6, 7)]),216138,SAT
P48597,26,9,9,CG(nc=6, r=9, tr=[(5, 2, 0), (5, 3, 1), (3, 2, 2), (2, 4, 3), (4, 0, 4), (0, 1, 5), (4, 1, 6), (0, 4, 7), (2, 1, 7)]),CG(nc=6, r=9, tr=[(1, 5, 0), (3, 4, 1), (0, 1, 2), (1, 0, 3), (2, 5, 4), (3, 1, 5), (4, 0, 6), (3, 5, 7), (4, 2, 5)]),4044,SAT
P48598,31,12,11,CG(nc=8, r=12, tr=[(1, 0, 0), (2, 3, 1), (3, 4, 2), (4, 5, 3), (0, 2, 4), (3, 7, 5), (5, 4, 6), (6, 2, 7), (4, 1, 7), (5, 7, 1), (6, 1, 3), (6, 3, 6)]),CG(nc=7, r=11, tr=[(1, 2, 0), (6, 1, 1), (2, 4, 2), (5, 1, 3), (5, 3, 4), (1, 0, 5), (5, 6, 6), (2, 3, 7), (0, 3, 2), (0, 2, 6), (4, 6, 5)]),418903,SAT
P48599,28,10,10,CG(nc=7, r=10, tr=[(1, 2, 0), (3, 4, 1), (4, 5, 2), (3, 0, 3), (6, 5, 4), (6, 1, 5), (6, 5, 6), (5, 1, 7), (3, 2, 6), (4, 0, 0)]),CG(nc=6, r=10, tr=[(1, 2, 0), (0, 3, 1), (2, 4, 2), (1, 0, 3), (4, 3, 4), (3, 5, 5), (1, 3, 6), (4, 0, 7), (5, 2, 3), (1, 5, 7)]),9363,SAT
P48600,26,9,9,CG(nc=6, r=9, tr=[(1, 2, 0), (3, 0, 1), (4, 2, 2), (3, 2, 3), (5, 4, 4), (5, 4, 5), (0, 2, 6), (0, 1, 7), (4, 1, 6)]),CG(nc=6, r=9, tr=[(0, 1, 0), (2, 3, 1), (1, 2, 2), (4, 5, 3), (5, 1, 4), (1, 0, 5), (1, 4, 6), (5, 2, 7), (3, 0, 6)]),3719,SAT
P48601,26,9,9,CG(nc=6, r=9, tr=[(1, 5, 0), (3, 5, 1), (4, 2, 2), (4, 3, 3), (0, 2, 4), (0, 2, 5), (1, 2, 6), (1, 4, 7), (4, 3, 6)]),CG(nc=6, r=9, tr=[(1, 5, 0), (0, 1, 1), (3, 4, 2), (0, 4, 3), (5, 2, 4), (0, 2, 5), (1, 4, 6), (2, 3, 7), (5, 4, 7)]),4528,SAT
P48602,26,9,9,CG(nc=6, r=9, tr=[(5, 2, 0), (3, 5, 1), (4, 1, 2), (4, 3, 3), (0, 1, 4), (4, 0, 5), (2, 3, 6), (2, 1, 7), (3, 5, 7)]),CG(nc=6, r=9, tr=[(1, 2, 0), (3, 1, 1), (0, 2, 2), (4, 2, 3), (4, 5, 4), (4, 0, 5), (0, 3, 6), (5, 1, 7), (5, 2, 6)]),4421,SAT
P48603,24,8,8,CG(nc=6, r=8, tr=[(5, 2, 0), (3, 5, 1), (4, 3, 2), (4, 1, 3), (0, 1, 4), (0, 4, 5), (2, 1, 6), (2, 3, 7)]),CG(nc=5, r=8, tr=[(4, 2, 0), (0, 2, 1), (3, 1, 2), (0, 3, 3), (1, 4, 4), (1, 0, 5), (3, 2, 6), (4, 3, 7)]),2124,SAT
P48604,26,9,9,CG(nc=7, r=9, tr=[(1, 0, 0), (2, 3, 1), (6, 5, 2), (2, 5, 3), (0, 3, 4), (4, 6, 5), (1, 3, 6), (4, 1, 7), (4, 3, 0)]),CG(nc=5, r=9, tr=[(4, 2, 0), (3, 0, 1), (0, 3, 2), (1, 0, 3), (3, 0, 4), (4, 3, 5), (1, 2, 6), (1, 4, 7), (3, 2, 7)]),4390,SAT
P48605,24,8,8,CG(nc=7, r=8, tr=[(1, 2, 0), (6, 4, 1), (5, 0, 2), (4, 3, 3), (5, 3, 4), (0, 1, 5), (2, 6, 6), (2, 6, 7)]),CG(nc=6, r=8, tr=[(5, 2, 0), (0, 2, 1), (5, 3, 2), (3, 4, 3), (1, 4, 4), (0, 3, 5), (5, 4, 6), (1, 0, 7)]),1968,SAT
P48606,28,10,10,CG(nc=7, r=10, tr=[(1, 2, 0), (3, 1, 1), (6, 5, 2), (0, 3, 3), (5, 1, 4), (1, 6, 5), (2, 3, 6), (0, 4, 7), (4, 5, 6), (2, 4, 2)]),CG(nc=6, r=10, tr=[(1, 5, 0), (0, 3, 1), (0, 4, 2), (5, 2, 3), (4, 2, 4), (2, 0, 5), (1, 3, 6), (4, 1, 7), (5, 4, 6), (4, 5, 5)]),9242,SAT
P48607,26,9,9,CG(nc=7, r=9, tr=[(0, 1, 0), (1, 2, 1), (3, 1, 2), (0, 3, 3), (2, 6, 4), (3, 5, 5), (4, 5, 6), (6, 5, 7), (6, 4, 0)]),CG(nc=6, r=9, tr=[(1, 0, 0), (1, 5, 1), (3, 1, 2), (0, 3, 3), (4, 0, 4), (3, 5, 5), (2, 5, 6), (2, 4, 7), (2, 3, 5)]),3669,SAT
P48616,26,9,9,CG(nc=7, r=9, tr=[(0, 1, 0), (2, 3, 1), (2, 1, 2), (0, 3, 3), (4, 0, 4), (1, 5, 5), (6, 5, 6), (4, 5, 7), (6, 1, 4)]),CG(nc=5, r=9, tr=[(4, 2, 0), (3, 2, 1), (4, 1, 2), (2, 3, 3), (2, 0, 4), (3, 1, 5), (0, 1, 6), (0, 3, 7), (4, 2, 6)]),4182,SAT
P48617,28,10,10,CG(nc=8, r=10, tr=[(1, 0, 0), (2, 3, 1), (4, 7, 2), (4, 3, 3), (2, 0, 4), (1, 6, 5), (6, 7, 6), (2, 5, 7), (3, 6, 7), (5, 4, 5)]),CG(nc=6, r=10, tr=[(1, 2, 0), (0, 2, 1), (5, 1, 2), (4, 3, 3), (4, 5, 4), (0, 4, 5), (2, 3, 6), (3, 5, 7), (4, 3, 2), (5, 2, 5)]),9552,SAT
P48618,26,9,9,CG(nc=6, r=9, tr=[(0, 1, 0), (2, 0, 1), (1, 2, 2), (3, 4, 3), (5, 4, 4), (1, 4, 5), (5, 3, 6), (0, 1, 7), (3, 1, 4)]),CG(nc=6, r=9, tr=[(1, 5, 0), (3, 0, 1), (3, 0, 2), (0, 4, 3), (2, 0, 4), (2, 5, 5), (2, 4, 6), (1, 3, 7), (4, 5, 4)]),4043,SAT
P48619,28,10,10,CG(nc=7, r=10, tr=[(0, 1, 0), (0, 2, 1), (1, 3, 2), (4, 1, 3), (4, 6, 4), (6, 5, 5), (5, 4, 6), (1, 0, 7), (3, 2, 4), (2, 5, 7)]),CG(nc=6, r=10, tr=[(0, 1, 0), (2, 3, 1), (5, 3, 2), (0, 2, 3), (4, 0, 4), (2, 4, 5), (5, 4, 6), (1, 3, 7), (3, 2, 4), (5, 2, 7)]),8718,SAT
P48620,24,8,8,CG(nc=7, r=8, tr=[(1, 2, 0), (3, 4, 1), (5, 3, 2), (6, 4, 3), (0, 5, 4), (6, 1, 5), (0, 2, 6), (5, 1, 7)]),CG(nc=6, r=8, tr=[(1, 2, 0), (2, 0, 1), (5, 4, 2), (4, 5, 3), (5, 3, 4), (0, 4, 5), (0, 3, 6), (1, 5, 7)]),1816,SAT
P48621,24,8,8,CG(nc=7, r=8, tr=[(1, 2, 0), (3, 4, 1), (4, 5, 2), (0, 3, 3), (5, 6, 4), (2, 0, 5), (1, 6, 6), (2, 4, 7)]),CG(nc=6, r=8, tr=[(1, 2, 0), (2, 0, 1), (3, 1, 2), (5, 3, 3), (5, 4, 4), (3, 0, 5), (0, 4, 6), (5, 1, 7)]),1853,SAT
P48622,24,8,8,CG(nc=6, r=8, tr=[(1, 2, 0), (3, 4, 1), (5, 4, 2), (3, 2, 3), (0, 2, 4), (1, 5, 5), (0, 3, 6), (2, 1, 7)]),CG(nc=5, r=8, tr=[(0, 1, 0), (2, 4, 1), (4, 2, 2), (2, 3, 3), (0, 3, 4), (2, 0, 5), (4, 3, 6), (2, 1, 7)]),2316,SAT
P48623,26,9,9,CG(nc=7, r=9, tr=[(1, 2, 0), (3, 6, 1), (3, 5, 2), (3, 2, 3), (4, 5, 4), (3, 0, 5), (6, 1, 6), (6, 4, 7), (4, 0, 3)]),CG(nc=5, r=9, tr=[(4, 2, 0), (3, 2, 1), (4, 1, 2), (2, 3, 3), (1, 4, 4), (1, 3, 5), (1, 0, 6), (3, 0, 7), (0, 1, 3)]),4358,SAT
P48636,24,8,8,CG(nc=7, r=8, tr=[(1, 2, 0), (0, 3, 1), (6, 5, 2), (4, 5, 3), (3, 4, 4), (1, 6, 5), (2, 0, 6), (1, 2, 7)]),CG(nc=5, r=8, tr=[(0, 1, 0), (2, 4, 1), (3, 0, 2), (3, 0, 3), (4, 2, 4), (4, 3, 5), (2, 0, 6), (1, 2, 7)]),2042,SAT
P48637,20,7,7,CG(nc=7, r=7, tr=[(6, 2, 0), (3, 4, 1), (5, 6, 2), (4, 0, 3), (3, 5, 4), (2, 1, 5), (0, 1, 6)]),CG(nc=5, r=7, tr=[(1, 4, 0), (1, 0, 1), (4, 3, 2), (2, 0, 3), (2, 0, 4), (0, 3, 5), (2, 4, 6)]),2316,SAT
P48638,26,9,9,CG(nc=7, r=9, tr=[(1, 2, 0), (3, 6, 1), (2, 1, 2), (1, 0, 3), (2, 3, 4), (5, 3, 5), (4, 6, 6), (5, 0, 7), (4, 2, 5)]),CG(nc=5, r=9, tr=[(4, 2, 0), (3, 2, 1), (0, 1, 2), (3, 4, 3), (1, 3, 4), (1, 4, 5), (3, 0, 6), (0, 3, 7), (2, 4, 6)]),4434,SAT
P48639,20,7,7,CG(nc=6, r=7, tr=[(1, 0, 0), (2, 5, 1), (0, 4, 2), (3, 2, 3), (4, 3, 4), (3, 1, 5), (5, 2, 6)]),CG(nc=4, r=7, tr=[(1, 0, 0), (3, 1, 1), (0, 2, 2), (2, 1, 3), (2, 0, 4), (2, 3, 5), (2, 3, 6)]),1999,SAT
P488,26,9,9,CG(nc=6, r=9, tr=[(1, 2, 0), (5, 4, 1), (4, 5, 2), (0, 4, 3), (3, 2, 4), (5, 2, 5), (0, 1, 6), (0, 3, 7), (4, 1, 4)]),CG(nc=7, r=9, tr=[(1, 2, 0), (3, 0, 1), (2, 3, 2), (4, 6, 3), (4, 5, 4), (0, 5, 5), (5, 3, 6), (1, 6, 7), (3, 4, 5)]),3769,SAT
P48872,26,9,9,CG(nc=6, r=9, tr=[(1, 0, 1), (2, 5, 2), (4, 2, 3), (1, 4, 4), (1, 5, 5), (3, 2, 6), (4, 3, 7), (3, 0, 5), (5, 2, 7)]),CG(nc=6, r=9, tr=[(1, 2, 1), (3, 1, 2), (0, 4, 3), (1, 5, 4), (2, 5, 5), (4, 2, 6), (1, 0, 7), (4, 3, 5), (5, 4, 7)]),6283,SAT
P48873,30,11,11,CG(nc=7, r=11, tr=[(1, 0, 0), (2, 1, 1), (3, 2, 2), (4, 3, 3), (4, 0, 4), (6, 5, 5), (3, 5, 6), (3, 1, 7), (5, 4, 1), (4, 2, 5), (1, 6, 4)]),CG(nc=7, r=11, tr=[(1, 2, 0), (0, 2, 1), (3, 6, 2), (5, 4, 3), (2, 5, 4), (5, 0, 5), (6, 4, 6), (3, 5, 7), (3, 1, 3), (2, 6, 5), (4, 2, 7)]),220292,SAT
P48874,24,8,8,CG(nc=6, r=8, tr=[(5, 2, 1), (3, 4, 2), (2, 4, 3), (0, 3, 4), (5, 1, 5), (1, 3, 6), (4, 1, 7), (4, 5, 6)]),CG(nc=6, r=8, tr=[(1, 2, 1), (3, 4, 2), (3, 1, 3), (0, 5, 4), (5, 3, 5), (1, 0, 6), (5, 2, 7), (0, 4, 7)]),4103,SAT
P48875,26,9,9,CG(nc=6, r=9, tr=[(1, 0, 1), (2, 3, 2), (5, 3, 3), (2, 1, 4), (1, 5, 5), (2, 4, 6), (5, 4, 7), (0, 4, 3), (0, 3, 7)]),CG(nc=5, r=9, tr=[(1, 4, 1), (3, 2, 2), (4, 3, 3), (4, 0, 4), (2, 4, 5), (3, 1, 6), (3, 0, 7), (0, 2, 1), (0, 1, 5)]),8766,SAT
P48876,26,9,9,CG(nc=6, r=9, tr=[(5, 2, 1), (2, 3, 2), (0, 4, 3), (0, 1, 4), (1, 2, 5), (2, 5, 6), (5, 4, 7), (0, 1, 7), (3, 4, 4)]),CG(nc=6, r=9, tr=[(1, 2, 1), (0, 3, 2), (4, 5, 3), (1, 5, 4), (5, 2, 5), (1, 0, 6), (2, 3, 7), (5, 3, 6), (4, 0, 5)]),8014,SAT
P48877,28,10,10,CG(nc=7, r=10, tr=[(0, 1, 0), (1, 2, 1), (2, 3, 2), (4, 3, 3), (4, 0, 4), (6, 5, 5), (3, 5, 6), (1, 3, 7), (2, 4, 5), (1, 6, 4)]),CG(nc=6, r=10, tr=[(1, 2, 0), (0, 3, 1), (4, 1, 2), (4, 5, 3), (5, 1, 4), (0, 4, 5), (3, 1, 6), (2, 5, 7), (0, 2, 3), (2, 0, 4)]),10124,SAT
P48878,22,7,7,CG(nc=6, r=7, tr=[(1, 0, 1), (2, 3, 2), (1, 3, 3), (2, 5, 4), (0, 4, 5), (2, 4, 6), (2, 4, 7)]),CG(nc=4, r=7, tr=[(1, 0, 1), (0, 1, 2), (0, 1, 3), (3, 0, 4), (3, 1, 5), (2, 3, 6), (1, 2, 7)]),2002,SAT
P48879,24,8,8,CG(nc=7, r=8, tr=[(1, 2, 1), (0, 2, 2), (3, 1, 3), (6, 3, 4), (3, 5, 5), (4, 1, 6), (2, 5, 7), (4, 0, 5)]),CG(nc=5, r=8, tr=[(4, 2, 1), (2, 3, 2), (0, 3, 3), (4, 0, 4), (1, 2, 5), (1, 2, 6), (0, 1, 7), (3, 4, 5)]),3647,SAT
P48892,22,7,7,CG(nc=5, r=7, tr=[(1, 4, 1), (0, 3, 2), (1, 2, 3), (2, 3, 4), (0, 3, 5), (4, 2, 6), (3, 2, 7)]),CG(nc=5, r=7, tr=[(1, 4, 1), (0, 3, 2), (1, 4, 3), (2, 0, 4), (3, 4, 5), (1, 0, 6), (4, 2, 7)]),1757,SAT
P48893,26,9,9,CG(nc=7, r=9, tr=[(1, 2, 0), (3, 6, 1), (1, 5, 2), (5, 3, 3), (0, 1, 4), (2, 6, 5), (4, 1, 6), (0, 4, 7), (4, 2, 3)]),CG(nc=6, r=9, tr=[(1, 5, 0), (0, 3, 1), (4, 5, 2), (0, 1, 3), (4, 2, 4), (4, 0, 5), (2, 5, 6), (2, 3, 7), (3, 2, 6)]),4128,SAT
P48894,18,6,6,CG(nc=5, r=6, tr=[(4, 2, 1), (3, 1, 2), (1, 0, 3), (3, 2, 4), (0, 2, 5), (4, 3, 6)]),CG(nc=3, r=6, tr=[(2, 1, 1), (2, 1, 2), (1, 2, 3), (2, 0, 4), (0, 1, 5), (1, 0, 6)]),1770,SAT
P48895,18,6,6,CG(nc=5, r=6, tr=[(0, 1, 1), (2, 3, 2), (2, 1, 3), (3, 4, 4), (2, 3, 5), (0, 1, 6)]),CG(nc=4, r=6, tr=[(3, 2, 1), (3, 1, 2), (3, 0, 3), (0, 3, 4), (1, 0, 5), (0, 2, 6)]),1658,SAT
P489,22,8,8,CG(nc=5, r=8, tr=[(0, 1, 0), (0, 2, 1), (1, 0, 2), (1, 4, 3), (4, 3, 4), (3, 1, 5), (3, 2, 6), (4, 2, 5)]),CG(nc=6, r=8, tr=[(5, 2, 0), (3, 0, 1), (3, 2, 2), (4, 0, 3), (5, 1, 4), (1, 4, 5), (1, 2, 6), (4, 2, 4)]),3163,SAT
P490,24,8,8,CG(nc=6, r=8, tr=[(1, 0, 0), (2, 5, 1), (1, 0, 2), (5, 1, 3), (4, 0, 4), (3, 5, 5), (2, 4, 6), (4, 3, 7)]),CG(nc=6, r=8, tr=[(1, 2, 0), (1, 3, 1), (5, 2, 2), (1, 5, 3), (1, 0, 4), (4, 1, 5), (0, 4, 6), (3, 0, 7)]),2072,SAT
P491,20,7,7,CG(nc=4, r=7, tr=[(1, 3, 0), (2, 3, 1), (2, 3, 2), (2, 0, 3), (0, 1, 4), (1, 2, 5), (1, 2, 6)]),CG(nc=6, r=7, tr=[(5, 2, 0), (3, 0, 1), (2, 3, 2), (4, 5, 3), (0, 4, 4), (0, 1, 5), (4, 1, 6)]),2061,SAT
P49148,22,7,7,CG(nc=7, r=7, tr=[(1, 6, 1), (3, 1, 2), (4, 0, 3), (4, 3, 4), (5, 2, 5), (2, 6, 6), (0, 5, 7)]),CG(nc=5, r=7, tr=[(4, 2, 1), (3, 0, 2), (1, 4, 3), (3, 0, 4), (4, 3, 5), (0, 1, 6), (0, 2, 7)]),2208,SAT
P49149,24,8,8,CG(nc=8, r=8, tr=[(1, 0, 0), (2, 3, 1), (4, 7, 2), (0, 3, 3), (4, 2, 4), (6, 7, 5), (5, 6, 6), (1, 5, 7)]),CG(nc=4, r=8, tr=[(0, 1, 0), (1, 3, 1), (3, 1, 2), (2, 0, 3), (0, 2, 4), (3, 2, 5), (2, 3, 6), (1, 0, 7)]),2022,SAT
P49150,22,7,7,CG(nc=7, r=7, tr=[(1, 2, 1), (3, 1, 2), (0, 3, 3), (2, 6, 4), (5, 2, 5), (5, 4, 6), (0, 4, 7)]),CG(nc=4, r=7, tr=[(1, 0, 1), (2, 3, 2), (3, 2, 3), (0, 3, 4), (0, 2, 5), (1, 3, 6), (0, 2, 7)]),2138,SAT
P49151,10,4,4,CG(nc=5, r=4, tr=[(1, 0, 1), (4, 3, 2), (2, 3, 3), (1, 2, 4)]),CG(nc=2, r=4, tr=[(1, 0, 1), (1, 0, 2), (0, 1, 3), (1, 0, 4)]),1722,SAT
P494,20,7,7,CG(nc=5, r=7, tr=[(4, 2, 0), (2, 4, 1), (3, 0, 2), (2, 0, 3), (4, 1, 4), (1, 3, 5), (0, 3, 7)]),CG(nc=6, r=7, tr=[(1, 2, 0), (3, 5, 1), (0, 2, 2), (5, 4, 3), (4, 0, 4), (0, 4, 5), (3, 1, 7)]),2000,SAT
P495,16,6,6,CG(nc=5, r=6, tr=[(1, 0, 0), (0, 1, 1), (2, 4, 2), (4, 1, 3), (2, 3, 4), (0, 3, 5)]),CG(nc=4, r=6, tr=[(1, 3, 0), (2, 1, 1), (2, 0, 2), (2, 3, 3), (0, 2, 4), (0, 2, 5)]),1802,SAT
P510,24,8,8,CG(nc=6, r=8, tr=[(5, 2, 0), (2, 5, 1), (2, 5, 2), (0, 2, 3), (5, 3, 4), (4, 0, 5), (1, 4, 6), (3, 1, 7)]),CG(nc=5, r=8, tr=[(0, 1, 0), (2, 1, 1), (2, 3, 2), (0, 3, 3), (4, 3, 4), (4, 2, 5), (4, 3, 6), (4, 3, 7)]),2100,SAT
P511,8,4,4,CG(nc=3, r=4, tr=[(2, 1, 0), (2, 1, 1), (2, 1, 2), (0, 1, 3)]),CG(nc=4, r=4, tr=[(3, 2, 0), (2, 1, 1), (0, 1, 2), (3, 0, 3)]),1728,SAT
P552,24,8,8,CG(nc=5, r=8, tr=[(1, 2, 1), (3, 4, 2), (1, 4, 3), (4, 0, 4), (4, 3, 5), (2, 0, 6), (3, 2, 7), (0, 1, 2)]),CG(nc=6, r=8, tr=[(1, 2, 1), (2, 3, 2), (4, 5, 3), (0, 3, 4), (4, 2, 5), (2, 5, 6), (5, 1, 7), (1, 3, 3)]),3482,SAT
P553,28,10,10,CG(nc=6, r=10, tr=[(1, 2, 0), (3, 2, 1), (0, 4, 2), (4, 3, 3), (2, 4, 4), (3, 5, 5), (2, 0, 6), (1, 3, 7), (4, 5, 1), (2, 5, 2)]),CG(nc=8, r=10, tr=[(1, 2, 0), (3, 2, 1), (0, 1, 2), (7, 3, 3), (5, 1, 4), (5, 3, 5), (0, 6, 6), (7, 4, 7), (2, 6, 4), (4, 5, 1)]),9979,SAT
P554,14,6,6,CG(nc=4, r=6, tr=[(0, 1, 1), (3, 1, 2), (2, 3, 3), (3, 0, 4), (2, 0, 1), (0, 2, 2)]),CG(nc=5, r=6, tr=[(4, 2, 1), (3, 0, 2), (1, 4, 3), (3, 2, 4), (1, 2, 2), (3, 0, 3)]),4683,SAT
P555,18,8,8,CG(nc=4, r=8, tr=[(0, 1, 1), (0, 1, 2), (2, 0, 3), (3, 2, 4), (2, 3, 2), (3, 1, 4), (1, 3, 3), (2, 1, 1)]),CG(nc=7, r=8, tr=[(0, 1, 1), (6, 3, 2), (4, 5, 3), (1, 4, 4), (5, 2, 2), (5, 6, 1), (3, 1, 3), (2, 0, 4)]),222770,SAT
P556,24,8,8,CG(nc=5, r=8, tr=[(4, 2, 1), (0, 2, 2), (2, 3, 3), (0, 1, 4), (4, 1, 5), (0, 3, 6), (1, 3, 7), (3, 1, 2)]),CG(nc=7, r=8, tr=[(1, 2, 1), (0, 3, 2), (4, 3, 3), (6, 1, 4), (6, 4, 5), (5, 2, 6), (3, 2, 7), (5, 0, 3)]),3437,SAT
P557,26,9,9,CG(nc=6, r=9, tr=[(1, 2, 0), (3, 4, 1), (4, 5, 2), (4, 0, 3), (4, 3, 4), (1, 0, 5), (3, 5, 6), (2, 3, 7), (3, 0, 2)]),CG(nc=6, r=9, tr=[(1, 0, 0), (2, 3, 1), (1, 3, 2), (3, 5, 3), (2, 4, 4), (0, 1, 5), (4, 0, 6), (1, 0, 7), (4, 5, 2)]),3894,SAT
P558,16,6,6,CG(nc=4, r=6, tr=[(1, 3, 1), (3, 2, 2), (1, 2, 3), (3, 1, 4), (0, 1, 5), (2, 0, 1)]),CG(nc=5, r=6, tr=[(1, 2, 1), (3, 1, 2), (4, 1, 3), (0, 2, 4), (3, 0, 5), (4, 3, 1)]),2816,SAT
P559,14,6,6,CG(nc=4, r=6, tr=[(3, 2, 1), (2, 0, 2), (3, 1, 3), (2, 3, 4), (0, 2, 3), (2, 1, 2)]),CG(nc=5, r=6, tr=[(1, 0, 1), (2, 4, 2), (0, 3, 3), (1, 2, 4), (2, 4, 3), (3, 4, 2)]),4574,SAT
P572,24,8,8,CG(nc=5, r=8, tr=[(0, 1, 1), (2, 0, 2), (2, 1, 3), (3, 2, 4), (0, 3, 5), (4, 2, 6), (2, 3, 7), (1, 4, 2)]),CG(nc=6, r=8, tr=[(1, 2, 1), (5, 2, 2), (5, 1, 3), (1, 4, 4), (0, 3, 5), (3, 0, 6), (0, 4, 7), (3, 2, 3)]),3773,SAT
P573,26,9,9,CG(nc=6, r=9, tr=[(1, 2, 0), (3, 1, 1), (1, 4, 2), (3, 0, 3), (3, 5, 4), (4, 1, 5), (2, 5, 6), (0, 4, 7), (5, 3, 2)]),CG(nc=6, r=9, tr=[(0, 1, 0), (2, 5, 1), (2, 4, 2), (1, 2, 3), (3, 0, 4), (2, 0, 5), (0, 1, 6), (4, 3, 7), (4, 5, 3)]),4009,SAT
P5736,32,12,12,CG(nc=7, r=12, tr=[(1, 2, 0), (6, 2, 1), (4, 1, 2), (0, 1, 3), (2, 5, 4), (3, 4, 6), (4, 0, 7), (5, 4, 3), (6, 3, 5), (5, 3, 7), (1, 2, 5), (5, 3, 0)], dropped=[(4, 5)]),CG(nc=7, r=12, tr=[(1, 2, 0), (3, 4, 1), (4, 6, 2), (6, 5, 3), (3, 5, 4), (0, 1, 5), (0, 4, 6), (5, 0, 7), (3, 1, 2), (1, 6, 1), (5, 2, 6), (4, 2, 7)]),649890,SAT
P5737,35,14,13,CG(nc=9, r=14, tr=[(1, 2, 0), (8, 4, 1), (4, 1, 2), (5, 0, 3), (5, 1, 4), (8, 6, 5), (7, 3, 6), (0, 2, 7), (1, 6, 6), (7, 2, 4), (3, 7, 3), (6, 7, 2), (5, 3, 0), (3, 4, 1)], dropped=[(6, 3)]),CG(nc=8, r=13, tr=[(1, 2, 0), (3, 7, 1), (3, 5, 2), (6, 1, 3), (6, 0, 4), (7, 4, 5), (3, 1, 6), (6, 5, 7), (0, 3, 5), (4, 1, 2), (7, 2, 3), (4, 0, 1), (2, 0, 7)]),864069,SAT
P5738,30,11,11,CG(nc=7, r=11, tr=[(1, 0, 0), (6, 3, 1), (3, 1, 2), (1, 4, 3), (0, 5, 4), (6, 2, 5), (4, 3, 6), (4, 2, 7), (4, 5, 2), (2, 5, 6), (5, 6, 0)]),CG(nc=7, r=11, tr=[(1, 6, 0), (3, 1, 1), (6, 4, 2), (6, 5, 3), (0, 1, 4), (3, 2, 5), (5, 3, 6), (3, 4, 7), (2, 4, 6), (1, 5, 2), (2, 0, 0)]),334677,SAT
P5739,32,12,12,CG(nc=7, r=12, tr=[(1, 2, 0), (3, 0, 1), (4, 6, 2), (2, 3, 3), (4, 2, 4), (3, 6, 5), (0, 4, 6), (5, 2, 7), (1, 0, 2), (5, 1, 5), (6, 5, 1), (1, 5, 0)]),CG(nc=7, r=12, tr=[(1, 2, 0), (3, 4, 1), (2, 5, 2), (5, 6, 3), (6, 4, 4), (1, 6, 5), (2, 3, 6), (5, 0, 7), (4, 6, 7), (3, 0, 3), (3, 2, 4), (0, 1, 1)]),520855,SAT
P574,20,7,7,CG(nc=5, r=7, tr=[(1, 4, 1), (3, 1, 2), (1, 0, 3), (2, 0, 4), (4, 3, 5), (2, 3, 6), (0, 3, 1)]),CG(nc=5, r=7, tr=[(4, 2, 1), (2, 3, 2), (3, 4, 3), (3, 1, 4), (0, 2, 5), (3, 1, 6), (0, 1, 1)]),3255,SAT
P5742,30,11,11,CG(nc=7, r=11, tr=[(1, 6, 0), (3, 1, 1), (4, 5, 2), (5, 6, 3), (2, 1, 4), (1, 6, 5), (2, 0, 6), (0, 5, 7), (0, 3, 3), (3, 4, 0), (4, 1, 4)]),CG(nc=7, r=11, tr=[(1, 6, 0), (3, 1, 1), (4, 5, 2), (6, 3, 3), (1, 0, 4), (5, 0, 5), (2, 0, 6), (2, 3, 7), (3, 5, 0), (6, 4, 3), (2, 6, 2)]),213957,SAT
P5743,28,10,10,CG(nc=7, r=10, tr=[(0, 1, 0), (2, 1, 1), (3, 2, 2), (3, 0, 3), (4, 2, 4), (0, 4, 5), (2, 5, 6), (6, 3, 7), (5, 6, 3), (1, 5, 2)]),CG(nc=7, r=10, tr=[(1, 2, 0), (3, 4, 1), (3, 0, 2), (3, 6, 3), (1, 4, 4), (3, 2, 5), (5, 2, 6), (6, 1, 7), (5, 0, 1), (1, 0, 3)]),10702,SAT
P575,14,6,6,CG(nc=4, r=6, tr=[(1, 0, 1), (3, 1, 2), (3, 2, 3), (0, 2, 4), (2, 1, 1), (2, 0, 2)]),CG(nc=5, r=6, tr=[(1, 2, 1), (0, 2, 2), (3, 0, 3), (1, 4, 4), (2, 4, 3), (1, 3, 1)]),4585,SAT
P5758,26,10,10,CG(nc=7, r=10, tr=[(1, 2, 0), (3, 0, 1), (6, 2, 2), (5, 6, 3), (4, 2, 4), (6, 4, 5), (0, 2, 6), (0, 3, 0), (3, 5, 2), (1, 5, 1)]),CG(nc=6, r=10, tr=[(1, 5, 0), (1, 3, 1), (3, 5, 2), (3, 4, 3), (2, 4, 4), (1, 2, 5), (0, 3, 6), (0, 2, 2), (2, 0, 3), (5, 4, 1)]),209048,SAT
P5759,24,9,9,CG(nc=6, r=9, tr=[(1, 2, 0), (1, 5, 1), (1, 4, 2), (0, 2, 3), (2, 4, 4), (3, 5, 5), (3, 4, 6), (4, 3, 0), (3, 0, 1)]),CG(nc=6, r=9, tr=[(1, 2, 0), (5, 4, 1), (0, 2, 2), (1, 4, 3), (4, 2, 4), (1, 5, 5), (3, 4, 6), (0, 1, 1), (3, 0, 0)]),7189,SAT
P576,24,8,8,CG(nc=4, r=8, tr=[(1, 0, 0), (3, 1, 1), (2, 0, 2), (3, 2, 3), (2, 0, 4), (3, 2, 5), (3, 2, 6), (0, 2, 7)]),CG(nc=8, r=8, tr=[(1, 7, 0), (3, 4, 1), (5, 7, 2), (1, 6, 3), (0, 4, 4), (2, 0, 5), (6, 2, 6), (5, 3, 7)]),2093,SAT
P5760,28,10,10,CG(nc=6, r=10, tr=[(1, 0, 0), (2, 1, 1), (2, 0, 2), (3, 1, 3), (0, 4, 4), (2, 4, 5), (5, 2, 6), (4, 5, 7), (5, 3, 2), (1, 2, 7)]),CG(nc=7, r=10, tr=[(1, 2, 0), (3, 2, 1), (0, 4, 2), (5, 4, 3), (4, 2, 4), (0, 2, 5), (0, 1, 6), (3, 6, 7), (6, 5, 6), (1, 3, 2)]),10656,SAT
P5761,31,11,12,CG(nc=7, r=11, tr=[(1, 2, 0), (0, 2, 1), (2, 3, 2), (4, 1, 3), (4, 5, 4), (0, 5, 5), (6, 1, 6), (2, 5, 7), (6, 4, 1), (6, 3, 5), (1, 0, 2)]),CG(nc=8, r=12, tr=[(1, 7, 0), (3, 4, 1), (7, 3, 2), (4, 7, 3), (4, 5, 4), (6, 5, 5), (6, 0, 6), (0, 5, 7), (1, 6, 2), (2, 1, 7), (0, 2, 3), (6, 2, 1)]),328125,SAT
P5762,26,9,9,CG(nc=6, r=9, tr=[(1, 2, 0), (3, 1, 1), (1, 0, 2), (5, 3, 3), (4, 0, 4), (2, 5, 5), (4, 2, 6), (5, 4, 7), (2, 0, 1)]),CG(nc=6, r=9, tr=[(5, 2, 0), (2, 3, 1), (3, 5, 2), (3, 5, 3), (0, 4, 4), (1, 4, 5), (3, 1, 6), (1, 0, 7), (2, 4, 2)]),4242,SAT
P5763,30,11,11,CG(nc=6, r=11, tr=[(1, 0, 0), (5, 3, 1), (4, 1, 2), (1, 3, 3), (1, 5, 4), (0, 2, 5), (2, 4, 6), (2, 3, 7), (5, 3, 2), (0, 4, 1), (3, 4, 5)]),CG(nc=7, r=11, tr=[(6, 2, 0), (2, 3, 1), (3, 4, 2), (2, 6, 3), (2, 5, 4), (1, 0, 5), (5, 1, 6), (0, 5, 7), (0, 4, 3), (4, 6, 7), (3, 1, 0)]),213663,SAT
P5766,27,9,10,CG(nc=6, r=9, tr=[(5, 2, 0), (3, 2, 1), (4, 0, 2), (2, 4, 3), (3, 1, 4), (5, 1, 5), (0, 3, 6), (4, 1, 7), (5, 3, 2)]),CG(nc=7, r=10, tr=[(1, 0, 0), (2, 3, 1), (3, 6, 2), (6, 5, 3), (5, 1, 4), (1, 3, 5), (3, 0, 6), (4, 2, 7), (6, 4, 0), (0, 2, 4)]),8869,SAT
P5767,28,10,10,CG(nc=7, r=10, tr=[(1, 2, 0), (3, 0, 1), (4, 1, 2), (0, 2, 3), (3, 4, 4), (6, 4, 5), (3, 2, 6), (5, 1, 7), (0, 5, 5), (1, 6, 1)]),CG(nc=6, r=10, tr=[(1, 2, 0), (3, 0, 1), (2, 5, 2), (4, 3, 3), (3, 2, 4), (0, 1, 5), (2, 0, 6), (4, 5, 7), (1, 4, 1), (5, 4, 5)]),13532,SAT
P5768,28,10,10,CG(nc=6, r=10, tr=[(1, 2, 0), (3, 1, 1), (2, 3, 2), (3, 5, 3), (4, 3, 4), (2, 4, 5), (2, 0, 6), (5, 4, 7), (1, 0, 2), (2, 1, 7)]),CG(nc=7, r=10, tr=[(1, 0, 0), (2, 1, 1), (3, 0, 2), (4, 0, 3), (6, 1, 4), (4, 1, 5), (5, 3, 6), (6, 5, 7), (2, 3, 7), (4, 5, 2)]),9596,SAT
P5769,30,11,11,CG(nc=7, r=11, tr=[(1, 2, 0), (3, 4, 1), (1, 0, 2), (5, 6, 3), (4, 2, 4), (1, 3, 5), (0, 2, 6), (6, 3, 7), (1, 5, 1), (5, 4, 5), (2, 5, 2)]),CG(nc=8, r=11, tr=[(0, 1, 0), (2, 3, 1), (2, 4, 2), (7, 6, 3), (3, 0, 4), (6, 3, 5), (4, 5, 6), (7, 4, 7), (5, 1, 1), (1, 2, 5), (6, 5, 2)]),221147,SAT
P577,26,9,9,CG(nc=6, r=9, tr=[(5, 2, 0), (3, 0, 1), (5, 4, 2), (1, 5, 3), (4, 1, 4), (0, 4, 5), (3, 5, 6), (0, 2, 7), (0, 4, 3)]),CG(nc=7, r=9, tr=[(1, 0, 0), (2, 3, 1), (4, 1, 2), (3, 1, 3), (3, 4, 4), (5, 6, 5), (3, 5, 6), (1, 0, 7), (2, 6, 2)]),4651,SAT
P5770,26,9,9,CG(nc=6, r=9, tr=[(1, 2, 0), (5, 2, 1), (2, 4, 2), (0, 4, 3), (3, 5, 4), (3, 1, 5), (4, 1, 6), (3, 0, 7), (1, 5, 2)]),CG(nc=7, r=9, tr=[(1, 0, 0), (6, 3, 1), (3, 4, 2), (5, 4, 3), (4, 0, 4), (5, 6, 5), (3, 2, 6), (2, 1, 7), (5, 2, 2)]),3914,SAT
P5771,28,10,10,CG(nc=7, r=10, tr=[(6, 2, 0), (3, 4, 1), (0, 4, 2), (2, 4, 3), (6, 5, 4), (5, 1, 5), (0, 3, 6), (5, 4, 7), (3, 1, 3), (1, 6, 2)]),CG(nc=7, r=10, tr=[(1, 2, 0), (3, 0, 1), (3, 4, 2), (4, 6, 3), (4, 5, 4), (0, 5, 5), (3, 2, 6), (6, 1, 7), (5, 6, 1), (5, 2, 2)]),14681,SAT
P5774,28,10,10,CG(nc=7, r=10, tr=[(1, 6, 0), (0, 3, 1), (1, 4, 2), (3, 1, 3), (4, 6, 4), (4, 5, 5), (0, 5, 6), (2, 1, 7), (0, 5, 0), (0, 2, 4)]),CG(nc=7, r=10, tr=[(1, 2, 0), (3, 0, 1), (6, 5, 2), (0, 3, 3), (3, 5, 4), (1, 5, 5), (1, 6, 6), (4, 0, 7), (2, 0, 2), (4, 2, 1)]),11960,SAT
P5775,26,9,9,CG(nc=6, r=9, tr=[(1, 2, 0), (3, 2, 1), (0, 2, 2), (5, 1, 3), (3, 4, 4), (4, 1, 5), (0, 3, 6), (1, 0, 7), (5, 4, 2)]),CG(nc=6, r=9, tr=[(1, 2, 0), (0, 3, 1), (0, 2, 2), (0, 4, 3), (3, 4, 4), (3, 5, 5), (5, 2, 6), (1, 3, 7), (4, 5, 2)]),3842,SAT
P578,20,7,7,CG(nc=4, r=7, tr=[(3, 2, 0), (0, 2, 1), (0, 2, 2), (3, 2, 3), (1, 3, 4), (0, 1, 5), (2, 3, 6)]),CG(nc=7, r=7, tr=[(6, 2, 0), (3, 0, 1), (6, 4, 2), (0, 5, 3), (3, 4, 4), (2, 1, 5), (1, 5, 6)]),1777,SAT
P5782,24,9,9,CG(nc=6, r=9, tr=[(1, 2, 0), (3, 1, 1), (4, 0, 2), (0, 3, 3), (4, 3, 4), (4, 2, 5), (3, 0, 6), (2, 5, 6), (1, 5, 2)]),CG(nc=6, r=9, tr=[(1, 5, 0), (1, 3, 1), (3, 5, 2), (4, 2, 3), (0, 1, 4), (3, 2, 5), (3, 0, 6), (2, 0, 0), (5, 4, 4)]),5661,SAT
P5783,26,10,10,CG(nc=6, r=10, tr=[(1, 0, 0), (1, 2, 1), (0, 2, 2), (3, 2, 3), (5, 1, 4), (4, 0, 5), (2, 5, 6), (4, 3, 4), (3, 4, 2), (3, 5, 0)]),CG(nc=7, r=10, tr=[(0, 1, 0), (2, 3, 1), (4, 1, 2), (5, 2, 3), (4, 0, 4), (4, 5, 5), (2, 6, 6), (6, 3, 4), (5, 6, 0), (3, 1, 1)]),209410,SAT
P5784,28,10,10,CG(nc=6, r=10, tr=[(0, 1, 0), (1, 2, 1), (0, 2, 2), (5, 4, 3), (5, 1, 4), (3, 1, 5), (3, 0, 6), (2, 0, 7), (5, 4, 5), (2, 4, 0)]),CG(nc=6, r=10, tr=[(0, 1, 0), (2, 0, 1), (1, 2, 2), (0, 1, 3), (5, 4, 4), (5, 3, 5), (4, 5, 6), (4, 3, 7), (1, 3, 4), (2, 4, 0)]),10112,SAT
P5785,28,10,10,CG(nc=6, r=10, tr=[(5, 2, 0), (3, 0, 1), (2, 4, 2), (3, 2, 3), (0, 2, 4), (4, 0, 5), (1, 3, 6), (4, 2, 7), (1, 5, 5), (4, 5, 1)]),CG(nc=7, r=10, tr=[(6, 2, 0), (3, 4, 1), (5, 1, 2), (2, 3, 3), (3, 6, 4), (1, 2, 5), (6, 3, 6), (5, 4, 7), (0, 1, 4), (4, 0, 0)]),15443,SAT
P5786,26,9,9,CG(nc=6, r=9, tr=[(1, 2, 0), (3, 1, 1), (1, 5, 2), (0, 2, 3), (3, 4, 4), (4, 2, 5), (5, 3, 6), (0, 4, 7), (3, 2, 2)]),CG(nc=6, r=9, tr=[(5, 2, 0), (2, 3, 1), (3, 5, 2), (4, 5, 3), (0, 1, 4), (4, 1, 5), (3, 0, 6), (4, 0, 7), (1, 2, 2)]),4072,SAT
P5787,28,10,10,CG(nc=7, r=10, tr=[(1, 2, 0), (0, 3, 1), (6, 2, 2), (3, 2, 3), (6, 5, 4), (0, 1, 5), (1, 4, 6), (5, 3, 7), (5, 4, 3), (4, 6, 1)]),CG(nc=6, r=10, tr=[(1, 2, 0), (1, 5, 1), (4, 0, 2), (3, 4, 3), (5, 3, 4), (0, 1, 5), (0, 2, 6), (3, 5, 7), (2, 3, 2), (4, 1, 4)]),10161,SAT
P579,20,7,7,CG(nc=5, r=7, tr=[(1, 4, 0), (1, 0, 1), (4, 3, 2), (2, 4, 3), (2, 0, 4), (0, 3, 5), (1, 4, 6)]),CG(nc=5, r=7, tr=[(1, 2, 0), (2, 0, 1), (4, 3, 2), (3, 2, 3), (2, 3, 4), (3, 4, 5), (0, 1, 6)]),2298,SAT
P5790,24,9,9,CG(nc=6, r=9, tr=[(0, 1, 0), (5, 3, 1), (1, 4, 2), (3, 1, 3), (0, 4, 4), (2, 5, 5), (4, 2, 6), (3, 1, 4), (2, 4, 0)]),CG(nc=6, r=9, tr=[(0, 1, 0), (1, 2, 1), (2, 0, 2), (0, 3, 3), (5, 1, 4), (4, 5, 5), (2, 5, 6), (4, 3, 2), (3, 1, 5)]),6074,SAT
P5791,22,8,8,CG(nc=6, r=8, tr=[(1, 2, 0), (2, 3, 1), (0, 2, 2), (5, 1, 3), (4, 3, 4), (4, 1, 5), (0, 3, 6), (4, 5, 2)]),CG(nc=5, r=8, tr=[(1, 2, 0), (1, 4, 1), (2, 4, 2), (3, 4, 3), (1, 3, 4), (1, 0, 5), (0, 2, 6), (3, 0, 2)]),3669,SAT
P5800,28,10,10,CG(nc=6, r=10, tr=[(0, 1, 0), (2, 1, 1), (3, 1, 2), (5, 3, 3), (0, 2, 4), (2, 4, 5), (4, 5, 6), (3, 0, 7), (3, 5, 4), (3, 2, 0)]),CG(nc=7, r=10, tr=[(1, 2, 0), (3, 1, 1), (1, 4, 2), (2, 5, 3), (4, 6, 4), (6, 2, 5), (2, 6, 6), (3, 0, 7), (5, 0, 4), (3, 4, 0)]),14333,SAT
P5801,32,12,12,CG(nc=7, r=12, tr=[(0, 1, 0), (2, 6, 1), (2, 4, 2), (6, 5, 3), (1, 6, 4), (3, 1, 5), (3, 4, 6), (5, 0, 7), (4, 0, 3), (5, 3, 2), (1, 5, 1), (6, 4, 7)]),CG(nc=8, r=12, tr=[(1, 0, 0), (1, 2, 1), (3, 2, 2), (7, 3, 3), (0, 5, 4), (3, 5, 5), (2, 6, 6), (7, 6, 7), (4, 1, 5), (4, 6, 2), (5, 3, 6), (4, 5, 1)]),579041,SAT
P5802,26,9,9,CG(nc=6, r=9, tr=[(1, 5, 0), (3, 4, 1), (5, 4, 2), (2, 4, 3), (3, 0, 4), (1, 5, 5), (3, 1, 6), (3, 5, 7), (2, 0, 0)]),CG(nc=7, r=9, tr=[(1, 2, 0), (3, 4, 1), (3, 6, 2), (4, 6, 3), (0, 4, 4), (2, 3, 5), (6, 5, 6), (1, 0, 7), (5, 2, 1)]),5127,SAT
P5803,28,10,10,CG(nc=6, r=10, tr=[(5, 2, 0), (3, 4, 1), (2, 3, 2), (3, 0, 3), (2, 0, 4), (4, 1, 5), (2, 4, 6), (5, 3, 7), (1, 4, 2), (5, 1, 3)]),CG(nc=6, r=10, tr=[(1, 2, 0), (0, 3, 1), (1, 3, 2), (2, 5, 3), (5, 1, 4), (5, 3, 5), (5, 4, 6), (2, 0, 7), (4, 1, 1), (0, 2, 4)]),10386,SAT
P5804,28,10,10,CG(nc=6, r=10, tr=[(1, 2, 0), (3, 2, 1), (4, 0, 2), (1, 0, 3), (3, 4, 4), (0, 4, 5), (3, 5, 6), (3, 2, 7), (2, 5, 2), (4, 2, 6)]),CG(nc=6, r=10, tr=[(0, 1, 0), (2, 1, 1), (3, 1, 2), (4, 0, 3), (4, 3, 4), (3, 5, 5), (4, 2, 6), (5, 4, 7), (5, 3, 6), (2, 0, 2)]),15065,SAT
P5805,30,11,11,CG(nc=7, r=11, tr=[(1, 2, 0), (6, 1, 1), (2, 6, 2), (2, 4, 3), (6, 4, 4), (0, 5, 5), (2, 5, 6), (6, 1, 7), (3, 0, 4), (1, 3, 2), (4, 0, 0)]),CG(nc=7, r=11, tr=[(0, 1, 0), (2, 3, 1), (3, 4, 2), (4, 1, 3), (5, 6, 4), (5, 1, 5), (5, 1, 6), (5, 2, 7), (4, 0, 4), (5, 4, 0), (3, 6, 0)]),221321,SAT
P5806,26,9,9,CG(nc=6, r=9, tr=[(1, 2, 0), (2, 5, 1), (4, 2, 2), (0, 4, 3), (0, 3, 4), (5, 1, 5), (3, 1, 6), (3, 1, 7), (4, 3, 1)]),CG(nc=7, r=9, tr=[(1, 0, 0), (6, 3, 1), (4, 3, 2), (4, 6, 3), (0, 4, 4), (5, 6, 5), (2, 3, 6), (2, 1, 7), (5, 1, 2)]),4727,SAT
P5807,28,10,10,CG(nc=7, r=10, tr=[(1, 2, 0), (2, 3, 1), (2, 6, 2), (1, 0, 3), (5, 3, 4), (4, 3, 5), (3, 6, 6), (1, 6, 7), (0, 5, 2), (1, 4, 4)]),CG(nc=6, r=10, tr=[(0, 1, 0), (1, 2, 1), (3, 5, 2), (0, 3, 3), (5, 1, 4), (3, 1, 5), (1, 3, 6), (4, 3, 7), (4, 5, 1), (0, 2, 2)]),10570,SAT
P582,16,6,6,CG(nc=4, r=6, tr=[(1, 3, 0), (0, 1, 1), (0, 1, 2), (2, 0, 3), (2, 3, 4), (0, 2, 5)]),CG(nc=6, r=6, tr=[(5, 2, 0), (3, 4, 1), (5, 3, 2), (1, 0, 3), (0, 4, 4), (1, 2, 5)]),2488,SAT
P5820,28,10,10,CG(nc=7, r=10, tr=[(1, 2, 0), (1, 3, 1), (3, 6, 2), (1, 0, 3), (1, 5, 4), (3, 2, 5), (6, 4, 6), (0, 5, 7), (2, 6, 1), (5, 4, 5)]),CG(nc=6, r=10, tr=[(1, 5, 0), (3, 1, 1), (3, 5, 2), (5, 4, 3), (2, 4, 4), (2, 0, 5), (2, 0, 6), (4, 0, 7), (3, 2, 0), (2, 3, 1)]),11571,SAT
P5821,28,10,10,CG(nc=7, r=10, tr=[(1, 2, 0), (2, 3, 1), (0, 2, 2), (4, 0, 3), (3, 6, 4), (5, 3, 5), (4, 5, 6), (4, 6, 7), (3, 0, 0), (6, 1, 3)]),CG(nc=7, r=10, tr=[(1, 2, 0), (3, 0, 1), (2, 4, 2), (0, 4, 3), (4, 3, 4), (0, 5, 5), (3, 1, 6), (6, 2, 7), (1, 6, 3), (1, 5, 2)]),14047,SAT
P5822,22,8,8,CG(nc=5, r=8, tr=[(1, 4, 0), (3, 2, 1), (2, 4, 2), (3, 0, 3), (0, 1, 4), (2, 4, 5), (1, 2, 6), (1, 3, 2)]),CG(nc=5, r=8, tr=[(1, 4, 0), (3, 1, 1), (3, 4, 2), (1, 4, 3), (0, 1, 4), (2, 0, 5), (3, 0, 6), (2, 1, 2)]),4215,SAT
P5823,24,9,9,CG(nc=7, r=9, tr=[(6, 2, 0), (3, 4, 1), (0, 3, 2), (0, 5, 3), (4, 6, 4), (1, 4, 5), (5, 1, 6), (3, 2, 3), (5, 4, 0)]),CG(nc=6, r=9, tr=[(0, 1, 0), (2, 5, 1), (4, 5, 2), (1, 0, 3), (4, 3, 4), (1, 4, 5), (1, 2, 6), (3, 5, 3), (3, 0, 1)]),6983,SAT
P583,16,6,6,CG(nc=4, r=6, tr=[(1, 0, 0), (1, 3, 1), (3, 1, 2), (0, 2, 3), (2, 3, 4), (0, 1, 5)]),CG(nc=4, r=6, tr=[(0, 1, 0), (0, 1, 1), (2, 3, 2), (1, 2, 3), (1, 2, 4), (3, 2, 5)]),2574,SAT
P584,26,9,9,CG(nc=6, r=9, tr=[(1, 5, 0), (3, 0, 1), (1, 0, 2), (5, 3, 3), (3, 4, 4), (2, 0, 5), (4, 2, 6), (5, 2, 7), (4, 1, 4)]),CG(nc=7, r=9, tr=[(1, 2, 0), (0, 3, 1), (2, 3, 2), (0, 4, 3), (3, 4, 4), (2, 6, 5), (1, 4, 6), (5, 6, 7), (4, 5, 2)]),4848,SAT
P585,28,10,10,CG(nc=6, r=10, tr=[(1, 2, 0), (3, 2, 1), (5, 4, 2), (0, 1, 3), (0, 2, 4), (2, 4, 5), (5, 3, 6), (5, 1, 7), (1, 5, 4), (4, 0, 0)]),CG(nc=7, r=10, tr=[(6, 2, 0), (3, 4, 1), (0, 4, 2), (3, 2, 3), (6, 5, 4), (5, 1, 5), (3, 1, 6), (3, 5, 7), (5, 0, 0), (1, 4, 3)]),10311,SAT
P586,20,7,7,CG(nc=4, r=7, tr=[(3, 2, 0), (3, 1, 1), (0, 2, 2), (0, 1, 3), (2, 0, 4), (2, 3, 5), (2, 3, 6)]),CG(nc=6, r=7, tr=[(1, 0, 0), (2, 5, 1), (4, 0, 2), (5, 2, 3), (2, 4, 4), (2, 3, 5), (3, 1, 6)]),2300,SAT
P5864,30,11,11,CG(nc=7, r=11, tr=[(1, 2, 0), (2, 3, 1), (3, 6, 2), (5, 0, 3), (4, 1, 4), (2, 4, 5), (6, 1, 6), (5, 6, 7), (3, 5, 0), (4, 0, 7), (2, 5, 4)]),CG(nc=7, r=11, tr=[(1, 2, 0), (0, 3, 1), (3, 4, 2), (1, 0, 3), (4, 1, 4), (3, 6, 5), (4, 6, 6), (1, 6, 7), (2, 5, 5), (2, 3, 6), (0, 5, 2)]),281901,SAT
P5865,32,12,12,CG(nc=7, r=12, tr=[(1, 2, 0), (3, 0, 1), (3, 1, 2), (2, 4, 3), (5, 2, 4), (0, 4, 5), (6, 5, 6), (3, 2, 7), (6, 4, 1), (5, 0, 2), (0, 1, 6), (3, 6, 5)]),CG(nc=7, r=12, tr=[(1, 2, 0), (2, 3, 1), (6, 3, 2), (1, 0, 3), (5, 1, 4), (5, 6, 5), (0, 3, 6), (1, 6, 7), (2, 4, 5), (4, 0, 2), (6, 4, 6), (4, 5, 1)]),2783858,SAT
P5866,28,10,10,CG(nc=6, r=10, tr=[(1, 0, 0), (2, 3, 1), (4, 2, 2), (5, 2, 3), (5, 1, 4), (4, 1, 5), (3, 1, 6), (0, 2, 7), (3, 0, 2), (3, 0, 5)]),CG(nc=7, r=10, tr=[(0, 1, 0), (2, 1, 1), (3, 4, 2), (5, 6, 3), (0, 5, 4), (1, 3, 5), (5, 3, 6), (6, 4, 7), (2, 4, 6), (5, 3, 1)]),10515,SAT
P5867,30,11,11,CG(nc=8, r=11, tr=[(1, 2, 0), (2, 3, 1), (0, 4, 2), (5, 6, 3), (5, 7, 4), (4, 2, 5), (3, 0, 6), (5, 2, 7), (4, 1, 1), (3, 6, 5), (1, 7, 3)]),CG(nc=7, r=11, tr=[(6, 2, 0), (3, 4, 1), (4, 5, 2), (0, 3, 3), (3, 6, 4), (2, 4, 5), (3, 4, 6), (0, 5, 7), (1, 2, 1), (5, 1, 3), (5, 1, 6)]),258067,SAT
P587,24,9,9,CG(nc=5, r=9, tr=[(1, 0, 0), (2, 1, 1), (4, 1, 2), (3, 0, 3), (2, 3, 4), (1, 0, 5), (0, 1, 6), (4, 3, 4), (3, 4, 1)]),CG(nc=7, r=9, tr=[(1, 0, 0), (6, 3, 1), (4, 3, 2), (5, 2, 3), (4, 0, 4), (2, 6, 5), (5, 1, 6), (0, 2, 1), (4, 5, 2)]),7718,SAT
P5870,26,9,9,CG(nc=6, r=9, tr=[(1, 2, 0), (1, 3, 1), (1, 0, 2), (2, 5, 3), (4, 3, 4), (5, 4, 5), (3, 0, 6), (0, 3, 7), (3, 2, 2)]),CG(nc=6, r=9, tr=[(1, 2, 0), (3, 1, 1), (4, 1, 2), (0, 4, 3), (5, 4, 4), (4, 5, 5), (3, 5, 6), (0, 2, 7), (0, 3, 2)]),4059,SAT
P5871,28,10,10,CG(nc=7, r=10, tr=[(1, 2, 0), (3, 1, 1), (1, 0, 2), (4, 3, 3), (6, 5, 4), (3, 5, 5), (4, 0, 6), (3, 1, 7), (6, 2, 3), (4, 5, 2)]),CG(nc=7, r=10, tr=[(1, 6, 0), (0, 3, 1), (4, 1, 2), (0, 5, 3), (6, 5, 4), (0, 4, 5), (2, 1, 6), (3, 2, 7), (2, 4, 3), (2, 5, 2)]),10450,SAT
P5886,22,8,8,CG(nc=6, r=8, tr=[(1, 2, 0), (1, 0, 1), (3, 1, 2), (3, 5, 3), (5, 4, 4), (2, 0, 5), (2, 4, 6), (2, 3, 1)]),CG(nc=5, r=8, tr=[(1, 2, 0), (2, 3, 1), (0, 2, 2), (3, 0, 3), (3, 4, 4), (1, 4, 5), (4, 3, 6), (1, 0, 1)]),3740,SAT
P5887,22,8,8,CG(nc=6, r=8, tr=[(1, 2, 0), (3, 1, 1), (5, 1, 2), (3, 0, 3), (3, 4, 4), (2, 4, 5), (2, 5, 6), (3, 4, 2)]),CG(nc=5, r=8, tr=[(1, 0, 0), (2, 0, 1), (1, 2, 2), (4, 0, 3), (4, 1, 4), (2, 4, 5), (3, 4, 6), (2, 3, 0)]),3974,SAT
P590,16,6,6,CG(nc=5, r=6, tr=[(0, 1, 0), (2, 0, 1), (1, 4, 2), (2, 4, 3), (4, 3, 4), (0, 3, 5)]),CG(nc=5, r=6, tr=[(4, 2, 0), (3, 0, 1), (4, 1, 2), (3, 0, 3), (1, 3, 4), (3, 2, 5)]),1758,SAT
P591,16,6,6,CG(nc=4, r=6, tr=[(1, 3, 0), (2, 3, 1), (1, 0, 2), (0, 2, 3), (2, 3, 4), (1, 3, 5)]),CG(nc=5, r=6, tr=[(4, 2, 0), (3, 0, 1), (1, 4, 2), (0, 1, 3), (3, 1, 4), (1, 2, 5)]),1824,SAT
P59520,24,8,8,CG(nc=5, r=8, tr=[(4, 2, 4), (0, 2, 5), (3, 0, 6), (4, 2, 7), (1, 0, 7), (2, 3, 6), (3, 4, 5), (4, 1, 4)]),CG(nc=6, r=8, tr=[(1, 2, 4), (5, 2, 5), (1, 0, 6), (4, 5, 7), (5, 2, 7), (4, 3, 6), (0, 3, 5), (3, 4, 4)]),223516,SAT
P59521,30,11,11,CG(nc=6, r=11, tr=[(1, 5, 0), (1, 3, 1), (5, 4, 2), (1, 3, 3), (0, 1, 4), (1, 4, 5), (4, 0, 6), (2, 4, 7), (3, 5, 6), (1, 2, 7), (2, 0, 5)]),CG(nc=7, r=11, tr=[(0, 1, 0), (2, 1, 1), (6, 4, 2), (4, 2, 3), (5, 1, 4), (0, 1, 5), (6, 5, 6), (0, 2, 7), (4, 3, 4), (3, 2, 5), (5, 3, 6)]),215404,SAT
P59522,26,9,9,CG(nc=6, r=9, tr=[(1, 2, 1), (3, 1, 2), (0, 4, 3), (1, 5, 4), (2, 5, 5), (4, 2, 6), (1, 0, 7), (4, 3, 5), (5, 4, 7)]),CG(nc=6, r=9, tr=[(1, 0, 1), (2, 5, 2), (4, 2, 3), (1, 4, 4), (1, 5, 5), (3, 2, 6), (4, 3, 7), (3, 0, 5), (5, 2, 7)]),7134,SAT
P59523,28,10,10,CG(nc=6, r=10, tr=[(1, 2, 1), (1, 2, 2), (3, 5, 3), (2, 3, 4), (0, 2, 5), (4, 0, 6), (0, 3, 7), (4, 3, 5), (5, 1, 7), (2, 4, 6)]),CG(nc=7, r=10, tr=[(0, 1, 1), (1, 2, 2), (2, 6, 3), (6, 4, 4), (5, 0, 5), (6, 2, 6), (5, 2, 7), (3, 5, 4), (1, 3, 6), (1, 4, 5)]),209831,SAT
P59526,28,10,10,CG(nc=6, r=10, tr=[(0, 1, 0), (2, 5, 1), (4, 3, 2), (4, 3, 3), (2, 1, 4), (5, 4, 5), (3, 1, 6), (2, 3, 7), (4, 0, 4), (2, 1, 5)]),CG(nc=6, r=10, tr=[(1, 0, 0), (2, 0, 1), (2, 3, 2), (1, 3, 3), (5, 1, 4), (2, 5, 5), (4, 2, 6), (3, 4, 7), (1, 3, 6), (0, 4, 4)]),11253,SAT
P59527,30,11,11,CG(nc=7, r=11, tr=[(1, 2, 0), (0, 1, 1), (3, 2, 2), (4, 5, 3), (6, 2, 4), (6, 1, 5), (4, 2, 6), (4, 6, 7), (3, 0, 7), (0, 4, 3), (1, 5, 4)]),CG(nc=7, r=11, tr=[(1, 2, 0), (1, 2, 1), (2, 6, 2), (1, 0, 3), (1, 4, 4), (6, 5, 5), (5, 3, 6), (3, 0, 7), (6, 5, 4), (1, 5, 7), (3, 4, 5)]),220328,SAT
P59528,20,6,6,CG(nc=4, r=6, tr=[(1, 3, 4), (2, 0, 5), (2, 3, 6), (2, 3, 7), (2, 0, 4), (1, 2, 5)]),CG(nc=5, r=6, tr=[(0, 1, 4), (0, 1, 5), (4, 3, 6), (1, 3, 7), (2, 0, 5), (2, 4, 4)]),5169,SAT
P59529,26,9,9,CG(nc=5, r=9, tr=[(1, 4, 0), (3, 2, 1), (2, 3, 2), (3, 2, 3), (4, 2, 4), (3, 0, 5), (3, 1, 6), (1, 3, 7), (0, 1, 4)]),CG(nc=7, r=9, tr=[(6, 2, 0), (2, 3, 1), (3, 4, 2), (4, 0, 3), (2, 0, 4), (5, 0, 5), (2, 1, 6), (5, 1, 7), (6, 5, 4)]),4268,SAT
P59530,24,8,8,CG(nc=5, r=8, tr=[(4, 2, 2), (2, 4, 3), (3, 4, 4), (3, 0, 5), (3, 1, 6), (3, 1, 7), (0, 1, 4), (1, 2, 5)]),CG(nc=6, r=8, tr=[(1, 2, 2), (2, 3, 3), (1, 5, 4), (1, 3, 5), (0, 4, 6), (1, 4, 7), (3, 5, 5), (0, 3, 4)]),5577,SAT
P59531,24,8,8,CG(nc=5, r=8, tr=[(0, 1, 1), (2, 3, 2), (3, 2, 3), (2, 1, 4), (0, 3, 5), (4, 2, 6), (4, 2, 7), (4, 1, 5)]),CG(nc=6, r=8, tr=[(1, 0, 1), (5, 3, 2), (1, 3, 3), (4, 1, 4), (5, 1, 5), (4, 2, 6), (5, 2, 7), (4, 0, 5)]),3626,SAT
P59534,24,8,8,CG(nc=6, r=8, tr=[(1, 2, 2), (5, 4, 3), (1, 0, 4), (1, 0, 5), (1, 4, 6), (5, 2, 7), (5, 3, 4), (3, 0, 5)]),CG(nc=5, r=8, tr=[(0, 1, 2), (2, 4, 3), (3, 4, 4), (3, 0, 5), (4, 1, 6), (0, 2, 7), (2, 1, 5), (1, 2, 4)]),5634,SAT
P59535,24,8,8,CG(nc=6, r=8, tr=[(1, 2, 2), (3, 0, 3), (4, 5, 4), (4, 3, 5), (2, 3, 6), (1, 0, 7), (5, 2, 5), (2, 4, 4)]),CG(nc=5, r=8, tr=[(1, 0, 2), (1, 4, 3), (0, 3, 4), (2, 4, 5), (1, 2, 6), (1, 0, 7), (2, 4, 4), (4, 3, 5)]),5211,SAT
P59542,32,12,12,CG(nc=8, r=12, tr=[(1, 2, 0), (3, 4, 1), (5, 7, 2), (0, 4, 3), (1, 4, 4), (4, 6, 5), (6, 7, 6), (1, 0, 7), (1, 2, 3), (5, 2, 5), (5, 3, 7), (2, 6, 1)]),CG(nc=8, r=12, tr=[(1, 7, 0), (3, 4, 1), (5, 6, 2), (0, 6, 3), (7, 2, 4), (5, 1, 5), (6, 3, 6), (6, 5, 7), (0, 3, 7), (3, 2, 5), (4, 1, 3), (2, 5, 1)]),430038,SAT
P59543,30,11,11,CG(nc=7, r=11, tr=[(1, 2, 0), (0, 3, 1), (3, 4, 2), (1, 0, 3), (4, 1, 4), (3, 6, 5), (4, 6, 6), (1, 6, 7), (2, 5, 5), (2, 3, 6), (0, 5, 2)]),CG(nc=7, r=11, tr=[(1, 2, 0), (2, 3, 1), (3, 6, 2), (5, 0, 3), (4, 1, 4), (2, 4, 5), (6, 1, 6), (5, 6, 7), (3, 5, 0), (4, 0, 7), (2, 5, 4)]),280644,SAT
P59544,24,8,8,CG(nc=6, r=8, tr=[(1, 2, 0), (3, 1, 1), (0, 4, 3), (3, 5, 4), (5, 2, 5), (1, 4, 6), (1, 0, 7), (4, 2, 4)]),CG(nc=6, r=8, tr=[(1, 2, 0), (0, 1, 1), (3, 2, 3), (4, 1, 4), (1, 5, 5), (3, 5, 6), (4, 3, 7), (4, 0, 5)]),4305,SAT
P59545,24,8,8,CG(nc=5, r=8, tr=[(0, 1, 0), (2, 0, 1), (2, 3, 3), (1, 4, 4), (4, 2, 5), (2, 1, 6), (2, 1, 7), (3, 0, 4)]),CG(nc=6, r=8, tr=[(5, 2, 0), (3, 0, 1), (2, 3, 3), (5, 4, 4), (0, 4, 5), (4, 1, 6), (3, 1, 7), (5, 3, 5)]),3693,SAT
P59546,26,9,9,CG(nc=6, r=9, tr=[(5, 2, 0), (3, 4, 1), (1, 0, 2), (3, 4, 3), (5, 3, 4), (4, 2, 5), (0, 3, 6), (1, 4, 7), (2, 0, 4)]),CG(nc=6, r=9, tr=[(0, 1, 0), (2, 5, 1), (4, 3, 2), (2, 4, 3), (1, 5, 4), (3, 5, 5), (4, 1, 6), (4, 3, 7), (0, 3, 4)]),4320,SAT
P59547,26,9,9,CG(nc=6, r=9, tr=[(0, 1, 0), (0, 2, 1), (1, 3, 2), (0, 4, 3), (5, 3, 4), (4, 3, 5), (2, 3, 6), (2, 3, 7), (5, 2, 5)]),CG(nc=6, r=9, tr=[(5, 2, 0), (0, 3, 1), (2, 5, 2), (2, 3, 3), (5, 4, 4), (5, 3, 5), (3, 1, 6), (1, 4, 7), (4, 0, 5)]),3864,SAT
P59550,28,10,10,CG(nc=7, r=10, tr=[(1, 2, 0), (6, 4, 1), (2, 5, 2), (3, 0, 3), (1, 3, 4), (4, 0, 5), (2, 3, 6), (0, 5, 7), (1, 6, 5), (2, 4, 4)]),CG(nc=6, r=10, tr=[(5, 2, 0), (3, 2, 1), (4, 1, 2), (0, 4, 3), (1, 5, 4), (3, 0, 5), (3, 4, 6), (5, 4, 7), (2, 1, 5), (0, 2, 4)]),9768,SAT
P59551,26,9,9,CG(nc=6, r=9, tr=[(1, 2, 0), (3, 4, 1), (0, 1, 2), (3, 0, 3), (5, 2, 4), (2, 3, 5), (5, 1, 6), (3, 5, 7), (4, 1, 4)]),CG(nc=5, r=9, tr=[(1, 2, 0), (4, 2, 1), (3, 4, 2), (3, 0, 3), (2, 4, 4), (2, 0, 5), (3, 1, 6), (4, 3, 7), (1, 0, 4)]),4434,SAT
P59560,20,6,6,CG(nc=4, r=6, tr=[(3, 2, 4), (3, 1, 5), (0, 2, 6), (3, 1, 7), (3, 2, 5), (1, 0, 4)]),CG(nc=5, r=6, tr=[(0, 1, 4), (2, 3, 5), (4, 1, 6), (4, 3, 7), (1, 4, 5), (0, 2, 6)]),4606,SAT
P59561,26,9,9,CG(nc=6, r=9, tr=[(1, 2, 0), (1, 3, 1), (0, 4, 2), (1, 2, 3), (5, 3, 4), (3, 4, 5), (1, 0, 6), (4, 3, 7), (5, 2, 5)]),CG(nc=6, r=9, tr=[(1, 2, 0), (5, 4, 1), (1, 0, 2), (2, 4, 3), (3, 0, 4), (3, 5, 5), (3, 4, 6), (0, 1, 7), (4, 1, 5)]),4087,SAT
P59562,22,7,7,CG(nc=5, r=7, tr=[(0, 1, 3), (0, 2, 4), (2, 4, 5), (2, 4, 6), (4, 2, 7), (4, 3, 5), (3, 1, 6)]),CG(nc=5, r=7, tr=[(1, 4, 3), (0, 1, 4), (4, 1, 5), (3, 1, 6), (0, 2, 7), (3, 4, 4), (3, 2, 6)]),5042,SAT
P59563,24,8,8,CG(nc=5, r=8, tr=[(1, 4, 1), (4, 3, 2), (4, 1, 3), (2, 0, 4), (2, 3, 5), (0, 3, 6), (2, 1, 7), (1, 2, 6)]),CG(nc=5, r=8, tr=[(1, 2, 1), (0, 2, 2), (1, 4, 3), (0, 1, 4), (4, 1, 5), (2, 3, 6), (4, 3, 7), (2, 0, 5)]),3402,SAT
P59564,22,7,7,CG(nc=5, r=7, tr=[(1, 0, 2), (2, 3, 3), (4, 2, 4), (3, 1, 5), (3, 0, 6), (2, 1, 7), (1, 4, 6)]),CG(nc=5, r=7, tr=[(1, 4, 2), (1, 3, 3), (2, 1, 4), (0, 3, 5), (2, 4, 6), (3, 2, 7), (1, 0, 6)]),3838,SAT
P59565,24,8,8,CG(nc=5, r=8, tr=[(1, 4, 0), (3, 4, 2), (4, 2, 3), (0, 1, 4), (1, 3, 5), (0, 3, 6), (2, 0, 7), (2, 3, 4)]),CG(nc=5, r=8, tr=[(1, 0, 0), (1, 2, 2), (4, 2, 3), (3, 0, 4), (3, 2, 5), (3, 4, 6), (1, 2, 7), (2, 4, 4)]),3687,SAT
P59566,24,8,8,CG(nc=6, r=8, tr=[(1, 2, 2), (0, 3, 3), (2, 0, 4), (2, 4, 5), (4, 3, 6), (1, 5, 7), (5, 4, 5), (5, 4, 4)]),CG(nc=5, r=8, tr=[(1, 2, 2), (0, 1, 3), (2, 3, 4), (0, 3, 5), (1, 0, 6), (2, 1, 7), (4, 1, 4), (4, 2, 5)]),6254,SAT
P59567,22,7,7,CG(nc=5, r=7, tr=[(1, 0, 2), (2, 3, 3), (1, 2, 4), (4, 2, 5), (4, 1, 6), (2, 4, 7), (0, 3, 6)]),CG(nc=5, r=7, tr=[(4, 2, 2), (2, 0, 3), (3, 0, 4), (2, 1, 5), (2, 0, 6), (1, 3, 7), (3, 4, 6)]),3452,SAT
P59580,24,8,8,CG(nc=6, r=8, tr=[(1, 5, 1), (3, 0, 2), (4, 2, 3), (1, 4, 4), (3, 1, 5), (2, 0, 6), (3, 4, 7), (2, 5, 5)]),CG(nc=5, r=8, tr=[(4, 2, 1), (4, 3, 2), (2, 3, 3), (1, 3, 4), (2, 0, 5), (1, 4, 6), (1, 2, 7), (0, 3, 6)]),3757,SAT
P59581,26,9,9,CG(nc=7, r=9, tr=[(1, 2, 0), (3, 4, 1), (0, 2, 2), (5, 4, 3), (4, 6, 4), (2, 5, 5), (0, 5, 6), (3, 2, 7), (6, 1, 6)]),CG(nc=6, r=9, tr=[(1, 0, 0), (2, 1, 1), (2, 1, 2), (5, 2, 3), (4, 2, 4), (4, 3, 5), (1, 3, 6), (4, 5, 7), (3, 0, 4)]),3994,SAT
P59582,26,9,9,CG(nc=6, r=9, tr=[(1, 2, 1), (3, 1, 2), (4, 0, 3), (2, 5, 4), (4, 2, 5), (1, 4, 6), (3, 0, 7), (3, 5, 3), (3, 1, 5)]),CG(nc=6, r=9, tr=[(1, 0, 1), (2, 3, 2), (1, 4, 3), (3, 1, 4), (3, 0, 5), (4, 5, 6), (3, 4, 7), (1, 5, 5), (2, 5, 3)]),8035,SAT
P59583,26,9,9,CG(nc=6, r=9, tr=[(1, 0, 1), (2, 1, 2), (3, 0, 3), (4, 2, 4), (4, 5, 5), (2, 5, 6), (5, 3, 7), (3, 2, 5), (3, 2, 4)]),CG(nc=6, r=9, tr=[(1, 0, 1), (1, 0, 2), (1, 5, 3), (3, 4, 4), (0, 3, 5), (4, 0, 6), (2, 3, 7), (4, 5, 4), (5, 2, 6)]),8716,SAT
P596,24,8,8,CG(nc=5, r=8, tr=[(1, 0, 0), (2, 3, 1), (0, 2, 2), (4, 2, 3), (2, 0, 4), (3, 1, 5), (0, 3, 6), (4, 1, 7)]),CG(nc=7, r=8, tr=[(1, 0, 0), (6, 3, 1), (4, 5, 2), (2, 6, 3), (3, 5, 4), (2, 1, 5), (2, 1, 6), (0, 4, 7)]),2104,SAT
P59624,16,5,5,CG(nc=4, r=5, tr=[(3, 2, 3), (3, 1, 4), (0, 1, 5), (1, 0, 3), (2, 0, 5)]),CG(nc=4, r=5, tr=[(3, 2, 3), (3, 1, 4), (0, 1, 5), (1, 0, 3), (2, 0, 5)]),4726,SAT
P59625,22,8,8,CG(nc=5, r=8, tr=[(0, 1, 0), (2, 0, 1), (0, 3, 2), (0, 2, 3), (4, 1, 4), (3, 1, 5), (3, 4, 6), (2, 3, 4)]),CG(nc=6, r=8, tr=[(1, 2, 0), (3, 0, 1), (2, 5, 2), (1, 3, 3), (4, 0, 4), (2, 4, 5), (0, 1, 6), (4, 5, 6)]),3544,SAT
P59626,18,6,6,CG(nc=5, r=6, tr=[(1, 0, 3), (4, 3, 4), (2, 4, 5), (0, 3, 6), (2, 0, 4), (1, 2, 6)]),CG(nc=4, r=6, tr=[(3, 2, 3), (0, 2, 4), (2, 3, 5), (2, 1, 6), (0, 1, 5), (2, 3, 6)]),4409,SAT
P59627,20,7,7,CG(nc=5, r=7, tr=[(4, 2, 1), (3, 4, 2), (4, 1, 3), (3, 2, 4), (0, 2, 5), (3, 0, 6), (1, 2, 6)]),CG(nc=5, r=7, tr=[(4, 2, 1), (3, 0, 2), (2, 3, 3), (1, 4, 4), (3, 1, 5), (3, 4, 6), (1, 0, 6)]),3177,SAT
P59630,18,6,6,CG(nc=5, r=6, tr=[(0, 1, 3), (2, 1, 4), (2, 1, 5), (4, 2, 6), (4, 3, 4), (0, 3, 5)]),CG(nc=4, r=6, tr=[(3, 2, 3), (1, 0, 4), (3, 1, 5), (3, 2, 6), (2, 0, 4), (0, 2, 5)]),5076,SAT
P59631,18,6,6,CG(nc=5, r=6, tr=[(0, 1, 2), (0, 2, 3), (1, 3, 4), (4, 3, 5), (4, 1, 6), (3, 2, 6)]),CG(nc=4, r=6, tr=[(1, 0, 2), (1, 3, 3), (3, 2, 4), (1, 2, 5), (1, 3, 6), (2, 0, 6)]),3326,SAT
P59646,22,8,8,CG(nc=7, r=8, tr=[(1, 2, 3), (0, 3, 4), (4, 0, 5), (6, 5, 6), (5, 2, 5), (6, 1, 4), (1, 4, 6), (3, 5, 3)]),CG(nc=4, r=8, tr=[(1, 0, 3), (0, 2, 4), (2, 3, 5), (1, 3, 6), (3, 1, 4), (0, 1, 5), (0, 2, 3), (3, 2, 6)]),225344,SAT
P59647,18,6,6,CG(nc=5, r=6, tr=[(1, 2, 3), (1, 0, 4), (1, 3, 5), (2, 4, 6), (3, 0, 6), (2, 4, 5)]),CG(nc=4, r=6, tr=[(0, 3, 3), (3, 2, 4), (1, 3, 5), (1, 0, 6), (2, 0, 5), (3, 1, 4)]),4773,SAT
P597,16,6,6,CG(nc=3, r=6, tr=[(2, 1, 0), (1, 0, 1), (1, 0, 2), (2, 1, 3), (0, 1, 4), (0, 1, 7)]),CG(nc=6, r=6, tr=[(1, 0, 0), (2, 3, 1), (4, 5, 2), (5, 1, 3), (4, 2, 4), (0, 3, 7)]),1670,SAT
P59798,34,13,13,CG(nc=7, r=13, tr=[(1, 2, 0), (2, 3, 1), (2, 4, 2), (4, 1, 3), (2, 0, 4), (3, 6, 5), (5, 0, 6), (5, 1, 7), (6, 3, 0), (3, 1, 4), (6, 5, 2), (4, 6, 6), (0, 2, 5)]),CG(nc=8, r=13, tr=[(1, 2, 0), (7, 4, 1), (5, 6, 2), (0, 3, 3), (1, 3, 4), (7, 5, 5), (4, 6, 6), (7, 3, 7), (3, 6, 0), (2, 0, 7), (4, 1, 2), (2, 5, 4), (5, 1, 6)]),4530221,SAT
P59799,32,12,12,CG(nc=7, r=12, tr=[(1, 2, 0), (3, 4, 1), (4, 6, 2), (6, 5, 3), (3, 5, 4), (0, 1, 5), (0, 4, 6), (5, 0, 7), (3, 1, 2), (1, 6, 1), (5, 2, 6), (4, 2, 7)]),CG(nc=7, r=12, tr=[(1, 2, 0), (6, 2, 1), (4, 1, 2), (0, 1, 3), (2, 5, 4), (3, 4, 6), (4, 0, 7), (5, 4, 3), (6, 3, 5), (5, 3, 7), (1, 2, 5), (5, 3, 0)], dropped=[(4, 5)]),672895,SAT
P598,20,7,7,CG(nc=4, r=7, tr=[(1, 0, 0), (3, 1, 1), (1, 3, 2), (0, 1, 3), (1, 3, 4), (0, 2, 5), (2, 1, 6)]),CG(nc=6, r=7, tr=[(1, 0, 0), (2, 3, 1), (5, 3, 2), (4, 5, 3), (0, 2, 4), (4, 1, 5), (1, 4, 6)]),2535,SAT
P59800,28,10,10,CG(nc=6, r=10, tr=[(1, 2, 0), (5, 4, 1), (1, 3, 2), (3, 2, 3), (4, 2, 4), (1, 5, 5), (3, 0, 6), (1, 3, 7), (2, 0, 7), (0, 4, 5)]),CG(nc=7, r=10, tr=[(0, 1, 0), (6, 3, 1), (4, 3, 2), (3, 5, 3), (2, 0, 4), (6, 2, 5), (1, 5, 6), (5, 2, 7), (4, 1, 7), (4, 6, 4)]),10042,SAT
P59801,26,9,9,CG(nc=6, r=9, tr=[(5, 2, 0), (5, 3, 1), (4, 1, 2), (5, 4, 3), (2, 0, 4), (2, 1, 5), (1, 0, 6), (1, 0, 7), (3, 1, 4)]),CG(nc=6, r=9, tr=[(0, 1, 0), (5, 3, 1), (1, 3, 2), (1, 3, 3), (4, 0, 4), (4, 1, 5), (2, 5, 6), (2, 4, 7), (1, 5, 4)]),4272,SAT
P59802,30,11,11,CG(nc=7, r=11, tr=[(1, 0, 0), (2, 0, 1), (1, 3, 2), (2, 4, 3), (5, 0, 4), (6, 2, 5), (1, 4, 6), (4, 0, 7), (4, 5, 2), (1, 6, 4), (2, 3, 7)]),CG(nc=7, r=11, tr=[(6, 2, 0), (2, 3, 1), (3, 4, 2), (5, 4, 3), (5, 6, 4), (5, 2, 5), (0, 1, 6), (4, 0, 7), (3, 1, 3), (1, 5, 7), (2, 0, 4)]),225229,SAT
P59803,28,10,10,CG(nc=7, r=10, tr=[(1, 2, 0), (3, 6, 1), (1, 5, 2), (5, 2, 3), (2, 0, 4), (6, 1, 5), (4, 0, 6), (0, 4, 7), (5, 4, 0), (4, 3, 4)]),CG(nc=7, r=10, tr=[(0, 1, 0), (6, 3, 1), (4, 1, 2), (0, 4, 3), (0, 5, 4), (5, 6, 5), (5, 2, 6), (1, 2, 7), (1, 3, 4), (4, 3, 0)]),11820,SAT
P59806,30,11,11,CG(nc=8, r=11, tr=[(1, 2, 0), (3, 1, 1), (0, 4, 2), (5, 1, 3), (3, 7, 4), (7, 2, 5), (0, 5, 6), (1, 4, 7), (6, 4, 3), (6, 5, 7), (2, 6, 4)]),CG(nc=6, r=11, tr=[(1, 2, 0), (2, 5, 1), (1, 4, 2), (5, 4, 3), (1, 0, 4), (0, 2, 5), (3, 1, 6), (4, 0, 7), (2, 5, 4), (5, 3, 7), (0, 3, 3)]),225529,SAT
P59807,28,10,10,CG(nc=8, r=10, tr=[(7, 2, 0), (3, 4, 1), (0, 5, 2), (6, 4, 3), (7, 4, 4), (2, 3, 5), (1, 3, 6), (5, 3, 7), (5, 6, 5), (0, 1, 3)]),CG(nc=6, r=10, tr=[(1, 5, 0), (0, 3, 1), (4, 1, 2), (1, 3, 3), (5, 2, 4), (3, 5, 5), (4, 2, 6), (3, 4, 7), (0, 2, 5), (2, 4, 3)]),10857,SAT
P59816,24,8,8,CG(nc=6, r=8, tr=[(1, 0, 0), (5, 3, 1), (4, 2, 2), (0, 2, 4), (5, 4, 5), (4, 1, 6), (2, 5, 7), (3, 2, 6)]),CG(nc=6, r=8, tr=[(1, 2, 0), (3, 2, 1), (0, 3, 2), (5, 4, 4), (2, 4, 5), (0, 4, 6), (5, 1, 7), (0, 2, 4)]),3786,SAT
P59817,24,8,8,CG(nc=6, r=8, tr=[(1, 2, 0), (3, 1, 1), (5, 4, 2), (3, 0, 4), (4, 3, 5), (1, 5, 6), (4, 3, 7), (0, 2, 5)]),CG(nc=6, r=8, tr=[(1, 2, 0), (5, 2, 1), (0, 1, 2), (4, 5, 4), (4, 1, 5), (4, 0, 6), (3, 2, 7), (5, 3, 6)]),3950,SAT
P59818,26,9,9,CG(nc=6, r=9, tr=[(1, 0, 0), (2, 3, 1), (2, 4, 2), (3, 4, 3), (2, 0, 4), (3, 5, 5), (4, 1, 6), (1, 0, 7), (5, 1, 4)]),CG(nc=6, r=9, tr=[(1, 5, 0), (3, 4, 1), (0, 3, 2), (2, 0, 3), (2, 5, 4), (2, 4, 5), (0, 2, 6), (1, 4, 7), (4, 3, 4)]),4196,SAT
P59819,26,9,9,CG(nc=6, r=9, tr=[(5, 2, 0), (3, 5, 1), (5, 4, 2), (1, 3, 3), (0, 2, 4), (1, 0, 5), (3, 2, 6), (0, 1, 7), (4, 1, 4)]),CG(nc=5, r=9, tr=[(1, 0, 0), (1, 2, 1), (4, 2, 2), (1, 0, 3), (4, 1, 4), (0, 1, 5), (2, 0, 6), (2, 3, 7), (4, 3, 5)]),4346,SAT
P59820,28,10,10,CG(nc=7, r=10, tr=[(1, 2, 0), (3, 4, 1), (3, 2, 2), (4, 5, 3), (6, 3, 4), (0, 2, 5), (1, 6, 6), (1, 2, 7), (0, 1, 2), (5, 0, 6)]),CG(nc=6, r=10, tr=[(0, 1, 0), (2, 1, 1), (3, 5, 2), (4, 0, 3), (3, 5, 4), (5, 2, 5), (3, 0, 6), (3, 2, 7), (4, 3, 5), (0, 4, 4)]),10742,SAT
P59821,26,9,9,CG(nc=7, r=9, tr=[(1, 2, 0), (3, 4, 1), (5, 6, 2), (3, 1, 3), (2, 5, 4), (0, 2, 5), (1, 6, 6), (5, 3, 7), (0, 4, 4)]),CG(nc=6, r=9, tr=[(1, 2, 0), (0, 1, 1), (5, 2, 2), (2, 4, 3), (4, 5, 4), (2, 3, 5), (1, 4, 6), (3, 5, 7), (4, 0, 5)]),4300,SAT
P59822,28,10,10,CG(nc=7, r=10, tr=[(1, 0, 0), (2, 3, 1), (1, 4, 2), (5, 2, 3), (6, 1, 4), (1, 2, 5), (5, 6, 6), (2, 4, 7), (3, 0, 4), (0, 4, 5)]),CG(nc=6, r=10, tr=[(1, 2, 0), (3, 5, 1), (0, 1, 2), (4, 2, 3), (0, 4, 4), (5, 4, 5), (4, 2, 6), (2, 3, 7), (3, 0, 5), (3, 2, 4)]),10005,SAT
P59823,26,9,9,CG(nc=6, r=9, tr=[(1, 2, 0), (3, 1, 1), (5, 4, 2), (5, 1, 3), (0, 2, 4), (2, 4, 5), (4, 0, 6), (3, 2, 7), (3, 4, 4)]),CG(nc=6, r=9, tr=[(1, 0, 0), (1, 2, 1), (2, 5, 2), (0, 2, 3), (5, 1, 4), (4, 5, 5), (4, 3, 6), (3, 1, 7), (4, 0, 4)]),4686,SAT
P59836,28,10,10,CG(nc=6, r=10, tr=[(1, 5, 0), (3, 4, 1), (2, 5, 2), (3, 1, 3), (1, 0, 4), (2, 3, 5), (2, 0, 6), (5, 3, 7), (4, 5, 6), (4, 1, 2)]),CG(nc=6, r=10, tr=[(0, 1, 0), (2, 5, 1), (5, 4, 2), (4, 2, 3), (4, 3, 4), (0, 2, 5), (0, 4, 6), (3, 2, 7), (5, 3, 6), (1, 3, 2)]),18803,SAT
P59837,28,10,10,CG(nc=7, r=10, tr=[(1, 0, 0), (2, 3, 1), (4, 0, 2), (5, 2, 3), (2, 4, 4), (5, 6, 5), (5, 1, 6), (3, 6, 7), (6, 1, 4), (0, 3, 3)]),CG(nc=6, r=10, tr=[(1, 2, 0), (3, 4, 1), (5, 2, 2), (3, 2, 3), (4, 2, 4), (0, 3, 5), (5, 4, 6), (3, 4, 7), (0, 1, 1), (1, 2, 6)]),10275,SAT
P59838,30,11,11,CG(nc=7, r=11, tr=[(6, 2, 0), (6, 3, 1), (4, 6, 2), (4, 5, 3), (0, 2, 4), (2, 5, 5), (6, 1, 6), (1, 5, 7), (2, 1, 2), (0, 4, 6), (3, 5, 4)]),CG(nc=6, r=11, tr=[(0, 1, 0), (2, 1, 1), (5, 4, 2), (0, 1, 3), (2, 3, 4), (5, 2, 5), (0, 4, 6), (4, 2, 7), (0, 3, 5), (3, 5, 1), (4, 3, 3)]),222523,SAT
P59839,28,10,10,CG(nc=7, r=10, tr=[(1, 2, 0), (3, 4, 1), (5, 2, 2), (3, 0, 3), (5, 6, 4), (2, 3, 5), (6, 1, 6), (3, 5, 7), (1, 4, 4), (0, 1, 2)]),CG(nc=6, r=10, tr=[(1, 2, 0), (3, 4, 1), (1, 5, 2), (3, 1, 3), (4, 2, 4), (3, 0, 5), (5, 4, 6), (3, 4, 7), (0, 2, 1), (1, 2, 5)]),11432,SAT
P59880,24,8,8,CG(nc=6, r=8, tr=[(1, 2, 0), (3, 4, 1), (2, 4, 2), (0, 4, 4), (5, 2, 5), (5, 3, 6), (3, 4, 7), (0, 1, 6)]),CG(nc=6, r=8, tr=[(1, 2, 0), (5, 2, 1), (4, 1, 2), (0, 3, 4), (3, 5, 5), (2, 3, 6), (4, 0, 7), (1, 0, 5)]),3736,SAT
P59881,20,7,7,CG(nc=5, r=7, tr=[(1, 4, 0), (1, 4, 1), (3, 4, 2), (0, 2, 3), (2, 3, 4), (1, 2, 5), (3, 0, 5)]),CG(nc=5, r=7, tr=[(1, 2, 0), (2, 4, 1), (0, 1, 2), (1, 3, 3), (4, 3, 4), (1, 4, 5), (3, 0, 5)]),3346,SAT
P59882,26,9,9,CG(nc=7, r=9, tr=[(1, 2, 0), (3, 4, 1), (5, 6, 2), (2, 3, 3), (5, 1, 4), (1, 0, 5), (3, 6, 6), (3, 4, 7), (0, 4, 4)]),CG(nc=6, r=9, tr=[(1, 0, 0), (5, 3, 1), (3, 4, 2), (5, 2, 3), (2, 0, 4), (5, 2, 5), (2, 3, 6), (4, 1, 7), (0, 3, 5)]),4453,SAT
P59883,22,8,8,CG(nc=6, r=8, tr=[(5, 2, 0), (3, 4, 1), (3, 4, 2), (2, 1, 3), (5, 4, 4), (3, 1, 5), (0, 3, 6), (1, 0, 4)]),CG(nc=5, r=8, tr=[(1, 4, 0), (1, 3, 1), (0, 3, 2), (4, 1, 3), (3, 2, 4), (2, 4, 5), (2, 0, 6), (3, 4, 6)]),3482,SAT
P59886,26,9,9,CG(nc=6, r=9, tr=[(5, 2, 0), (3, 4, 1), (5, 3, 2), (1, 0, 3), (2, 0, 4), (2, 3, 5), (3, 1, 6), (1, 5, 7), (5, 4, 4)]),CG(nc=6, r=9, tr=[(0, 1, 0), (2, 1, 1), (3, 2, 2), (1, 4, 3), (4, 0, 4), (5, 4, 5), (1, 4, 6), (5, 3, 7), (5, 1, 4)]),4083,SAT
P59887,22,8,8,CG(nc=6, r=8, tr=[(1, 5, 0), (5, 3, 1), (4, 5, 2), (2, 3, 3), (4, 3, 4), (3, 0, 5), (1, 2, 6), (0, 1, 4)]),CG(nc=5, r=8, tr=[(1, 2, 0), (1, 0, 1), (4, 2, 2), (2, 0, 3), (2, 3, 4), (0, 3, 5), (3, 4, 6), (0, 2, 6)]),3583,SAT
P599,12,5,5,CG(nc=4, r=5, tr=[(1, 0, 0), (3, 1, 1), (1, 3, 2), (3, 2, 3), (0, 2, 4)]),CG(nc=5, r=5, tr=[(4, 2, 0), (3, 4, 1), (0, 1, 2), (2, 0, 3), (1, 3, 4)]),1760,SAT
P59902,28,10,10,CG(nc=7, r=10, tr=[(6, 2, 0), (3, 6, 1), (6, 4, 2), (3, 5, 3), (4, 5, 4), (3, 0, 5), (2, 5, 6), (6, 1, 7), (0, 4, 6), (1, 5, 5)]),CG(nc=6, r=10, tr=[(0, 1, 0), (2, 5, 1), (4, 1, 2), (1, 3, 3), (0, 3, 4), (3, 5, 5), (3, 2, 6), (4, 2, 7), (1, 2, 5), (5, 1, 4)]),12005,SAT
P59903,22,8,8,CG(nc=6, r=8, tr=[(5, 2, 0), (3, 5, 1), (5, 4, 2), (2, 1, 3), (0, 2, 4), (0, 3, 5), (1, 3, 6), (4, 1, 5)]),CG(nc=4, r=8, tr=[(1, 0, 0), (2, 1, 1), (3, 2, 2), (0, 3, 3), (1, 3, 4), (2, 3, 5), (0, 2, 6), (1, 0, 5)]),3834,SAT
P6,16,6,6,CG(nc=4, r=6, tr=[(1, 3, 0), (0, 1, 1), (3, 0, 2), (3, 0, 3), (3, 2, 4), (0, 2, 5)]),CG(nc=6, r=6, tr=[(5, 2, 0), (3, 5, 1), (4, 1, 2), (1, 0, 3), (4, 3, 4), (2, 4, 5)]),2088,SAT
P60,14,5,5,CG(nc=4, r=5, tr=[(1, 3, 0), (1, 0, 1), (3, 0, 2), (3, 2, 3), (0, 2, 4)]),CG(nc=5, r=5, tr=[(1, 2, 0), (0, 3, 1), (1, 4, 2), (3, 1, 3), (0, 2, 4)]),1795,SAT
P600,24,8,8,CG(nc=5, r=8, tr=[(4, 2, 0), (0, 3, 1), (2, 0, 2), (4, 3, 3), (1, 4, 4), (2, 3, 5), (1, 0, 6), (3, 0, 7)]),CG(nc=7, r=8, tr=[(1, 2, 0), (3, 4, 1), (0, 5, 2), (6, 1, 3), (4, 5, 4), (4, 1, 5), (0, 2, 6), (3, 6, 7)]),1975,SAT
P60072,18,5,5,CG(nc=4, r=5, tr=[(1, 3, 4), (1, 2, 5), (3, 2, 6), (1, 0, 7), (0, 2, 4)]),CG(nc=4, r=5, tr=[(1, 3, 4), (1, 2, 5), (3, 2, 6), (1, 0, 7), (0, 2, 4)]),3437,SAT
P60073,26,9,9,CG(nc=6, r=9, tr=[(1, 2, 0), (1, 2, 1), (0, 3, 2), (0, 3, 3), (4, 3, 4), (5, 4, 5), (4, 1, 6), (2, 0, 7), (5, 1, 4)]),CG(nc=6, r=9, tr=[(0, 1, 0), (2, 3, 1), (5, 3, 2), (1, 2, 3), (4, 0, 4), (4, 2, 5), (2, 0, 6), (4, 5, 7), (5, 2, 4)]),4247,SAT
P60074,16,4,4,CG(nc=3, r=4, tr=[(1, 2, 4), (0, 1, 5), (0, 1, 6), (0, 1, 7)]),CG(nc=4, r=4, tr=[(3, 0, 4), (0, 2, 5), (3, 1, 6), (2, 1, 7)]),2112,SAT
P60075,22,7,7,CG(nc=5, r=7, tr=[(1, 2, 1), (0, 3, 2), (1, 2, 3), (4, 2, 4), (2, 3, 5), (1, 0, 6), (3, 2, 7)]),CG(nc=6, r=7, tr=[(1, 0, 1), (2, 5, 2), (1, 2, 3), (5, 0, 4), (0, 4, 5), (5, 3, 6), (4, 3, 7)]),1992,SAT
P60076,22,7,7,CG(nc=6, r=7, tr=[(1, 2, 2), (3, 4, 3), (5, 3, 4), (1, 4, 5), (4, 0, 6), (5, 1, 7), (2, 0, 4)]),CG(nc=5, r=7, tr=[(1, 2, 2), (1, 4, 3), (3, 0, 4), (2, 0, 5), (2, 3, 6), (4, 3, 7), (2, 1, 4)]),3653,SAT
P60077,24,8,8,CG(nc=6, r=8, tr=[(1, 2, 0), (1, 2, 2), (3, 4, 3), (1, 0, 4), (4, 1, 5), (0, 4, 6), (2, 5, 7), (5, 3, 4)]),CG(nc=6, r=8, tr=[(1, 2, 0), (0, 1, 2), (2, 5, 3), (4, 2, 4), (4, 3, 5), (4, 0, 6), (3, 5, 7), (3, 0, 4)]),3715,SAT
P60078,20,6,6,CG(nc=5, r=6, tr=[(1, 2, 2), (3, 2, 3), (4, 2, 4), (0, 2, 5), (0, 3, 6), (0, 1, 7)]),CG(nc=4, r=6, tr=[(1, 3, 2), (0, 2, 3), (0, 3, 4), (1, 2, 5), (0, 2, 6), (1, 3, 7)]),1804,SAT
P60079,20,6,6,CG(nc=5, r=6, tr=[(1, 2, 2), (0, 3, 3), (1, 4, 4), (2, 0, 5), (3, 1, 6), (2, 0, 7)]),CG(nc=5, r=6, tr=[(1, 0, 2), (4, 1, 3), (0, 4, 4), (3, 0, 5), (2, 4, 6), (3, 2, 7)]),2063,SAT
P60092,26,9,9,CG(nc=7, r=9, tr=[(1, 2, 1), (6, 4, 2), (5, 2, 3), (3, 5, 4), (3, 4, 5), (0, 1, 6), (4, 1, 7), (6, 3, 6), (0, 2, 4)]),CG(nc=6, r=9, tr=[(1, 2, 1), (3, 1, 2), (0, 1, 3), (0, 2, 4), (3, 5, 5), (3, 4, 6), (0, 4, 7), (5, 2, 6), (5, 2, 7)]),6649,SAT
P60093,26,9,9,CG(nc=7, r=9, tr=[(1, 0, 0), (1, 0, 1), (2, 6, 2), (4, 0, 3), (5, 2, 4), (3, 5, 5), (3, 6, 6), (1, 5, 7), (3, 4, 4)]),CG(nc=6, r=9, tr=[(1, 2, 0), (1, 5, 1), (5, 1, 2), (2, 0, 3), (4, 5, 4), (5, 3, 5), (0, 4, 6), (4, 3, 7), (3, 0, 4)]),4345,SAT
P60094,24,8,8,CG(nc=5, r=8, tr=[(1, 2, 1), (2, 3, 2), (1, 3, 3), (4, 1, 4), (2, 0, 5), (0, 3, 6), (0, 3, 7), (2, 1, 6)]),CG(nc=5, r=8, tr=[(1, 2, 1), (3, 4, 2), (1, 0, 3), (4, 0, 4), (1, 3, 5), (4, 2, 6), (4, 1, 7), (3, 0, 6)]),3860,SAT
P60095,22,7,7,CG(nc=5, r=7, tr=[(4, 2, 1), (3, 2, 2), (4, 3, 3), (0, 1, 4), (1, 3, 5), (1, 3, 6), (1, 3, 7)]),CG(nc=5, r=7, tr=[(4, 2, 1), (4, 2, 2), (0, 2, 3), (4, 0, 4), (3, 0, 5), (4, 1, 6), (3, 1, 7)]),2413,SAT
P60096,16,4,4,CG(nc=3, r=4, tr=[(0, 1, 4), (1, 2, 5), (2, 1, 6), (0, 1, 7)]),CG(nc=4, r=4, tr=[(3, 2, 4), (3, 1, 5), (0, 1, 6), (0, 2, 7)]),2029,SAT
P60097,24,8,8,CG(nc=5, r=8, tr=[(0, 1, 0), (1, 0, 1), (2, 3, 2), (0, 1, 3), (4, 2, 4), (3, 0, 5), (1, 2, 6), (4, 2, 7)]),CG(nc=7, r=8, tr=[(1, 0, 0), (2, 3, 1), (2, 6, 2), (1, 3, 3), (5, 0, 4), (6, 4, 5), (4, 0, 6), (6, 5, 7)]),3421,SAT
P60098,20,6,6,CG(nc=4, r=6, tr=[(1, 2, 1), (2, 1, 2), (0, 1, 4), (3, 1, 5), (1, 3, 6), (0, 2, 7)]),CG(nc=5, r=6, tr=[(1, 0, 1), (1, 2, 2), (2, 4, 4), (3, 0, 5), (4, 3, 6), (2, 0, 7)]),1988,SAT
P60099,22,7,7,CG(nc=5, r=7, tr=[(1, 4, 1), (3, 4, 2), (3, 4, 3), (0, 2, 4), (2, 3, 5), (1, 2, 6), (2, 0, 7)]),CG(nc=6, r=7, tr=[(5, 2, 1), (3, 0, 2), (2, 3, 3), (5, 4, 4), (5, 1, 5), (1, 0, 6), (4, 0, 7)]),2143,SAT
P601,26,9,9,CG(nc=5, r=9, tr=[(1, 0, 0), (0, 2, 1), (4, 1, 2), (2, 4, 3), (4, 1, 4), (4, 2, 5), (1, 3, 6), (2, 3, 7), (1, 0, 3)]),CG(nc=6, r=9, tr=[(1, 5, 0), (3, 4, 1), (5, 3, 2), (1, 2, 3), (0, 1, 4), (3, 2, 5), (2, 0, 6), (4, 1, 7), (0, 2, 1)]),4211,SAT
P60102,24,8,8,CG(nc=5, r=8, tr=[(1, 2, 0), (3, 0, 1), (3, 0, 2), (1, 2, 3), (0, 2, 4), (2, 4, 5), (4, 1, 6), (3, 2, 7)]),CG(nc=6, r=8, tr=[(1, 2, 0), (3, 0, 1), (3, 4, 2), (5, 1, 3), (4, 5, 4), (0, 2, 5), (5, 2, 6), (0, 4, 7)]),2154,SAT
P60103,24,8,8,CG(nc=6, r=8, tr=[(5, 2, 0), (3, 2, 1), (5, 3, 2), (4, 1, 3), (5, 4, 4), (0, 1, 5), (0, 1, 6), (1, 3, 7)]),CG(nc=5, r=8, tr=[(0, 1, 0), (1, 0, 1), (4, 3, 2), (3, 1, 3), (2, 0, 4), (4, 3, 5), (0, 3, 6), (2, 4, 7)]),2108,SAT
P60104,18,5,5,CG(nc=4, r=5, tr=[(1, 0, 4), (1, 3, 5), (3, 2, 6), (1, 0, 7), (1, 2, 4)]),CG(nc=4, r=5, tr=[(0, 1, 4), (1, 3, 5), (2, 0, 6), (3, 1, 7), (2, 3, 5)]),3463,SAT
P60105,24,8,8,CG(nc=6, r=8, tr=[(1, 2, 0), (5, 4, 1), (2, 3, 2), (4, 5, 3), (3, 0, 4), (2, 5, 5), (3, 4, 6), (1, 0, 7)]),CG(nc=5, r=8, tr=[(1, 2, 0), (0, 3, 1), (4, 2, 2), (1, 3, 3), (1, 0, 4), (4, 3, 5), (3, 0, 6), (4, 1, 7)]),2248,SAT
P60106,18,5,5,CG(nc=4, r=5, tr=[(1, 2, 2), (0, 1, 4), (1, 3, 5), (3, 1, 6), (0, 2, 7)]),CG(nc=4, r=5, tr=[(3, 2, 2), (0, 2, 4), (1, 0, 5), (3, 1, 6), (2, 3, 7)]),1815,SAT
P60107,22,7,7,CG(nc=5, r=7, tr=[(4, 2, 1), (3, 4, 2), (2, 4, 3), (2, 1, 4), (0, 1, 5), (0, 1, 6), (3, 1, 7)]),CG(nc=4, r=7, tr=[(3, 2, 1), (1, 0, 2), (2, 1, 3), (3, 1, 4), (2, 0, 5), (2, 3, 6), (1, 0, 7)]),2591,SAT
P60110,20,6,6,CG(nc=5, r=6, tr=[(1, 2, 2), (2, 3, 3), (2, 4, 4), (0, 2, 5), (0, 3, 6), (4, 1, 7)]),CG(nc=4, r=6, tr=[(1, 0, 2), (2, 3, 3), (3, 1, 4), (2, 0, 5), (2, 3, 6), (0, 1, 7)]),1899,SAT
P60111,20,6,6,CG(nc=4, r=6, tr=[(0, 1, 2), (1, 0, 3), (3, 2, 4), (1, 2, 5), (1, 2, 6), (2, 3, 7)]),CG(nc=4, r=6, tr=[(1, 3, 2), (1, 0, 3), (0, 1, 4), (2, 0, 5), (3, 2, 6), (1, 3, 7)]),1880,SAT
P60116,24,8,8,CG(nc=5, r=8, tr=[(1, 2, 0), (2, 1, 3), (2, 0, 4), (4, 1, 5), (3, 1, 6), (2, 0, 7), (3, 4, 6), (2, 3, 5)]),CG(nc=6, r=8, tr=[(0, 1, 0), (5, 3, 3), (0, 4, 4), (0, 2, 5), (5, 2, 6), (5, 4, 7), (3, 1, 5), (3, 1, 6)]),5736,SAT
P60117,20,6,6,CG(nc=5, r=6, tr=[(1, 0, 0), (2, 0, 3), (3, 2, 4), (4, 3, 5), (3, 4, 6), (3, 1, 7)]),CG(nc=5, r=6, tr=[(4, 2, 0), (0, 2, 3), (4, 3, 4), (1, 0, 5), (1, 4, 6), (0, 3, 7)]),1828,SAT
P60118,26,9,9,CG(nc=6, r=9, tr=[(1, 0, 0), (2, 1, 1), (3, 4, 2), (3, 0, 3), (5, 1, 4), (4, 1, 5), (2, 3, 6), (3, 5, 7), (0, 4, 6)]),CG(nc=6, r=9, tr=[(1, 2, 0), (3, 0, 1), (2, 4, 2), (2, 3, 3), (5, 4, 4), (5, 3, 5), (5, 1, 6), (4, 0, 7), (1, 0, 5)]),4299,SAT
P60119,24,8,8,CG(nc=5, r=8, tr=[(1, 4, 0), (3, 1, 1), (1, 3, 2), (4, 3, 3), (2, 0, 4), (2, 3, 5), (3, 2, 6), (0, 2, 7)]),CG(nc=6, r=8, tr=[(1, 5, 0), (3, 4, 1), (4, 0, 2), (0, 1, 3), (3, 5, 4), (2, 3, 5), (2, 1, 6), (3, 0, 7)]),2000,SAT
P60120,20,6,6,CG(nc=5, r=6, tr=[(4, 2, 0), (3, 1, 3), (1, 4, 4), (0, 3, 5), (1, 0, 6), (3, 2, 7)]),CG(nc=4, r=6, tr=[(1, 0, 0), (1, 2, 3), (3, 1, 4), (0, 2, 5), (2, 3, 6), (0, 1, 7)]),2005,SAT
P60121,22,7,7,CG(nc=6, r=7, tr=[(1, 2, 0), (3, 4, 1), (2, 4, 3), (0, 4, 4), (5, 2, 5), (5, 3, 6), (0, 1, 7)]),CG(nc=5, r=7, tr=[(1, 2, 0), (1, 0, 1), (2, 4, 3), (3, 0, 4), (2, 3, 5), (0, 1, 6), (3, 4, 7)]),2137,SAT
P60122,22,7,7,CG(nc=6, r=7, tr=[(1, 5, 0), (3, 0, 2), (4, 2, 3), (4, 5, 4), (2, 3, 5), (4, 0, 6), (2, 1, 7)]),CG(nc=5, r=7, tr=[(1, 2, 0), (4, 3, 2), (1, 0, 3), (3, 0, 4), (0, 2, 5), (2, 4, 6), (3, 4, 7)]),2031,SAT
P60123,24,8,8,CG(nc=6, r=8, tr=[(1, 0, 0), (2, 3, 1), (4, 5, 2), (1, 0, 3), (2, 5, 4), (2, 1, 5), (3, 0, 6), (4, 2, 7)]),CG(nc=5, r=8, tr=[(1, 4, 0), (3, 1, 1), (1, 4, 2), (3, 0, 3), (2, 4, 4), (3, 2, 5), (1, 3, 6), (0, 2, 7)]),2073,SAT
P60124,22,7,7,CG(nc=5, r=7, tr=[(1, 4, 0), (4, 3, 3), (2, 1, 4), (3, 1, 5), (1, 4, 6), (3, 0, 7), (2, 0, 3)]),CG(nc=5, r=7, tr=[(1, 0, 0), (4, 3, 3), (2, 0, 4), (2, 3, 5), (1, 3, 6), (4, 2, 7), (0, 2, 3)]),3638,SAT
P60125,22,7,7,CG(nc=5, r=7, tr=[(1, 0, 0), (0, 1, 3), (2, 3, 4), (2, 1, 5), (3, 1, 6), (2, 4, 7), (2, 4, 4)]),CG(nc=5, r=7, tr=[(1, 4, 0), (1, 0, 3), (4, 3, 4), (2, 0, 5), (2, 1, 6), (0, 3, 7), (0, 3, 5)]),3561,SAT
P60126,26,9,9,CG(nc=6, r=9, tr=[(0, 1, 0), (1, 2, 2), (3, 4, 3), (5, 1, 4), (2, 4, 5), (1, 3, 6), (5, 4, 7), (4, 0, 3), (3, 0, 5)]),CG(nc=5, r=9, tr=[(1, 0, 0), (1, 0, 2), (4, 3, 3), (4, 1, 4), (2, 1, 5), (1, 3, 6), (0, 3, 7), (3, 0, 5), (2, 4, 6)]),8649,SAT
P60127,22,7,7,CG(nc=5, r=7, tr=[(1, 2, 0), (2, 4, 2), (4, 1, 3), (0, 3, 4), (1, 3, 5), (3, 1, 6), (0, 3, 7)]),CG(nc=5, r=7, tr=[(1, 0, 0), (4, 3, 2), (1, 4, 3), (3, 0, 4), (0, 2, 5), (2, 4, 6), (3, 4, 7)]),1903,SAT
P60136,20,6,6,CG(nc=5, r=6, tr=[(0, 1, 4), (2, 3, 5), (4, 1, 6), (4, 3, 7), (1, 4, 5), (0, 2, 6)]),CG(nc=4, r=6, tr=[(3, 2, 4), (3, 1, 5), (0, 2, 6), (3, 1, 7), (3, 2, 5), (1, 0, 4)]),4434,SAT
P60137,26,9,9,CG(nc=7, r=9, tr=[(1, 2, 0), (3, 4, 1), (2, 4, 2), (4, 3, 3), (4, 6, 4), (0, 2, 5), (3, 0, 6), (5, 6, 7), (5, 1, 6)]),CG(nc=6, r=9, tr=[(0, 1, 0), (2, 5, 1), (4, 2, 2), (4, 1, 3), (0, 3, 4), (1, 2, 5), (3, 2, 6), (5, 3, 7), (3, 5, 5)]),4198,SAT
P60138,12,3,3,CG(nc=3, r=3, tr=[(1, 2, 3), (0, 1, 4), (0, 1, 5)]),CG(nc=3, r=3, tr=[(2, 0, 3), (2, 1, 4), (0, 1, 5)]),1823,SAT
P60139,18,6,6,CG(nc=5, r=6, tr=[(1, 4, 1), (3, 4, 2), (1, 4, 3), (0, 2, 4), (2, 3, 5), (2, 1, 6)]),CG(nc=4, r=6, tr=[(1, 2, 1), (1, 3, 2), (0, 2, 3), (0, 3, 4), (3, 1, 5), (0, 1, 6)]),1945,SAT
P6014,30,11,11,CG(nc=7, r=11, tr=[(0, 1, 0), (2, 6, 1), (0, 1, 2), (2, 1, 3), (0, 4, 4), (2, 4, 5), (6, 5, 6), (2, 5, 7), (5, 3, 0), (0, 3, 2), (5, 6, 3)]),CG(nc=6, r=11, tr=[(5, 2, 0), (3, 5, 1), (2, 4, 2), (5, 4, 3), (1, 0, 4), (1, 0, 5), (1, 0, 6), (0, 4, 7), (1, 2, 3), (1, 3, 2), (4, 2, 1)]),215906,SAT
P60140,18,5,5,CG(nc=4, r=5, tr=[(3, 2, 3), (0, 1, 4), (3, 1, 5), (2, 1, 6), (0, 2, 7)]),CG(nc=4, r=5, tr=[(1, 0, 3), (2, 3, 4), (1, 3, 5), (2, 1, 6), (0, 2, 7)]),1738,SAT
P60141,22,7,7,CG(nc=5, r=7, tr=[(1, 2, 0), (1, 2, 2), (3, 4, 3), (2, 0, 4), (1, 4, 5), (2, 3, 6), (3, 0, 7)]),CG(nc=5, r=7, tr=[(1, 2, 0), (2, 4, 2), (0, 1, 3), (4, 3, 4), (1, 4, 5), (1, 3, 6), (3, 0, 7)]),2026,SAT
P60142,14,4,4,CG(nc=4, r=4, tr=[(3, 2, 3), (0, 1, 4), (1, 3, 5), (1, 2, 6)]),CG(nc=3, r=4, tr=[(1, 0, 3), (2, 0, 4), (2, 1, 5), (0, 1, 6)]),1706,SAT
P60143,16,5,5,CG(nc=5, r=5, tr=[(1, 0, 2), (2, 0, 3), (3, 4, 4), (3, 1, 5), (2, 3, 6)]),CG(nc=4, r=5, tr=[(0, 1, 2), (1, 3, 3), (0, 3, 4), (3, 2, 5), (0, 2, 6)]),1843,SAT
P6015,16,8,8,CG(nc=6, r=8, tr=[(1, 0, 0), (2, 0, 1), (3, 2, 2), (4, 5, 3), (3, 5, 0), (4, 1, 1), (2, 0, 3), (0, 1, 2)]),CG(nc=5, r=8, tr=[(0, 1, 0), (2, 4, 1), (3, 0, 2), (1, 4, 3), (0, 2, 3), (4, 2, 2), (2, 0, 0), (4, 3, 1)]),223521,SAT
P60156,20,6,6,CG(nc=5, r=6, tr=[(1, 4, 3), (0, 3, 4), (4, 2, 5), (1, 2, 6), (1, 0, 7), (2, 3, 3)]),CG(nc=4, r=6, tr=[(1, 3, 3), (2, 0, 4), (1, 0, 5), (2, 1, 6), (3, 2, 7), (2, 0, 3)]),3472,SAT
P60157,22,7,7,CG(nc=5, r=7, tr=[(4, 2, 0), (4, 2, 3), (2, 3, 4), (3, 0, 5), (2, 1, 6), (1, 3, 7), (0, 1, 4)]),CG(nc=5, r=7, tr=[(4, 2, 0), (0, 2, 3), (3, 4, 4), (3, 0, 5), (3, 2, 6), (1, 3, 7), (1, 0, 4)]),3550,SAT
P60158,18,6,6,CG(nc=5, r=6, tr=[(1, 4, 3), (3, 0, 4), (1, 3, 5), (3, 2, 6), (1, 4, 6), (4, 2, 3)]),CG(nc=4, r=6, tr=[(0, 1, 3), (3, 0, 4), (3, 1, 5), (2, 3, 6), (1, 2, 3), (2, 0, 5)]),5137,SAT
P60159,14,4,4,CG(nc=4, r=4, tr=[(1, 3, 3), (2, 0, 4), (1, 2, 5), (2, 1, 6)]),CG(nc=3, r=4, tr=[(0, 2, 3), (2, 0, 4), (2, 1, 5), (0, 1, 6)]),1902,SAT
P6016,26,9,9,CG(nc=6, r=9, tr=[(1, 2, 0), (1, 3, 1), (1, 0, 2), (5, 3, 3), (4, 0, 4), (5, 2, 5), (0, 4, 6), (5, 4, 7), (0, 2, 1)]),CG(nc=6, r=9, tr=[(1, 2, 0), (0, 2, 1), (0, 1, 2), (2, 0, 3), (3, 5, 4), (4, 2, 5), (4, 3, 6), (5, 4, 7), (4, 1, 1)]),4319,SAT
P6017,30,11,11,CG(nc=7, r=11, tr=[(1, 2, 0), (3, 6, 1), (5, 6, 2), (0, 4, 3), (5, 1, 4), (4, 0, 5), (3, 5, 6), (1, 0, 7), (4, 3, 2), (5, 4, 0), (2, 6, 6)]),CG(nc=8, r=11, tr=[(1, 2, 0), (2, 3, 1), (1, 4, 2), (7, 3, 3), (1, 3, 4), (6, 1, 5), (0, 6, 6), (0, 2, 7), (4, 7, 7), (0, 5, 1), (5, 4, 0)]),213577,SAT
P6018,26,9,9,CG(nc=5, r=9, tr=[(1, 2, 0), (3, 2, 1), (2, 0, 2), (1, 4, 3), (3, 4, 4), (4, 1, 5), (2, 4, 6), (0, 3, 7), (0, 3, 0)]),CG(nc=7, r=9, tr=[(1, 2, 0), (0, 2, 1), (2, 3, 2), (4, 3, 3), (6, 5, 4), (3, 0, 5), (4, 5, 6), (1, 6, 7), (3, 5, 1)]),4186,SAT
P6019,26,9,9,CG(nc=6, r=9, tr=[(0, 1, 0), (2, 5, 1), (5, 4, 2), (1, 2, 3), (3, 0, 4), (1, 4, 5), (2, 1, 6), (1, 0, 7), (3, 4, 1)]),CG(nc=7, r=9, tr=[(1, 2, 0), (3, 2, 1), (0, 2, 2), (4, 3, 3), (5, 6, 4), (5, 4, 5), (0, 3, 6), (6, 1, 7), (3, 6, 2)]),4107,SAT
P602,18,7,7,CG(nc=5, r=7, tr=[(1, 0, 0), (4, 3, 1), (1, 4, 2), (0, 3, 3), (3, 4, 4), (2, 3, 6), (2, 0, 4)]),CG(nc=5, r=7, tr=[(0, 1, 0), (2, 3, 1), (3, 0, 2), (1, 2, 3), (2, 4, 4), (2, 4, 6), (1, 0, 2)]),3574,SAT
P6022,28,10,10,CG(nc=6, r=10, tr=[(1, 5, 0), (5, 3, 1), (4, 0, 2), (1, 4, 3), (4, 2, 4), (4, 3, 5), (0, 2, 6), (5, 3, 7), (1, 3, 2), (1, 2, 1)]),CG(nc=7, r=10, tr=[(0, 1, 0), (2, 6, 1), (2, 4, 2), (5, 4, 3), (0, 4, 4), (2, 1, 5), (6, 3, 6), (1, 2, 7), (6, 4, 0), (5, 3, 5)]),14655,SAT
P6023,26,9,9,CG(nc=6, r=9, tr=[(1, 2, 0), (0, 2, 1), (2, 3, 2), (5, 3, 3), (3, 5, 4), (4, 1, 5), (5, 1, 6), (4, 5, 7), (1, 0, 2)]),CG(nc=5, r=9, tr=[(1, 4, 0), (3, 2, 1), (2, 4, 2), (3, 1, 3), (0, 3, 4), (2, 4, 5), (1, 2, 6), (0, 3, 7), (0, 1, 2)]),4150,SAT
P6024,24,9,9,CG(nc=6, r=9, tr=[(5, 2, 0), (0, 3, 1), (4, 0, 2), (2, 3, 3), (1, 5, 4), (1, 5, 5), (0, 1, 7), (4, 1, 0), (1, 3, 2)]),CG(nc=7, r=9, tr=[(1, 2, 0), (3, 1, 1), (3, 2, 2), (4, 6, 3), (5, 0, 4), (5, 4, 5), (3, 6, 7), (0, 2, 1), (0, 1, 2)]),8092,SAT
P6025,26,10,10,CG(nc=6, r=10, tr=[(1, 2, 0), (3, 4, 1), (3, 1, 2), (0, 1, 3), (0, 3, 4), (2, 0, 5), (5, 1, 7), (3, 5, 0), (1, 3, 1), (4, 5, 2)]),CG(nc=7, r=10, tr=[(1, 0, 0), (2, 3, 1), (1, 3, 2), (2, 6, 3), (5, 0, 4), (2, 5, 5), (2, 5, 7), (1, 4, 1), (6, 4, 7), (3, 4, 5)]),209938,SAT
P6026,22,8,8,CG(nc=5, r=8, tr=[(1, 2, 0), (3, 1, 1), (1, 4, 2), (0, 3, 3), (3, 0, 4), (0, 2, 5), (4, 3, 7), (4, 2, 1)]),CG(nc=6, r=8, tr=[(1, 5, 0), (3, 5, 1), (4, 2, 2), (3, 5, 3), (2, 3, 4), (2, 0, 5), (1, 4, 7), (4, 0, 1)]),3990,SAT
P6027,22,8,8,CG(nc=5, r=8, tr=[(4, 2, 0), (3, 0, 1), (1, 2, 2), (2, 3, 3), (3, 2, 4), (1, 0, 5), (2, 4, 7), (4, 1, 1)]),CG(nc=6, r=8, tr=[(5, 2, 0), (0, 3, 1), (4, 3, 2), (1, 5, 3), (1, 4, 4), (0, 4, 5), (2, 3, 7), (4, 5, 1)]),3818,SAT
P603,18,7,7,CG(nc=5, r=7, tr=[(1, 0, 0), (2, 3, 1), (4, 1, 2), (4, 3, 3), (4, 1, 4), (2, 1, 6), (0, 3, 4)]),CG(nc=5, r=7, tr=[(0, 1, 0), (2, 4, 1), (0, 3, 2), (1, 2, 3), (1, 4, 4), (4, 2, 6), (2, 3, 4)]),3936,SAT
P6030,24,9,9,CG(nc=6, r=9, tr=[(1, 2, 0), (3, 0, 1), (5, 2, 2), (2, 3, 3), (3, 2, 4), (0, 1, 5), (1, 4, 7), (5, 1, 1), (5, 4, 4)]),CG(nc=6, r=9, tr=[(0, 1, 0), (1, 2, 1), (1, 3, 2), (4, 5, 3), (0, 2, 4), (2, 4, 5), (5, 3, 7), (3, 2, 0), (5, 3, 4)]),6820,SAT
P6031,22,8,8,CG(nc=6, r=8, tr=[(1, 2, 0), (5, 1, 1), (0, 4, 2), (0, 2, 3), (4, 1, 4), (3, 4, 5), (3, 5, 7), (3, 5, 0)]),CG(nc=6, r=8, tr=[(1, 2, 0), (1, 5, 1), (0, 1, 2), (4, 2, 3), (0, 4, 4), (2, 5, 5), (2, 3, 7), (3, 0, 1)]),4096,SAT
P60348,26,9,9,CG(nc=6, r=9, tr=[(1, 2, 1), (2, 3, 2), (3, 1, 3), (5, 3, 4), (4, 2, 5), (0, 2, 6), (0, 1, 7), (0, 4, 3), (4, 5, 7)]),CG(nc=6, r=9, tr=[(1, 2, 1), (2, 5, 2), (4, 2, 3), (5, 4, 4), (3, 4, 5), (4, 0, 6), (3, 1, 7), (5, 1, 6), (3, 0, 2)]),5740,SAT
P60349,28,10,10,CG(nc=7, r=10, tr=[(1, 6, 0), (3, 4, 1), (5, 6, 2), (3, 1, 3), (3, 0, 4), (5, 1, 5), (4, 2, 6), (5, 4, 7), (2, 0, 7), (6, 2, 3)]),CG(nc=6, r=10, tr=[(1, 2, 0), (2, 3, 1), (5, 2, 2), (3, 5, 3), (0, 4, 4), (4, 5, 5), (4, 3, 6), (0, 3, 7), (2, 5, 4), (1, 0, 3)]),10439,SAT
P60350,26,9,9,CG(nc=6, r=9, tr=[(1, 2, 1), (0, 3, 2), (4, 3, 3), (2, 5, 4), (1, 0, 5), (3, 2, 6), (3, 1, 7), (0, 4, 1), (2, 4, 5)]),CG(nc=6, r=9, tr=[(0, 1, 1), (2, 5, 2), (1, 4, 3), (0, 5, 4), (0, 3, 5), (5, 4, 6), (4, 3, 7), (1, 2, 7), (3, 2, 3)]),7227,SAT
P60351,24,8,8,CG(nc=6, r=8, tr=[(1, 2, 1), (2, 3, 2), (4, 5, 3), (0, 3, 4), (4, 2, 5), (2, 5, 6), (5, 1, 7), (1, 3, 3)]),CG(nc=5, r=8, tr=[(1, 2, 1), (3, 4, 2), (1, 4, 3), (4, 0, 4), (4, 3, 5), (2, 0, 6), (3, 2, 7), (0, 1, 2)]),3847,SAT
P60374,28,10,10,CG(nc=8, r=10, tr=[(1, 2, 0), (3, 7, 1), (1, 5, 2), (1, 6, 3), (0, 6, 4), (7, 5, 5), (1, 3, 6), (6, 4, 7), (5, 4, 6), (2, 0, 7)]),CG(nc=5, r=10, tr=[(1, 4, 0), (3, 2, 1), (4, 2, 2), (3, 1, 3), (1, 0, 4), (4, 2, 5), (0, 2, 6), (3, 0, 7), (4, 1, 7), (0, 3, 5)]),10397,SAT
P60375,24,8,8,CG(nc=7, r=8, tr=[(6, 2, 0), (3, 4, 1), (4, 5, 2), (6, 1, 3), (1, 4, 4), (5, 0, 5), (3, 0, 6), (2, 4, 7)]),CG(nc=6, r=8, tr=[(0, 1, 0), (5, 3, 1), (0, 3, 2), (1, 5, 3), (4, 0, 4), (1, 2, 5), (2, 4, 6), (5, 4, 7)]),2171,SAT
P60376,24,8,8,CG(nc=5, r=8, tr=[(1, 2, 0), (1, 4, 1), (4, 3, 2), (2, 1, 3), (1, 3, 4), (2, 0, 5), (3, 0, 6), (1, 4, 7)]),CG(nc=6, r=8, tr=[(5, 2, 0), (3, 5, 1), (4, 0, 2), (2, 1, 3), (4, 1, 4), (5, 1, 5), (0, 1, 6), (3, 4, 7)]),2211,SAT
P60377,24,8,8,CG(nc=6, r=8, tr=[(1, 5, 0), (5, 3, 1), (5, 4, 2), (4, 2, 3), (2, 3, 4), (0, 3, 5), (2, 0, 6), (3, 1, 7)]),CG(nc=6, r=8, tr=[(0, 1, 0), (5, 3, 1), (4, 0, 2), (3, 1, 3), (4, 2, 4), (2, 5, 5), (2, 0, 6), (3, 4, 7)]),2152,SAT
P60378,26,9,9,CG(nc=6, r=9, tr=[(0, 1, 0), (1, 2, 1), (3, 1, 2), (0, 4, 3), (1, 5, 4), (3, 4, 5), (2, 0, 6), (5, 4, 7), (3, 2, 4)]),CG(nc=6, r=9, tr=[(1, 0, 0), (2, 3, 1), (2, 0, 2), (1, 2, 3), (0, 4, 4), (0, 2, 5), (5, 2, 6), (4, 3, 7), (5, 4, 2)]),4430,SAT
P60379,24,8,8,CG(nc=6, r=8, tr=[(1, 2, 0), (3, 2, 1), (2, 4, 2), (4, 1, 3), (2, 0, 4), (5, 1, 5), (3, 5, 6), (4, 0, 7)]),CG(nc=4, r=8, tr=[(3, 2, 0), (0, 1, 1), (3, 1, 2), (2, 1, 3), (2, 0, 4), (1, 3, 5), (1, 0, 6), (3, 2, 7)]),2296,SAT
P6038,28,10,10,CG(nc=7, r=10, tr=[(1, 2, 0), (6, 1, 1), (0, 4, 2), (0, 2, 3), (5, 3, 4), (5, 6, 5), (2, 0, 6), (2, 3, 7), (5, 4, 0), (1, 4, 4)]),CG(nc=7, r=10, tr=[(6, 2, 0), (2, 3, 1), (0, 4, 2), (3, 5, 3), (6, 1, 4), (4, 2, 5), (3, 0, 6), (3, 0, 7), (5, 1, 5), (4, 1, 1)]),8793,SAT
P60382,28,10,10,CG(nc=7, r=10, tr=[(1, 2, 0), (6, 2, 1), (1, 4, 2), (5, 0, 3), (1, 5, 4), (0, 3, 5), (2, 1, 6), (6, 5, 7), (6, 4, 5), (3, 2, 7)]),CG(nc=6, r=10, tr=[(1, 2, 0), (1, 5, 1), (4, 2, 2), (0, 3, 3), (2, 0, 4), (0, 2, 5), (3, 2, 6), (0, 4, 7), (5, 4, 4), (5, 3, 5)]),10879,SAT
P60383,26,9,9,CG(nc=6, r=9, tr=[(1, 2, 0), (5, 1, 1), (1, 5, 2), (1, 4, 3), (0, 3, 4), (4, 3, 5), (4, 3, 6), (0, 3, 7), (3, 2, 5)]),CG(nc=5, r=9, tr=[(1, 0, 0), (2, 0, 1), (2, 4, 2), (4, 1, 3), (0, 3, 4), (1, 0, 5), (2, 0, 6), (4, 3, 7), (3, 2, 5)]),4347,SAT
P6039,22,8,8,CG(nc=6, r=8, tr=[(5, 2, 0), (3, 0, 1), (4, 5, 2), (1, 2, 3), (3, 4, 4), (1, 2, 5), (2, 3, 6), (0, 1, 2)]),CG(nc=6, r=8, tr=[(5, 2, 0), (0, 2, 1), (3, 2, 2), (4, 5, 3), (4, 1, 4), (0, 3, 5), (3, 1, 6), (3, 5, 1)]),3943,SAT
P60392,22,7,7,CG(nc=5, r=7, tr=[(0, 1, 1), (0, 2, 2), (1, 2, 4), (4, 1, 5), (4, 2, 6), (0, 3, 7), (3, 2, 5)]),CG(nc=4, r=7, tr=[(1, 0, 1), (2, 1, 2), (0, 2, 4), (1, 3, 5), (2, 3, 6), (3, 2, 7), (1, 0, 6)]),3503,SAT
P60393,24,8,8,CG(nc=7, r=8, tr=[(1, 2, 0), (3, 4, 1), (5, 6, 2), (0, 4, 4), (0, 2, 5), (6, 3, 6), (3, 1, 7), (4, 5, 5)]),CG(nc=4, r=8, tr=[(1, 2, 0), (2, 0, 1), (3, 1, 2), (1, 3, 4), (3, 2, 5), (0, 1, 6), (1, 2, 7), (2, 0, 4)]),3795,SAT
P60394,20,6,6,CG(nc=4, r=6, tr=[(1, 2, 1), (2, 1, 2), (0, 2, 4), (3, 1, 5), (1, 3, 6), (2, 1, 7)]),CG(nc=5, r=6, tr=[(1, 0, 1), (2, 4, 2), (0, 4, 4), (4, 3, 5), (0, 3, 6), (1, 2, 7)]),1957,SAT
P60395,16,5,5,CG(nc=5, r=5, tr=[(4, 2, 1), (4, 3, 2), (1, 0, 3), (1, 3, 4), (1, 2, 5)]),CG(nc=4, r=5, tr=[(1, 3, 1), (0, 1, 2), (3, 0, 3), (3, 2, 4), (0, 2, 5)]),1995,SAT
P60396,22,7,7,CG(nc=5, r=7, tr=[(1, 0, 1), (0, 1, 2), (4, 3, 3), (1, 2, 4), (2, 4, 5), (2, 3, 6), (0, 3, 7)]),CG(nc=5, r=7, tr=[(1, 2, 1), (0, 2, 2), (4, 3, 3), (1, 0, 4), (3, 0, 5), (1, 3, 6), (4, 1, 7)]),1969,SAT
P60397,24,8,8,CG(nc=6, r=8, tr=[(1, 2, 0), (3, 4, 1), (3, 4, 2), (5, 2, 3), (0, 3, 4), (5, 4, 5), (4, 2, 6), (0, 1, 7)]),CG(nc=5, r=8, tr=[(4, 2, 0), (0, 3, 1), (3, 2, 2), (0, 3, 3), (1, 4, 4), (3, 4, 5), (3, 1, 6), (1, 0, 7)]),2043,SAT
P60398,22,7,7,CG(nc=6, r=7, tr=[(1, 2, 1), (3, 2, 2), (4, 1, 3), (0, 2, 4), (3, 5, 5), (5, 4, 6), (3, 2, 7)]),CG(nc=5, r=7, tr=[(4, 2, 1), (3, 0, 2), (1, 0, 3), (4, 0, 4), (4, 1, 5), (0, 1, 6), (3, 2, 7)]),2354,SAT
P60399,18,6,6,CG(nc=6, r=6, tr=[(1, 2, 1), (0, 3, 2), (4, 2, 3), (1, 5, 4), (3, 1, 5), (0, 4, 6)]),CG(nc=4, r=6, tr=[(1, 3, 1), (0, 1, 2), (0, 2, 3), (3, 0, 4), (3, 2, 5), (0, 2, 6)]),1845,SAT
P604,24,8,8,CG(nc=6, r=8, tr=[(0, 1, 0), (5, 3, 1), (4, 3, 2), (3, 0, 3), (2, 4, 4), (4, 5, 5), (0, 2, 6), (1, 4, 7)]),CG(nc=6, r=8, tr=[(1, 2, 0), (3, 5, 1), (1, 3, 2), (1, 5, 3), (0, 4, 4), (3, 0, 5), (0, 2, 6), (1, 4, 7)]),2033,SAT
P6040,26,9,9,CG(nc=6, r=9, tr=[(1, 2, 0), (2, 3, 1), (2, 0, 2), (5, 1, 3), (3, 4, 4), (3, 4, 5), (3, 0, 6), (5, 4, 7), (1, 3, 2)]),CG(nc=7, r=9, tr=[(1, 6, 0), (1, 3, 1), (0, 4, 2), (0, 5, 3), (5, 2, 4), (2, 6, 5), (3, 0, 6), (1, 4, 7), (3, 6, 2)]),4191,SAT
P6041,22,8,8,CG(nc=5, r=8, tr=[(1, 4, 0), (0, 3, 1), (2, 1, 2), (3, 1, 3), (1, 0, 4), (0, 2, 5), (1, 2, 7), (4, 2, 1)]),CG(nc=6, r=8, tr=[(1, 0, 0), (5, 1, 1), (3, 4, 2), (0, 2, 3), (2, 3, 4), (3, 5, 5), (1, 4, 7), (0, 2, 1)]),3804,SAT
P60412,24,8,8,CG(nc=7, r=8, tr=[(1, 2, 1), (3, 0, 2), (4, 6, 3), (4, 1, 4), (3, 1, 5), (2, 0, 6), (6, 5, 7), (5, 2, 5)]),CG(nc=5, r=8, tr=[(1, 0, 1), (2, 4, 2), (3, 4, 3), (4, 3, 4), (4, 1, 5), (3, 1, 6), (1, 2, 7), (0, 3, 5)]),3776,SAT
P60413,26,9,9,CG(nc=7, r=9, tr=[(1, 2, 0), (2, 0, 1), (0, 3, 2), (4, 6, 3), (5, 4, 4), (5, 3, 5), (5, 2, 6), (0, 1, 7), (3, 6, 6)]),CG(nc=6, r=9, tr=[(1, 0, 0), (2, 5, 1), (1, 2, 2), (4, 2, 3), (0, 3, 4), (4, 5, 5), (0, 4, 6), (5, 3, 7), (2, 0, 5)]),4098,SAT
P60414,24,8,8,CG(nc=6, r=8, tr=[(1, 2, 1), (5, 4, 2), (3, 0, 3), (3, 1, 4), (4, 1, 5), (2, 5, 6), (3, 2, 7), (4, 0, 6)]),CG(nc=5, r=8, tr=[(1, 2, 1), (2, 4, 2), (3, 0, 3), (4, 0, 4), (3, 4, 5), (3, 1, 6), (0, 1, 7), (2, 4, 3)]),4132,SAT
P60415,18,6,6,CG(nc=5, r=6, tr=[(1, 4, 1), (3, 4, 2), (2, 0, 3), (1, 3, 4), (2, 1, 5), (3, 2, 6)]),CG(nc=4, r=6, tr=[(1, 3, 1), (0, 1, 2), (3, 0, 3), (3, 0, 4), (3, 2, 5), (0, 2, 6)]),1732,SAT
P6042,26,9,9,CG(nc=6, r=9, tr=[(1, 2, 0), (3, 2, 1), (0, 2, 2), (1, 5, 3), (3, 4, 4), (1, 5, 5), (3, 0, 6), (4, 5, 7), (5, 4, 2)]),CG(nc=6, r=9, tr=[(1, 2, 0), (0, 1, 1), (3, 1, 2), (3, 4, 3), (5, 4, 4), (0, 3, 5), (2, 5, 6), (5, 2, 7), (4, 3, 1)]),4469,SAT
P6043,22,8,8,CG(nc=6, r=8, tr=[(1, 2, 0), (3, 0, 1), (2, 5, 2), (3, 2, 3), (4, 5, 4), (1, 0, 5), (3, 4, 7), (1, 5, 1)]),CG(nc=5, r=8, tr=[(0, 1, 0), (1, 4, 1), (3, 1, 2), (3, 0, 3), (3, 2, 4), (4, 2, 5), (3, 2, 7), (0, 2, 1)]),3853,SAT
P6046,28,10,10,CG(nc=7, r=10, tr=[(0, 1, 0), (2, 3, 1), (6, 2, 2), (2, 1, 3), (3, 0, 4), (5, 4, 5), (6, 5, 6), (3, 4, 7), (3, 6, 0), (2, 1, 5)]),CG(nc=6, r=10, tr=[(1, 2, 0), (0, 3, 1), (1, 4, 2), (0, 3, 3), (4, 3, 4), (4, 5, 5), (2, 0, 6), (2, 0, 7), (5, 1, 1), (0, 2, 5)]),11560,SAT
P6047,18,7,7,CG(nc=5, r=7, tr=[(1, 2, 0), (1, 3, 1), (1, 4, 2), (3, 0, 3), (3, 0, 4), (0, 2, 5), (4, 2, 1)]),CG(nc=4, r=7, tr=[(3, 2, 0), (3, 1, 1), (1, 0, 2), (1, 3, 3), (2, 0, 4), (1, 2, 5), (2, 0, 1)]),3342,SAT
P605,20,7,7,CG(nc=5, r=7, tr=[(1, 0, 0), (2, 0, 1), (4, 1, 2), (2, 4, 3), (0, 2, 4), (4, 3, 5), (1, 3, 7)]),CG(nc=6, r=7, tr=[(1, 0, 0), (2, 3, 1), (4, 0, 2), (5, 1, 3), (5, 3, 4), (1, 4, 5), (2, 4, 7)]),2539,SAT
P6056,28,10,10,CG(nc=7, r=10, tr=[(1, 2, 0), (1, 6, 1), (4, 1, 2), (4, 0, 3), (6, 5, 4), (6, 3, 5), (4, 2, 6), (0, 5, 7), (3, 5, 6), (2, 3, 2)]),CG(nc=6, r=10, tr=[(0, 1, 0), (0, 2, 1), (3, 1, 2), (0, 3, 3), (2, 1, 4), (4, 2, 5), (4, 3, 6), (3, 5, 7), (2, 4, 0), (4, 5, 4)]),19597,SAT
P6057,30,11,11,CG(nc=7, r=11, tr=[(0, 1, 0), (2, 1, 1), (0, 2, 2), (2, 3, 3), (6, 1, 4), (5, 4, 5), (3, 5, 6), (0, 2, 7), (6, 3, 0), (1, 5, 2), (0, 4, 7)]),CG(nc=7, r=11, tr=[(6, 2, 0), (3, 4, 1), (3, 4, 2), (2, 5, 3), (0, 2, 4), (5, 6, 5), (5, 6, 6), (3, 6, 7), (1, 4, 1), (4, 0, 0), (2, 1, 2)]),218773,SAT
P6058,18,7,7,CG(nc=5, r=7, tr=[(0, 1, 0), (2, 1, 1), (0, 2, 2), (4, 3, 3), (4, 1, 4), (1, 0, 7), (2, 3, 0)]),CG(nc=5, r=7, tr=[(4, 2, 0), (4, 3, 1), (2, 3, 2), (2, 4, 3), (2, 0, 4), (0, 1, 7), (3, 1, 0)]),3634,SAT
P6059,20,8,8,CG(nc=6, r=8, tr=[(5, 2, 0), (0, 3, 1), (3, 0, 2), (2, 3, 3), (4, 5, 4), (3, 4, 7), (5, 1, 1), (1, 2, 2)]),CG(nc=6, r=8, tr=[(1, 2, 0), (5, 4, 1), (1, 5, 2), (3, 0, 3), (5, 3, 4), (2, 4, 7), (1, 0, 1), (4, 0, 2)]),5443,SAT
P606,20,7,7,CG(nc=5, r=7, tr=[(4, 2, 0), (3, 0, 1), (0, 2, 2), (3, 4, 3), (3, 0, 4), (1, 3, 5), (4, 1, 6)]),CG(nc=5, r=7, tr=[(1, 0, 0), (2, 1, 1), (0, 1, 2), (3, 4, 3), (4, 2, 4), (1, 3, 5), (1, 3, 6)]),2129,SAT
P6060,26,9,9,CG(nc=6, r=9, tr=[(1, 5, 0), (3, 0, 1), (4, 3, 2), (3, 1, 3), (5, 2, 4), (0, 4, 5), (5, 2, 6), (4, 2, 7), (4, 2, 1)]),CG(nc=6, r=9, tr=[(1, 0, 0), (2, 0, 1), (1, 2, 2), (1, 0, 3), (5, 4, 4), (2, 5, 5), (1, 4, 6), (3, 5, 7), (3, 1, 1)]),4260,SAT
P6061,26,9,9,CG(nc=6, r=9, tr=[(5, 2, 0), (3, 2, 1), (3, 5, 2), (4, 3, 3), (2, 0, 4), (3, 1, 5), (1, 0, 6), (2, 3, 7), (0, 4, 0)]),CG(nc=6, r=9, tr=[(5, 2, 0), (3, 4, 1), (0, 2, 2), (1, 0, 3), (4, 5, 4), (4, 1, 5), (4, 1, 6), (2, 3, 7), (1, 0, 0)]),4158,SAT
P6062,22,8,8,CG(nc=6, r=8, tr=[(1, 2, 0), (0, 2, 1), (2, 3, 2), (5, 1, 3), (3, 5, 4), (0, 4, 5), (4, 3, 7), (0, 3, 0)]),CG(nc=6, r=8, tr=[(1, 2, 0), (1, 3, 1), (1, 5, 2), (4, 5, 3), (4, 0, 4), (2, 0, 5), (0, 3, 7), (2, 5, 1)]),3623,SAT
P6063,18,7,7,CG(nc=5, r=7, tr=[(1, 2, 0), (2, 0, 1), (3, 2, 2), (4, 1, 3), (4, 3, 4), (0, 2, 7), (3, 0, 0)]),CG(nc=5, r=7, tr=[(0, 1, 0), (2, 0, 1), (3, 1, 2), (1, 0, 3), (1, 4, 4), (3, 2, 7), (3, 4, 0)]),3721,SAT
P607,12,5,5,CG(nc=4, r=5, tr=[(3, 2, 0), (0, 1, 1), (2, 0, 2), (3, 1, 3), (0, 1, 4)]),CG(nc=4, r=5, tr=[(3, 2, 0), (0, 1, 1), (2, 3, 2), (0, 2, 3), (1, 2, 4)]),1798,SAT
P6076,26,9,9,CG(nc=7, r=9, tr=[(1, 6, 0), (1, 3, 1), (3, 6, 2), (4, 3, 3), (0, 1, 4), (5, 2, 5), (5, 0, 6), (6, 2, 7), (0, 4, 0)]),CG(nc=5, r=9, tr=[(1, 0, 0), (2, 0, 1), (1, 2, 2), (0, 1, 3), (4, 3, 4), (2, 4, 5), (1, 3, 6), (1, 3, 7), (4, 3, 1)]),4414,SAT
P6077,26,9,9,CG(nc=7, r=9, tr=[(1, 6, 0), (3, 6, 1), (3, 1, 2), (3, 4, 3), (1, 0, 4), (5, 2, 5), (5, 0, 6), (1, 2, 7), (4, 0, 0)]),CG(nc=5, r=9, tr=[(4, 2, 0), (4, 3, 1), (2, 3, 2), (2, 4, 3), (1, 2, 4), (3, 0, 5), (1, 0, 6), (0, 1, 7), (0, 3, 0)]),3881,SAT
P6078,26,9,9,CG(nc=7, r=9, tr=[(1, 2, 0), (6, 2, 1), (2, 4, 2), (0, 1, 3), (5, 0, 4), (4, 6, 5), (4, 3, 6), (3, 5, 7), (4, 5, 1)]),CG(nc=5, r=9, tr=[(1, 4, 0), (0, 3, 1), (1, 2, 2), (1, 4, 3), (1, 0, 4), (0, 2, 5), (3, 1, 6), (3, 1, 7), (2, 4, 1)]),4370,SAT
P6079,14,6,6,CG(nc=5, r=6, tr=[(4, 2, 0), (3, 4, 1), (2, 3, 2), (1, 0, 3), (0, 2, 4), (3, 1, 0)]),CG(nc=4, r=6, tr=[(1, 0, 0), (1, 3, 1), (2, 1, 2), (2, 3, 3), (2, 0, 4), (2, 3, 0)]),3290,SAT
P61,16,6,6,CG(nc=5, r=6, tr=[(1, 4, 0), (3, 4, 1), (3, 0, 2), (4, 0, 3), (2, 0, 5), (2, 1, 6)]),CG(nc=5, r=6, tr=[(1, 2, 0), (0, 2, 1), (1, 3, 2), (4, 1, 3), (0, 3, 5), (1, 2, 6)]),1870,SAT
P61152,16,4,4,CG(nc=4, r=4, tr=[(3, 2, 4), (0, 2, 5), (3, 1, 6), (0, 1, 7)]),CG(nc=3, r=4, tr=[(2, 1, 4), (2, 1, 5), (1, 0, 6), (0, 1, 7)]),1870,SAT
P61153,24,8,8,CG(nc=6, r=8, tr=[(1, 2, 0), (1, 2, 1), (3, 4, 2), (4, 3, 3), (3, 5, 4), (0, 4, 5), (0, 1, 6), (5, 2, 7)]),CG(nc=5, r=8, tr=[(1, 2, 0), (0, 2, 1), (4, 3, 2), (1, 3, 3), (1, 4, 4), (1, 4, 5), (1, 0, 6), (1, 0, 7)]),2229,SAT
P61154,18,5,5,CG(nc=5, r=5, tr=[(0, 1, 1), (4, 3, 4), (0, 3, 5), (2, 4, 6), (1, 2, 7)]),CG(nc=4, r=5, tr=[(3, 2, 1), (0, 2, 4), (3, 1, 5), (1, 0, 6), (0, 1, 7)]),1828,SAT
P61155,22,7,7,CG(nc=5, r=7, tr=[(1, 4, 1), (4, 1, 2), (4, 1, 3), (0, 3, 4), (3, 1, 5), (0, 2, 6), (2, 1, 7)]),CG(nc=5, r=7, tr=[(1, 2, 1), (4, 1, 2), (0, 2, 3), (3, 0, 4), (0, 3, 5), (3, 4, 6), (1, 3, 7)]),2467,SAT
P61158,20,6,6,CG(nc=6, r=6, tr=[(1, 0, 0), (2, 5, 1), (5, 4, 4), (0, 4, 5), (3, 2, 6), (3, 1, 7)]),CG(nc=4, r=6, tr=[(1, 0, 0), (3, 2, 1), (2, 0, 4), (1, 3, 5), (1, 0, 6), (2, 3, 7)]),1788,SAT
P61159,24,8,8,CG(nc=7, r=8, tr=[(6, 2, 0), (3, 4, 1), (6, 5, 2), (5, 6, 3), (1, 5, 4), (1, 0, 5), (0, 3, 6), (4, 2, 7)]),CG(nc=5, r=8, tr=[(1, 0, 0), (4, 3, 1), (2, 3, 2), (2, 0, 3), (3, 0, 4), (4, 1, 5), (1, 0, 6), (3, 4, 7)]),2241,SAT
P61160,20,6,6,CG(nc=5, r=6, tr=[(0, 1, 4), (0, 1, 5), (4, 3, 6), (1, 3, 7), (2, 0, 5), (2, 4, 4)]),CG(nc=4, r=6, tr=[(1, 3, 4), (2, 0, 5), (2, 3, 6), (2, 3, 7), (2, 0, 4), (1, 2, 5)]),5207,SAT
P61161,26,9,9,CG(nc=7, r=9, tr=[(1, 2, 0), (3, 2, 1), (4, 6, 2), (5, 4, 3), (3, 0, 4), (0, 1, 5), (6, 5, 6), (5, 2, 7), (4, 3, 5)]),CG(nc=6, r=9, tr=[(1, 0, 0), (1, 2, 1), (5, 4, 2), (2, 4, 3), (3, 0, 4), (3, 1, 5), (3, 5, 6), (5, 3, 7), (5, 1, 4)]),4121,SAT
P61162,16,4,4,CG(nc=4, r=4, tr=[(1, 3, 4), (0, 1, 5), (1, 2, 6), (0, 2, 7)]),CG(nc=3, r=4, tr=[(0, 2, 4), (2, 1, 5), (1, 0, 6), (1, 0, 7)]),1683,SAT
P61163,22,7,7,CG(nc=5, r=7, tr=[(0, 1, 1), (0, 2, 2), (0, 2, 3), (1, 2, 4), (1, 4, 5), (3, 4, 6), (2, 3, 7)]),CG(nc=5, r=7, tr=[(1, 4, 1), (0, 3, 2), (3, 1, 3), (4, 0, 4), (4, 2, 5), (2, 0, 6), (3, 2, 7)]),1969,SAT
P61166,8,2,2,CG(nc=3, r=2, tr=[(2, 1, 2), (0, 1, 3)]),CG(nc=2, r=2, tr=[(1, 0, 2), (1, 0, 3)]),1643,SAT
P61167,12,4,4,CG(nc=4, r=4, tr=[(1, 0, 2), (1, 0, 3), (2, 3, 4), (2, 1, 5)]),CG(nc=3, r=4, tr=[(2, 1, 2), (0, 1, 3), (2, 0, 4), (2, 0, 5)]),1760,SAT
P61170,20,6,6,CG(nc=4, r=6, tr=[(1, 3, 1), (0, 2, 3), (1, 3, 4), (1, 2, 5), (2, 0, 6), (1, 2, 7)]),CG(nc=4, r=6, tr=[(3, 2, 1), (1, 3, 3), (0, 2, 4), (3, 1, 5), (0, 1, 6), (0, 1, 7)]),1899,SAT
P61171,20,6,6,CG(nc=6, r=6, tr=[(0, 1, 1), (2, 3, 3), (3, 5, 4), (0, 2, 5), (4, 5, 6), (1, 4, 7)]),CG(nc=3, r=6, tr=[(0, 1, 1), (2, 1, 3), (2, 1, 4), (2, 1, 5), (0, 1, 6), (0, 1, 7)]),1837,SAT
P61174,22,7,7,CG(nc=5, r=7, tr=[(4, 2, 0), (3, 0, 1), (3, 1, 3), (3, 0, 4), (1, 4, 5), (1, 3, 6), (1, 2, 7)]),CG(nc=5, r=7, tr=[(1, 0, 0), (4, 3, 1), (2, 3, 3), (0, 3, 4), (1, 4, 5), (1, 2, 6), (3, 4, 7)]),1823,SAT
P61175,22,7,7,CG(nc=7, r=7, tr=[(1, 2, 0), (3, 1, 1), (0, 4, 3), (6, 5, 4), (4, 5, 5), (3, 0, 6), (6, 2, 7)]),CG(nc=4, r=7, tr=[(1, 0, 0), (3, 2, 1), (2, 0, 3), (2, 0, 4), (1, 3, 5), (0, 1, 6), (0, 1, 7)]),1920,SAT
P61176,20,6,6,CG(nc=5, r=6, tr=[(4, 2, 3), (2, 3, 4), (0, 3, 5), (4, 1, 6), (3, 1, 7), (2, 0, 7)]),CG(nc=4, r=6, tr=[(1, 0, 3), (1, 2, 4), (2, 3, 5), (3, 1, 6), (2, 0, 7), (1, 3, 7)]),3261,SAT
P61177,24,8,8,CG(nc=6, r=8, tr=[(1, 2, 0), (3, 2, 1), (0, 3, 3), (5, 1, 4), (4, 5, 5), (0, 2, 6), (1, 4, 7), (3, 4, 4)]),CG(nc=4, r=8, tr=[(1, 2, 0), (0, 1, 1), (2, 3, 3), (2, 3, 4), (1, 3, 5), (2, 0, 6), (0, 2, 7), (1, 0, 4)]),3909,SAT
P61178,18,5,5,CG(nc=5, r=5, tr=[(1, 2, 3), (1, 0, 4), (4, 2, 5), (4, 3, 6), (1, 3, 7)]),CG(nc=4, r=5, tr=[(0, 1, 3), (0, 3, 4), (3, 2, 5), (3, 1, 6), (0, 2, 7)]),1745,SAT
P61179,20,6,6,CG(nc=6, r=6, tr=[(1, 2, 1), (0, 3, 3), (4, 5, 4), (4, 3, 5), (4, 2, 6), (0, 1, 7)]),CG(nc=4, r=6, tr=[(1, 3, 1), (0, 1, 3), (3, 0, 4), (3, 2, 5), (3, 1, 6), (0, 2, 7)]),1624,SAT
P61182,14,4,4,CG(nc=4, r=4, tr=[(0, 1, 3), (3, 2, 4), (2, 1, 5), (0, 1, 6)]),CG(nc=3, r=4, tr=[(2, 1, 3), (2, 0, 4), (2, 0, 5), (0, 1, 6)]),1581,SAT
P61183,10,3,3,CG(nc=4, r=3, tr=[(3, 2, 2), (2, 1, 3), (0, 1, 4)]),CG(nc=2, r=3, tr=[(0, 1, 2), (1, 0, 3), (1, 0, 4)]),1781,SAT
P6120,28,10,10,CG(nc=6, r=10, tr=[(1, 0, 0), (0, 2, 1), (3, 2, 2), (3, 5, 3), (5, 1, 4), (1, 2, 5), (4, 3, 6), (0, 3, 7), (4, 5, 5), (4, 1, 1)]),CG(nc=6, r=10, tr=[(5, 2, 0), (3, 4, 1), (2, 1, 2), (3, 5, 3), (0, 2, 4), (3, 1, 5), (4, 2, 6), (3, 0, 7), (0, 1, 6), (5, 4, 2)]),14943,SAT
P6121,30,11,11,CG(nc=7, r=11, tr=[(1, 6, 0), (3, 6, 1), (4, 6, 2), (0, 5, 3), (0, 1, 4), (1, 2, 5), (4, 0, 6), (4, 2, 7), (5, 2, 2), (3, 2, 4), (5, 3, 0)]),CG(nc=6, r=11, tr=[(5, 2, 0), (3, 4, 1), (2, 1, 2), (5, 4, 3), (2, 0, 4), (4, 1, 5), (1, 0, 6), (4, 0, 7), (3, 5, 2), (3, 2, 6), (1, 0, 1)]),266975,SAT
P6122,28,10,10,CG(nc=7, r=10, tr=[(1, 2, 0), (2, 6, 1), (4, 6, 2), (1, 0, 3), (6, 5, 4), (3, 5, 5), (3, 5, 6), (0, 3, 7), (4, 2, 0), (2, 1, 2)]),CG(nc=7, r=10, tr=[(1, 2, 0), (2, 3, 1), (6, 2, 2), (0, 5, 3), (6, 5, 4), (6, 4, 5), (5, 4, 6), (0, 1, 7), (6, 3, 0), (1, 2, 1)]),20341,SAT
P6123,26,9,9,CG(nc=7, r=9, tr=[(1, 2, 0), (2, 3, 1), (6, 3, 2), (2, 0, 3), (5, 0, 4), (3, 1, 5), (4, 1, 6), (1, 5, 7), (4, 6, 1)]),CG(nc=5, r=9, tr=[(1, 2, 0), (0, 1, 1), (0, 3, 2), (2, 0, 3), (2, 4, 4), (1, 3, 5), (3, 4, 6), (2, 4, 7), (4, 3, 1)]),4498,SAT
P6126,24,9,9,CG(nc=7, r=9, tr=[(1, 2, 0), (0, 3, 1), (2, 3, 2), (6, 2, 3), (5, 4, 4), (5, 0, 5), (6, 4, 7), (3, 5, 0), (1, 0, 1)]),CG(nc=6, r=9, tr=[(5, 2, 0), (3, 0, 1), (4, 1, 2), (0, 1, 3), (1, 5, 4), (1, 5, 5), (2, 3, 7), (0, 3, 2), (0, 4, 1)]),8063,SAT
P6127,24,9,9,CG(nc=6, r=9, tr=[(0, 1, 0), (0, 2, 1), (3, 5, 2), (1, 3, 3), (2, 4, 4), (3, 4, 5), (2, 0, 7), (1, 2, 2), (5, 3, 1)]),CG(nc=6, r=9, tr=[(1, 2, 0), (2, 3, 1), (4, 5, 2), (2, 5, 3), (2, 0, 4), (0, 2, 5), (1, 4, 7), (4, 0, 1), (5, 3, 0)]),9020,SAT
P6142,26,9,9,CG(nc=6, r=9, tr=[(0, 1, 0), (0, 2, 1), (3, 1, 2), (5, 3, 3), (2, 1, 4), (4, 5, 5), (2, 4, 6), (0, 1, 7), (2, 3, 0)]),CG(nc=5, r=9, tr=[(1, 2, 0), (3, 2, 1), (0, 2, 2), (1, 0, 3), (3, 4, 4), (4, 1, 5), (1, 4, 6), (4, 1, 7), (0, 3, 0)]),4355,SAT
P6143,12,6,6,CG(nc=5, r=6, tr=[(4, 2, 0), (3, 4, 1), (0, 1, 2), (1, 3, 3), (2, 3, 2), (0, 1, 0)]),CG(nc=4, r=6, tr=[(0, 1, 0), (3, 2, 1), (1, 3, 2), (3, 0, 3), (1, 0, 1), (0, 2, 0)]),5309,SAT
P61430,26,9,9,CG(nc=7, r=9, tr=[(6, 2, 0), (0, 3, 1), (2, 4, 2), (4, 5, 3), (2, 0, 4), (6, 5, 5), (1, 5, 6), (1, 2, 7), (3, 1, 6)]),CG(nc=6, r=9, tr=[(1, 5, 0), (0, 3, 1), (4, 0, 2), (1, 2, 3), (5, 3, 4), (5, 3, 5), (2, 3, 6), (4, 5, 7), (2, 0, 5)]),4348,SAT
P61431,24,8,8,CG(nc=8, r=8, tr=[(1, 7, 0), (3, 4, 1), (7, 5, 2), (6, 2, 3), (2, 0, 4), (6, 5, 5), (0, 4, 6), (1, 3, 7)]),CG(nc=4, r=8, tr=[(1, 0, 0), (2, 3, 1), (1, 3, 2), (0, 2, 3), (0, 2, 4), (1, 3, 5), (0, 1, 6), (1, 0, 7)]),2536,SAT
P61432,22,7,7,CG(nc=5, r=7, tr=[(0, 1, 2), (4, 3, 3), (2, 3, 4), (2, 1, 5), (4, 3, 6), (0, 2, 7), (3, 1, 6)]),CG(nc=5, r=7, tr=[(4, 2, 2), (3, 1, 3), (1, 0, 4), (3, 4, 5), (3, 0, 6), (2, 0, 7), (4, 1, 6)]),3903,SAT
P61433,26,9,9,CG(nc=7, r=9, tr=[(1, 2, 0), (3, 4, 1), (6, 2, 2), (0, 4, 3), (3, 1, 4), (2, 5, 5), (0, 1, 6), (5, 6, 7), (5, 4, 4)]),CG(nc=6, r=9, tr=[(5, 2, 0), (0, 3, 1), (3, 2, 2), (5, 4, 3), (5, 1, 4), (1, 0, 5), (0, 4, 6), (1, 3, 7), (3, 2, 5)]),4623,SAT
P61434,20,6,6,CG(nc=5, r=6, tr=[(1, 2, 2), (3, 0, 3), (2, 3, 4), (1, 4, 5), (0, 3, 6), (2, 4, 7)]),CG(nc=4, r=6, tr=[(3, 2, 2), (3, 1, 3), (0, 3, 4), (1, 3, 5), (0, 1, 6), (2, 0, 7)]),2106,SAT
P61435,22,7,7,CG(nc=7, r=7, tr=[(1, 2, 1), (3, 4, 2), (5, 6, 3), (0, 4, 4), (5, 3, 5), (4, 2, 6), (1, 6, 7)]),CG(nc=4, r=7, tr=[(1, 0, 1), (3, 1, 2), (0, 2, 3), (3, 0, 4), (2, 0, 5), (2, 3, 6), (2, 3, 7)]),2115,SAT
P61438,20,6,6,CG(nc=5, r=6, tr=[(1, 2, 2), (0, 3, 3), (1, 3, 4), (4, 2, 5), (0, 1, 6), (2, 3, 7)]),CG(nc=4, r=6, tr=[(1, 3, 2), (3, 2, 3), (3, 0, 4), (0, 3, 5), (0, 2, 6), (0, 1, 7)]),2007,SAT
P61439,12,4,4,CG(nc=5, r=4, tr=[(4, 2, 2), (3, 0, 3), (1, 2, 4), (3, 1, 5)]),CG(nc=2, r=4, tr=[(1, 0, 2), (1, 0, 3), (1, 0, 4), (1, 0, 5)]),1931,SAT
P616,28,10,10,CG(nc=6, r=10, tr=[(1, 2, 0), (3, 4, 1), (1, 5, 2), (3, 1, 3), (4, 2, 4), (3, 0, 5), (5, 4, 6), (3, 4, 7), (0, 2, 1), (1, 2, 5)]),CG(nc=7, r=10, tr=[(1, 2, 0), (3, 4, 1), (5, 2, 2), (3, 0, 3), (5, 6, 4), (2, 3, 5), (6, 1, 6), (3, 5, 7), (1, 4, 4), (0, 1, 2)]),11406,SAT
P617,30,11,11,CG(nc=7, r=11, tr=[(1, 2, 0), (3, 2, 1), (3, 4, 2), (6, 5, 3), (6, 3, 4), (4, 5, 5), (2, 5, 6), (1, 0, 7), (5, 0, 4), (4, 6, 0), (3, 0, 3)]),CG(nc=7, r=11, tr=[(1, 2, 0), (1, 3, 1), (2, 0, 2), (0, 4, 3), (5, 2, 4), (0, 1, 5), (3, 2, 6), (6, 4, 7), (6, 3, 3), (3, 5, 5), (5, 4, 1)]),258289,SAT
P618,24,9,9,CG(nc=6, r=9, tr=[(1, 2, 0), (1, 0, 1), (2, 3, 2), (1, 5, 3), (4, 3, 4), (0, 3, 5), (0, 4, 6), (5, 3, 4), (3, 5, 1)]),CG(nc=6, r=9, tr=[(1, 5, 0), (1, 5, 1), (3, 5, 2), (1, 4, 3), (4, 0, 4), (2, 4, 5), (0, 2, 6), (4, 3, 1), (1, 5, 2)]),8939,SAT
P619,24,9,9,CG(nc=6, r=9, tr=[(1, 5, 0), (0, 3, 1), (3, 1, 2), (0, 4, 3), (0, 1, 4), (3, 4, 5), (2, 4, 6), (5, 4, 4), (2, 1, 1)]),CG(nc=6, r=9, tr=[(5, 2, 0), (3, 4, 1), (4, 1, 2), (0, 1, 3), (4, 5, 4), (2, 3, 5), (1, 3, 6), (2, 3, 2), (2, 0, 4)]),7033,SAT
P62,18,6,6,CG(nc=5, r=6, tr=[(1, 4, 1), (1, 0, 2), (0, 4, 3), (0, 3, 4), (2, 4, 5), (3, 2, 6)]),CG(nc=5, r=6, tr=[(1, 2, 1), (3, 0, 2), (4, 2, 3), (1, 0, 4), (2, 3, 5), (1, 0, 6)]),2087,SAT
P620,26,9,9,CG(nc=6, r=9, tr=[(1, 5, 0), (3, 0, 1), (1, 3, 2), (3, 4, 3), (5, 2, 4), (2, 0, 5), (4, 5, 6), (2, 4, 7), (4, 2, 2)]),CG(nc=6, r=9, tr=[(1, 0, 0), (0, 2, 1), (0, 1, 2), (1, 2, 3), (1, 3, 4), (2, 5, 5), (4, 3, 6), (3, 4, 7), (5, 4, 1)]),4370,SAT
P621,28,10,10,CG(nc=6, r=10, tr=[(0, 1, 0), (5, 3, 1), (3, 1, 2), (3, 0, 3), (3, 5, 4), (1, 4, 5), (5, 2, 6), (2, 4, 7), (2, 5, 3), (0, 2, 2)]),CG(nc=6, r=10, tr=[(1, 2, 0), (3, 5, 1), (0, 4, 2), (1, 4, 3), (1, 0, 4), (3, 0, 5), (4, 3, 6), (1, 2, 7), (5, 2, 3), (2, 3, 2)]),10129,SAT
P622,18,7,7,CG(nc=5, r=7, tr=[(1, 2, 0), (1, 4, 1), (3, 2, 2), (0, 1, 3), (3, 0, 4), (4, 3, 5), (3, 0, 1)]),CG(nc=5, r=7, tr=[(0, 1, 0), (1, 2, 1), (1, 0, 2), (1, 3, 3), (2, 4, 4), (4, 3, 5), (0, 3, 1)]),3734,SAT
P623,20,8,8,CG(nc=5, r=8, tr=[(1, 2, 0), (3, 0, 1), (1, 4, 2), (2, 0, 3), (0, 3, 4), (1, 2, 5), (3, 4, 3), (3, 2, 2)]),CG(nc=6, r=8, tr=[(1, 2, 0), (5, 4, 1), (3, 4, 2), (0, 1, 3), (0, 3, 4), (5, 2, 5), (5, 1, 2), (4, 3, 3)]),5721,SAT
P6272,26,9,9,CG(nc=5, r=9, tr=[(1, 4, 0), (4, 1, 1), (3, 0, 2), (3, 1, 3), (1, 0, 4), (1, 0, 5), (2, 0, 6), (2, 1, 7), (2, 4, 4)]),CG(nc=7, r=9, tr=[(1, 0, 0), (1, 2, 1), (3, 2, 2), (0, 4, 3), (5, 6, 4), (5, 2, 5), (4, 2, 6), (0, 3, 7), (4, 6, 7)]),4223,SAT
P6273,24,8,8,CG(nc=5, r=8, tr=[(4, 2, 0), (3, 0, 1), (1, 0, 2), (2, 1, 3), (4, 3, 4), (2, 0, 5), (1, 4, 6), (1, 3, 7)]),CG(nc=6, r=8, tr=[(1, 5, 0), (0, 3, 1), (1, 4, 2), (3, 4, 3), (2, 0, 4), (4, 5, 5), (2, 3, 6), (1, 2, 7)]),2285,SAT
P6274,28,10,10,CG(nc=6, r=10, tr=[(1, 2, 0), (0, 3, 1), (4, 0, 2), (0, 1, 3), (5, 3, 4), (1, 4, 5), (4, 5, 6), (3, 4, 7), (5, 2, 2), (1, 0, 4)]),CG(nc=7, r=10, tr=[(6, 2, 0), (3, 4, 1), (0, 3, 2), (5, 4, 3), (5, 6, 4), (1, 4, 5), (0, 1, 6), (4, 0, 7), (5, 1, 2), (3, 2, 6)]),10840,SAT
P6275,26,9,9,CG(nc=6, r=9, tr=[(1, 2, 0), (3, 5, 1), (5, 4, 2), (5, 1, 3), (3, 0, 4), (4, 1, 5), (0, 4, 6), (4, 3, 7), (2, 0, 2)]),CG(nc=6, r=9, tr=[(0, 1, 0), (2, 5, 1), (1, 0, 2), (1, 4, 3), (5, 3, 4), (0, 4, 5), (3, 1, 6), (3, 2, 7), (4, 2, 2)]),4379,SAT
P6278,31,11,12,CG(nc=7, r=11, tr=[(1, 2, 0), (1, 0, 1), (3, 4, 2), (3, 1, 3), (5, 3, 4), (0, 3, 5), (6, 5, 6), (5, 2, 7), (6, 4, 1), (5, 0, 2), (2, 6, 5)]),CG(nc=8, r=12, tr=[(1, 2, 0), (3, 7, 1), (5, 6, 2), (4, 0, 3), (1, 6, 4), (7, 1, 5), (3, 2, 6), (0, 5, 7), (6, 4, 6), (2, 4, 2), (3, 2, 4), (1, 5, 1)]),334773,SAT
P6279,30,11,11,CG(nc=6, r=11, tr=[(1, 2, 0), (3, 1, 1), (2, 5, 2), (1, 0, 3), (3, 4, 4), (4, 3, 5), (0, 3, 6), (5, 2, 7), (3, 5, 2), (4, 0, 7), (4, 5, 3)]),CG(nc=7, r=11, tr=[(1, 2, 0), (3, 0, 1), (4, 3, 2), (2, 0, 3), (1, 6, 4), (3, 1, 5), (3, 2, 6), (0, 5, 7), (1, 6, 7), (4, 6, 3), (5, 4, 4)]),222513,SAT
P6280,24,8,8,CG(nc=5, r=8, tr=[(1, 0, 0), (4, 3, 1), (2, 3, 2), (2, 0, 3), (3, 0, 4), (4, 1, 5), (1, 0, 6), (3, 4, 7)]),CG(nc=7, r=8, tr=[(6, 2, 0), (3, 4, 1), (6, 5, 2), (5, 6, 3), (1, 5, 4), (1, 0, 5), (0, 3, 6), (4, 2, 7)]),2300,SAT
P6281,26,9,9,CG(nc=6, r=9, tr=[(5, 2, 0), (3, 0, 1), (0, 4, 2), (4, 2, 3), (4, 1, 4), (2, 0, 5), (5, 4, 6), (5, 1, 7), (3, 5, 4)]),CG(nc=7, r=9, tr=[(1, 2, 0), (1, 6, 1), (0, 4, 2), (2, 4, 3), (2, 0, 4), (5, 6, 5), (2, 3, 6), (0, 3, 7), (4, 5, 4)]),4359,SAT
P6282,26,9,9,CG(nc=6, r=9, tr=[(1, 5, 0), (3, 5, 1), (3, 4, 2), (0, 4, 3), (0, 2, 4), (3, 0, 5), (2, 5, 6), (2, 5, 7), (4, 1, 5)]),CG(nc=6, r=9, tr=[(1, 2, 0), (2, 3, 1), (4, 1, 2), (5, 4, 3), (2, 0, 4), (4, 2, 5), (3, 0, 6), (5, 1, 7), (1, 2, 3)]),4858,SAT
P6283,26,9,9,CG(nc=6, r=9, tr=[(5, 2, 0), (0, 3, 1), (4, 3, 2), (0, 1, 3), (5, 3, 4), (3, 5, 5), (1, 3, 6), (4, 0, 7), (1, 2, 2)]),CG(nc=6, r=9, tr=[(1, 2, 0), (3, 0, 1), (4, 3, 2), (5, 4, 3), (0, 3, 4), (2, 4, 5), (2, 3, 6), (1, 5, 7), (5, 2, 2)]),4588,SAT
P6286,30,11,11,CG(nc=7, r=11, tr=[(1, 2, 0), (6, 4, 1), (0, 2, 2), (1, 5, 3), (4, 2, 4), (1, 6, 5), (4, 6, 6), (3, 0, 7), (5, 6, 2), (1, 3, 4), (0, 2, 3)]),CG(nc=8, r=11, tr=[(1, 0, 0), (1, 2, 1), (3, 0, 2), (0, 4, 3), (5, 4, 4), (6, 3, 5), (2, 4, 6), (7, 4, 7), (6, 7, 3), (6, 3, 4), (5, 6, 5)]),215480,SAT
P6287,26,9,9,CG(nc=6, r=9, tr=[(1, 2, 0), (3, 4, 1), (1, 5, 2), (0, 2, 3), (3, 5, 4), (5, 3, 5), (3, 2, 6), (3, 4, 7), (0, 4, 2)]),CG(nc=7, r=9, tr=[(1, 6, 0), (3, 4, 1), (4, 5, 2), (4, 6, 3), (2, 5, 4), (6, 2, 5), (1, 3, 6), (0, 4, 7), (5, 0, 3)]),4426,SAT
P6288,24,8,8,CG(nc=6, r=8, tr=[(1, 2, 0), (3, 5, 1), (2, 0, 2), (1, 5, 3), (3, 0, 4), (1, 4, 5), (0, 4, 6), (4, 5, 7)]),CG(nc=6, r=8, tr=[(1, 2, 0), (5, 2, 1), (5, 1, 2), (5, 4, 3), (3, 1, 4), (4, 3, 5), (1, 0, 6), (4, 0, 7)]),2220,SAT
P6289,26,9,9,CG(nc=6, r=9, tr=[(1, 2, 0), (0, 3, 1), (2, 5, 2), (0, 1, 3), (3, 5, 4), (5, 4, 5), (4, 1, 6), (5, 1, 7), (0, 4, 0)]),CG(nc=6, r=9, tr=[(1, 2, 0), (3, 4, 1), (1, 5, 2), (4, 2, 3), (3, 2, 4), (3, 0, 5), (5, 4, 6), (2, 1, 7), (0, 3, 0)]),4256,SAT
P6290,28,10,10,CG(nc=6, r=10, tr=[(1, 2, 0), (0, 3, 1), (2, 5, 2), (4, 1, 3), (1, 3, 4), (0, 1, 5), (4, 5, 6), (3, 4, 7), (2, 1, 1), (4, 3, 2)]),CG(nc=7, r=10, tr=[(6, 2, 0), (3, 0, 1), (3, 4, 2), (5, 6, 3), (5, 4, 4), (4, 1, 5), (3, 2, 6), (0, 5, 7), (1, 0, 6), (1, 6, 2)]),10349,SAT
P6291,26,9,9,CG(nc=6, r=9, tr=[(1, 5, 0), (0, 3, 1), (0, 4, 2), (0, 2, 3), (3, 5, 4), (4, 2, 5), (3, 2, 6), (1, 2, 7), (4, 1, 3)]),CG(nc=6, r=9, tr=[(1, 5, 0), (3, 0, 1), (4, 2, 2), (5, 4, 3), (1, 0, 4), (2, 5, 5), (1, 3, 6), (4, 1, 7), (2, 3, 3)]),4359,SAT
P6294,30,11,11,CG(nc=7, r=11, tr=[(1, 2, 0), (0, 3, 1), (4, 1, 2), (3, 2, 3), (5, 2, 4), (0, 4, 5), (4, 5, 6), (2, 6, 7), (3, 1, 6), (3, 5, 2), (6, 5, 3)]),CG(nc=7, r=11, tr=[(1, 0, 0), (2, 1, 1), (0, 2, 2), (6, 4, 3), (5, 4, 4), (5, 3, 5), (6, 2, 6), (0, 4, 7), (3, 0, 6), (3, 6, 2), (1, 5, 3)]),227606,SAT
P6295,28,10,10,CG(nc=6, r=10, tr=[(1, 2, 0), (0, 1, 1), (0, 3, 2), (4, 3, 3), (2, 4, 4), (1, 5, 5), (3, 5, 6), (3, 2, 7), (5, 4, 1), (0, 2, 3)]),CG(nc=7, r=10, tr=[(1, 2, 0), (6, 2, 1), (4, 0, 2), (2, 4, 3), (5, 3, 4), (3, 6, 5), (1, 0, 6), (5, 4, 7), (5, 1, 3), (3, 1, 2)]),9791,SAT
P6296,20,7,7,CG(nc=5, r=7, tr=[(1, 0, 0), (4, 3, 1), (3, 2, 2), (2, 0, 3), (3, 0, 4), (1, 4, 5), (3, 4, 6)]),CG(nc=5, r=7, tr=[(0, 1, 0), (4, 3, 1), (0, 2, 2), (0, 2, 3), (1, 4, 4), (1, 2, 5), (1, 3, 6)]),1817,SAT
P6297,20,7,7,CG(nc=5, r=7, tr=[(0, 1, 0), (4, 3, 1), (1, 2, 2), (4, 2, 3), (0, 3, 4), (1, 4, 5), (2, 3, 6)]),CG(nc=6, r=7, tr=[(1, 2, 0), (5, 2, 1), (0, 4, 2), (4, 1, 3), (5, 3, 4), (3, 4, 5), (0, 1, 6)]),1978,SAT
P6298,24,9,9,CG(nc=5, r=9, tr=[(1, 2, 0), (2, 1, 1), (1, 0, 2), (4, 2, 3), (2, 4, 4), (3, 2, 5), (0, 3, 6), (3, 4, 4), (4, 3, 2)]),CG(nc=7, r=9, tr=[(1, 6, 0), (3, 1, 1), (4, 6, 2), (5, 4, 3), (2, 0, 4), (5, 6, 5), (3, 0, 6), (2, 5, 2), (2, 4, 5)]),8077,SAT
P6299,22,8,8,CG(nc=5, r=8, tr=[(1, 2, 0), (3, 4, 1), (2, 3, 2), (0, 2, 3), (3, 0, 4), (0, 3, 5), (2, 1, 6), (4, 1, 5)]),CG(nc=6, r=8, tr=[(1, 2, 0), (1, 5, 1), (4, 1, 2), (4, 0, 3), (3, 5, 4), (1, 0, 5), (0, 2, 6), (4, 3, 5)]),3639,SAT
P63,6,3,3,CG(nc=3, r=3, tr=[(2, 1, 0), (0, 1, 1), (2, 0, 2)]),CG(nc=3, r=3, tr=[(1, 2, 0), (2, 1, 1), (0, 1, 2)]),1712,SAT
P6302,26,10,10,CG(nc=6, r=10, tr=[(0, 1, 0), (2, 3, 1), (5, 2, 2), (4, 1, 3), (1, 5, 4), (4, 5, 5), (3, 2, 6), (0, 3, 4), (2, 1, 5), (1, 2, 3)]),CG(nc=7, r=10, tr=[(0, 1, 0), (1, 2, 1), (2, 0, 2), (0, 3, 3), (4, 3, 4), (3, 5, 5), (6, 2, 6), (4, 5, 4), (4, 2, 5), (6, 5, 2)]),209174,SAT
P6303,22,8,8,CG(nc=5, r=8, tr=[(4, 2, 0), (2, 4, 1), (2, 3, 2), (3, 1, 3), (3, 0, 4), (0, 3, 5), (1, 4, 6), (1, 0, 2)]),CG(nc=6, r=8, tr=[(1, 2, 0), (0, 1, 1), (0, 2, 2), (0, 3, 3), (2, 4, 4), (4, 3, 5), (2, 5, 6), (3, 5, 2)]),3912,SAT
P6304,24,8,8,CG(nc=5, r=8, tr=[(4, 2, 0), (0, 3, 1), (1, 0, 2), (1, 2, 3), (4, 3, 4), (0, 1, 5), (1, 4, 6), (3, 1, 7)]),CG(nc=6, r=8, tr=[(5, 2, 0), (0, 3, 1), (4, 5, 2), (2, 5, 3), (1, 0, 4), (3, 4, 5), (1, 2, 6), (1, 3, 7)]),2217,SAT
P6305,26,9,9,CG(nc=6, r=9, tr=[(1, 0, 0), (5, 3, 1), (4, 5, 2), (4, 1, 3), (0, 3, 4), (2, 5, 5), (4, 0, 6), (3, 4, 7), (1, 2, 6)]),CG(nc=6, r=9, tr=[(0, 1, 0), (2, 5, 1), (2, 4, 2), (4, 1, 3), (3, 5, 4), (4, 0, 5), (4, 0, 6), (2, 3, 7), (3, 1, 6)]),4631,SAT
P6306,26,9,9,CG(nc=6, r=9, tr=[(1, 2, 0), (5, 4, 1), (2, 4, 2), (0, 2, 3), (5, 3, 4), (5, 1, 5), (3, 0, 6), (4, 3, 7), (0, 4, 4)]),CG(nc=7, r=9, tr=[(1, 2, 0), (0, 3, 1), (1, 2, 2), (3, 4, 3), (6, 4, 4), (0, 5, 5), (2, 3, 6), (1, 6, 7), (2, 5, 4)]),4260,SAT
P6307,26,9,9,CG(nc=6, r=9, tr=[(1, 2, 0), (3, 5, 1), (2, 5, 2), (0, 1, 3), (0, 3, 4), (4, 2, 5), (0, 2, 6), (2, 3, 7), (4, 5, 3)]),CG(nc=6, r=9, tr=[(1, 0, 0), (2, 5, 1), (4, 2, 2), (0, 4, 3), (3, 5, 4), (4, 0, 5), (3, 1, 6), (3, 2, 7), (1, 0, 3)]),4900,SAT
P6308,26,9,9,CG(nc=6, r=9, tr=[(5, 2, 0), (3, 4, 1), (2, 4, 2), (0, 4, 3), (0, 2, 4), (5, 1, 5), (0, 1, 6), (2, 1, 7), (5, 3, 4)]),CG(nc=6, r=9, tr=[(1, 2, 0), (5, 2, 1), (4, 5, 2), (4, 2, 3), (4, 3, 4), (0, 1, 5), (0, 3, 6), (3, 1, 7), (5, 2, 4)]),3949,SAT
P6309,27,9,10,CG(nc=6, r=9, tr=[(1, 5, 0), (3, 4, 1), (2, 4, 2), (2, 5, 3), (5, 4, 4), (3, 1, 5), (1, 2, 6), (0, 2, 7), (0, 3, 3)]),CG(nc=7, r=10, tr=[(1, 6, 0), (3, 4, 1), (5, 1, 2), (3, 6, 3), (2, 5, 4), (4, 6, 5), (3, 2, 6), (1, 4, 7), (0, 2, 7), (5, 0, 3)]),8918,SAT
P6310,30,11,11,CG(nc=6, r=11, tr=[(1, 0, 0), (2, 3, 1), (4, 1, 2), (5, 3, 3), (0, 2, 4), (4, 1, 5), (4, 2, 6), (4, 0, 7), (4, 3, 3), (3, 5, 0), (1, 5, 4)]),CG(nc=8, r=11, tr=[(1, 7, 0), (3, 0, 1), (1, 4, 2), (5, 3, 3), (5, 7, 4), (0, 6, 5), (3, 4, 6), (4, 1, 7), (2, 6, 2), (5, 2, 7), (4, 6, 3)]),216733,SAT
P6311,28,10,10,CG(nc=6, r=10, tr=[(0, 1, 0), (2, 1, 1), (3, 1, 2), (5, 3, 3), (5, 1, 4), (2, 4, 5), (4, 5, 6), (3, 0, 7), (4, 2, 7), (2, 0, 3)]),CG(nc=6, r=10, tr=[(1, 0, 0), (2, 3, 1), (3, 4, 2), (1, 4, 3), (0, 2, 4), (5, 3, 5), (4, 0, 6), (2, 4, 7), (3, 5, 0), (1, 5, 4)]),12706,SAT
P6312,24,8,8,CG(nc=5, r=8, tr=[(1, 2, 0), (3, 4, 1), (0, 2, 2), (4, 1, 3), (0, 3, 4), (0, 2, 5), (1, 3, 6), (4, 3, 7)]),CG(nc=6, r=8, tr=[(1, 2, 0), (3, 1, 1), (0, 4, 2), (2, 1, 3), (5, 1, 4), (4, 1, 5), (0, 2, 6), (3, 5, 7)]),2232,SAT
P6313,26,9,9,CG(nc=6, r=9, tr=[(0, 1, 0), (2, 5, 1), (2, 4, 2), (4, 0, 3), (2, 0, 4), (3, 5, 5), (4, 1, 6), (3, 4, 7), (1, 3, 3)]),CG(nc=6, r=9, tr=[(1, 5, 0), (0, 3, 1), (3, 4, 2), (2, 5, 3), (4, 0, 4), (3, 5, 5), (1, 2, 6), (3, 2, 7), (4, 1, 3)]),4315,SAT
P6314,24,8,8,CG(nc=5, r=8, tr=[(1, 2, 0), (1, 2, 1), (4, 2, 2), (0, 1, 3), (4, 3, 4), (2, 4, 5), (0, 3, 6), (3, 0, 7)]),CG(nc=7, r=8, tr=[(6, 2, 0), (2, 3, 1), (4, 5, 2), (0, 4, 3), (6, 4, 4), (5, 0, 5), (0, 1, 6), (3, 1, 7)]),2177,SAT
P6315,24,8,8,CG(nc=5, r=8, tr=[(4, 2, 0), (2, 4, 1), (3, 2, 2), (3, 0, 3), (2, 0, 4), (3, 1, 5), (1, 4, 6), (3, 4, 7)]),CG(nc=6, r=8, tr=[(1, 2, 0), (1, 5, 1), (1, 4, 2), (0, 4, 3), (5, 4, 4), (0, 1, 5), (2, 3, 6), (0, 3, 7)]),2007,SAT
P6316,26,9,9,CG(nc=6, r=9, tr=[(5, 2, 0), (3, 4, 1), (2, 3, 2), (3, 0, 3), (2, 0, 4), (0, 1, 5), (5, 1, 6), (4, 1, 7), (4, 5, 4)]),CG(nc=7, r=9, tr=[(1, 0, 0), (1, 2, 1), (3, 0, 2), (6, 5, 3), (5, 4, 4), (3, 5, 5), (2, 4, 6), (4, 6, 7), (2, 0, 3)]),4128,SAT
P6317,28,10,10,CG(nc=7, r=10, tr=[(1, 2, 0), (3, 2, 1), (1, 4, 2), (2, 0, 3), (6, 4, 4), (5, 6, 5), (2, 5, 6), (0, 1, 7), (4, 6, 3), (3, 4, 4)]),CG(nc=7, r=10, tr=[(0, 1, 0), (2, 3, 1), (1, 4, 2), (4, 6, 3), (5, 0, 4), (5, 4, 5), (6, 2, 6), (1, 3, 7), (5, 4, 6), (6, 1, 4)]),13866,SAT
P6318,26,9,9,CG(nc=5, r=9, tr=[(1, 0, 0), (2, 3, 1), (4, 3, 2), (3, 1, 3), (0, 2, 4), (3, 4, 5), (2, 3, 6), (3, 2, 7), (1, 4, 4)]),CG(nc=7, r=9, tr=[(1, 0, 0), (2, 3, 1), (4, 5, 2), (6, 4, 3), (3, 6, 4), (1, 5, 5), (6, 2, 6), (1, 3, 7), (4, 0, 4)]),4107,SAT
P6319,26,9,9,CG(nc=6, r=9, tr=[(1, 2, 0), (3, 5, 1), (2, 0, 2), (1, 5, 3), (1, 4, 4), (1, 4, 5), (4, 0, 6), (5, 3, 7), (3, 2, 4)]),CG(nc=6, r=9, tr=[(1, 2, 0), (0, 2, 1), (5, 4, 2), (0, 4, 3), (5, 1, 4), (3, 0, 5), (4, 1, 6), (4, 5, 7), (1, 3, 2)]),4191,SAT
P6320,24,8,8,CG(nc=5, r=8, tr=[(0, 1, 0), (0, 1, 1), (4, 3, 2), (3, 1, 3), (1, 4, 4), (0, 2, 5), (4, 2, 6), (0, 2, 7)]),CG(nc=6, r=8, tr=[(0, 1, 0), (5, 3, 1), (4, 3, 2), (0, 1, 3), (5, 3, 4), (2, 0, 5), (3, 1, 6), (2, 4, 7)]),2095,SAT
P6321,26,9,9,CG(nc=6, r=9, tr=[(1, 2, 0), (5, 4, 1), (1, 5, 2), (0, 2, 3), (4, 0, 4), (5, 3, 5), (1, 0, 6), (5, 3, 7), (2, 3, 6)]),CG(nc=7, r=9, tr=[(1, 2, 0), (0, 3, 1), (6, 2, 2), (3, 1, 3), (5, 4, 4), (0, 5, 5), (1, 6, 6), (4, 2, 7), (4, 3, 6)]),4463,SAT
P6322,26,9,9,CG(nc=6, r=9, tr=[(1, 2, 0), (5, 4, 1), (2, 4, 2), (2, 0, 3), (2, 3, 4), (5, 1, 5), (2, 1, 6), (3, 0, 7), (4, 3, 6)]),CG(nc=6, r=9, tr=[(0, 1, 0), (2, 1, 1), (2, 0, 2), (0, 3, 3), (3, 4, 4), (4, 2, 5), (2, 5, 6), (3, 5, 7), (4, 5, 1)]),4760,SAT
P6323,24,8,8,CG(nc=5, r=8, tr=[(1, 0, 0), (4, 3, 1), (2, 1, 2), (4, 2, 3), (0, 3, 4), (2, 1, 5), (2, 3, 6), (2, 1, 7)]),CG(nc=6, r=8, tr=[(1, 2, 0), (3, 0, 1), (1, 2, 2), (3, 5, 3), (4, 2, 4), (0, 4, 5), (3, 2, 6), (5, 1, 7)]),2342,SAT
P6324,26,9,9,CG(nc=6, r=9, tr=[(1, 2, 0), (5, 4, 1), (1, 3, 2), (1, 0, 3), (3, 0, 4), (2, 5, 5), (0, 2, 6), (1, 4, 7), (4, 3, 3)]),CG(nc=6, r=9, tr=[(1, 2, 0), (0, 1, 1), (3, 0, 2), (2, 3, 3), (3, 4, 4), (1, 5, 5), (2, 5, 6), (4, 1, 7), (4, 0, 3)]),4717,SAT
P6325,28,10,10,CG(nc=5, r=10, tr=[(1, 2, 0), (3, 0, 1), (4, 2, 2), (3, 1, 3), (4, 1, 4), (4, 1, 5), (0, 2, 6), (1, 4, 7), (0, 3, 0), (3, 2, 4)]),CG(nc=6, r=10, tr=[(1, 5, 0), (3, 1, 1), (1, 4, 2), (2, 5, 3), (3, 1, 4), (3, 0, 5), (2, 1, 6), (4, 5, 7), (4, 0, 3), (3, 0, 6)]),12971,SAT
P6326,28,10,10,CG(nc=6, r=10, tr=[(5, 2, 0), (3, 5, 1), (3, 4, 2), (4, 0, 3), (0, 2, 4), (5, 1, 5), (4, 1, 6), (4, 2, 7), (0, 1, 1), (2, 3, 3)]),CG(nc=7, r=10, tr=[(1, 6, 0), (3, 0, 1), (4, 1, 2), (3, 5, 3), (5, 6, 4), (2, 0, 5), (1, 3, 6), (4, 6, 7), (4, 2, 3), (1, 2, 4)]),12511,SAT
P6327,26,9,9,CG(nc=6, r=9, tr=[(1, 2, 0), (2, 0, 1), (3, 2, 2), (0, 1, 3), (3, 4, 4), (3, 2, 5), (1, 4, 6), (4, 5, 7), (5, 3, 3)]),CG(nc=6, r=9, tr=[(1, 0, 0), (5, 3, 1), (4, 1, 2), (5, 4, 3), (1, 5, 4), (2, 0, 5), (1, 3, 6), (2, 4, 7), (0, 3, 3)]),4353,SAT
P6328,20,7,7,CG(nc=5, r=7, tr=[(1, 4, 0), (3, 0, 1), (2, 0, 2), (1, 2, 3), (3, 4, 4), (0, 2, 5), (2, 4, 6)]),CG(nc=5, r=7, tr=[(1, 0, 0), (2, 1, 1), (0, 1, 2), (0, 1, 3), (4, 3, 4), (3, 1, 5), (4, 2, 6)]),1905,SAT
P6329,22,8,8,CG(nc=6, r=8, tr=[(0, 1, 0), (2, 5, 1), (4, 5, 2), (4, 1, 3), (0, 2, 4), (3, 5, 5), (0, 4, 6), (3, 1, 6)]),CG(nc=6, r=8, tr=[(1, 2, 0), (5, 2, 1), (4, 0, 2), (4, 1, 3), (3, 4, 4), (5, 3, 5), (1, 0, 6), (5, 3, 6)]),3710,SAT
P6330,20,7,7,CG(nc=5, r=7, tr=[(1, 0, 0), (2, 4, 1), (3, 4, 2), (3, 1, 3), (0, 2, 4), (4, 3, 5), (4, 2, 6)]),CG(nc=6, r=7, tr=[(1, 2, 0), (0, 2, 1), (3, 4, 2), (0, 3, 3), (5, 3, 4), (4, 0, 5), (1, 5, 6)]),2031,SAT
P6331,20,7,7,CG(nc=5, r=7, tr=[(1, 0, 0), (4, 3, 1), (2, 1, 2), (4, 2, 3), (0, 3, 4), (0, 3, 5), (2, 3, 6)]),CG(nc=5, r=7, tr=[(0, 1, 0), (2, 4, 1), (3, 2, 2), (2, 0, 3), (4, 2, 4), (0, 3, 5), (1, 2, 6)]),1892,SAT
P6332,22,8,8,CG(nc=6, r=8, tr=[(5, 2, 0), (3, 4, 1), (2, 3, 2), (0, 3, 3), (2, 0, 4), (1, 0, 5), (5, 1, 6), (5, 4, 4)]),CG(nc=6, r=8, tr=[(1, 5, 0), (3, 0, 1), (4, 2, 2), (2, 1, 3), (4, 1, 4), (0, 4, 5), (3, 1, 6), (5, 2, 4)]),3589,SAT
P6333,24,9,9,CG(nc=6, r=9, tr=[(1, 2, 0), (3, 5, 1), (1, 3, 2), (4, 2, 3), (1, 0, 4), (5, 2, 5), (4, 1, 6), (0, 4, 0), (2, 5, 4)]),CG(nc=6, r=9, tr=[(1, 2, 0), (3, 0, 1), (1, 5, 2), (3, 2, 3), (0, 4, 4), (4, 1, 5), (3, 1, 6), (5, 2, 6), (3, 0, 2)]),6859,SAT
P6334,22,8,8,CG(nc=5, r=8, tr=[(1, 4, 0), (3, 2, 1), (3, 1, 2), (0, 3, 3), (4, 2, 4), (1, 3, 5), (3, 2, 6), (0, 1, 4)]),CG(nc=6, r=8, tr=[(5, 2, 0), (3, 0, 1), (4, 1, 2), (2, 1, 3), (5, 1, 4), (0, 4, 5), (2, 3, 6), (2, 0, 4)]),3780,SAT
P6335,22,8,8,CG(nc=6, r=8, tr=[(1, 0, 0), (2, 0, 1), (3, 1, 2), (3, 5, 3), (5, 1, 4), (4, 0, 5), (4, 3, 6), (2, 3, 4)]),CG(nc=5, r=8, tr=[(4, 2, 0), (3, 0, 1), (2, 4, 2), (4, 3, 3), (1, 0, 4), (2, 1, 5), (3, 2, 6), (3, 0, 2)]),4493,SAT
P636,26,9,9,CG(nc=5, r=9, tr=[(1, 2, 0), (2, 0, 1), (3, 4, 2), (3, 0, 3), (1, 3, 4), (4, 1, 5), (3, 0, 6), (3, 1, 7), (4, 2, 3)]),CG(nc=7, r=9, tr=[(1, 2, 0), (1, 2, 1), (3, 0, 2), (1, 6, 3), (5, 4, 4), (1, 3, 5), (0, 2, 6), (4, 3, 7), (5, 6, 1)]),4059,SAT
P6368,26,9,9,CG(nc=6, r=9, tr=[(1, 2, 0), (3, 5, 1), (3, 1, 2), (0, 1, 3), (0, 4, 4), (2, 5, 5), (4, 3, 6), (4, 2, 7), (2, 0, 6)]),CG(nc=6, r=9, tr=[(5, 2, 0), (3, 4, 1), (2, 5, 2), (5, 4, 3), (1, 2, 4), (1, 4, 5), (2, 3, 6), (0, 4, 7), (0, 1, 6)]),4103,SAT
P6369,30,11,11,CG(nc=7, r=11, tr=[(0, 1, 0), (2, 3, 1), (0, 3, 2), (4, 0, 3), (4, 3, 4), (2, 1, 5), (1, 5, 6), (6, 5, 7), (0, 1, 1), (5, 4, 5), (2, 6, 3)]),CG(nc=8, r=11, tr=[(0, 1, 0), (2, 7, 1), (4, 1, 2), (4, 2, 3), (5, 6, 4), (4, 0, 5), (3, 5, 6), (6, 1, 7), (5, 7, 5), (2, 6, 6), (3, 0, 3)]),217866,SAT
P637,26,9,9,CG(nc=6, r=9, tr=[(1, 0, 0), (2, 3, 1), (5, 2, 2), (0, 2, 3), (2, 5, 4), (3, 4, 5), (3, 5, 6), (1, 4, 7), (1, 3, 2)]),CG(nc=7, r=9, tr=[(1, 0, 0), (0, 2, 1), (3, 2, 2), (1, 6, 3), (3, 5, 4), (4, 1, 5), (2, 1, 6), (6, 5, 7), (0, 4, 2)]),4163,SAT
P6370,26,9,9,CG(nc=6, r=9, tr=[(0, 1, 0), (2, 0, 1), (3, 1, 2), (5, 3, 3), (4, 0, 4), (5, 2, 5), (5, 4, 6), (2, 4, 7), (1, 2, 3)]),CG(nc=6, r=9, tr=[(1, 2, 0), (1, 5, 1), (4, 3, 2), (4, 3, 3), (2, 0, 4), (3, 5, 5), (0, 4, 6), (4, 2, 7), (2, 1, 3)]),4247,SAT
P6371,28,10,10,CG(nc=7, r=10, tr=[(1, 2, 0), (3, 4, 1), (1, 5, 2), (6, 2, 3), (3, 5, 4), (0, 1, 5), (0, 4, 6), (3, 6, 7), (2, 4, 4), (5, 0, 3)]),CG(nc=7, r=10, tr=[(1, 2, 0), (3, 4, 1), (3, 5, 2), (5, 0, 3), (2, 5, 4), (2, 0, 5), (4, 2, 6), (0, 1, 7), (6, 3, 7), (4, 6, 3)]),10541,SAT
P6374,28,10,10,CG(nc=6, r=10, tr=[(0, 1, 0), (5, 3, 1), (4, 3, 2), (0, 4, 3), (1, 5, 4), (2, 1, 5), (4, 1, 6), (0, 2, 7), (5, 2, 3), (3, 4, 7)]),CG(nc=6, r=10, tr=[(5, 2, 0), (3, 4, 1), (1, 0, 2), (0, 3, 3), (4, 5, 4), (2, 3, 5), (1, 4, 6), (5, 3, 7), (1, 2, 4), (1, 0, 0)]),11301,SAT
P6375,30,11,11,CG(nc=6, r=11, tr=[(1, 2, 0), (1, 3, 1), (2, 0, 2), (1, 5, 3), (5, 1, 4), (2, 4, 5), (3, 5, 6), (1, 4, 7), (0, 4, 3), (4, 3, 4), (0, 4, 0)]),CG(nc=6, r=11, tr=[(1, 2, 0), (1, 3, 1), (2, 0, 2), (1, 5, 3), (5, 1, 4), (2, 4, 5), (3, 5, 6), (1, 4, 7), (0, 4, 3), (4, 3, 4), (0, 4, 0)]),213300,SAT
P6376,26,9,9,CG(nc=5, r=9, tr=[(1, 0, 0), (1, 0, 1), (2, 1, 2), (4, 2, 3), (3, 4, 4), (2, 3, 5), (3, 0, 6), (1, 0, 7), (2, 4, 6)]),CG(nc=6, r=9, tr=[(1, 5, 0), (3, 1, 1), (1, 4, 2), (5, 2, 3), (1, 0, 4), (0, 3, 5), (2, 3, 6), (2, 0, 7), (5, 4, 5)]),4424,SAT
P6377,28,10,10,CG(nc=7, r=10, tr=[(1, 0, 0), (2, 3, 1), (2, 4, 2), (6, 3, 3), (0, 2, 4), (5, 4, 5), (5, 3, 6), (5, 6, 7), (3, 1, 5), (4, 0, 3)]),CG(nc=7, r=10, tr=[(1, 2, 0), (3, 0, 1), (1, 6, 2), (6, 5, 3), (4, 1, 4), (0, 4, 5), (5, 4, 6), (6, 2, 7), (3, 1, 6), (2, 3, 3)]),9812,SAT
P6378,24,8,8,CG(nc=6, r=8, tr=[(1, 2, 0), (3, 0, 1), (1, 3, 2), (1, 5, 3), (4, 5, 4), (0, 2, 5), (0, 4, 6), (2, 4, 7)]),CG(nc=6, r=8, tr=[(1, 2, 0), (1, 3, 1), (3, 1, 2), (5, 4, 3), (4, 0, 4), (1, 4, 5), (0, 2, 6), (3, 5, 7)]),2139,SAT
P6379,26,9,9,CG(nc=6, r=9, tr=[(1, 2, 0), (1, 2, 1), (3, 2, 2), (5, 1, 3), (0, 2, 4), (4, 3, 5), (1, 4, 6), (5, 4, 7), (0, 3, 3)]),CG(nc=6, r=9, tr=[(1, 5, 0), (3, 1, 1), (4, 3, 2), (2, 5, 3), (4, 5, 4), (3, 0, 5), (3, 2, 6), (2, 0, 7), (4, 0, 3)]),4260,SAT
P638,22,8,8,CG(nc=5, r=8, tr=[(1, 2, 0), (1, 4, 1), (0, 2, 2), (0, 3, 3), (4, 3, 4), (0, 1, 5), (3, 1, 6), (3, 4, 2)]),CG(nc=5, r=8, tr=[(1, 4, 0), (3, 2, 1), (2, 0, 2), (0, 3, 3), (1, 3, 4), (3, 1, 5), (2, 4, 6), (1, 4, 2)]),3715,SAT
P6382,26,9,9,CG(nc=5, r=9, tr=[(0, 1, 0), (0, 1, 1), (1, 2, 2), (4, 2, 3), (3, 4, 4), (2, 3, 5), (1, 0, 6), (2, 0, 7), (1, 3, 3)]),CG(nc=6, r=9, tr=[(0, 1, 0), (2, 1, 1), (1, 0, 2), (5, 4, 3), (1, 4, 4), (4, 3, 5), (2, 3, 6), (5, 3, 7), (0, 3, 3)]),4178,SAT
P6383,26,9,9,CG(nc=6, r=9, tr=[(1, 2, 0), (3, 0, 1), (5, 4, 2), (2, 5, 3), (4, 2, 4), (1, 0, 5), (2, 1, 6), (2, 1, 7), (3, 4, 3)]),CG(nc=6, r=9, tr=[(1, 2, 0), (0, 3, 1), (4, 2, 2), (0, 4, 3), (0, 2, 4), (5, 4, 5), (1, 5, 6), (2, 3, 7), (2, 5, 3)]),4309,SAT
P6384,24,8,8,CG(nc=4, r=8, tr=[(1, 2, 0), (1, 2, 1), (1, 3, 2), (0, 2, 3), (3, 1, 4), (1, 3, 5), (0, 1, 6), (1, 3, 7)]),CG(nc=7, r=8, tr=[(1, 6, 0), (1, 3, 1), (6, 4, 2), (3, 6, 3), (5, 2, 4), (4, 5, 5), (0, 3, 6), (2, 0, 7)]),2154,SAT
P6385,26,9,9,CG(nc=6, r=9, tr=[(0, 1, 0), (1, 0, 1), (1, 2, 2), (5, 2, 3), (1, 2, 4), (4, 3, 5), (3, 5, 6), (3, 1, 7), (0, 4, 3)]),CG(nc=7, r=9, tr=[(1, 2, 0), (3, 2, 1), (4, 6, 2), (0, 3, 3), (5, 1, 4), (5, 4, 5), (3, 6, 6), (0, 1, 7), (4, 1, 3)]),4060,SAT
P6386,24,8,8,CG(nc=5, r=8, tr=[(1, 2, 0), (2, 3, 1), (4, 3, 2), (0, 2, 3), (4, 3, 4), (4, 1, 5), (3, 0, 6), (1, 4, 7)]),CG(nc=6, r=8, tr=[(1, 5, 0), (3, 4, 1), (2, 0, 2), (5, 3, 3), (4, 2, 4), (1, 5, 5), (0, 3, 6), (1, 4, 7)]),1943,SAT
P6387,26,9,9,CG(nc=6, r=9, tr=[(1, 2, 0), (3, 0, 1), (2, 3, 2), (5, 2, 3), (1, 0, 4), (0, 1, 5), (1, 2, 6), (4, 5, 7), (3, 4, 6)]),CG(nc=6, r=9, tr=[(1, 2, 0), (0, 3, 1), (2, 1, 2), (3, 5, 3), (4, 2, 4), (0, 4, 5), (3, 2, 6), (5, 1, 7), (2, 4, 3)]),3859,SAT
P639,16,7,7,CG(nc=5, r=7, tr=[(1, 2, 0), (2, 4, 1), (4, 3, 2), (0, 2, 3), (3, 4, 4), (0, 3, 3), (0, 1, 2)]),CG(nc=5, r=7, tr=[(1, 4, 0), (1, 4, 1), (3, 0, 2), (3, 4, 3), (0, 2, 4), (0, 1, 3), (2, 1, 2)]),4893,SAT
P6390,26,9,9,CG(nc=6, r=9, tr=[(1, 2, 0), (1, 3, 1), (3, 5, 2), (5, 4, 3), (3, 4, 4), (2, 4, 5), (0, 2, 6), (5, 3, 7), (0, 1, 3)]),CG(nc=6, r=9, tr=[(5, 2, 0), (3, 2, 1), (2, 4, 2), (3, 5, 3), (2, 0, 4), (4, 1, 5), (0, 3, 6), (1, 5, 7), (0, 1, 3)]),4461,SAT
P6391,26,9,9,CG(nc=6, r=9, tr=[(1, 2, 0), (3, 0, 1), (1, 0, 2), (2, 5, 3), (2, 3, 4), (4, 0, 5), (1, 5, 6), (3, 2, 7), (1, 4, 3)]),CG(nc=6, r=9, tr=[(1, 2, 0), (0, 2, 1), (3, 1, 2), (5, 2, 3), (5, 4, 4), (3, 0, 5), (1, 5, 6), (4, 1, 7), (1, 0, 3)]),4649,SAT
P6392,20,7,7,CG(nc=5, r=7, tr=[(4, 2, 0), (2, 4, 1), (3, 2, 2), (3, 0, 3), (0, 1, 4), (0, 1, 5), (4, 1, 6)]),CG(nc=5, r=7, tr=[(1, 4, 0), (1, 3, 1), (3, 4, 2), (3, 4, 3), (0, 2, 4), (3, 2, 5), (0, 3, 6)]),2022,SAT
P6393,22,8,8,CG(nc=5, r=8, tr=[(1, 0, 0), (0, 1, 1), (4, 3, 2), (1, 3, 3), (4, 2, 4), (4, 2, 5), (1, 2, 6), (0, 3, 6)]),CG(nc=6, r=8, tr=[(1, 2, 0), (2, 5, 1), (0, 4, 2), (1, 4, 3), (3, 4, 4), (3, 5, 5), (0, 1, 6), (5, 4, 6)]),3814,SAT
P6394,20,7,7,CG(nc=5, r=7, tr=[(4, 2, 0), (3, 1, 1), (2, 3, 2), (3, 0, 3), (4, 1, 4), (3, 2, 5), (1, 0, 6)]),CG(nc=5, r=7, tr=[(1, 4, 0), (0, 3, 1), (3, 0, 2), (2, 0, 3), (4, 2, 4), (3, 2, 5), (3, 1, 6)]),2007,SAT
P6395,22,8,8,CG(nc=6, r=8, tr=[(1, 2, 0), (3, 1, 1), (0, 3, 2), (1, 5, 3), (4, 1, 4), (0, 2, 5), (5, 3, 6), (0, 4, 6)]),CG(nc=5, r=8, tr=[(4, 2, 0), (3, 0, 1), (3, 1, 2), (4, 1, 3), (0, 1, 4), (3, 4, 5), (0, 1, 6), (2, 3, 6)]),3727,SAT
P6398,22,8,8,CG(nc=6, r=8, tr=[(1, 5, 0), (3, 4, 1), (5, 3, 2), (0, 4, 3), (2, 4, 4), (1, 4, 5), (2, 5, 6), (0, 1, 4)]),CG(nc=5, r=8, tr=[(1, 0, 0), (1, 2, 1), (1, 3, 2), (2, 0, 3), (3, 4, 4), (2, 4, 5), (2, 4, 6), (0, 1, 5)]),3908,SAT
P6399,20,7,7,CG(nc=5, r=7, tr=[(0, 1, 0), (2, 3, 1), (0, 3, 2), (4, 2, 3), (0, 3, 4), (1, 2, 5), (0, 1, 6)]),CG(nc=6, r=7, tr=[(1, 5, 0), (3, 0, 1), (4, 2, 2), (5, 0, 3), (2, 5, 4), (0, 4, 5), (1, 3, 6)]),1816,SAT
P640,22,7,7,CG(nc=4, r=7, tr=[(1, 0, 1), (3, 2, 2), (3, 1, 3), (2, 1, 4), (0, 2, 5), (1, 3, 6), (2, 3, 7)]),CG(nc=6, r=7, tr=[(5, 2, 1), (3, 0, 2), (4, 5, 3), (1, 2, 4), (1, 0, 5), (2, 4, 6), (1, 3, 7)]),2227,SAT
P641,26,9,9,CG(nc=6, r=9, tr=[(1, 5, 0), (3, 0, 1), (4, 5, 2), (2, 4, 3), (5, 2, 4), (0, 4, 5), (1, 3, 6), (3, 0, 7), (0, 2, 1)]),CG(nc=7, r=9, tr=[(1, 2, 0), (6, 1, 1), (4, 1, 2), (2, 5, 3), (3, 5, 4), (2, 0, 5), (6, 3, 6), (3, 4, 7), (5, 0, 2)]),4405,SAT
P642,18,6,6,CG(nc=3, r=6, tr=[(1, 2, 1), (1, 2, 2), (1, 0, 3), (2, 0, 4), (1, 0, 5), (0, 1, 6)]),CG(nc=6, r=6, tr=[(1, 0, 1), (2, 1, 2), (3, 4, 3), (2, 5, 4), (3, 0, 5), (4, 2, 6)]),1953,SAT
P643,20,7,7,CG(nc=5, r=7, tr=[(4, 2, 1), (3, 2, 2), (1, 3, 3), (3, 0, 4), (4, 1, 5), (0, 2, 6), (1, 0, 2)]),CG(nc=5, r=7, tr=[(4, 2, 1), (3, 2, 2), (2, 1, 3), (3, 0, 4), (3, 2, 5), (1, 4, 6), (1, 0, 2)]),3827,SAT
P644,26,9,9,CG(nc=6, r=9, tr=[(0, 1, 0), (2, 3, 1), (4, 3, 2), (5, 3, 3), (3, 0, 4), (4, 0, 5), (4, 1, 6), (5, 4, 7), (0, 2, 3)]),CG(nc=7, r=9, tr=[(1, 6, 0), (3, 0, 1), (4, 5, 2), (0, 4, 3), (3, 4, 4), (5, 1, 5), (2, 3, 6), (5, 6, 7), (6, 2, 5)]),4358,SAT
P645,24,8,8,CG(nc=5, r=8, tr=[(1, 0, 0), (2, 4, 1), (3, 0, 2), (2, 0, 3), (2, 3, 4), (4, 3, 5), (3, 4, 6), (1, 3, 7)]),CG(nc=6, r=8, tr=[(1, 2, 0), (3, 0, 1), (5, 2, 2), (1, 0, 3), (1, 3, 4), (5, 4, 5), (4, 3, 6), (2, 1, 7)]),2092,SAT
P646,22,8,8,CG(nc=5, r=8, tr=[(1, 4, 0), (3, 0, 1), (2, 0, 2), (4, 3, 3), (1, 0, 4), (1, 2, 5), (1, 3, 6), (2, 4, 4)]),CG(nc=7, r=8, tr=[(1, 6, 0), (3, 0, 1), (4, 3, 2), (5, 0, 3), (6, 4, 4), (2, 5, 5), (2, 4, 6), (2, 1, 2)]),4122,SAT
P647,20,7,7,CG(nc=5, r=7, tr=[(1, 2, 0), (1, 0, 1), (4, 3, 2), (4, 1, 3), (3, 1, 4), (0, 3, 5), (2, 4, 6)]),CG(nc=5, r=7, tr=[(1, 2, 0), (3, 4, 1), (2, 0, 2), (1, 4, 3), (3, 2, 4), (3, 0, 5), (2, 1, 6)]),2294,SAT
P648,18,6,6,CG(nc=4, r=6, tr=[(1, 3, 1), (2, 0, 2), (0, 1, 3), (3, 0, 4), (3, 2, 5), (0, 2, 7)]),CG(nc=6, r=6, tr=[(1, 0, 1), (2, 3, 2), (4, 0, 3), (3, 5, 4), (3, 4, 5), (1, 2, 7)]),2087,SAT
P649,22,8,8,CG(nc=4, r=8, tr=[(1, 0, 0), (0, 2, 1), (0, 2, 2), (0, 1, 3), (1, 3, 4), (2, 3, 5), (1, 2, 7), (2, 3, 3)]),CG(nc=7, r=8, tr=[(1, 2, 0), (3, 1, 1), (3, 0, 2), (4, 5, 3), (5, 6, 4), (0, 4, 5), (5, 1, 7), (6, 2, 3)]),3623,SAT
P650,14,5,5,CG(nc=4, r=5, tr=[(0, 1, 1), (3, 2, 2), (3, 1, 3), (3, 0, 4), (0, 2, 5)]),CG(nc=5, r=5, tr=[(1, 0, 1), (1, 2, 2), (0, 3, 3), (4, 2, 4), (3, 2, 5)]),1850,SAT
P651,16,6,6,CG(nc=4, r=6, tr=[(3, 2, 1), (0, 1, 2), (2, 1, 3), (0, 2, 4), (3, 1, 5), (1, 0, 1)]),CG(nc=5, r=6, tr=[(1, 0, 1), (2, 3, 2), (0, 2, 3), (1, 2, 4), (1, 4, 5), (4, 3, 1)]),3615,SAT
P652,20,7,7,CG(nc=5, r=7, tr=[(1, 4, 1), (4, 3, 2), (0, 1, 3), (2, 3, 4), (2, 4, 5), (2, 0, 7), (0, 3, 5)]),CG(nc=5, r=7, tr=[(4, 2, 1), (3, 1, 2), (4, 2, 3), (3, 0, 4), (1, 0, 5), (2, 1, 7), (2, 3, 5)]),3688,SAT
P65256,24,8,8,CG(nc=6, r=8, tr=[(1, 2, 4), (5, 2, 5), (1, 0, 6), (4, 5, 7), (5, 2, 7), (4, 3, 6), (0, 3, 5), (3, 4, 4)]),CG(nc=5, r=8, tr=[(4, 2, 4), (0, 2, 5), (3, 0, 6), (4, 2, 7), (1, 0, 7), (2, 3, 6), (3, 4, 5), (4, 1, 4)]),226602,SAT
P65257,28,10,10,CG(nc=7, r=10, tr=[(1, 2, 0), (0, 3, 1), (2, 4, 2), (5, 0, 3), (5, 1, 4), (4, 1, 5), (3, 1, 6), (0, 2, 7), (3, 6, 5), (5, 6, 7)]),CG(nc=6, r=10, tr=[(1, 2, 0), (0, 3, 1), (3, 2, 2), (5, 1, 3), (1, 4, 4), (4, 0, 5), (4, 2, 6), (5, 4, 7), (2, 0, 4), (1, 0, 7)]),10842,SAT
P65258,20,6,6,CG(nc=5, r=6, tr=[(1, 4, 4), (1, 3, 5), (2, 0, 6), (0, 3, 7), (1, 2, 7), (3, 2, 6)]),CG(nc=4, r=6, tr=[(0, 3, 4), (3, 2, 5), (3, 1, 6), (1, 0, 7), (1, 0, 5), (2, 0, 7)]),5017,SAT
P65259,24,8,8,CG(nc=7, r=8, tr=[(1, 2, 1), (6, 4, 2), (5, 1, 3), (3, 0, 4), (5, 3, 5), (1, 6, 6), (5, 4, 7), (3, 2, 7)]),CG(nc=5, r=8, tr=[(1, 2, 1), (2, 4, 2), (0, 1, 3), (4, 0, 4), (1, 3, 5), (4, 3, 6), (1, 2, 7), (3, 0, 7)]),3866,SAT
P65262,16,4,4,CG(nc=4, r=4, tr=[(3, 2, 4), (0, 1, 5), (1, 2, 6), (1, 2, 7)]),CG(nc=3, r=4, tr=[(0, 2, 4), (2, 0, 5), (2, 1, 6), (0, 1, 7)]),1786,SAT
P65263,20,6,6,CG(nc=5, r=6, tr=[(4, 2, 2), (4, 2, 3), (3, 1, 4), (1, 2, 5), (0, 3, 6), (3, 0, 7)]),CG(nc=4, r=6, tr=[(3, 2, 2), (0, 2, 3), (0, 3, 4), (3, 0, 5), (3, 1, 6), (0, 1, 7)]),1935,SAT
P65278,12,3,3,CG(nc=4, r=3, tr=[(0, 1, 3), (3, 2, 4), (1, 2, 5)]),CG(nc=2, r=3, tr=[(0, 1, 3), (1, 0, 4), (1, 0, 5)]),1783,SAT
P65279,14,4,4,CG(nc=5, r=4, tr=[(4, 2, 3), (0, 3, 4), (1, 3, 5), (1, 2, 6)]),CG(nc=2, r=4, tr=[(1, 0, 3), (1, 0, 4), (0, 1, 5), (0, 1, 6)]),1778,SAT
P653,20,7,7,CG(nc=5, r=7, tr=[(1, 0, 0), (4, 3, 1), (2, 0, 2), (0, 3, 3), (3, 2, 4), (4, 2, 5), (1, 2, 7)]),CG(nc=5, r=7, tr=[(1, 2, 0), (3, 0, 1), (2, 4, 2), (0, 1, 3), (3, 1, 4), (3, 4, 5), (2, 1, 7)]),2147,SAT
P654,16,6,6,CG(nc=4, r=6, tr=[(1, 3, 1), (2, 1, 2), (0, 1, 3), (2, 0, 4), (0, 1, 5), (2, 3, 5)]),CG(nc=5, r=6, tr=[(1, 4, 1), (1, 3, 2), (4, 2, 3), (3, 0, 4), (0, 1, 5), (3, 2, 5)]),3272,SAT
P6544,24,8,8,CG(nc=6, r=8, tr=[(0, 1, 0), (5, 3, 1), (4, 3, 2), (4, 0, 3), (3, 0, 4), (1, 5, 5), (1, 2, 6), (3, 2, 7)]),CG(nc=6, r=8, tr=[(5, 2, 0), (2, 3, 1), (4, 1, 2), (4, 1, 3), (4, 5, 4), (3, 1, 5), (3, 0, 6), (3, 0, 7)]),1957,SAT
P6545,24,8,8,CG(nc=6, r=8, tr=[(1, 5, 0), (0, 3, 1), (4, 0, 2), (4, 1, 3), (3, 5, 4), (0, 1, 5), (2, 1, 6), (0, 2, 7)]),CG(nc=7, r=8, tr=[(1, 6, 0), (0, 1, 1), (3, 6, 2), (4, 5, 3), (2, 4, 4), (2, 0, 5), (5, 6, 6), (4, 3, 7)]),2307,SAT
P6546,28,10,10,CG(nc=6, r=10, tr=[(5, 2, 0), (2, 5, 1), (3, 2, 2), (4, 3, 3), (0, 2, 4), (0, 3, 5), (1, 4, 6), (1, 5, 7), (0, 4, 1), (2, 4, 5)]),CG(nc=6, r=10, tr=[(0, 1, 0), (5, 3, 1), (4, 1, 2), (4, 0, 3), (3, 2, 4), (3, 4, 5), (2, 5, 6), (2, 5, 7), (2, 1, 1), (0, 1, 5)]),12832,SAT
P6547,26,9,9,CG(nc=6, r=9, tr=[(0, 1, 0), (0, 2, 1), (3, 1, 2), (4, 3, 3), (2, 5, 4), (1, 4, 5), (3, 5, 6), (2, 3, 7), (4, 5, 2)]),CG(nc=6, r=9, tr=[(1, 0, 0), (5, 1, 1), (0, 3, 2), (3, 1, 3), (4, 3, 4), (4, 2, 5), (5, 4, 6), (5, 2, 7), (0, 1, 5)]),4145,SAT
P655,14,5,5,CG(nc=4, r=5, tr=[(1, 0, 1), (3, 2, 2), (3, 1, 3), (2, 1, 4), (0, 2, 5)]),CG(nc=4, r=5, tr=[(3, 2, 1), (0, 1, 2), (1, 3, 3), (2, 1, 4), (0, 2, 5)]),2000,SAT
P6550,32,12,12,CG(nc=8, r=12, tr=[(1, 2, 0), (0, 3, 1), (0, 4, 2), (1, 4, 3), (2, 3, 4), (1, 0, 5), (5, 6, 6), (6, 7, 7), (2, 7, 3), (7, 2, 2), (5, 1, 4), (3, 5, 0)]),CG(nc=7, r=12, tr=[(1, 2, 0), (2, 6, 1), (4, 6, 2), (1, 4, 3), (1, 5, 4), (6, 3, 5), (1, 0, 6), (1, 0, 7), (3, 5, 3), (2, 0, 5), (5, 3, 2), (0, 3, 1)]),2672240,SAT
P6551,28,10,10,CG(nc=6, r=10, tr=[(1, 5, 0), (0, 3, 1), (5, 4, 2), (4, 2, 3), (2, 5, 4), (1, 3, 5), (4, 3, 6), (1, 4, 7), (3, 2, 2), (0, 2, 0)]),CG(nc=6, r=10, tr=[(1, 0, 0), (0, 2, 1), (0, 3, 2), (1, 4, 3), (2, 1, 4), (5, 2, 5), (4, 0, 6), (3, 1, 7), (5, 2, 0), (5, 4, 2)]),9632,SAT
P6552,24,8,8,CG(nc=6, r=8, tr=[(0, 1, 0), (2, 5, 1), (5, 4, 2), (4, 1, 3), (2, 0, 4), (5, 1, 5), (1, 3, 6), (0, 3, 7)]),CG(nc=6, r=8, tr=[(1, 0, 0), (1, 2, 1), (5, 4, 2), (4, 5, 3), (3, 0, 4), (4, 3, 5), (5, 2, 6), (2, 5, 7)]),2211,SAT
P6553,16,6,6,CG(nc=5, r=6, tr=[(4, 2, 0), (4, 3, 1), (0, 1, 2), (1, 3, 3), (0, 3, 4), (2, 0, 5)]),CG(nc=5, r=6, tr=[(0, 1, 0), (4, 1, 1), (4, 3, 2), (3, 4, 3), (2, 0, 4), (2, 3, 5)]),2088,SAT
P65534,16,4,4,CG(nc=5, r=4, tr=[(1, 0, 4), (2, 3, 5), (3, 1, 6), (4, 2, 7)]),CG(nc=2, r=4, tr=[(1, 0, 4), (0, 1, 5), (1, 0, 6), (1, 0, 7)]),1781,SAT
P6554,28,10,10,CG(nc=7, r=10, tr=[(1, 2, 0), (3, 0, 1), (1, 3, 2), (1, 6, 3), (6, 3, 4), (6, 3, 5), (0, 5, 6), (6, 4, 7), (0, 2, 5), (5, 4, 4)]),CG(nc=6, r=10, tr=[(5, 2, 0), (0, 3, 1), (4, 2, 2), (3, 1, 3), (2, 0, 4), (4, 1, 5), (3, 2, 6), (2, 3, 7), (1, 5, 5), (4, 5, 3)]),19553,SAT
P6555,18,7,7,CG(nc=5, r=7, tr=[(0, 1, 0), (0, 2, 1), (2, 3, 2), (4, 3, 3), (2, 4, 4), (1, 3, 5), (4, 2, 5)]),CG(nc=5, r=7, tr=[(1, 0, 0), (4, 1, 1), (3, 0, 2), (3, 1, 3), (3, 2, 4), (4, 2, 5), (1, 0, 5)]),3374,SAT
P6558,30,11,11,CG(nc=7, r=11, tr=[(1, 0, 0), (2, 3, 1), (2, 1, 2), (1, 4, 3), (1, 6, 4), (4, 6, 5), (3, 2, 6), (2, 4, 7), (5, 3, 3), (6, 5, 1), (0, 3, 4)]),CG(nc=7, r=11, tr=[(0, 1, 0), (2, 6, 1), (4, 5, 2), (3, 2, 3), (4, 3, 4), (1, 0, 5), (1, 2, 6), (2, 1, 7), (0, 5, 3), (4, 6, 5), (2, 3, 2)]),216514,SAT
P6559,20,8,8,CG(nc=6, r=8, tr=[(0, 1, 0), (0, 2, 1), (3, 5, 2), (2, 3, 3), (4, 2, 4), (1, 4, 5), (4, 5, 2), (4, 5, 3)]),CG(nc=5, r=8, tr=[(4, 2, 0), (2, 0, 1), (3, 4, 2), (2, 1, 3), (0, 1, 4), (4, 2, 5), (1, 2, 2), (0, 3, 3)]),6314,SAT
P6560,24,8,8,CG(nc=5, r=8, tr=[(1, 2, 0), (3, 4, 1), (4, 1, 2), (2, 0, 3), (0, 3, 4), (4, 1, 5), (0, 2, 6), (1, 3, 7)]),CG(nc=6, r=8, tr=[(5, 2, 0), (3, 0, 1), (5, 4, 2), (2, 1, 3), (2, 0, 4), (3, 4, 5), (1, 5, 6), (2, 3, 7)]),2205,SAT
P6561,26,9,9,CG(nc=6, r=9, tr=[(5, 2, 0), (0, 3, 1), (0, 4, 2), (4, 2, 3), (3, 5, 4), (1, 0, 5), (1, 2, 6), (4, 3, 7), (1, 0, 7)]),CG(nc=6, r=9, tr=[(1, 0, 0), (2, 5, 1), (4, 3, 2), (0, 3, 3), (1, 5, 4), (4, 0, 5), (3, 1, 6), (3, 2, 7), (2, 1, 2)]),4500,SAT
P6562,26,9,9,CG(nc=6, r=9, tr=[(5, 2, 0), (3, 4, 1), (1, 3, 2), (4, 2, 3), (5, 1, 4), (0, 4, 5), (3, 5, 6), (1, 4, 7), (1, 0, 1)]),CG(nc=6, r=9, tr=[(1, 5, 0), (3, 0, 1), (4, 1, 2), (4, 2, 3), (0, 4, 4), (3, 5, 5), (2, 5, 6), (1, 3, 7), (2, 5, 1)]),4208,SAT
P6563,26,9,9,CG(nc=6, r=9, tr=[(1, 2, 0), (5, 4, 1), (3, 5, 2), (5, 2, 3), (0, 4, 4), (1, 0, 5), (0, 3, 6), (4, 3, 7), (1, 0, 2)]),CG(nc=6, r=9, tr=[(1, 5, 0), (3, 0, 1), (3, 4, 2), (5, 4, 3), (0, 1, 4), (2, 4, 5), (4, 1, 6), (3, 1, 7), (2, 5, 2)]),3952,SAT
P6564,28,10,10,CG(nc=6, r=10, tr=[(5, 2, 0), (3, 4, 1), (2, 3, 2), (0, 4, 3), (5, 3, 4), (2, 3, 5), (2, 1, 6), (1, 0, 7), (4, 3, 0), (1, 2, 4)]),CG(nc=8, r=10, tr=[(7, 2, 0), (3, 0, 1), (4, 5, 2), (6, 0, 3), (7, 1, 4), (4, 0, 5), (1, 6, 6), (3, 2, 7), (1, 5, 7), (2, 5, 3)]),11165,SAT
P6565,26,9,9,CG(nc=6, r=9, tr=[(1, 2, 0), (5, 4, 1), (0, 3, 2), (1, 3, 3), (4, 3, 4), (2, 5, 5), (0, 1, 6), (2, 4, 7), (2, 5, 2)]),CG(nc=6, r=9, tr=[(0, 1, 0), (2, 5, 1), (5, 4, 2), (3, 4, 3), (5, 3, 4), (0, 2, 5), (4, 0, 6), (2, 1, 7), (3, 1, 2)]),4320,SAT
P6566,28,10,10,CG(nc=6, r=10, tr=[(0, 1, 0), (1, 2, 1), (1, 3, 2), (3, 5, 3), (5, 1, 4), (3, 1, 5), (5, 4, 6), (0, 3, 7), (2, 4, 7), (2, 0, 3)]),CG(nc=7, r=10, tr=[(1, 0, 0), (2, 1, 1), (3, 4, 2), (1, 5, 3), (0, 2, 4), (5, 3, 5), (0, 1, 6), (4, 2, 7), (6, 5, 4), (4, 6, 0)]),10380,SAT
P6567,28,10,10,CG(nc=7, r=10, tr=[(1, 6, 0), (3, 4, 1), (6, 4, 2), (3, 0, 3), (5, 4, 4), (3, 1, 5), (5, 2, 6), (0, 5, 7), (2, 1, 1), (2, 6, 3)]),CG(nc=7, r=10, tr=[(1, 2, 0), (2, 0, 1), (3, 2, 2), (0, 1, 3), (4, 1, 4), (4, 5, 5), (4, 6, 6), (1, 6, 7), (5, 0, 2), (3, 6, 3)]),10279,SAT
P6568,24,8,8,CG(nc=5, r=8, tr=[(1, 2, 0), (3, 0, 1), (1, 4, 2), (0, 2, 3), (3, 4, 4), (1, 4, 5), (2, 0, 6), (3, 0, 7)]),CG(nc=6, r=8, tr=[(0, 1, 0), (2, 1, 1), (3, 0, 2), (4, 1, 3), (5, 1, 4), (3, 1, 5), (4, 0, 6), (5, 2, 7)]),2091,SAT
P6569,24,8,8,CG(nc=6, r=8, tr=[(0, 1, 0), (5, 3, 1), (5, 4, 2), (1, 4, 3), (3, 0, 4), (2, 1, 5), (5, 2, 6), (3, 4, 7)]),CG(nc=6, r=8, tr=[(5, 2, 0), (2, 3, 1), (4, 3, 2), (4, 0, 3), (5, 1, 4), (1, 4, 5), (4, 1, 6), (3, 0, 7)]),2019,SAT
P6570,20,7,7,CG(nc=5, r=7, tr=[(1, 0, 0), (4, 3, 1), (4, 2, 2), (2, 1, 3), (3, 0, 4), (2, 4, 5), (3, 4, 7)]),CG(nc=6, r=7, tr=[(1, 2, 0), (2, 5, 1), (4, 3, 2), (0, 3, 3), (5, 3, 4), (0, 4, 5), (0, 1, 7)]),2110,SAT
P6571,20,7,7,CG(nc=5, r=7, tr=[(4, 2, 0), (4, 3, 1), (1, 3, 2), (0, 1, 3), (0, 3, 4), (1, 2, 5), (2, 4, 7)]),CG(nc=5, r=7, tr=[(4, 2, 0), (3, 0, 1), (1, 3, 2), (4, 1, 3), (1, 0, 4), (3, 4, 5), (2, 3, 7)]),2039,SAT
P6572,26,9,9,CG(nc=5, r=9, tr=[(1, 0, 0), (0, 2, 1), (4, 3, 2), (1, 3, 3), (4, 1, 4), (3, 4, 5), (2, 3, 6), (2, 0, 7), (2, 1, 2)]),CG(nc=7, r=9, tr=[(1, 6, 0), (3, 1, 1), (4, 6, 2), (4, 5, 3), (5, 6, 4), (2, 5, 5), (0, 4, 6), (0, 3, 7), (2, 0, 2)]),4566,SAT
P6573,26,9,9,CG(nc=6, r=9, tr=[(5, 2, 0), (5, 3, 1), (4, 0, 2), (2, 4, 3), (1, 0, 4), (1, 0, 5), (2, 1, 6), (5, 3, 7), (3, 4, 4)]),CG(nc=7, r=9, tr=[(6, 2, 0), (0, 3, 1), (4, 5, 2), (1, 0, 3), (6, 4, 4), (0, 5, 5), (1, 4, 6), (3, 2, 7), (1, 2, 2)]),4320,SAT
P6574,22,8,8,CG(nc=5, r=8, tr=[(1, 0, 0), (0, 2, 1), (1, 3, 2), (3, 4, 3), (4, 1, 4), (1, 3, 5), (3, 0, 7), (2, 1, 3)]),CG(nc=5, r=8, tr=[(1, 2, 0), (4, 2, 1), (0, 3, 2), (1, 4, 3), (4, 2, 4), (2, 3, 5), (0, 1, 7), (1, 0, 4)]),3958,SAT
P6575,22,8,8,CG(nc=6, r=8, tr=[(1, 2, 0), (3, 4, 1), (2, 0, 2), (0, 4, 3), (5, 3, 4), (2, 4, 5), (3, 2, 7), (1, 5, 3)]),CG(nc=5, r=8, tr=[(1, 2, 0), (4, 1, 1), (3, 4, 2), (0, 3, 3), (1, 3, 4), (2, 1, 5), (0, 2, 7), (2, 4, 3)]),4055,SAT
P6576,24,8,8,CG(nc=6, r=8, tr=[(5, 2, 0), (3, 0, 1), (4, 0, 2), (2, 4, 3), (3, 5, 4), (2, 1, 5), (0, 1, 6), (5, 1, 7)]),CG(nc=5, r=8, tr=[(0, 1, 0), (1, 2, 1), (3, 0, 2), (0, 1, 3), (1, 2, 4), (1, 3, 5), (2, 4, 6), (2, 4, 7)]),2171,SAT
P6577,24,8,8,CG(nc=5, r=8, tr=[(1, 2, 0), (4, 3, 1), (4, 1, 2), (2, 0, 3), (0, 3, 4), (1, 4, 5), (2, 0, 6), (2, 3, 7)]),CG(nc=7, r=8, tr=[(1, 6, 0), (1, 0, 1), (6, 3, 2), (4, 6, 3), (0, 5, 4), (2, 5, 5), (5, 4, 6), (2, 3, 7)]),2272,SAT
P6578,26,9,9,CG(nc=6, r=9, tr=[(0, 1, 0), (2, 5, 1), (1, 4, 2), (5, 4, 3), (0, 2, 4), (4, 1, 5), (1, 3, 6), (2, 3, 7), (4, 5, 4)]),CG(nc=6, r=9, tr=[(1, 0, 0), (2, 5, 1), (4, 2, 2), (0, 3, 3), (5, 1, 4), (0, 4, 5), (1, 2, 6), (1, 2, 7), (3, 2, 4)]),4593,SAT
P6579,24,8,8,CG(nc=6, r=8, tr=[(1, 5, 0), (3, 0, 1), (4, 1, 2), (4, 0, 3), (3, 5, 4), (1, 4, 5), (2, 3, 6), (5, 2, 7)]),CG(nc=5, r=8, tr=[(0, 1, 0), (4, 3, 1), (0, 2, 2), (0, 3, 3), (4, 1, 4), (2, 3, 5), (3, 1, 6), (3, 1, 7)]),1993,SAT
P6580,28,10,10,CG(nc=7, r=10, tr=[(1, 2, 0), (6, 4, 1), (5, 2, 2), (0, 2, 3), (0, 5, 4), (1, 6, 5), (0, 3, 6), (2, 4, 7), (3, 1, 7), (5, 4, 3)]),CG(nc=7, r=10, tr=[(1, 0, 0), (1, 2, 1), (3, 4, 2), (2, 5, 3), (0, 5, 4), (6, 3, 5), (6, 2, 6), (2, 6, 7), (5, 4, 7), (4, 1, 3)]),11612,SAT
P6581,26,9,9,CG(nc=6, r=9, tr=[(1, 0, 0), (0, 2, 1), (3, 4, 2), (5, 3, 3), (2, 3, 4), (5, 4, 5), (4, 1, 6), (4, 5, 7), (4, 1, 3)]),CG(nc=6, r=9, tr=[(5, 2, 0), (0, 2, 1), (3, 2, 2), (3, 0, 3), (2, 0, 4), (5, 4, 5), (3, 1, 6), (4, 3, 7), (1, 5, 4)]),4811,SAT
P6582,30,11,11,CG(nc=7, r=11, tr=[(1, 0, 0), (2, 1, 1), (3, 4, 2), (4, 1, 3), (0, 4, 4), (3, 4, 5), (5, 6, 6), (5, 2, 7), (6, 3, 0), (2, 3, 4), (3, 6, 1)]),CG(nc=7, r=11, tr=[(6, 2, 0), (2, 3, 1), (4, 5, 2), (6, 1, 3), (3, 1, 4), (5, 1, 5), (0, 3, 6), (3, 0, 7), (2, 0, 4), (0, 4, 0), (6, 4, 4)]),222387,SAT
P6583,28,10,10,CG(nc=7, r=10, tr=[(1, 6, 0), (3, 4, 1), (0, 5, 2), (5, 1, 3), (2, 6, 4), (5, 0, 5), (3, 0, 6), (4, 1, 7), (2, 5, 1), (0, 1, 4)]),CG(nc=7, r=10, tr=[(6, 2, 0), (3, 6, 1), (4, 0, 2), (0, 3, 3), (6, 5, 4), (1, 4, 5), (3, 5, 6), (1, 5, 7), (1, 2, 3), (2, 0, 1)]),10435,SAT
P6584,24,8,8,CG(nc=6, r=8, tr=[(1, 2, 0), (5, 4, 1), (2, 4, 2), (0, 2, 3), (4, 0, 4), (5, 1, 5), (0, 3, 6), (1, 3, 7)]),CG(nc=6, r=8, tr=[(1, 2, 0), (0, 2, 1), (5, 4, 2), (4, 5, 3), (0, 3, 4), (4, 3, 5), (2, 4, 6), (5, 1, 7)]),2211,SAT
P6585,20,7,7,CG(nc=5, r=7, tr=[(1, 0, 0), (0, 1, 1), (2, 4, 2), (2, 1, 3), (1, 4, 4), (3, 1, 5), (3, 4, 6)]),CG(nc=5, r=7, tr=[(1, 4, 0), (1, 0, 1), (3, 4, 2), (3, 4, 3), (2, 3, 4), (2, 0, 5), (3, 1, 6)]),1837,SAT
P6586,24,8,8,CG(nc=6, r=8, tr=[(1, 2, 0), (0, 3, 1), (2, 5, 2), (1, 0, 3), (5, 3, 4), (2, 5, 5), (4, 3, 6), (4, 0, 7)]),CG(nc=5, r=8, tr=[(4, 2, 0), (3, 2, 1), (2, 1, 2), (2, 4, 3), (2, 0, 4), (4, 1, 5), (0, 3, 6), (0, 3, 7)]),2194,SAT
P6587,16,6,6,CG(nc=5, r=6, tr=[(1, 0, 0), (2, 4, 1), (3, 1, 2), (4, 3, 3), (2, 0, 4), (3, 1, 5)]),CG(nc=5, r=6, tr=[(4, 2, 0), (2, 0, 1), (4, 3, 2), (1, 4, 3), (1, 0, 4), (1, 3, 5)]),1960,SAT
P6588,26,9,9,CG(nc=6, r=9, tr=[(5, 2, 0), (3, 4, 1), (0, 4, 2), (4, 2, 3), (2, 0, 4), (0, 4, 5), (4, 1, 6), (5, 1, 7), (3, 5, 4)]),CG(nc=6, r=9, tr=[(1, 2, 0), (2, 0, 1), (2, 3, 2), (4, 2, 3), (0, 2, 4), (5, 3, 5), (4, 5, 6), (5, 1, 7), (4, 0, 2)]),4903,SAT
P6589,22,8,8,CG(nc=5, r=8, tr=[(0, 1, 0), (0, 1, 1), (2, 1, 2), (3, 2, 3), (4, 2, 4), (4, 3, 5), (3, 1, 6), (4, 3, 2)]),CG(nc=6, r=8, tr=[(0, 1, 0), (5, 1, 1), (1, 3, 2), (5, 3, 3), (0, 4, 4), (2, 5, 5), (3, 4, 6), (4, 2, 2)]),3992,SAT
P6590,26,9,9,CG(nc=6, r=9, tr=[(1, 5, 0), (3, 4, 1), (4, 1, 2), (0, 4, 3), (0, 1, 4), (4, 1, 5), (4, 2, 6), (2, 5, 7), (5, 3, 4)]),CG(nc=6, r=9, tr=[(1, 0, 0), (2, 1, 1), (3, 4, 2), (5, 3, 3), (0, 3, 4), (4, 1, 5), (2, 5, 6), (5, 2, 7), (5, 1, 4)]),4623,SAT
P6591,18,7,7,CG(nc=5, r=7, tr=[(4, 2, 0), (3, 1, 1), (1, 0, 2), (2, 1, 3), (0, 2, 4), (0, 1, 5), (4, 3, 4)]),CG(nc=5, r=7, tr=[(1, 0, 0), (1, 4, 1), (1, 3, 2), (2, 4, 3), (4, 1, 4), (2, 3, 5), (2, 0, 4)]),3362,SAT
P660,28,10,10,CG(nc=6, r=10, tr=[(1, 5, 0), (3, 4, 1), (3, 0, 2), (0, 4, 3), (4, 5, 4), (1, 3, 5), (5, 3, 6), (0, 2, 7), (1, 3, 3), (2, 1, 6)]),CG(nc=7, r=10, tr=[(1, 6, 0), (0, 3, 1), (3, 4, 2), (0, 4, 3), (4, 1, 4), (6, 5, 5), (2, 1, 6), (1, 6, 7), (3, 5, 0), (2, 5, 3)]),10000,SAT
P661,26,9,9,CG(nc=5, r=9, tr=[(1, 0, 0), (2, 0, 1), (2, 1, 2), (2, 4, 3), (1, 4, 4), (4, 3, 5), (4, 3, 6), (3, 1, 7), (0, 1, 3)]),CG(nc=6, r=9, tr=[(0, 1, 0), (2, 3, 1), (1, 3, 2), (3, 5, 3), (5, 1, 4), (2, 0, 5), (1, 4, 6), (0, 2, 7), (2, 4, 3)]),4305,SAT
P662,24,9,9,CG(nc=6, r=9, tr=[(1, 0, 0), (1, 2, 1), (1, 3, 2), (3, 5, 3), (0, 3, 4), (4, 3, 5), (2, 4, 6), (5, 4, 0), (2, 5, 4)]),CG(nc=6, r=9, tr=[(1, 2, 0), (3, 2, 1), (3, 0, 2), (0, 1, 3), (2, 5, 4), (4, 2, 5), (4, 1, 6), (5, 4, 2), (3, 5, 6)]),7241,SAT
P6624,26,9,9,CG(nc=6, r=9, tr=[(1, 2, 0), (1, 2, 1), (1, 5, 2), (0, 2, 3), (4, 5, 4), (4, 3, 5), (5, 3, 6), (3, 0, 7), (4, 1, 3)]),CG(nc=7, r=9, tr=[(1, 0, 0), (1, 2, 1), (1, 3, 2), (4, 5, 3), (0, 5, 4), (5, 1, 5), (4, 6, 6), (6, 2, 7), (2, 3, 4)]),4472,SAT
P6625,28,10,10,CG(nc=6, r=10, tr=[(5, 2, 0), (3, 4, 1), (3, 1, 2), (2, 3, 3), (0, 2, 4), (0, 3, 5), (3, 2, 6), (1, 4, 7), (4, 5, 4), (0, 1, 0)]),CG(nc=7, r=10, tr=[(1, 2, 0), (1, 0, 1), (6, 2, 2), (4, 1, 3), (5, 3, 4), (0, 3, 5), (4, 3, 6), (2, 5, 7), (1, 6, 5), (5, 6, 1)]),11464,SAT
P6626,26,9,9,CG(nc=6, r=9, tr=[(1, 0, 0), (1, 2, 1), (5, 4, 2), (4, 1, 3), (2, 0, 4), (3, 4, 5), (3, 5, 6), (2, 3, 7), (1, 3, 4)]),CG(nc=6, r=9, tr=[(1, 0, 0), (2, 1, 1), (3, 0, 2), (2, 0, 3), (3, 4, 4), (4, 2, 5), (5, 4, 6), (2, 5, 7), (5, 1, 4)]),4305,SAT
P6627,28,10,10,CG(nc=6, r=10, tr=[(5, 2, 0), (5, 3, 1), (4, 2, 2), (2, 3, 3), (4, 3, 4), (3, 0, 5), (3, 1, 6), (5, 2, 7), (0, 4, 3), (0, 1, 7)]),CG(nc=6, r=10, tr=[(5, 2, 0), (3, 2, 1), (3, 0, 2), (4, 1, 3), (4, 2, 4), (2, 1, 5), (0, 4, 6), (4, 3, 7), (1, 5, 2), (5, 2, 3)]),9846,SAT
P663,24,9,9,CG(nc=6, r=9, tr=[(0, 1, 0), (2, 5, 1), (4, 5, 2), (1, 0, 3), (4, 3, 4), (1, 4, 5), (1, 2, 6), (3, 5, 3), (3, 0, 1)]),CG(nc=7, r=9, tr=[(6, 2, 0), (3, 4, 1), (0, 3, 2), (0, 5, 3), (4, 6, 4), (1, 4, 5), (5, 1, 6), (3, 2, 3), (5, 4, 0)]),6197,SAT
P6630,28,10,10,CG(nc=7, r=10, tr=[(6, 2, 0), (3, 2, 1), (4, 0, 2), (4, 2, 3), (6, 3, 4), (5, 4, 5), (1, 0, 6), (3, 5, 7), (1, 4, 4), (1, 5, 0)]),CG(nc=7, r=10, tr=[(1, 2, 0), (3, 0, 1), (2, 4, 2), (1, 5, 3), (3, 5, 4), (6, 5, 5), (4, 1, 6), (3, 2, 7), (6, 1, 1), (0, 4, 5)]),9115,SAT
P6631,28,10,10,CG(nc=7, r=10, tr=[(1, 2, 0), (2, 0, 1), (1, 3, 2), (4, 6, 3), (2, 4, 4), (0, 3, 5), (6, 5, 6), (1, 5, 7), (5, 6, 4), (3, 4, 0)]),CG(nc=7, r=10, tr=[(6, 2, 0), (3, 4, 1), (6, 3, 2), (5, 4, 3), (1, 4, 4), (5, 2, 5), (1, 6, 6), (2, 3, 7), (4, 0, 0), (5, 0, 4)]),13063,SAT
P6632,26,9,9,CG(nc=5, r=9, tr=[(0, 1, 0), (0, 1, 1), (4, 3, 2), (3, 1, 3), (3, 2, 4), (2, 1, 5), (1, 3, 6), (1, 0, 7), (2, 4, 6)]),CG(nc=6, r=9, tr=[(5, 2, 0), (2, 3, 1), (2, 4, 2), (5, 1, 3), (2, 0, 4), (3, 0, 5), (3, 1, 6), (3, 0, 7), (4, 5, 5)]),4045,SAT
P6633,28,10,10,CG(nc=7, r=10, tr=[(1, 0, 0), (0, 2, 1), (2, 3, 2), (4, 6, 3), (0, 3, 4), (1, 4, 5), (6, 4, 6), (5, 6, 7), (5, 2, 5), (3, 4, 1)]),CG(nc=7, r=10, tr=[(1, 2, 0), (2, 0, 1), (1, 3, 2), (6, 3, 3), (5, 4, 4), (4, 0, 5), (3, 4, 6), (1, 6, 7), (5, 3, 4), (2, 5, 6)]),12175,SAT
P6634,24,8,8,CG(nc=6, r=8, tr=[(1, 2, 0), (3, 5, 1), (3, 1, 2), (0, 1, 3), (4, 0, 4), (2, 5, 5), (3, 4, 6), (2, 4, 7)]),CG(nc=6, r=8, tr=[(1, 5, 0), (3, 0, 1), (4, 0, 2), (2, 0, 3), (2, 5, 4), (2, 4, 5), (5, 4, 6), (3, 1, 7)]),1974,SAT
P6635,26,9,9,CG(nc=6, r=9, tr=[(1, 2, 0), (0, 3, 1), (1, 3, 2), (1, 5, 3), (4, 3, 4), (2, 0, 5), (4, 5, 6), (1, 0, 7), (5, 4, 5)]),CG(nc=6, r=9, tr=[(0, 1, 0), (2, 1, 1), (3, 5, 2), (2, 3, 3), (4, 0, 4), (4, 3, 5), (1, 3, 6), (5, 2, 7), (4, 5, 3)]),3912,SAT
P6638,22,8,8,CG(nc=6, r=8, tr=[(1, 5, 0), (3, 4, 1), (4, 2, 2), (2, 1, 3), (5, 3, 4), (0, 2, 5), (2, 3, 7), (0, 4, 3)]),CG(nc=6, r=8, tr=[(1, 2, 0), (2, 0, 1), (5, 4, 2), (5, 3, 3), (2, 3, 4), (2, 4, 5), (1, 5, 7), (3, 0, 5)]),3619,SAT
P6639,22,8,8,CG(nc=6, r=8, tr=[(5, 2, 0), (3, 4, 1), (1, 3, 2), (5, 4, 3), (3, 0, 4), (2, 1, 5), (2, 5, 7), (1, 0, 3)]),CG(nc=6, r=8, tr=[(0, 1, 0), (2, 5, 1), (0, 4, 2), (3, 0, 3), (3, 4, 4), (3, 5, 5), (1, 2, 7), (4, 2, 3)]),3722,SAT
P664,24,8,8,CG(nc=6, r=8, tr=[(1, 0, 0), (2, 3, 1), (2, 5, 2), (0, 2, 3), (3, 0, 4), (4, 5, 5), (5, 3, 6), (4, 1, 7)]),CG(nc=6, r=8, tr=[(5, 2, 0), (3, 4, 1), (1, 4, 2), (2, 3, 3), (0, 3, 4), (2, 5, 5), (0, 4, 6), (1, 5, 7)]),2064,SAT
P6640,24,8,8,CG(nc=5, r=8, tr=[(0, 1, 0), (0, 1, 1), (4, 3, 2), (3, 1, 3), (4, 3, 4), (4, 3, 5), (4, 2, 6), (0, 2, 7)]),CG(nc=6, r=8, tr=[(1, 0, 0), (2, 5, 1), (0, 4, 2), (0, 3, 3), (2, 5, 4), (1, 4, 5), (3, 5, 6), (2, 1, 7)]),2241,SAT
P6641,24,8,8,CG(nc=5, r=8, tr=[(4, 2, 0), (3, 1, 1), (2, 3, 2), (3, 0, 3), (4, 1, 4), (3, 2, 5), (3, 0, 6), (1, 4, 7)]),CG(nc=7, r=8, tr=[(6, 2, 0), (2, 0, 1), (3, 4, 2), (5, 0, 3), (6, 4, 4), (1, 3, 5), (5, 6, 6), (0, 1, 7)]),2289,SAT
P6642,26,9,9,CG(nc=6, r=9, tr=[(5, 2, 0), (3, 2, 1), (2, 4, 2), (4, 0, 3), (3, 5, 4), (4, 2, 5), (1, 3, 6), (1, 0, 7), (4, 2, 4)]),CG(nc=7, r=9, tr=[(1, 2, 0), (0, 2, 1), (3, 1, 2), (6, 5, 3), (4, 0, 4), (3, 4, 5), (5, 0, 6), (6, 1, 7), (2, 5, 4)]),4279,SAT
P6643,24,8,8,CG(nc=6, r=8, tr=[(0, 1, 0), (2, 0, 1), (1, 3, 2), (3, 5, 3), (2, 3, 4), (3, 1, 5), (4, 5, 6), (4, 2, 7)]),CG(nc=5, r=8, tr=[(1, 0, 0), (1, 4, 1), (1, 3, 2), (3, 0, 3), (4, 2, 4), (1, 0, 5), (3, 4, 6), (3, 2, 7)]),2143,SAT
P6646,28,10,10,CG(nc=7, r=10, tr=[(1, 2, 0), (1, 0, 1), (3, 4, 2), (3, 1, 3), (4, 3, 4), (3, 0, 5), (2, 5, 6), (4, 5, 7), (4, 6, 1), (6, 2, 5)]),CG(nc=6, r=10, tr=[(5, 2, 0), (3, 4, 1), (1, 0, 2), (0, 3, 3), (2, 1, 4), (2, 3, 5), (5, 3, 6), (3, 5, 7), (0, 4, 0), (4, 5, 4)]),8169,SAT
P6647,26,9,9,CG(nc=7, r=9, tr=[(1, 6, 0), (3, 4, 1), (4, 6, 2), (3, 0, 3), (6, 4, 4), (1, 3, 5), (5, 0, 6), (1, 2, 7), (5, 2, 1)]),CG(nc=5, r=9, tr=[(1, 0, 0), (1, 4, 1), (0, 3, 2), (2, 0, 3), (2, 1, 4), (1, 3, 5), (4, 2, 6), (2, 4, 7), (2, 4, 0)]),4770,SAT
P6648,24,8,8,CG(nc=4, r=8, tr=[(0, 1, 0), (0, 1, 1), (2, 3, 2), (2, 1, 3), (2, 3, 4), (3, 2, 5), (2, 1, 6), (0, 1, 7)]),CG(nc=6, r=8, tr=[(0, 1, 0), (2, 5, 1), (5, 4, 2), (4, 5, 3), (0, 3, 4), (4, 3, 5), (0, 4, 6), (1, 2, 7)]),2193,SAT
P6649,20,7,7,CG(nc=5, r=7, tr=[(1, 0, 0), (1, 0, 1), (2, 1, 2), (2, 4, 3), (3, 4, 4), (3, 4, 5), (1, 3, 6)]),CG(nc=5, r=7, tr=[(4, 2, 0), (0, 2, 1), (3, 4, 2), (3, 4, 3), (0, 1, 4), (3, 1, 5), (3, 0, 6)]),1845,SAT
P665,22,8,8,CG(nc=5, r=8, tr=[(1, 4, 0), (3, 2, 1), (0, 3, 2), (2, 0, 3), (2, 4, 4), (3, 1, 5), (0, 3, 7), (3, 1, 3)]),CG(nc=6, r=8, tr=[(1, 0, 0), (5, 3, 1), (4, 2, 2), (2, 5, 3), (2, 3, 4), (3, 0, 5), (0, 4, 7), (1, 3, 3)]),4112,SAT
P6650,24,8,8,CG(nc=5, r=8, tr=[(1, 0, 0), (1, 0, 1), (2, 1, 2), (4, 2, 3), (3, 4, 4), (2, 1, 5), (3, 1, 6), (2, 0, 7)]),CG(nc=5, r=8, tr=[(0, 1, 0), (1, 2, 1), (4, 3, 2), (0, 2, 3), (3, 1, 4), (0, 1, 5), (4, 2, 6), (4, 2, 7)]),2272,SAT
P6651,20,7,7,CG(nc=5, r=7, tr=[(0, 1, 0), (0, 1, 1), (2, 4, 2), (2, 1, 3), (3, 1, 4), (2, 4, 5), (4, 3, 6)]),CG(nc=5, r=7, tr=[(1, 4, 0), (0, 1, 1), (3, 2, 2), (0, 3, 3), (4, 3, 4), (2, 0, 5), (4, 3, 6)]),1909,SAT
P6654,26,9,9,CG(nc=6, r=9, tr=[(5, 2, 0), (2, 3, 1), (2, 4, 2), (0, 4, 3), (1, 0, 4), (2, 4, 5), (2, 1, 6), (5, 4, 7), (3, 5, 3)]),CG(nc=6, r=9, tr=[(5, 2, 0), (3, 2, 1), (4, 5, 2), (5, 3, 3), (1, 3, 4), (1, 4, 5), (0, 3, 6), (3, 0, 7), (0, 1, 3)]),4623,SAT
P6655,16,6,6,CG(nc=5, r=6, tr=[(1, 2, 0), (3, 0, 1), (1, 3, 2), (1, 4, 3), (1, 3, 4), (2, 0, 5)]),CG(nc=5, r=6, tr=[(1, 4, 0), (0, 1, 1), (3, 0, 2), (4, 0, 3), (2, 4, 4), (3, 2, 5)]),1887,SAT
P666,20,7,7,CG(nc=5, r=7, tr=[(1, 2, 0), (2, 3, 1), (4, 2, 2), (2, 0, 3), (0, 3, 4), (1, 0, 5), (4, 3, 6)]),CG(nc=5, r=7, tr=[(1, 0, 0), (2, 3, 1), (3, 0, 2), (1, 2, 3), (2, 4, 4), (0, 1, 5), (3, 4, 6)]),1970,SAT
P667,18,7,7,CG(nc=5, r=7, tr=[(0, 1, 0), (4, 3, 1), (1, 2, 2), (1, 3, 3), (2, 1, 4), (2, 4, 5), (3, 0, 4)]),CG(nc=6, r=7, tr=[(0, 1, 0), (1, 2, 1), (5, 4, 2), (5, 2, 3), (3, 0, 4), (2, 3, 5), (3, 4, 1)]),3860,SAT
P668,26,9,9,CG(nc=6, r=9, tr=[(1, 0, 0), (2, 5, 1), (4, 2, 2), (1, 2, 3), (0, 4, 4), (5, 3, 5), (4, 3, 6), (3, 1, 7), (4, 5, 3)]),CG(nc=6, r=9, tr=[(1, 5, 0), (3, 4, 1), (4, 0, 2), (3, 0, 3), (1, 3, 4), (5, 2, 5), (2, 1, 6), (1, 5, 7), (2, 4, 3)]),4345,SAT
P669,22,8,8,CG(nc=6, r=8, tr=[(1, 2, 0), (5, 4, 1), (3, 0, 2), (3, 5, 3), (4, 3, 4), (1, 5, 5), (0, 2, 7), (0, 4, 3)]),CG(nc=6, r=8, tr=[(1, 2, 0), (2, 0, 1), (1, 3, 2), (1, 5, 3), (3, 5, 4), (4, 0, 5), (2, 1, 7), (3, 4, 3)]),3990,SAT
P670,24,9,9,CG(nc=6, r=9, tr=[(5, 2, 0), (3, 0, 1), (2, 4, 2), (3, 5, 3), (2, 3, 4), (0, 4, 5), (5, 1, 6), (4, 1, 4), (1, 5, 1)]),CG(nc=6, r=9, tr=[(1, 5, 0), (0, 3, 1), (4, 5, 2), (3, 2, 3), (0, 1, 4), (5, 3, 5), (1, 2, 6), (1, 4, 1), (0, 2, 2)]),7765,SAT
P671,18,7,7,CG(nc=5, r=7, tr=[(1, 2, 0), (3, 1, 1), (1, 4, 2), (4, 3, 3), (0, 3, 4), (2, 0, 5), (0, 1, 3)]),CG(nc=5, r=7, tr=[(4, 2, 0), (2, 3, 1), (3, 4, 2), (1, 4, 3), (2, 0, 4), (2, 1, 5), (3, 0, 3)]),3470,SAT
P680,22,7,7,CG(nc=5, r=7, tr=[(4, 2, 1), (4, 2, 2), (0, 2, 3), (4, 0, 4), (3, 0, 5), (4, 1, 6), (3, 1, 7)]),CG(nc=5, r=7, tr=[(4, 2, 1), (3, 2, 2), (4, 3, 3), (0, 1, 4), (1, 3, 5), (1, 3, 6), (1, 3, 7)]),2283,SAT
P681,26,9,9,CG(nc=6, r=9, tr=[(1, 0, 0), (1, 2, 1), (1, 2, 2), (5, 2, 3), (1, 5, 4), (1, 4, 5), (5, 3, 6), (3, 4, 7), (0, 2, 4)]),CG(nc=7, r=9, tr=[(1, 2, 0), (2, 3, 1), (0, 3, 2), (4, 5, 3), (6, 5, 4), (4, 0, 5), (0, 4, 6), (5, 2, 7), (1, 6, 3)]),4347,SAT
P6816,22,8,8,CG(nc=5, r=8, tr=[(1, 2, 0), (2, 1, 1), (0, 2, 2), (1, 4, 3), (2, 3, 4), (2, 4, 6), (4, 3, 7), (3, 0, 6)]),CG(nc=6, r=8, tr=[(5, 2, 0), (3, 4, 1), (4, 5, 2), (2, 1, 3), (0, 2, 4), (1, 5, 6), (4, 2, 7), (0, 3, 6)]),4242,SAT
P6817,24,9,9,CG(nc=5, r=9, tr=[(1, 4, 0), (4, 1, 1), (0, 3, 2), (1, 3, 3), (0, 1, 4), (0, 2, 6), (1, 2, 7), (2, 4, 2), (4, 3, 6)]),CG(nc=6, r=9, tr=[(1, 2, 0), (1, 3, 1), (5, 3, 2), (5, 4, 3), (3, 4, 4), (0, 3, 6), (0, 4, 7), (5, 2, 7), (2, 0, 3)]),6835,SAT
P6818,22,8,8,CG(nc=6, r=8, tr=[(1, 5, 0), (5, 3, 1), (1, 4, 2), (4, 0, 3), (2, 5, 4), (2, 3, 6), (0, 2, 7), (0, 3, 4)]),CG(nc=6, r=8, tr=[(5, 2, 0), (3, 0, 1), (5, 4, 2), (2, 5, 3), (1, 0, 4), (2, 1, 6), (3, 1, 7), (4, 3, 4)]),3944,SAT
P6819,22,8,8,CG(nc=5, r=8, tr=[(1, 4, 0), (0, 3, 1), (0, 2, 2), (1, 2, 3), (1, 0, 4), (2, 4, 6), (2, 3, 7), (3, 4, 4)]),CG(nc=6, r=8, tr=[(1, 0, 0), (2, 5, 1), (4, 1, 2), (2, 4, 3), (0, 4, 4), (3, 2, 6), (1, 3, 7), (5, 3, 4)]),3945,SAT
P682,10,4,4,CG(nc=3, r=4, tr=[(2, 1, 1), (2, 1, 2), (0, 1, 3), (0, 2, 4)]),CG(nc=4, r=4, tr=[(1, 2, 1), (3, 1, 2), (2, 3, 3), (0, 2, 4)]),1971,SAT
P6820,27,9,10,CG(nc=6, r=9, tr=[(5, 2, 0), (3, 4, 1), (4, 2, 2), (4, 0, 3), (5, 3, 4), (3, 1, 5), (2, 1, 6), (1, 0, 7), (2, 0, 4)]),CG(nc=8, r=10, tr=[(1, 0, 0), (2, 1, 1), (3, 7, 2), (5, 6, 3), (5, 0, 4), (1, 4, 5), (6, 7, 6), (2, 6, 7), (3, 5, 7), (3, 4, 3)]),8040,SAT
P6821,24,9,9,CG(nc=6, r=9, tr=[(1, 2, 0), (5, 1, 1), (4, 0, 2), (4, 1, 3), (4, 3, 4), (0, 3, 6), (2, 3, 7), (5, 2, 2), (5, 1, 6)]),CG(nc=6, r=9, tr=[(1, 5, 0), (3, 4, 1), (2, 1, 2), (2, 0, 3), (4, 5, 4), (2, 4, 6), (5, 2, 7), (0, 3, 0), (1, 0, 4)]),5671,SAT
P6822,28,10,10,CG(nc=6, r=10, tr=[(0, 1, 0), (2, 3, 1), (3, 1, 2), (3, 5, 3), (5, 1, 4), (5, 4, 5), (2, 4, 6), (0, 3, 7), (2, 0, 4), (4, 5, 0)]),CG(nc=7, r=10, tr=[(0, 1, 0), (2, 3, 1), (4, 3, 2), (6, 4, 3), (0, 5, 4), (3, 1, 5), (5, 4, 6), (6, 2, 7), (3, 1, 6), (2, 5, 2)]),11618,SAT
P6823,26,10,10,CG(nc=6, r=10, tr=[(1, 2, 0), (1, 0, 1), (5, 4, 2), (1, 4, 3), (3, 4, 4), (3, 5, 6), (3, 2, 7), (2, 4, 6), (2, 0, 3), (2, 0, 2)]),CG(nc=6, r=10, tr=[(1, 2, 0), (1, 0, 1), (5, 4, 2), (1, 4, 3), (3, 4, 4), (3, 5, 6), (3, 2, 7), (2, 4, 6), (2, 0, 3), (2, 0, 2)]),208966,SAT
P6824,26,9,9,CG(nc=6, r=9, tr=[(0, 1, 0), (0, 1, 1), (1, 2, 2), (5, 2, 3), (1, 5, 4), (4, 3, 5), (5, 3, 6), (1, 4, 7), (4, 0, 4)]),CG(nc=7, r=9, tr=[(1, 2, 0), (2, 3, 1), (1, 4, 2), (5, 6, 3), (4, 0, 4), (6, 1, 5), (4, 5, 6), (1, 6, 7), (3, 0, 6)]),4480,SAT
P6825,28,10,10,CG(nc=6, r=10, tr=[(5, 2, 0), (5, 2, 1), (0, 3, 2), (3, 2, 3), (2, 0, 4), (4, 5, 5), (3, 4, 6), (3, 1, 7), (0, 1, 0), (1, 5, 4)]),CG(nc=6, r=10, tr=[(1, 0, 0), (2, 5, 1), (4, 3, 2), (3, 0, 3), (0, 4, 4), (1, 3, 5), (1, 3, 6), (3, 2, 7), (5, 1, 4), (2, 4, 0)]),8711,SAT
P6826,20,7,7,CG(nc=5, r=7, tr=[(1, 0, 0), (2, 4, 1), (3, 4, 2), (3, 1, 3), (2, 0, 4), (2, 4, 6), (2, 3, 7)]),CG(nc=6, r=7, tr=[(1, 0, 0), (5, 3, 1), (4, 5, 2), (5, 4, 3), (0, 4, 4), (3, 2, 6), (2, 1, 7)]),1921,SAT
P6827,22,8,8,CG(nc=6, r=8, tr=[(1, 2, 0), (5, 4, 1), (3, 4, 2), (5, 2, 3), (4, 0, 4), (4, 2, 6), (3, 5, 7), (0, 1, 2)]),CG(nc=6, r=8, tr=[(5, 2, 0), (3, 2, 1), (4, 3, 2), (0, 4, 3), (4, 5, 4), (3, 1, 6), (0, 1, 7), (0, 3, 4)]),3776,SAT
P6828,28,10,10,CG(nc=6, r=10, tr=[(1, 0, 0), (2, 3, 1), (5, 2, 2), (1, 2, 3), (1, 5, 4), (3, 4, 5), (2, 0, 6), (4, 5, 7), (0, 3, 4), (3, 0, 6)]),CG(nc=6, r=10, tr=[(1, 0, 0), (2, 5, 1), (4, 0, 2), (3, 1, 3), (1, 5, 4), (2, 4, 5), (0, 3, 6), (1, 4, 7), (4, 2, 6), (5, 2, 3)]),12162,SAT
P6829,28,10,10,CG(nc=7, r=10, tr=[(0, 1, 0), (0, 1, 1), (6, 3, 2), (3, 1, 3), (4, 0, 4), (5, 1, 5), (2, 6, 6), (2, 5, 7), (3, 4, 7), (4, 2, 3)]),CG(nc=6, r=10, tr=[(1, 2, 0), (2, 3, 1), (0, 1, 2), (5, 2, 3), (4, 1, 4), (1, 2, 5), (5, 1, 6), (0, 3, 7), (4, 0, 3), (4, 5, 7)]),8861,SAT
P683,14,6,6,CG(nc=4, r=6, tr=[(1, 0, 1), (1, 0, 2), (3, 2, 3), (3, 1, 4), (0, 2, 4), (1, 3, 3)]),CG(nc=5, r=6, tr=[(1, 2, 1), (0, 1, 2), (4, 2, 3), (4, 3, 4), (0, 3, 3), (4, 2, 4)]),4969,SAT
P6830,26,9,9,CG(nc=6, r=9, tr=[(1, 0, 0), (2, 3, 1), (3, 1, 2), (5, 3, 3), (2, 0, 4), (2, 4, 5), (5, 4, 6), (5, 4, 7), (5, 1, 4)]),CG(nc=6, r=9, tr=[(1, 0, 0), (2, 3, 1), (5, 4, 2), (2, 4, 3), (4, 0, 4), (1, 2, 5), (1, 2, 6), (5, 3, 7), (1, 5, 4)]),4485,SAT
P6831,22,8,8,CG(nc=5, r=8, tr=[(1, 0, 0), (1, 2, 1), (3, 4, 2), (3, 1, 3), (1, 4, 4), (3, 0, 6), (2, 1, 7), (2, 0, 2)]),CG(nc=5, r=8, tr=[(1, 0, 0), (2, 4, 1), (0, 3, 2), (0, 1, 3), (1, 4, 4), (2, 3, 6), (1, 3, 7), (4, 3, 3)]),3817,SAT
P6832,20,7,7,CG(nc=5, r=7, tr=[(1, 2, 0), (1, 2, 1), (1, 4, 2), (2, 0, 3), (2, 3, 4), (3, 4, 6), (3, 0, 7)]),CG(nc=5, r=7, tr=[(1, 0, 0), (1, 2, 1), (0, 2, 2), (3, 0, 3), (3, 2, 4), (4, 2, 6), (3, 4, 7)]),1890,SAT
P6833,22,8,8,CG(nc=6, r=8, tr=[(1, 0, 0), (5, 3, 1), (4, 1, 2), (4, 5, 3), (0, 3, 4), (1, 2, 6), (2, 5, 7), (3, 4, 6)]),CG(nc=5, r=8, tr=[(0, 1, 0), (4, 3, 1), (2, 0, 2), (3, 1, 3), (1, 4, 4), (2, 3, 6), (2, 1, 7), (2, 0, 3)]),3794,SAT
P6834,22,8,8,CG(nc=5, r=8, tr=[(1, 2, 0), (0, 3, 1), (4, 1, 2), (0, 2, 3), (3, 4, 4), (2, 3, 6), (1, 4, 7), (0, 2, 4)]),CG(nc=6, r=8, tr=[(5, 2, 0), (0, 3, 1), (4, 5, 2), (1, 3, 3), (5, 1, 4), (2, 3, 6), (2, 4, 7), (0, 2, 4)]),4085,SAT
P6835,20,7,7,CG(nc=5, r=7, tr=[(1, 4, 0), (0, 3, 1), (1, 2, 2), (0, 2, 3), (4, 3, 4), (2, 3, 6), (2, 4, 7)]),CG(nc=5, r=7, tr=[(1, 0, 0), (2, 4, 1), (0, 3, 2), (0, 2, 3), (1, 4, 4), (2, 1, 6), (3, 1, 7)]),1897,SAT
P6836,26,9,9,CG(nc=6, r=9, tr=[(1, 2, 0), (2, 0, 1), (3, 2, 2), (1, 0, 3), (4, 3, 4), (1, 0, 5), (4, 1, 6), (5, 4, 7), (5, 3, 3)]),CG(nc=6, r=9, tr=[(1, 2, 0), (5, 2, 1), (4, 3, 2), (5, 3, 3), (4, 5, 4), (0, 2, 5), (1, 0, 6), (0, 3, 7), (1, 4, 3)]),4391,SAT
P6837,24,9,9,CG(nc=6, r=9, tr=[(0, 1, 0), (2, 0, 1), (3, 5, 2), (4, 0, 3), (2, 3, 4), (4, 1, 6), (4, 5, 7), (3, 1, 3), (5, 1, 4)]),CG(nc=6, r=9, tr=[(5, 2, 0), (3, 0, 1), (4, 1, 2), (2, 1, 3), (0, 3, 4), (3, 2, 6), (0, 4, 7), (0, 4, 0), (1, 5, 4)]),5243,SAT
P6838,28,10,10,CG(nc=7, r=10, tr=[(1, 6, 0), (3, 4, 1), (3, 1, 2), (3, 0, 3), (1, 0, 4), (6, 5, 5), (1, 5, 6), (2, 5, 7), (0, 2, 1), (6, 4, 4)]),CG(nc=6, r=10, tr=[(1, 2, 0), (2, 5, 1), (1, 5, 2), (5, 4, 3), (1, 4, 4), (0, 3, 5), (1, 0, 6), (3, 4, 7), (3, 0, 4), (2, 3, 3)]),9747,SAT
P6839,22,8,8,CG(nc=6, r=8, tr=[(1, 2, 0), (0, 3, 1), (4, 2, 2), (5, 4, 3), (3, 4, 4), (1, 3, 6), (5, 2, 7), (1, 0, 3)]),CG(nc=6, r=8, tr=[(5, 2, 0), (3, 2, 1), (4, 0, 2), (4, 2, 3), (1, 5, 4), (0, 3, 6), (4, 1, 7), (1, 3, 3)]),3858,SAT
P684,22,7,7,CG(nc=5, r=7, tr=[(1, 4, 1), (3, 1, 2), (0, 1, 3), (3, 0, 4), (4, 3, 5), (3, 2, 6), (2, 0, 7)]),CG(nc=5, r=7, tr=[(1, 0, 1), (1, 2, 2), (0, 2, 3), (3, 4, 4), (1, 4, 5), (2, 3, 6), (3, 2, 7)]),2143,SAT
P6840,24,8,8,CG(nc=6, r=8, tr=[(1, 0, 0), (5, 3, 1), (4, 5, 2), (1, 4, 3), (0, 3, 4), (0, 2, 5), (5, 3, 6), (3, 2, 7)]),CG(nc=6, r=8, tr=[(1, 5, 0), (3, 1, 1), (4, 0, 2), (2, 3, 3), (2, 5, 4), (0, 3, 5), (0, 3, 6), (4, 2, 7)]),2215,SAT
P6841,26,9,9,CG(nc=6, r=9, tr=[(1, 5, 0), (1, 5, 1), (0, 3, 2), (5, 4, 3), (0, 1, 4), (4, 2, 5), (1, 2, 6), (4, 0, 7), (3, 4, 0)]),CG(nc=6, r=9, tr=[(1, 2, 0), (5, 4, 1), (0, 2, 2), (1, 4, 3), (3, 5, 4), (2, 3, 5), (0, 1, 6), (2, 3, 7), (3, 4, 6)]),4208,SAT
P6842,16,6,6,CG(nc=5, r=6, tr=[(1, 2, 0), (3, 0, 1), (2, 4, 2), (0, 1, 3), (4, 3, 4), (0, 3, 6)]),CG(nc=5, r=6, tr=[(0, 1, 0), (4, 3, 1), (4, 2, 2), (4, 2, 3), (0, 2, 4), (1, 3, 6)]),1941,SAT
P6843,16,6,6,CG(nc=5, r=6, tr=[(1, 2, 0), (4, 3, 1), (0, 2, 2), (4, 1, 3), (0, 3, 4), (3, 1, 6)]),CG(nc=4, r=6, tr=[(1, 3, 0), (0, 2, 1), (3, 1, 2), (2, 3, 3), (0, 1, 4), (2, 1, 6)]),1883,SAT
P6844,26,9,9,CG(nc=5, r=9, tr=[(4, 2, 0), (4, 2, 1), (0, 3, 2), (2, 3, 3), (1, 2, 4), (1, 0, 5), (3, 4, 6), (1, 3, 7), (1, 0, 3)]),CG(nc=6, r=9, tr=[(1, 0, 0), (1, 2, 1), (3, 4, 2), (3, 0, 3), (2, 3, 4), (5, 4, 5), (5, 2, 6), (5, 3, 7), (0, 2, 2)]),4299,SAT
P6845,28,10,10,CG(nc=7, r=10, tr=[(6, 2, 0), (6, 2, 1), (2, 3, 2), (3, 4, 3), (0, 3, 4), (5, 1, 5), (4, 5, 6), (6, 1, 7), (6, 5, 4), (4, 0, 0)]),CG(nc=6, r=10, tr=[(5, 2, 0), (0, 3, 1), (4, 0, 2), (4, 2, 3), (1, 5, 4), (1, 4, 5), (3, 2, 6), (1, 4, 7), (4, 5, 6), (2, 0, 4)]),12518,SAT
P6846,22,8,8,CG(nc=6, r=8, tr=[(5, 2, 0), (5, 3, 1), (0, 4, 2), (4, 2, 3), (3, 4, 4), (5, 1, 5), (1, 2, 6), (2, 0, 4)]),CG(nc=6, r=8, tr=[(0, 1, 0), (1, 2, 1), (3, 5, 2), (4, 3, 3), (4, 5, 4), (4, 1, 5), (5, 2, 6), (0, 3, 4)]),4288,SAT
P6847,18,7,7,CG(nc=6, r=7, tr=[(1, 2, 0), (5, 4, 1), (0, 1, 2), (5, 2, 3), (4, 1, 4), (2, 3, 6), (3, 0, 4)]),CG(nc=4, r=7, tr=[(1, 2, 0), (1, 0, 1), (2, 0, 2), (3, 1, 3), (0, 1, 4), (2, 3, 6), (2, 3, 4)]),3930,SAT
P6848,24,8,8,CG(nc=5, r=8, tr=[(1, 0, 0), (0, 1, 1), (4, 3, 2), (3, 1, 3), (0, 2, 4), (1, 3, 5), (2, 4, 6), (1, 2, 7)]),CG(nc=7, r=8, tr=[(1, 2, 0), (2, 3, 1), (4, 1, 2), (5, 0, 3), (4, 6, 4), (5, 3, 5), (6, 3, 6), (1, 0, 7)]),2424,SAT
P6849,28,10,10,CG(nc=6, r=10, tr=[(1, 2, 0), (1, 2, 1), (0, 2, 2), (3, 5, 3), (1, 3, 4), (4, 5, 5), (1, 0, 6), (4, 2, 7), (3, 1, 2), (5, 4, 6)]),CG(nc=7, r=10, tr=[(1, 0, 0), (2, 1, 1), (2, 3, 2), (6, 3, 3), (2, 6, 4), (0, 5, 5), (4, 6, 6), (2, 4, 7), (0, 3, 7), (5, 4, 3)]),10662,SAT
P685,26,9,9,CG(nc=6, r=9, tr=[(1, 2, 0), (0, 3, 1), (1, 5, 2), (3, 5, 3), (3, 1, 4), (4, 2, 5), (0, 1, 6), (5, 4, 7), (0, 3, 2)]),CG(nc=6, r=9, tr=[(5, 2, 0), (3, 4, 1), (4, 0, 2), (0, 1, 3), (3, 1, 4), (5, 3, 5), (3, 5, 6), (2, 5, 7), (2, 1, 2)]),4155,SAT
P6850,26,9,9,CG(nc=5, r=9, tr=[(4, 2, 0), (3, 1, 1), (0, 3, 2), (4, 1, 3), (3, 0, 4), (3, 2, 5), (3, 4, 6), (4, 2, 7), (0, 1, 7)]),CG(nc=6, r=9, tr=[(5, 2, 0), (3, 4, 1), (5, 4, 2), (4, 1, 3), (0, 3, 4), (1, 5, 5), (0, 4, 6), (2, 3, 7), (2, 5, 2)]),4221,SAT
P6851,26,9,9,CG(nc=6, r=9, tr=[(1, 0, 0), (5, 3, 1), (4, 1, 2), (3, 2, 3), (2, 0, 4), (5, 4, 5), (3, 4, 6), (1, 2, 7), (2, 4, 1)]),CG(nc=6, r=9, tr=[(1, 0, 0), (5, 3, 1), (4, 0, 2), (2, 5, 3), (5, 1, 4), (3, 0, 5), (2, 3, 6), (1, 4, 7), (2, 4, 1)]),4458,SAT
P6854,28,10,10,CG(nc=6, r=10, tr=[(1, 0, 0), (2, 3, 1), (1, 3, 2), (3, 4, 3), (0, 4, 4), (4, 3, 5), (3, 5, 6), (1, 2, 7), (4, 5, 0), (2, 5, 4)]),CG(nc=7, r=10, tr=[(6, 2, 0), (3, 4, 1), (3, 0, 2), (2, 5, 3), (6, 1, 4), (5, 0, 5), (2, 1, 6), (0, 4, 7), (3, 1, 0), (4, 1, 2)]),11778,SAT
P6855,28,10,10,CG(nc=7, r=10, tr=[(1, 2, 0), (3, 1, 1), (4, 0, 2), (6, 1, 3), (1, 5, 4), (4, 2, 5), (0, 5, 6), (6, 2, 7), (4, 3, 3), (3, 5, 7)]),CG(nc=7, r=10, tr=[(1, 2, 0), (6, 1, 1), (0, 4, 2), (2, 6, 3), (5, 4, 4), (0, 3, 5), (2, 3, 6), (6, 5, 7), (0, 3, 7), (4, 1, 3)]),11005,SAT
P6856,24,8,8,CG(nc=6, r=8, tr=[(1, 5, 0), (3, 4, 1), (1, 4, 2), (0, 4, 3), (5, 3, 4), (2, 0, 5), (0, 3, 6), (2, 5, 7)]),CG(nc=6, r=8, tr=[(1, 2, 0), (1, 5, 1), (2, 5, 2), (4, 3, 3), (0, 4, 4), (5, 3, 5), (4, 0, 6), (2, 4, 7)]),2172,SAT
P6857,28,10,10,CG(nc=6, r=10, tr=[(1, 2, 0), (2, 1, 1), (1, 3, 2), (5, 2, 3), (4, 2, 4), (3, 0, 5), (4, 0, 6), (2, 3, 7), (1, 5, 7), (3, 0, 3)]),CG(nc=7, r=10, tr=[(1, 2, 0), (2, 3, 1), (3, 0, 2), (6, 1, 3), (6, 5, 4), (4, 0, 5), (5, 6, 6), (0, 1, 7), (5, 4, 3), (5, 3, 7)]),14791,SAT
P6858,24,8,8,CG(nc=5, r=8, tr=[(0, 1, 0), (2, 3, 1), (1, 3, 2), (4, 3, 3), (0, 2, 4), (3, 4, 5), (4, 2, 6), (0, 1, 7)]),CG(nc=6, r=8, tr=[(1, 0, 0), (1, 2, 1), (0, 3, 2), (4, 0, 3), (5, 3, 4), (4, 3, 5), (5, 3, 6), (3, 2, 7)]),2303,SAT
P6859,26,9,9,CG(nc=6, r=9, tr=[(0, 1, 0), (2, 3, 1), (1, 2, 2), (3, 4, 3), (3, 0, 4), (2, 5, 5), (2, 4, 6), (1, 0, 7), (4, 5, 1)]),CG(nc=6, r=9, tr=[(1, 2, 0), (1, 3, 1), (0, 3, 2), (4, 3, 3), (5, 3, 4), (0, 4, 5), (3, 5, 6), (0, 2, 7), (5, 2, 3)]),4419,SAT
P686,14,5,5,CG(nc=4, r=5, tr=[(1, 0, 1), (2, 1, 2), (1, 3, 3), (3, 2, 4), (0, 2, 5)]),CG(nc=4, r=5, tr=[(1, 3, 1), (1, 2, 2), (3, 2, 3), (0, 2, 4), (1, 0, 5)]),1737,SAT
P6862,24,8,8,CG(nc=5, r=8, tr=[(1, 2, 0), (2, 1, 1), (4, 2, 2), (0, 1, 3), (4, 2, 4), (3, 0, 5), (1, 2, 6), (3, 2, 7)]),CG(nc=7, r=8, tr=[(1, 2, 0), (3, 6, 1), (5, 6, 2), (4, 0, 3), (5, 0, 4), (6, 4, 5), (0, 1, 6), (3, 2, 7)]),2548,SAT
P6863,24,8,8,CG(nc=6, r=8, tr=[(1, 2, 0), (1, 2, 1), (0, 2, 2), (5, 1, 3), (4, 0, 4), (2, 3, 5), (1, 4, 6), (3, 5, 7)]),CG(nc=5, r=8, tr=[(1, 2, 0), (3, 1, 1), (4, 2, 2), (3, 0, 3), (0, 2, 4), (3, 4, 5), (2, 0, 6), (4, 3, 7)]),2401,SAT
P6864,24,8,8,CG(nc=5, r=8, tr=[(0, 1, 0), (0, 1, 1), (1, 2, 2), (4, 2, 3), (4, 3, 4), (2, 4, 5), (3, 0, 6), (4, 3, 7)]),CG(nc=6, r=8, tr=[(1, 5, 0), (3, 0, 1), (4, 2, 2), (0, 3, 3), (2, 5, 4), (1, 5, 5), (1, 3, 6), (4, 0, 7)]),2392,SAT
P6865,26,9,9,CG(nc=5, r=9, tr=[(1, 4, 0), (3, 2, 1), (2, 0, 2), (3, 1, 3), (0, 2, 4), (1, 2, 5), (3, 4, 6), (0, 2, 7), (1, 4, 1)]),CG(nc=7, r=9, tr=[(1, 2, 0), (1, 0, 1), (3, 6, 2), (3, 2, 3), (5, 3, 4), (4, 3, 5), (2, 6, 6), (5, 0, 7), (0, 4, 6)]),4741,SAT
P6866,24,8,8,CG(nc=5, r=8, tr=[(1, 2, 0), (1, 3, 1), (4, 1, 2), (0, 3, 3), (4, 1, 4), (2, 0, 5), (0, 1, 6), (3, 4, 7)]),CG(nc=6, r=8, tr=[(5, 2, 0), (3, 4, 1), (5, 1, 2), (4, 0, 3), (3, 1, 4), (5, 2, 5), (2, 4, 6), (3, 0, 7)]),2105,SAT
P6867,26,9,9,CG(nc=6, r=9, tr=[(1, 0, 0), (2, 3, 1), (2, 5, 2), (4, 2, 3), (5, 4, 4), (1, 2, 5), (2, 0, 6), (5, 3, 7), (0, 3, 3)]),CG(nc=6, r=9, tr=[(1, 2, 0), (3, 1, 1), (4, 3, 2), (5, 4, 3), (4, 5, 4), (1, 2, 5), (2, 5, 6), (0, 3, 7), (1, 0, 3)]),4079,SAT
P6868,26,9,9,CG(nc=6, r=9, tr=[(1, 2, 0), (2, 5, 1), (2, 4, 2), (4, 0, 3), (4, 2, 4), (5, 1, 5), (3, 1, 6), (3, 0, 7), (3, 2, 5)]),CG(nc=6, r=9, tr=[(1, 2, 0), (5, 2, 1), (5, 4, 2), (3, 5, 3), (4, 3, 4), (2, 0, 5), (0, 1, 6), (0, 3, 7), (1, 3, 5)]),4864,SAT
P6869,24,8,8,CG(nc=6, r=8, tr=[(5, 2, 0), (3, 4, 1), (0, 3, 2), (4, 5, 3), (1, 4, 4), (3, 2, 5), (1, 0, 6), (2, 1, 7)]),CG(nc=6, r=8, tr=[(1, 0, 0), (2, 3, 1), (4, 2, 2), (5, 1, 3), (4, 0, 4), (3, 0, 5), (1, 3, 6), (5, 2, 7)]),2756,SAT
P687,14,6,6,CG(nc=4, r=6, tr=[(1, 2, 1), (2, 3, 2), (1, 3, 3), (0, 1, 4), (0, 2, 3), (3, 1, 2)]),CG(nc=5, r=6, tr=[(4, 2, 1), (3, 0, 2), (4, 3, 3), (1, 3, 4), (1, 2, 2), (0, 3, 4)]),5787,SAT
P6870,28,10,10,CG(nc=6, r=10, tr=[(1, 2, 0), (5, 4, 1), (1, 5, 2), (0, 2, 3), (2, 4, 4), (2, 0, 5), (0, 1, 6), (2, 4, 7), (5, 3, 5), (1, 3, 4)]),CG(nc=6, r=10, tr=[(1, 2, 0), (5, 2, 1), (4, 3, 2), (4, 2, 3), (3, 0, 4), (2, 0, 5), (0, 1, 6), (4, 5, 7), (5, 4, 0), (5, 4, 6)]),14864,SAT
P6871,26,9,9,CG(nc=6, r=9, tr=[(1, 0, 0), (2, 3, 1), (4, 5, 2), (0, 3, 3), (1, 5, 4), (1, 4, 5), (3, 1, 6), (5, 2, 7), (3, 4, 1)]),CG(nc=7, r=9, tr=[(1, 2, 0), (2, 0, 1), (6, 4, 2), (2, 4, 3), (4, 5, 4), (0, 3, 5), (6, 1, 6), (0, 5, 7), (1, 3, 3)]),4580,SAT
P6872,24,8,8,CG(nc=6, r=8, tr=[(1, 2, 0), (3, 5, 1), (0, 1, 2), (1, 3, 3), (4, 0, 4), (5, 2, 5), (5, 4, 6), (0, 1, 7)]),CG(nc=6, r=8, tr=[(5, 2, 0), (3, 2, 1), (4, 3, 2), (1, 5, 3), (3, 0, 4), (1, 3, 5), (0, 3, 6), (4, 5, 7)]),2314,SAT
P6873,26,9,9,CG(nc=6, r=9, tr=[(1, 2, 0), (0, 3, 1), (1, 5, 2), (3, 2, 3), (3, 4, 4), (0, 2, 5), (4, 5, 6), (5, 1, 7), (2, 1, 1)]),CG(nc=6, r=9, tr=[(1, 2, 0), (5, 2, 1), (4, 0, 2), (4, 1, 3), (5, 3, 4), (4, 3, 5), (1, 0, 6), (4, 3, 7), (3, 5, 6)]),4731,SAT
P6874,20,7,7,CG(nc=5, r=7, tr=[(4, 2, 0), (4, 2, 1), (2, 3, 2), (3, 0, 3), (1, 0, 4), (3, 0, 5), (4, 1, 6)]),CG(nc=5, r=7, tr=[(4, 2, 0), (2, 3, 1), (1, 0, 2), (3, 2, 3), (4, 1, 4), (4, 2, 5), (3, 0, 6)]),1945,SAT
P6875,22,8,8,CG(nc=6, r=8, tr=[(0, 1, 0), (2, 3, 1), (3, 1, 2), (4, 2, 3), (2, 0, 4), (5, 3, 5), (4, 3, 6), (5, 4, 1)]),CG(nc=6, r=8, tr=[(1, 2, 0), (2, 5, 1), (4, 0, 2), (3, 5, 3), (5, 4, 4), (3, 1, 5), (0, 1, 6), (3, 4, 1)]),3504,SAT
P6876,24,8,8,CG(nc=5, r=8, tr=[(4, 2, 0), (3, 1, 1), (2, 3, 2), (0, 3, 3), (4, 1, 4), (0, 3, 5), (3, 1, 6), (4, 1, 7)]),CG(nc=6, r=8, tr=[(5, 2, 0), (3, 0, 1), (2, 5, 2), (4, 5, 3), (1, 0, 4), (4, 0, 5), (2, 3, 6), (1, 2, 7)]),2053,SAT
P6877,24,8,8,CG(nc=6, r=8, tr=[(1, 5, 0), (3, 5, 1), (1, 4, 2), (0, 4, 3), (4, 3, 4), (2, 0, 5), (3, 5, 6), (2, 1, 7)]),CG(nc=6, r=8, tr=[(5, 2, 0), (3, 0, 1), (4, 1, 2), (2, 0, 3), (4, 5, 4), (2, 5, 5), (3, 2, 6), (1, 0, 7)]),2162,SAT
P6878,20,7,7,CG(nc=5, r=7, tr=[(0, 1, 0), (1, 0, 1), (1, 2, 2), (2, 4, 3), (3, 0, 4), (4, 2, 5), (3, 2, 6)]),CG(nc=6, r=7, tr=[(1, 2, 0), (0, 1, 1), (3, 0, 2), (5, 4, 3), (3, 5, 4), (4, 0, 5), (5, 2, 6)]),1997,SAT
P6879,20,7,7,CG(nc=5, r=7, tr=[(1, 0, 0), (0, 2, 1), (3, 4, 2), (3, 2, 3), (4, 3, 4), (3, 1, 5), (0, 2, 6)]),CG(nc=5, r=7, tr=[(1, 0, 0), (2, 4, 1), (0, 3, 2), (4, 1, 3), (3, 4, 4), (1, 0, 5), (1, 2, 6)]),1989,SAT
P6880,26,9,9,CG(nc=6, r=9, tr=[(1, 5, 0), (5, 1, 1), (3, 0, 2), (3, 1, 3), (5, 4, 4), (3, 2, 5), (5, 2, 6), (4, 2, 7), (4, 0, 6)]),CG(nc=6, r=9, tr=[(1, 2, 0), (2, 0, 1), (0, 3, 2), (4, 0, 3), (4, 3, 4), (2, 3, 5), (3, 5, 6), (5, 4, 7), (1, 4, 6)]),4037,SAT
P6881,28,10,10,CG(nc=7, r=10, tr=[(0, 1, 0), (1, 0, 1), (2, 6, 2), (1, 2, 3), (0, 4, 4), (2, 5, 5), (3, 6, 6), (5, 4, 7), (3, 4, 3), (3, 1, 7)]),CG(nc=7, r=10, tr=[(1, 2, 0), (2, 3, 1), (4, 1, 2), (6, 4, 3), (4, 5, 4), (6, 5, 5), (5, 3, 6), (5, 6, 7), (1, 0, 7), (0, 3, 3)]),13001,SAT
P6882,26,9,9,CG(nc=7, r=9, tr=[(0, 1, 0), (0, 2, 1), (1, 3, 2), (6, 3, 3), (5, 4, 4), (5, 0, 5), (4, 2, 6), (6, 4, 7), (3, 2, 4)]),CG(nc=7, r=9, tr=[(1, 2, 0), (3, 2, 1), (3, 4, 2), (0, 5, 3), (4, 6, 4), (1, 5, 5), (6, 1, 6), (3, 0, 7), (5, 4, 1)]),4149,SAT
P6883,28,10,10,CG(nc=7, r=10, tr=[(1, 2, 0), (3, 6, 1), (2, 6, 2), (0, 1, 3), (3, 1, 4), (5, 4, 5), (5, 3, 6), (5, 0, 7), (4, 2, 4), (6, 4, 3)]),CG(nc=7, r=10, tr=[(1, 2, 0), (1, 3, 1), (4, 0, 2), (5, 6, 3), (1, 4, 4), (5, 3, 5), (0, 3, 6), (2, 6, 7), (1, 2, 2), (4, 5, 1)]),10292,SAT
P6884,26,9,9,CG(nc=6, r=9, tr=[(1, 2, 0), (2, 0, 1), (5, 4, 2), (2, 4, 3), (4, 3, 4), (1, 0, 5), (3, 5, 6), (1, 3, 7), (2, 0, 6)]),CG(nc=7, r=9, tr=[(1, 6, 0), (1, 3, 1), (4, 5, 2), (0, 2, 3), (5, 6, 4), (1, 2, 5), (2, 5, 6), (0, 4, 7), (3, 4, 6)]),4424,SAT
P6885,28,10,10,CG(nc=6, r=10, tr=[(1, 2, 0), (3, 1, 1), (3, 0, 2), (0, 4, 3), (2, 4, 4), (3, 2, 5), (2, 5, 6), (5, 4, 7), (1, 5, 3), (1, 0, 7)]),CG(nc=6, r=10, tr=[(0, 1, 0), (2, 5, 1), (1, 4, 2), (5, 4, 3), (5, 1, 4), (1, 2, 5), (4, 3, 6), (4, 0, 7), (3, 2, 0), (0, 3, 4)]),10170,SAT
P6886,28,10,10,CG(nc=7, r=10, tr=[(0, 1, 0), (1, 2, 1), (1, 3, 2), (2, 0, 3), (4, 6, 4), (5, 0, 5), (2, 4, 6), (5, 4, 7), (3, 6, 3), (5, 6, 1)]),CG(nc=6, r=10, tr=[(1, 2, 0), (2, 5, 1), (4, 5, 2), (3, 2, 3), (3, 0, 4), (0, 2, 5), (4, 0, 6), (4, 3, 7), (1, 5, 3), (3, 1, 6)]),11756,SAT
P6887,28,10,10,CG(nc=6, r=10, tr=[(1, 0, 0), (2, 3, 1), (3, 4, 2), (1, 4, 3), (0, 2, 4), (5, 3, 5), (4, 0, 6), (2, 4, 7), (3, 5, 0), (1, 5, 4)]),CG(nc=6, r=10, tr=[(0, 1, 0), (2, 1, 1), (3, 1, 2), (5, 3, 3), (5, 1, 4), (2, 4, 5), (4, 5, 6), (3, 0, 7), (4, 2, 7), (2, 0, 3)]),12262,SAT
P6888,26,9,9,CG(nc=6, r=9, tr=[(0, 1, 0), (1, 0, 1), (2, 5, 2), (2, 1, 3), (2, 4, 4), (4, 3, 5), (4, 5, 6), (3, 0, 7), (0, 2, 6)]),CG(nc=6, r=9, tr=[(1, 5, 0), (3, 1, 1), (4, 5, 2), (5, 2, 3), (3, 0, 4), (4, 3, 5), (0, 4, 6), (3, 4, 7), (2, 3, 6)]),4120,SAT
P6889,30,11,11,CG(nc=6, r=11, tr=[(1, 2, 0), (1, 2, 1), (3, 2, 2), (5, 1, 3), (1, 4, 4), (3, 0, 5), (5, 2, 6), (1, 3, 7), (0, 4, 6), (3, 0, 3), (5, 4, 2)]),CG(nc=7, r=11, tr=[(1, 2, 0), (1, 3, 1), (4, 6, 2), (6, 3, 3), (4, 5, 4), (0, 5, 5), (2, 6, 6), (5, 0, 7), (4, 0, 6), (3, 5, 6), (0, 2, 2)]),213724,SAT
P6890,24,8,8,CG(nc=6, r=8, tr=[(1, 2, 0), (5, 2, 1), (0, 4, 2), (2, 4, 3), (0, 3, 4), (1, 5, 5), (5, 3, 6), (3, 1, 7)]),CG(nc=5, r=8, tr=[(4, 2, 0), (2, 3, 1), (4, 2, 2), (4, 1, 3), (2, 0, 4), (0, 3, 5), (1, 3, 6), (0, 1, 7)]),2274,SAT
P6891,28,10,10,CG(nc=6, r=10, tr=[(1, 2, 0), (2, 1, 1), (3, 2, 2), (3, 5, 3), (5, 4, 4), (4, 2, 5), (4, 1, 6), (3, 0, 7), (0, 1, 1), (0, 1, 3)]),CG(nc=6, r=10, tr=[(1, 2, 0), (3, 1, 1), (0, 3, 2), (0, 4, 3), (5, 3, 4), (4, 3, 5), (3, 5, 6), (2, 0, 7), (5, 4, 4), (5, 1, 3)]),10722,SAT
P6892,26,9,9,CG(nc=5, r=9, tr=[(1, 2, 0), (1, 2, 1), (0, 2, 2), (4, 1, 3), (0, 2, 4), (4, 3, 5), (2, 3, 6), (0, 1, 7), (3, 1, 4)]),CG(nc=6, r=9, tr=[(5, 2, 0), (3, 2, 1), (4, 5, 2), (1, 5, 3), (1, 4, 4), (1, 0, 5), (4, 0, 6), (3, 4, 7), (3, 0, 4)]),4195,SAT
P6893,28,10,10,CG(nc=7, r=10, tr=[(0, 1, 0), (2, 1, 1), (3, 4, 2), (4, 1, 3), (6, 2, 4), (5, 3, 5), (2, 1, 6), (5, 2, 7), (4, 0, 4), (3, 6, 0)]),CG(nc=6, r=10, tr=[(1, 2, 0), (5, 4, 1), (2, 5, 2), (5, 3, 3), (3, 2, 4), (3, 0, 5), (0, 2, 6), (0, 3, 7), (0, 1, 3), (1, 4, 7)]),9195,SAT
P6894,24,8,8,CG(nc=6, r=8, tr=[(5, 2, 0), (3, 4, 1), (2, 4, 2), (4, 0, 3), (3, 5, 4), (1, 3, 5), (0, 1, 6), (1, 0, 7)]),CG(nc=5, r=8, tr=[(4, 2, 0), (3, 2, 1), (4, 2, 2), (4, 3, 3), (0, 2, 4), (0, 3, 5), (1, 0, 6), (3, 1, 7)]),2199,SAT
P6895,26,9,9,CG(nc=7, r=9, tr=[(0, 1, 0), (0, 1, 1), (1, 2, 2), (6, 2, 3), (0, 4, 4), (5, 3, 5), (2, 4, 6), (6, 3, 7), (5, 4, 2)]),CG(nc=6, r=9, tr=[(1, 2, 0), (3, 0, 1), (4, 0, 2), (4, 5, 3), (4, 2, 4), (2, 5, 5), (3, 1, 6), (5, 2, 7), (0, 2, 3)]),4349,SAT
P6896,20,7,7,CG(nc=5, r=7, tr=[(1, 0, 0), (2, 3, 1), (1, 2, 2), (4, 2, 3), (3, 0, 4), (3, 4, 6), (0, 3, 7)]),CG(nc=6, r=7, tr=[(1, 2, 0), (2, 5, 1), (4, 0, 2), (5, 1, 3), (3, 5, 4), (1, 0, 6), (3, 4, 7)]),1962,SAT
P6897,22,8,8,CG(nc=5, r=8, tr=[(1, 2, 0), (2, 1, 1), (2, 4, 2), (1, 0, 3), (4, 3, 4), (0, 2, 6), (1, 4, 7), (3, 1, 6)]),CG(nc=6, r=8, tr=[(1, 2, 0), (0, 1, 1), (0, 3, 2), (5, 2, 3), (4, 3, 4), (2, 4, 6), (4, 5, 7), (4, 0, 3)]),3718,SAT
P6898,20,7,7,CG(nc=5, r=7, tr=[(1, 2, 0), (2, 3, 1), (1, 0, 2), (4, 2, 3), (0, 3, 4), (4, 3, 6), (2, 0, 7)]),CG(nc=5, r=7, tr=[(1, 0, 0), (1, 2, 1), (3, 1, 2), (0, 2, 3), (4, 1, 4), (2, 4, 6), (0, 3, 7)]),1799,SAT
P6899,22,8,8,CG(nc=6, r=8, tr=[(1, 2, 0), (3, 5, 1), (0, 1, 2), (2, 5, 3), (2, 4, 4), (0, 4, 6), (4, 3, 7), (3, 1, 3)]),CG(nc=5, r=8, tr=[(1, 0, 0), (1, 2, 1), (0, 1, 2), (2, 4, 3), (1, 3, 4), (3, 2, 6), (3, 4, 7), (3, 0, 3)]),3413,SAT
P6900,24,8,8,CG(nc=5, r=8, tr=[(1, 2, 0), (3, 2, 1), (4, 1, 2), (0, 2, 3), (3, 4, 4), (1, 3, 5), (1, 0, 6), (2, 4, 7)]),CG(nc=6, r=8, tr=[(1, 2, 0), (5, 2, 1), (4, 5, 2), (1, 5, 3), (3, 4, 4), (2, 0, 5), (0, 1, 6), (0, 3, 7)]),2039,SAT
P6901,22,8,8,CG(nc=5, r=8, tr=[(4, 2, 0), (3, 1, 1), (0, 1, 2), (4, 3, 3), (0, 1, 4), (2, 3, 6), (3, 0, 7), (2, 1, 3)]),CG(nc=6, r=8, tr=[(0, 1, 0), (2, 3, 1), (4, 0, 2), (5, 1, 3), (3, 4, 4), (1, 2, 6), (3, 5, 7), (2, 0, 3)]),4092,SAT
P6902,26,9,9,CG(nc=6, r=9, tr=[(1, 2, 0), (5, 1, 1), (4, 0, 2), (1, 4, 3), (3, 0, 4), (5, 2, 5), (3, 2, 6), (0, 4, 7), (4, 3, 1)]),CG(nc=6, r=9, tr=[(1, 2, 0), (3, 4, 1), (0, 3, 2), (1, 0, 3), (4, 5, 4), (5, 2, 5), (1, 5, 6), (3, 4, 7), (2, 0, 1)]),4245,SAT
P6903,22,8,8,CG(nc=6, r=8, tr=[(1, 2, 0), (2, 0, 1), (5, 4, 2), (1, 0, 3), (3, 5, 4), (3, 1, 6), (5, 3, 7), (2, 4, 3)]),CG(nc=5, r=8, tr=[(1, 0, 0), (2, 1, 1), (3, 1, 2), (1, 4, 3), (4, 1, 4), (4, 2, 6), (3, 0, 7), (2, 0, 3)]),4233,SAT
P6904,24,8,8,CG(nc=6, r=8, tr=[(0, 1, 0), (0, 1, 1), (1, 2, 2), (2, 5, 3), (0, 4, 4), (3, 0, 5), (4, 5, 6), (3, 4, 7)]),CG(nc=5, r=8, tr=[(1, 2, 0), (4, 1, 1), (4, 2, 2), (2, 4, 3), (0, 3, 4), (3, 2, 5), (2, 0, 6), (2, 3, 7)]),2065,SAT
P6905,26,9,9,CG(nc=6, r=9, tr=[(1, 2, 0), (2, 1, 1), (2, 0, 2), (1, 5, 3), (4, 1, 4), (0, 3, 5), (4, 0, 6), (3, 1, 7), (2, 5, 6)]),CG(nc=6, r=9, tr=[(1, 2, 0), (1, 3, 1), (3, 0, 2), (5, 2, 3), (4, 5, 4), (4, 3, 5), (0, 2, 6), (3, 4, 7), (5, 4, 6)]),4282,SAT
P6906,16,6,6,CG(nc=5, r=6, tr=[(4, 2, 0), (4, 2, 1), (0, 3, 2), (2, 3, 3), (1, 4, 4), (0, 1, 6)]),CG(nc=4, r=6, tr=[(1, 0, 0), (1, 2, 1), (2, 0, 2), (2, 0, 3), (3, 2, 4), (2, 3, 6)]),1819,SAT
P6907,18,7,7,CG(nc=5, r=7, tr=[(1, 2, 0), (2, 1, 1), (0, 1, 2), (2, 4, 3), (3, 2, 4), (1, 4, 6), (3, 0, 6)]),CG(nc=5, r=7, tr=[(1, 2, 0), (4, 2, 1), (0, 3, 2), (3, 1, 3), (3, 4, 4), (0, 1, 6), (4, 3, 6)]),3341,SAT
P6908,24,8,8,CG(nc=6, r=8, tr=[(1, 2, 0), (3, 5, 1), (5, 1, 2), (0, 2, 3), (3, 2, 4), (4, 3, 5), (3, 5, 6), (4, 0, 7)]),CG(nc=6, r=8, tr=[(1, 5, 0), (1, 3, 1), (0, 4, 2), (3, 5, 3), (4, 2, 4), (0, 3, 5), (0, 3, 6), (2, 5, 7)]),2236,SAT
P6909,26,9,9,CG(nc=6, r=9, tr=[(0, 1, 0), (2, 3, 1), (4, 5, 2), (0, 3, 3), (5, 2, 4), (1, 2, 5), (2, 3, 6), (3, 5, 7), (4, 3, 0)]),CG(nc=5, r=9, tr=[(1, 2, 0), (4, 1, 1), (3, 2, 2), (3, 0, 3), (2, 0, 4), (3, 4, 5), (4, 3, 6), (4, 3, 7), (2, 0, 6)]),4033,SAT
P6910,20,7,7,CG(nc=5, r=7, tr=[(4, 2, 0), (2, 4, 1), (3, 0, 2), (3, 2, 3), (3, 0, 4), (3, 1, 5), (1, 4, 6)]),CG(nc=5, r=7, tr=[(4, 2, 0), (2, 3, 1), (1, 0, 2), (4, 3, 3), (4, 1, 4), (0, 3, 5), (0, 3, 6)]),1993,SAT
P6911,16,6,6,CG(nc=5, r=6, tr=[(1, 2, 0), (2, 1, 1), (0, 1, 2), (2, 4, 3), (2, 3, 4), (0, 3, 6)]),CG(nc=5, r=6, tr=[(1, 4, 0), (0, 3, 1), (2, 4, 2), (0, 4, 3), (0, 2, 4), (3, 1, 6)]),1861,SAT
P7,8,4,4,CG(nc=3, r=4, tr=[(2, 1, 0), (0, 1, 1), (2, 0, 2), (2, 0, 3)]),CG(nc=4, r=4, tr=[(0, 1, 0), (1, 0, 1), (2, 3, 2), (2, 1, 3)]),1797,SAT
P700,24,8,8,CG(nc=5, r=8, tr=[(1, 0, 1), (2, 1, 2), (0, 2, 3), (4, 2, 4), (4, 1, 5), (3, 0, 6), (1, 3, 7), (1, 4, 3)]),CG(nc=5, r=8, tr=[(4, 2, 1), (3, 1, 2), (4, 1, 3), (2, 1, 4), (0, 2, 5), (0, 3, 6), (3, 0, 7), (3, 2, 3)]),3447,SAT
P701,26,9,9,CG(nc=6, r=9, tr=[(1, 0, 0), (2, 1, 1), (2, 0, 2), (1, 0, 3), (5, 1, 4), (4, 3, 5), (1, 4, 6), (5, 3, 7), (2, 5, 3)]),CG(nc=6, r=9, tr=[(1, 5, 0), (1, 3, 1), (5, 4, 2), (3, 0, 3), (0, 1, 4), (4, 3, 5), (5, 2, 6), (3, 4, 7), (1, 2, 3)]),4308,SAT
P702,20,7,7,CG(nc=5, r=7, tr=[(1, 2, 1), (1, 0, 2), (0, 2, 3), (4, 2, 4), (3, 2, 5), (3, 0, 6), (4, 1, 3)]),CG(nc=5, r=7, tr=[(1, 2, 1), (0, 2, 2), (3, 2, 3), (1, 4, 4), (4, 3, 5), (2, 4, 6), (1, 0, 3)]),3677,SAT
P703,12,5,5,CG(nc=4, r=5, tr=[(1, 0, 1), (2, 3, 2), (3, 1, 3), (1, 2, 4), (0, 2, 3)]),CG(nc=4, r=5, tr=[(1, 0, 1), (2, 3, 2), (3, 1, 3), (1, 2, 4), (0, 2, 3)]),3101,SAT
P704,22,7,7,CG(nc=4, r=7, tr=[(0, 1, 1), (2, 3, 2), (2, 0, 3), (3, 2, 4), (2, 0, 5), (3, 1, 6), (0, 1, 7)]),CG(nc=7, r=7, tr=[(1, 0, 1), (2, 1, 2), (3, 0, 3), (4, 6, 4), (6, 5, 5), (3, 5, 6), (2, 4, 7)]),2030,SAT
P705,24,8,8,CG(nc=5, r=8, tr=[(1, 0, 0), (2, 0, 1), (1, 3, 2), (4, 3, 3), (0, 3, 4), (2, 4, 5), (2, 4, 6), (1, 2, 7)]),CG(nc=7, r=8, tr=[(1, 2, 0), (3, 2, 1), (6, 3, 2), (1, 0, 3), (2, 5, 4), (4, 1, 5), (6, 4, 6), (0, 5, 7)]),2257,SAT
P706,18,6,6,CG(nc=3, r=6, tr=[(1, 2, 1), (2, 1, 2), (0, 1, 3), (2, 1, 4), (0, 1, 5), (0, 1, 6)]),CG(nc=6, r=6, tr=[(1, 2, 1), (2, 0, 2), (5, 4, 3), (5, 1, 4), (4, 3, 5), (0, 3, 6)]),1902,SAT
P707,20,7,7,CG(nc=5, r=7, tr=[(4, 2, 1), (3, 0, 2), (1, 3, 3), (1, 2, 4), (4, 3, 5), (2, 0, 6), (2, 0, 3)]),CG(nc=6, r=7, tr=[(0, 1, 1), (1, 2, 2), (2, 5, 3), (5, 4, 4), (2, 3, 5), (0, 3, 6), (4, 2, 2)]),4429,SAT
P708,24,8,8,CG(nc=5, r=8, tr=[(1, 2, 0), (3, 4, 1), (0, 2, 2), (0, 3, 3), (4, 3, 4), (1, 4, 5), (2, 4, 6), (0, 1, 7)]),CG(nc=7, r=8, tr=[(1, 2, 0), (3, 4, 1), (5, 6, 2), (2, 6, 3), (5, 3, 4), (0, 1, 5), (2, 1, 6), (0, 4, 7)]),2123,SAT
P7088,20,7,7,CG(nc=6, r=7, tr=[(5, 2, 0), (3, 5, 1), (4, 0, 2), (2, 4, 3), (0, 3, 4), (1, 0, 6), (5, 1, 7)]),CG(nc=5, r=7, tr=[(1, 4, 0), (3, 0, 1), (3, 2, 2), (1, 4, 3), (3, 0, 4), (3, 1, 6), (2, 4, 7)]),1958,SAT
P7089,20,7,7,CG(nc=6, r=7, tr=[(0, 1, 0), (2, 5, 1), (4, 5, 2), (1, 4, 3), (2, 0, 4), (5, 3, 6), (1, 3, 7)]),CG(nc=5, r=7, tr=[(4, 2, 0), (2, 0, 1), (0, 3, 2), (0, 3, 3), (1, 3, 4), (4, 1, 6), (1, 4, 7)]),1852,SAT
P709,24,8,8,CG(nc=5, r=8, tr=[(1, 2, 0), (4, 1, 1), (0, 3, 2), (1, 0, 3), (1, 4, 4), (3, 4, 5), (2, 0, 6), (4, 1, 7)]),CG(nc=5, r=8, tr=[(1, 2, 0), (4, 3, 1), (0, 2, 2), (1, 4, 3), (3, 1, 4), (0, 2, 5), (1, 2, 6), (2, 1, 7)]),2370,SAT
P7090,22,8,8,CG(nc=6, r=8, tr=[(1, 5, 0), (3, 1, 1), (4, 1, 2), (4, 0, 3), (5, 3, 4), (2, 3, 6), (0, 2, 7), (1, 0, 4)]),CG(nc=5, r=8, tr=[(4, 2, 0), (3, 2, 1), (1, 4, 2), (4, 1, 3), (1, 3, 4), (3, 0, 6), (0, 3, 7), (0, 2, 4)]),4135,SAT
P7091,20,7,7,CG(nc=5, r=7, tr=[(1, 2, 0), (3, 0, 1), (0, 2, 2), (4, 1, 3), (4, 3, 4), (2, 4, 6), (3, 1, 7)]),CG(nc=5, r=7, tr=[(1, 0, 0), (4, 1, 1), (1, 0, 2), (3, 2, 3), (4, 2, 4), (0, 3, 6), (2, 1, 7)]),1961,SAT
P7092,28,10,10,CG(nc=7, r=10, tr=[(6, 2, 0), (3, 4, 1), (0, 3, 2), (2, 3, 3), (6, 4, 4), (5, 1, 5), (0, 5, 6), (1, 6, 7), (0, 2, 4), (5, 1, 0)]),CG(nc=7, r=10, tr=[(1, 2, 0), (3, 6, 1), (5, 6, 2), (0, 1, 3), (3, 6, 4), (5, 2, 5), (0, 2, 6), (4, 3, 7), (1, 3, 6), (4, 0, 2)]),13116,SAT
P7093,22,8,8,CG(nc=6, r=8, tr=[(1, 5, 0), (5, 3, 1), (4, 1, 2), (4, 0, 3), (1, 0, 4), (1, 2, 6), (0, 2, 7), (3, 4, 4)]),CG(nc=5, r=8, tr=[(4, 2, 0), (2, 0, 1), (3, 2, 2), (3, 0, 3), (2, 0, 4), (4, 1, 6), (3, 4, 7), (2, 1, 3)]),3584,SAT
P7094,28,10,10,CG(nc=6, r=10, tr=[(1, 2, 0), (3, 0, 1), (0, 4, 2), (4, 1, 3), (3, 2, 4), (5, 3, 5), (4, 2, 6), (4, 0, 7), (2, 5, 2), (1, 5, 1)]),CG(nc=7, r=10, tr=[(1, 2, 0), (1, 0, 1), (2, 0, 2), (0, 3, 3), (4, 5, 4), (6, 5, 5), (3, 4, 6), (4, 2, 7), (1, 5, 3), (4, 6, 1)]),8929,SAT
P7095,24,9,9,CG(nc=7, r=9, tr=[(1, 2, 0), (6, 4, 1), (0, 5, 2), (5, 3, 3), (0, 3, 4), (2, 0, 6), (1, 4, 7), (3, 6, 0), (4, 5, 4)]),CG(nc=5, r=9, tr=[(1, 4, 0), (0, 3, 1), (1, 2, 2), (0, 2, 3), (0, 1, 4), (3, 1, 6), (1, 3, 7), (4, 2, 7), (3, 4, 3)]),6552,SAT
P7096,24,8,8,CG(nc=7, r=8, tr=[(1, 2, 0), (3, 6, 1), (2, 0, 2), (6, 1, 3), (3, 0, 4), (5, 6, 5), (0, 4, 6), (4, 5, 7)]),CG(nc=5, r=8, tr=[(1, 2, 0), (2, 4, 1), (0, 3, 2), (1, 2, 3), (4, 2, 4), (3, 2, 5), (1, 0, 6), (2, 3, 7)]),2179,SAT
P7097,24,8,8,CG(nc=7, r=8, tr=[(1, 6, 0), (3, 6, 1), (1, 4, 2), (0, 4, 3), (0, 3, 4), (5, 1, 5), (2, 0, 6), (5, 2, 7)]),CG(nc=6, r=8, tr=[(1, 5, 0), (0, 1, 1), (3, 4, 2), (2, 4, 3), (5, 4, 4), (2, 0, 5), (2, 0, 6), (3, 0, 7)]),2297,SAT
P7098,20,7,7,CG(nc=6, r=7, tr=[(1, 2, 0), (3, 5, 1), (5, 2, 2), (1, 0, 3), (3, 0, 4), (4, 5, 6), (3, 4, 7)]),CG(nc=5, r=7, tr=[(4, 2, 0), (3, 2, 1), (0, 1, 2), (0, 1, 3), (1, 4, 4), (0, 3, 6), (3, 0, 7)]),1945,SAT
P7099,12,5,5,CG(nc=5, r=5, tr=[(1, 0, 0), (4, 3, 1), (2, 1, 2), (4, 2, 3), (0, 3, 4)]),CG(nc=4, r=5, tr=[(1, 3, 0), (0, 1, 1), (2, 3, 2), (3, 2, 3), (0, 2, 4)]),1955,SAT
P710,20,7,7,CG(nc=4, r=7, tr=[(1, 0, 0), (3, 2, 1), (2, 3, 2), (0, 2, 3), (2, 3, 4), (2, 0, 5), (1, 2, 6)]),CG(nc=5, r=7, tr=[(1, 0, 0), (1, 0, 1), (2, 4, 2), (4, 3, 3), (1, 2, 4), (3, 1, 5), (0, 2, 6)]),1835,SAT
P7100,26,9,9,CG(nc=7, r=9, tr=[(6, 2, 0), (3, 6, 1), (2, 4, 2), (5, 4, 3), (3, 5, 4), (1, 6, 5), (0, 4, 6), (4, 1, 7), (0, 5, 2)]),CG(nc=5, r=9, tr=[(1, 2, 0), (4, 2, 1), (2, 3, 2), (4, 3, 3), (3, 1, 4), (1, 0, 5), (0, 1, 6), (1, 0, 7), (4, 2, 4)]),3872,SAT
P7101,26,9,9,CG(nc=7, r=9, tr=[(1, 0, 0), (2, 3, 1), (1, 2, 2), (6, 2, 3), (0, 3, 4), (6, 5, 5), (4, 5, 6), (4, 1, 7), (6, 4, 4)]),CG(nc=5, r=9, tr=[(1, 4, 0), (0, 1, 1), (3, 0, 2), (1, 3, 3), (4, 2, 4), (3, 2, 5), (4, 3, 6), (3, 2, 7), (1, 0, 4)]),4060,SAT
P7102,26,9,9,CG(nc=7, r=9, tr=[(1, 0, 0), (2, 0, 1), (1, 3, 2), (3, 6, 3), (2, 3, 4), (5, 0, 5), (5, 1, 6), (6, 4, 7), (4, 1, 4)]),CG(nc=5, r=9, tr=[(0, 1, 0), (4, 3, 1), (2, 4, 2), (2, 3, 3), (4, 1, 4), (3, 1, 5), (3, 1, 6), (3, 1, 7), (2, 0, 4)]),4058,SAT
P7103,14,6,6,CG(nc=5, r=6, tr=[(0, 1, 0), (2, 0, 1), (3, 1, 2), (3, 4, 3), (4, 1, 4), (2, 3, 4)]),CG(nc=4, r=6, tr=[(3, 2, 0), (2, 0, 1), (1, 2, 2), (1, 0, 3), (2, 0, 4), (1, 3, 4)]),3082,SAT
P711,20,7,7,CG(nc=5, r=7, tr=[(0, 1, 0), (2, 4, 1), (0, 3, 2), (0, 2, 3), (4, 1, 4), (3, 4, 5), (1, 2, 6)]),CG(nc=5, r=7, tr=[(4, 2, 0), (3, 1, 1), (0, 3, 2), (3, 2, 3), (4, 1, 4), (3, 0, 5), (4, 2, 6)]),1907,SAT
P712,22,7,7,CG(nc=4, r=7, tr=[(3, 2, 1), (2, 3, 2), (2, 0, 3), (1, 0, 4), (2, 0, 5), (1, 3, 6), (2, 3, 7)]),CG(nc=6, r=7, tr=[(1, 2, 1), (3, 5, 2), (1, 4, 3), (1, 0, 4), (4, 5, 5), (0, 1, 6), (2, 3, 7)]),1865,SAT
P7120,24,8,8,CG(nc=6, r=8, tr=[(1, 0, 0), (2, 3, 1), (1, 3, 2), (3, 5, 3), (2, 0, 4), (4, 1, 5), (0, 4, 6), (4, 5, 7)]),CG(nc=5, r=8, tr=[(1, 0, 0), (1, 2, 1), (3, 0, 2), (1, 2, 3), (2, 3, 4), (1, 0, 5), (2, 4, 6), (2, 4, 7)]),2015,SAT
P7121,24,8,8,CG(nc=5, r=8, tr=[(1, 2, 0), (4, 3, 1), (2, 0, 2), (3, 2, 3), (0, 2, 4), (4, 1, 5), (3, 2, 6), (2, 0, 7)]),CG(nc=7, r=8, tr=[(1, 0, 0), (1, 6, 1), (3, 4, 2), (5, 6, 3), (0, 3, 4), (2, 5, 5), (2, 0, 6), (6, 4, 7)]),1950,SAT
P7122,26,9,9,CG(nc=6, r=9, tr=[(5, 2, 0), (3, 2, 1), (4, 0, 2), (4, 2, 3), (4, 0, 4), (4, 2, 5), (1, 3, 6), (0, 1, 7), (3, 5, 4)]),CG(nc=6, r=9, tr=[(1, 5, 0), (1, 3, 1), (4, 3, 2), (5, 2, 3), (1, 0, 4), (3, 2, 5), (0, 3, 6), (3, 0, 7), (4, 5, 4)]),4298,SAT
P7123,24,8,8,CG(nc=5, r=8, tr=[(1, 4, 0), (3, 2, 1), (1, 3, 2), (0, 3, 3), (2, 4, 4), (0, 3, 5), (3, 0, 6), (4, 2, 7)]),CG(nc=6, r=8, tr=[(0, 1, 0), (1, 5, 1), (0, 1, 2), (3, 0, 3), (5, 4, 4), (2, 5, 5), (3, 2, 6), (4, 1, 7)]),1948,SAT
P7126,28,10,10,CG(nc=6, r=10, tr=[(1, 5, 0), (3, 4, 1), (4, 0, 2), (3, 5, 3), (0, 4, 4), (1, 2, 5), (2, 5, 6), (3, 0, 7), (1, 3, 4), (2, 4, 0)]),CG(nc=6, r=10, tr=[(1, 2, 0), (3, 5, 1), (1, 4, 2), (3, 5, 3), (4, 5, 4), (0, 2, 5), (2, 3, 6), (2, 3, 7), (0, 1, 1), (1, 3, 5)]),10688,SAT
P7127,24,8,8,CG(nc=5, r=8, tr=[(1, 2, 0), (1, 3, 1), (2, 0, 2), (1, 4, 3), (3, 0, 4), (1, 4, 5), (4, 2, 6), (3, 0, 7)]),CG(nc=6, r=8, tr=[(1, 2, 0), (1, 0, 1), (5, 1, 2), (2, 4, 3), (3, 1, 4), (0, 4, 5), (2, 5, 6), (0, 3, 7)]),2205,SAT
P7128,24,8,8,CG(nc=6, r=8, tr=[(1, 0, 0), (2, 3, 1), (1, 2, 2), (5, 2, 3), (3, 0, 4), (4, 1, 5), (3, 4, 6), (4, 5, 7)]),CG(nc=6, r=8, tr=[(1, 0, 0), (2, 1, 1), (2, 3, 2), (5, 4, 3), (3, 0, 4), (3, 4, 5), (4, 1, 6), (2, 5, 7)]),2133,SAT
P7129,24,8,8,CG(nc=6, r=8, tr=[(1, 5, 0), (5, 1, 1), (1, 3, 2), (0, 3, 3), (4, 1, 4), (1, 2, 5), (4, 0, 6), (0, 2, 7)]),CG(nc=5, r=8, tr=[(1, 0, 0), (1, 4, 1), (3, 0, 2), (0, 3, 3), (2, 4, 4), (2, 3, 5), (2, 4, 6), (2, 3, 7)]),2190,SAT
P713,26,9,9,CG(nc=6, r=9, tr=[(1, 2, 0), (5, 4, 1), (0, 1, 2), (4, 0, 3), (2, 4, 4), (5, 1, 5), (2, 3, 6), (0, 3, 7), (2, 1, 3)]),CG(nc=6, r=9, tr=[(5, 2, 0), (3, 2, 1), (4, 3, 2), (4, 1, 3), (0, 4, 4), (5, 1, 5), (0, 4, 6), (2, 5, 7), (1, 0, 1)]),4028,SAT
P7130,24,8,8,CG(nc=6, r=8, tr=[(0, 1, 0), (2, 3, 1), (1, 2, 2), (2, 5, 3), (0, 3, 4), (5, 2, 5), (4, 3, 6), (5, 4, 7)]),CG(nc=5, r=8, tr=[(1, 0, 0), (2, 4, 1), (4, 3, 2), (4, 2, 3), (3, 0, 4), (0, 1, 5), (2, 1, 6), (1, 2, 7)]),2007,SAT
P7131,20,7,7,CG(nc=5, r=7, tr=[(1, 2, 0), (3, 0, 1), (2, 0, 2), (1, 4, 3), (3, 1, 4), (4, 1, 5), (1, 4, 6)]),CG(nc=5, r=7, tr=[(4, 2, 0), (0, 2, 1), (0, 3, 2), (3, 1, 3), (4, 3, 4), (0, 1, 5), (3, 4, 6)]),2054,SAT
P7134,24,8,8,CG(nc=6, r=8, tr=[(1, 2, 0), (3, 0, 1), (1, 0, 2), (5, 2, 3), (3, 2, 4), (2, 5, 5), (3, 4, 6), (0, 4, 7)]),CG(nc=6, r=8, tr=[(1, 5, 0), (1, 3, 1), (4, 0, 2), (5, 2, 3), (5, 4, 4), (2, 0, 5), (3, 0, 6), (3, 0, 7)]),2075,SAT
P7135,16,6,6,CG(nc=4, r=6, tr=[(3, 2, 0), (2, 3, 1), (2, 1, 2), (0, 1, 3), (1, 2, 4), (0, 1, 5)]),CG(nc=4, r=6, tr=[(1, 0, 0), (3, 1, 1), (0, 2, 2), (1, 3, 3), (2, 3, 4), (0, 1, 5)]),1808,SAT
P7136,24,8,8,CG(nc=6, r=8, tr=[(5, 2, 0), (3, 4, 1), (2, 3, 2), (0, 3, 3), (4, 5, 4), (4, 1, 5), (1, 5, 6), (1, 0, 7)]),CG(nc=6, r=8, tr=[(5, 2, 0), (0, 3, 1), (5, 2, 2), (4, 5, 3), (1, 3, 4), (0, 1, 5), (1, 4, 6), (2, 3, 7)]),2075,SAT
P7137,28,10,10,CG(nc=7, r=10, tr=[(1, 0, 0), (2, 3, 1), (1, 3, 2), (3, 6, 3), (2, 0, 4), (5, 4, 5), (1, 4, 6), (4, 6, 7), (5, 2, 2), (3, 6, 6)]),CG(nc=7, r=10, tr=[(1, 2, 0), (0, 1, 1), (2, 3, 2), (3, 6, 3), (5, 3, 4), (4, 3, 5), (4, 0, 6), (2, 6, 7), (5, 0, 6), (0, 5, 7)]),14156,SAT
P7138,26,9,9,CG(nc=6, r=9, tr=[(5, 2, 0), (2, 3, 1), (2, 4, 2), (4, 0, 3), (3, 5, 4), (1, 3, 5), (3, 1, 6), (0, 1, 7), (2, 4, 4)]),CG(nc=6, r=9, tr=[(0, 1, 0), (5, 3, 1), (4, 3, 2), (2, 5, 3), (0, 4, 4), (4, 0, 5), (4, 2, 6), (1, 3, 7), (5, 1, 4)]),4151,SAT
P7139,26,9,9,CG(nc=6, r=9, tr=[(1, 2, 0), (5, 4, 1), (2, 5, 2), (3, 1, 3), (4, 3, 4), (0, 3, 5), (2, 0, 6), (2, 4, 7), (3, 0, 3)]),CG(nc=6, r=9, tr=[(1, 2, 0), (2, 0, 1), (2, 5, 2), (4, 5, 3), (2, 4, 4), (3, 4, 5), (3, 0, 6), (5, 1, 7), (4, 0, 7)]),3934,SAT
P714,18,6,6,CG(nc=4, r=6, tr=[(3, 2, 1), (0, 1, 2), (2, 0, 3), (0, 1, 4), (1, 3, 5), (1, 3, 6)]),CG(nc=5, r=6, tr=[(1, 2, 1), (1, 0, 2), (0, 3, 3), (2, 4, 4), (3, 2, 5), (2, 4, 6)]),1626,SAT
P7140,24,8,8,CG(nc=6, r=8, tr=[(0, 1, 0), (2, 3, 1), (3, 1, 2), (5, 3, 3), (2, 0, 4), (4, 2, 5), (4, 1, 6), (5, 4, 7)]),CG(nc=5, r=8, tr=[(1, 2, 0), (4, 2, 1), (4, 3, 2), (4, 1, 3), (3, 1, 4), (0, 2, 5), (3, 0, 6), (1, 0, 7)]),1969,SAT
P7141,26,9,9,CG(nc=7, r=9, tr=[(1, 6, 0), (3, 4, 1), (5, 2, 2), (3, 0, 3), (4, 6, 4), (5, 4, 5), (1, 2, 6), (0, 2, 7), (3, 1, 2)]),CG(nc=6, r=9, tr=[(1, 2, 0), (3, 5, 1), (0, 2, 2), (4, 1, 3), (4, 3, 4), (4, 5, 5), (0, 1, 6), (3, 2, 7), (4, 5, 2)]),4450,SAT
P7142,26,9,9,CG(nc=7, r=9, tr=[(0, 1, 0), (2, 3, 1), (1, 2, 2), (2, 6, 3), (3, 0, 4), (3, 5, 5), (5, 4, 6), (6, 5, 7), (4, 1, 1)]),CG(nc=6, r=9, tr=[(1, 2, 0), (3, 0, 1), (5, 1, 2), (4, 2, 3), (4, 3, 4), (0, 4, 5), (2, 5, 6), (1, 3, 7), (5, 2, 1)]),4206,SAT
P7143,26,9,9,CG(nc=6, r=9, tr=[(0, 1, 0), (5, 3, 1), (5, 4, 2), (0, 2, 3), (2, 3, 4), (0, 2, 5), (1, 4, 6), (4, 3, 7), (1, 4, 3)]),CG(nc=6, r=9, tr=[(1, 5, 0), (3, 0, 1), (3, 5, 2), (4, 0, 3), (1, 0, 4), (1, 4, 5), (5, 2, 6), (3, 1, 7), (1, 2, 3)]),4360,SAT
P7144,26,9,9,CG(nc=6, r=9, tr=[(1, 2, 0), (1, 2, 1), (1, 5, 2), (0, 2, 3), (1, 4, 4), (3, 0, 5), (4, 5, 6), (3, 4, 7), (2, 0, 6)]),CG(nc=6, r=9, tr=[(1, 2, 0), (5, 2, 1), (5, 4, 2), (3, 1, 3), (1, 4, 4), (0, 1, 5), (4, 0, 6), (1, 0, 7), (5, 3, 6)]),4298,SAT
P7145,28,10,10,CG(nc=7, r=10, tr=[(1, 2, 0), (1, 3, 1), (0, 2, 2), (6, 1, 3), (0, 3, 4), (5, 2, 5), (6, 1, 6), (5, 4, 7), (4, 6, 4), (0, 4, 0)]),CG(nc=6, r=10, tr=[(5, 2, 0), (3, 0, 1), (3, 2, 2), (4, 1, 3), (3, 0, 4), (2, 4, 5), (0, 1, 6), (4, 2, 7), (4, 3, 0), (5, 4, 4)]),10112,SAT
P7146,24,8,8,CG(nc=6, r=8, tr=[(5, 2, 0), (3, 4, 1), (3, 2, 2), (0, 3, 3), (4, 5, 4), (1, 4, 5), (1, 4, 6), (0, 1, 7)]),CG(nc=6, r=8, tr=[(1, 5, 0), (1, 3, 1), (4, 0, 2), (0, 4, 3), (5, 4, 4), (2, 5, 5), (4, 2, 6), (3, 0, 7)]),2232,SAT
P7147,24,8,8,CG(nc=5, r=8, tr=[(0, 1, 0), (0, 2, 1), (3, 1, 2), (3, 4, 3), (2, 3, 4), (2, 4, 5), (4, 3, 6), (0, 1, 7)]),CG(nc=6, r=8, tr=[(1, 5, 0), (3, 1, 1), (3, 4, 2), (0, 4, 3), (5, 4, 4), (2, 4, 5), (1, 2, 6), (3, 0, 7)]),2391,SAT
P7148,24,8,8,CG(nc=6, r=8, tr=[(1, 2, 0), (1, 2, 1), (5, 1, 2), (2, 0, 3), (4, 1, 4), (3, 4, 5), (5, 4, 6), (3, 0, 7)]),CG(nc=6, r=8, tr=[(1, 2, 0), (0, 2, 1), (3, 1, 2), (5, 4, 3), (0, 3, 4), (4, 0, 5), (4, 3, 6), (5, 1, 7)]),2174,SAT
P7149,26,9,9,CG(nc=6, r=9, tr=[(1, 5, 0), (5, 3, 1), (1, 4, 2), (0, 4, 3), (3, 4, 4), (0, 3, 5), (2, 3, 6), (1, 2, 7), (2, 5, 2)]),CG(nc=6, r=9, tr=[(1, 2, 0), (3, 0, 1), (2, 3, 2), (5, 4, 3), (1, 4, 4), (0, 4, 5), (1, 3, 6), (5, 2, 7), (1, 5, 2)]),4321,SAT
P715,20,7,7,CG(nc=5, r=7, tr=[(4, 2, 1), (3, 0, 2), (2, 3, 3), (1, 2, 4), (4, 3, 5), (1, 0, 6), (0, 3, 1)]),CG(nc=5, r=7, tr=[(4, 2, 1), (3, 1, 2), (4, 1, 3), (2, 1, 4), (0, 2, 5), (1, 2, 6), (0, 3, 1)]),3468,SAT
P7150,20,7,7,CG(nc=5, r=7, tr=[(1, 2, 0), (4, 3, 1), (4, 2, 2), (1, 0, 3), (1, 3, 4), (3, 0, 5), (1, 4, 7)]),CG(nc=5, r=7, tr=[(1, 2, 0), (1, 4, 1), (2, 1, 2), (0, 3, 3), (1, 3, 4), (3, 4, 5), (2, 0, 7)]),1752,SAT
P7151,20,7,7,CG(nc=5, r=7, tr=[(1, 2, 0), (4, 3, 1), (4, 1, 2), (2, 0, 3), (3, 2, 4), (0, 3, 5), (2, 1, 7)]),CG(nc=5, r=7, tr=[(1, 2, 0), (2, 0, 1), (2, 4, 2), (4, 3, 3), (3, 2, 4), (3, 0, 5), (1, 4, 7)]),1795,SAT
P7152,20,7,7,CG(nc=6, r=7, tr=[(0, 1, 0), (2, 3, 1), (1, 3, 2), (5, 3, 3), (0, 2, 4), (4, 5, 6), (4, 0, 7)]),CG(nc=6, r=7, tr=[(5, 2, 0), (3, 2, 1), (4, 3, 2), (1, 0, 3), (5, 4, 4), (5, 1, 6), (0, 3, 7)]),1701,SAT
P7153,20,7,7,CG(nc=4, r=7, tr=[(1, 2, 0), (1, 2, 1), (2, 3, 2), (0, 1, 3), (2, 3, 4), (0, 1, 6), (3, 2, 7)]),CG(nc=6, r=7, tr=[(5, 2, 0), (0, 2, 1), (0, 3, 2), (0, 4, 3), (1, 5, 4), (5, 4, 6), (1, 3, 7)]),1994,SAT
P7154,22,8,8,CG(nc=6, r=8, tr=[(1, 2, 0), (0, 3, 1), (0, 2, 2), (5, 1, 3), (3, 1, 4), (3, 4, 6), (4, 5, 7), (0, 1, 7)]),CG(nc=5, r=8, tr=[(1, 2, 0), (3, 1, 1), (1, 2, 2), (3, 4, 3), (1, 0, 4), (3, 0, 6), (4, 2, 7), (3, 0, 7)]),4642,SAT
P7155,20,7,7,CG(nc=5, r=7, tr=[(1, 2, 0), (3, 1, 1), (2, 4, 2), (0, 1, 3), (3, 4, 4), (1, 0, 6), (3, 4, 7)]),CG(nc=5, r=7, tr=[(1, 4, 0), (1, 0, 1), (1, 4, 2), (4, 3, 3), (0, 2, 4), (0, 3, 6), (1, 2, 7)]),1989,SAT
P7156,24,8,8,CG(nc=6, r=8, tr=[(1, 2, 0), (1, 0, 1), (1, 3, 2), (3, 5, 3), (1, 3, 4), (0, 2, 5), (4, 2, 6), (5, 4, 7)]),CG(nc=5, r=8, tr=[(1, 2, 0), (0, 2, 1), (3, 1, 2), (1, 0, 3), (3, 0, 4), (4, 2, 5), (1, 4, 6), (1, 4, 7)]),2248,SAT
P7157,20,7,7,CG(nc=6, r=7, tr=[(1, 0, 0), (2, 3, 1), (2, 1, 2), (2, 5, 3), (3, 0, 4), (4, 1, 6), (4, 5, 7)]),CG(nc=5, r=7, tr=[(1, 2, 0), (3, 4, 1), (0, 1, 2), (2, 4, 3), (4, 3, 4), (0, 2, 6), (3, 1, 7)]),1891,SAT
P7158,26,9,9,CG(nc=6, r=9, tr=[(1, 2, 0), (3, 1, 1), (5, 1, 2), (2, 0, 3), (2, 4, 4), (4, 3, 5), (0, 3, 6), (2, 5, 7), (4, 5, 1)]),CG(nc=6, r=9, tr=[(1, 2, 0), (0, 2, 1), (5, 4, 2), (1, 0, 3), (0, 3, 4), (4, 2, 5), (5, 1, 6), (3, 2, 7), (3, 4, 1)]),4645,SAT
P7159,20,7,7,CG(nc=5, r=7, tr=[(1, 2, 0), (4, 3, 1), (4, 2, 2), (1, 0, 3), (3, 1, 4), (0, 2, 6), (3, 1, 7)]),CG(nc=5, r=7, tr=[(1, 2, 0), (2, 4, 1), (2, 0, 2), (4, 1, 3), (2, 3, 4), (1, 0, 6), (4, 3, 7)]),2131,SAT
P716,18,6,6,CG(nc=4, r=6, tr=[(1, 3, 1), (0, 2, 2), (1, 0, 3), (0, 2, 4), (3, 2, 5), (0, 2, 7)]),CG(nc=6, r=6, tr=[(1, 5, 1), (3, 1, 2), (5, 4, 3), (2, 3, 4), (0, 4, 5), (2, 0, 7)]),1712,SAT
P7160,24,8,8,CG(nc=6, r=8, tr=[(1, 0, 0), (2, 3, 1), (2, 1, 2), (5, 2, 3), (3, 0, 4), (0, 3, 5), (3, 4, 6), (5, 4, 7)]),CG(nc=6, r=8, tr=[(1, 0, 0), (2, 1, 1), (3, 2, 2), (0, 4, 3), (3, 0, 4), (5, 2, 5), (4, 5, 6), (2, 5, 7)]),2218,SAT
P7161,24,8,8,CG(nc=6, r=8, tr=[(1, 2, 0), (1, 3, 1), (2, 0, 2), (1, 5, 3), (3, 0, 4), (4, 2, 5), (1, 5, 6), (4, 0, 7)]),CG(nc=6, r=8, tr=[(5, 2, 0), (2, 0, 1), (3, 4, 2), (1, 0, 3), (5, 4, 4), (4, 1, 5), (5, 1, 6), (3, 0, 7)]),2178,SAT
P7162,20,7,7,CG(nc=5, r=7, tr=[(1, 2, 0), (4, 3, 1), (1, 4, 2), (2, 0, 3), (2, 3, 4), (2, 0, 6), (3, 4, 7)]),CG(nc=5, r=7, tr=[(4, 2, 0), (2, 3, 1), (0, 1, 2), (4, 3, 3), (4, 1, 4), (3, 0, 6), (0, 3, 7)]),1843,SAT
P7163,16,6,6,CG(nc=5, r=6, tr=[(1, 4, 0), (4, 1, 1), (0, 3, 2), (3, 1, 3), (1, 2, 4), (0, 2, 6)]),CG(nc=5, r=6, tr=[(4, 2, 0), (0, 2, 1), (0, 3, 2), (0, 1, 3), (3, 4, 4), (1, 4, 6)]),2017,SAT
P7164,24,8,8,CG(nc=6, r=8, tr=[(1, 2, 0), (0, 3, 1), (0, 1, 2), (2, 5, 3), (3, 2, 4), (5, 4, 5), (2, 4, 6), (0, 2, 7)]),CG(nc=6, r=8, tr=[(1, 0, 0), (1, 2, 1), (3, 0, 2), (5, 4, 3), (2, 3, 4), (4, 0, 5), (4, 0, 6), (5, 2, 7)]),2080,SAT
P7165,24,8,8,CG(nc=6, r=8, tr=[(5, 2, 0), (2, 5, 1), (0, 3, 2), (3, 2, 3), (3, 4, 4), (2, 1, 5), (0, 4, 6), (4, 1, 7)]),CG(nc=6, r=8, tr=[(1, 2, 0), (2, 3, 1), (2, 0, 2), (5, 1, 3), (4, 5, 4), (4, 2, 5), (1, 0, 6), (5, 3, 7)]),2357,SAT
P7166,24,8,8,CG(nc=7, r=8, tr=[(1, 2, 0), (1, 3, 1), (6, 2, 2), (0, 1, 3), (6, 3, 4), (3, 5, 5), (5, 4, 6), (0, 4, 7)]),CG(nc=5, r=8, tr=[(1, 0, 0), (2, 4, 1), (1, 0, 2), (3, 4, 3), (1, 4, 4), (0, 3, 5), (0, 3, 6), (1, 2, 7)]),2081,SAT
P7167,12,5,5,CG(nc=5, r=5, tr=[(0, 1, 0), (2, 3, 1), (1, 3, 2), (3, 4, 3), (0, 2, 4)]),CG(nc=4, r=5, tr=[(1, 3, 0), (0, 1, 1), (3, 2, 2), (0, 3, 3), (0, 2, 4)]),2099,SAT
P717,20,7,7,CG(nc=4, r=7, tr=[(1, 2, 0), (1, 0, 1), (0, 2, 2), (1, 3, 3), (0, 1, 4), (2, 3, 5), (0, 1, 7)]),CG(nc=5, r=7, tr=[(1, 2, 0), (4, 3, 1), (0, 1, 2), (4, 2, 3), (3, 2, 4), (0, 2, 5), (2, 1, 7)]),1883,SAT
P718,14,5,5,CG(nc=4, r=5, tr=[(1, 0, 1), (2, 3, 2), (3, 1, 3), (3, 2, 4), (0, 2, 5)]),CG(nc=5, r=5, tr=[(1, 0, 1), (2, 1, 2), (4, 3, 3), (2, 4, 4), (0, 3, 5)]),1608,SAT
P719,14,5,5,CG(nc=4, r=5, tr=[(1, 0, 1), (3, 2, 2), (3, 1, 3), (0, 1, 4), (2, 0, 5)]),CG(nc=4, r=5, tr=[(1, 2, 1), (2, 0, 2), (3, 2, 3), (3, 1, 4), (0, 2, 5)]),1618,SAT
P724,26,9,9,CG(nc=6, r=9, tr=[(0, 1, 0), (0, 2, 1), (2, 0, 2), (2, 5, 3), (1, 5, 4), (4, 1, 5), (4, 0, 6), (3, 5, 7), (3, 4, 0)]),CG(nc=6, r=9, tr=[(1, 2, 0), (2, 3, 1), (5, 3, 2), (5, 2, 3), (2, 4, 4), (4, 1, 5), (0, 1, 6), (4, 0, 7), (4, 0, 0)]),3855,SAT
P725,24,8,8,CG(nc=5, r=8, tr=[(1, 2, 0), (4, 1, 1), (3, 0, 2), (4, 3, 3), (3, 0, 4), (2, 0, 5), (0, 2, 6), (4, 1, 7)]),CG(nc=7, r=8, tr=[(0, 1, 0), (0, 2, 1), (3, 2, 2), (6, 1, 3), (5, 3, 4), (4, 0, 5), (1, 4, 6), (6, 5, 7)]),2431,SAT
P726,22,8,8,CG(nc=5, r=8, tr=[(0, 1, 0), (4, 3, 1), (2, 4, 2), (3, 0, 3), (3, 4, 4), (1, 2, 5), (3, 1, 6), (2, 0, 6)]),CG(nc=6, r=8, tr=[(1, 2, 0), (2, 0, 1), (5, 4, 2), (3, 5, 3), (4, 2, 4), (2, 3, 5), (1, 3, 6), (1, 0, 5)]),4043,SAT
P727,20,7,7,CG(nc=4, r=7, tr=[(1, 2, 0), (3, 1, 1), (3, 1, 2), (0, 1, 3), (1, 3, 4), (0, 2, 5), (2, 0, 6)]),CG(nc=6, r=7, tr=[(1, 0, 0), (2, 3, 1), (0, 3, 2), (5, 1, 3), (5, 2, 4), (1, 4, 5), (0, 4, 6)]),1949,SAT
P728,24,8,8,CG(nc=6, r=8, tr=[(1, 0, 0), (2, 5, 1), (5, 2, 2), (0, 2, 3), (0, 4, 4), (3, 5, 5), (4, 5, 6), (1, 3, 7)]),CG(nc=6, r=8, tr=[(0, 1, 0), (0, 2, 1), (3, 4, 2), (3, 1, 3), (5, 3, 4), (1, 0, 5), (3, 5, 6), (4, 2, 7)]),2075,SAT
P729,26,9,9,CG(nc=6, r=9, tr=[(5, 2, 0), (3, 4, 1), (0, 1, 2), (1, 5, 3), (5, 3, 4), (2, 1, 5), (1, 4, 6), (0, 1, 7), (3, 0, 3)]),CG(nc=6, r=9, tr=[(1, 0, 0), (2, 5, 1), (0, 4, 2), (2, 1, 3), (3, 2, 4), (2, 0, 5), (1, 3, 6), (3, 4, 7), (5, 3, 3)]),4196,SAT
P730,20,7,7,CG(nc=5, r=7, tr=[(0, 1, 0), (2, 4, 1), (2, 4, 2), (2, 0, 3), (3, 4, 4), (1, 2, 5), (0, 3, 6)]),CG(nc=5, r=7, tr=[(1, 2, 0), (0, 2, 1), (2, 3, 2), (1, 3, 3), (4, 3, 4), (1, 0, 5), (3, 4, 6)]),1916,SAT
P731,22,8,8,CG(nc=6, r=8, tr=[(1, 2, 0), (5, 4, 1), (2, 0, 2), (0, 4, 3), (1, 4, 4), (1, 5, 5), (0, 3, 6), (1, 3, 1)]),CG(nc=6, r=8, tr=[(1, 2, 0), (3, 2, 1), (3, 0, 2), (5, 2, 3), (2, 4, 4), (0, 4, 5), (1, 0, 6), (5, 4, 1)]),3732,SAT
P732,24,8,8,CG(nc=5, r=8, tr=[(1, 2, 0), (4, 3, 1), (3, 4, 2), (3, 0, 3), (4, 3, 4), (1, 4, 5), (2, 1, 6), (2, 0, 7)]),CG(nc=7, r=8, tr=[(1, 2, 0), (0, 3, 1), (4, 3, 2), (2, 0, 3), (6, 5, 4), (2, 6, 5), (1, 6, 6), (5, 4, 7)]),1996,SAT
P733,20,7,7,CG(nc=4, r=7, tr=[(3, 2, 0), (1, 0, 1), (1, 0, 2), (1, 3, 3), (0, 2, 4), (2, 1, 5), (0, 1, 7)]),CG(nc=6, r=7, tr=[(5, 2, 0), (3, 4, 1), (3, 1, 2), (2, 0, 3), (5, 1, 4), (2, 1, 5), (4, 0, 7)]),1764,SAT
P734,20,7,7,CG(nc=5, r=7, tr=[(1, 2, 0), (1, 0, 1), (0, 1, 2), (1, 4, 3), (2, 3, 4), (2, 4, 5), (0, 3, 6)]),CG(nc=6, r=7, tr=[(1, 2, 0), (3, 5, 1), (3, 4, 2), (5, 1, 3), (0, 4, 4), (1, 0, 5), (2, 0, 6)]),1982,SAT
P735,16,6,6,CG(nc=5, r=6, tr=[(1, 4, 0), (0, 3, 1), (0, 2, 2), (4, 3, 3), (0, 3, 4), (2, 1, 5)]),CG(nc=5, r=6, tr=[(1, 4, 0), (3, 2, 1), (0, 3, 2), (0, 1, 3), (2, 4, 4), (1, 4, 5)]),1822,SAT
P744,26,9,9,CG(nc=6, r=9, tr=[(1, 0, 1), (1, 0, 2), (1, 5, 3), (3, 4, 4), (0, 3, 5), (4, 0, 6), (2, 3, 7), (4, 5, 4), (5, 2, 6)]),CG(nc=6, r=9, tr=[(1, 0, 1), (2, 1, 2), (3, 0, 3), (4, 2, 4), (4, 5, 5), (2, 5, 6), (5, 3, 7), (3, 2, 5), (3, 2, 4)]),9013,SAT
P745,28,10,10,CG(nc=6, r=10, tr=[(1, 0, 0), (2, 0, 1), (2, 0, 2), (3, 0, 3), (5, 1, 4), (3, 4, 5), (1, 4, 6), (3, 5, 7), (2, 5, 3), (4, 2, 4)]),CG(nc=7, r=10, tr=[(6, 2, 0), (0, 3, 1), (3, 4, 2), (5, 0, 3), (4, 5, 4), (1, 2, 5), (1, 5, 6), (1, 4, 7), (4, 2, 3), (6, 1, 4)]),10052,SAT
P746,18,6,6,CG(nc=4, r=6, tr=[(1, 3, 1), (1, 3, 2), (1, 0, 3), (0, 2, 4), (3, 2, 5), (2, 3, 6)]),CG(nc=5, r=6, tr=[(1, 2, 1), (2, 4, 2), (4, 1, 3), (1, 0, 4), (3, 1, 5), (3, 0, 6)]),1791,SAT
P747,22,8,8,CG(nc=5, r=8, tr=[(4, 2, 1), (2, 4, 2), (0, 2, 3), (3, 0, 4), (0, 1, 5), (0, 1, 6), (3, 4, 3), (2, 1, 4)]),CG(nc=6, r=8, tr=[(0, 1, 1), (2, 5, 2), (4, 0, 3), (2, 1, 4), (3, 4, 5), (5, 3, 6), (4, 5, 4), (2, 1, 3)]),5647,SAT
P748,22,7,7,CG(nc=5, r=7, tr=[(4, 2, 1), (2, 4, 2), (2, 0, 3), (0, 3, 4), (4, 3, 5), (1, 3, 6), (0, 1, 7)]),CG(nc=5, r=7, tr=[(1, 2, 1), (4, 2, 2), (4, 3, 3), (3, 1, 4), (3, 0, 5), (0, 2, 6), (3, 0, 7)]),2181,SAT
P749,26,9,9,CG(nc=5, r=9, tr=[(1, 2, 0), (2, 3, 1), (1, 3, 2), (4, 3, 3), (2, 4, 4), (0, 1, 5), (3, 4, 6), (3, 2, 7), (0, 2, 3)]),CG(nc=7, r=9, tr=[(1, 6, 0), (3, 4, 1), (5, 0, 2), (2, 0, 3), (6, 3, 4), (6, 2, 5), (2, 3, 6), (4, 5, 7), (1, 5, 3)]),4157,SAT
P750,14,5,5,CG(nc=4, r=5, tr=[(3, 2, 1), (2, 3, 2), (2, 0, 3), (3, 1, 4), (0, 1, 5)]),CG(nc=4, r=5, tr=[(1, 2, 1), (3, 1, 2), (3, 2, 3), (2, 0, 4), (0, 2, 5)]),2015,SAT
P751,18,7,7,CG(nc=5, r=7, tr=[(1, 0, 1), (1, 0, 2), (1, 4, 3), (3, 4, 4), (0, 2, 5), (0, 3, 3), (2, 3, 2)]),CG(nc=5, r=7, tr=[(1, 0, 1), (4, 3, 2), (3, 2, 3), (1, 3, 4), (3, 4, 5), (2, 4, 4), (0, 2, 3)]),5223,SAT
P764,22,7,7,CG(nc=5, r=7, tr=[(1, 0, 1), (1, 0, 2), (4, 1, 3), (1, 0, 4), (3, 0, 5), (4, 2, 6), (2, 3, 7)]),CG(nc=6, r=7, tr=[(1, 0, 1), (2, 1, 2), (5, 4, 3), (3, 5, 4), (0, 4, 5), (0, 4, 6), (3, 2, 7)]),1946,SAT
P765,24,8,8,CG(nc=6, r=8, tr=[(1, 5, 0), (0, 3, 1), (3, 0, 2), (5, 3, 3), (0, 3, 4), (4, 0, 5), (4, 2, 6), (1, 2, 7)]),CG(nc=5, r=8, tr=[(1, 0, 0), (2, 4, 1), (1, 3, 2), (3, 4, 3), (2, 1, 4), (0, 3, 5), (0, 3, 6), (0, 3, 7)]),2287,SAT
P766,18,6,6,CG(nc=5, r=6, tr=[(1, 0, 1), (0, 1, 2), (1, 4, 3), (4, 3, 4), (3, 2, 5), (0, 2, 6)]),CG(nc=5, r=6, tr=[(4, 2, 1), (3, 2, 2), (0, 1, 3), (3, 0, 4), (1, 4, 5), (1, 2, 6)]),1932,SAT
P767,10,4,4,CG(nc=3, r=4, tr=[(0, 1, 1), (0, 1, 2), (2, 1, 3), (0, 1, 4)]),CG(nc=4, r=4, tr=[(0, 1, 1), (3, 2, 2), (3, 0, 3), (1, 2, 4)]),1642,SAT
P7904,26,9,9,CG(nc=6, r=9, tr=[(1, 2, 0), (2, 1, 1), (0, 2, 2), (5, 1, 3), (4, 3, 4), (3, 1, 5), (4, 0, 6), (5, 4, 7), (1, 2, 7)]),CG(nc=6, r=9, tr=[(1, 0, 0), (2, 3, 1), (4, 0, 2), (0, 3, 3), (4, 2, 4), (4, 3, 5), (2, 1, 6), (5, 3, 7), (4, 5, 6)]),4217,SAT
P7905,28,10,10,CG(nc=7, r=10, tr=[(1, 2, 0), (1, 2, 1), (6, 2, 2), (1, 4, 3), (5, 3, 4), (4, 3, 5), (5, 0, 6), (2, 5, 7), (0, 4, 2), (1, 6, 6)]),CG(nc=6, r=10, tr=[(1, 2, 0), (1, 0, 1), (5, 4, 2), (4, 2, 3), (2, 5, 4), (1, 5, 5), (3, 5, 6), (2, 3, 7), (3, 0, 2), (0, 4, 6)]),8018,SAT
P7906,28,10,10,CG(nc=7, r=10, tr=[(1, 6, 0), (3, 1, 1), (1, 4, 2), (4, 0, 3), (6, 3, 4), (0, 5, 5), (3, 5, 6), (0, 5, 7), (3, 2, 7), (2, 5, 5)]),CG(nc=7, r=10, tr=[(0, 1, 0), (2, 3, 1), (3, 4, 2), (5, 4, 3), (6, 2, 4), (0, 4, 5), (2, 1, 6), (6, 3, 7), (5, 6, 6), (4, 0, 4)]),13001,SAT
P7907,28,10,10,CG(nc=7, r=10, tr=[(1, 0, 0), (1, 2, 1), (3, 1, 2), (2, 0, 3), (4, 5, 4), (3, 5, 5), (4, 2, 6), (0, 1, 7), (6, 4, 7), (6, 3, 3)]),CG(nc=6, r=10, tr=[(1, 0, 0), (2, 3, 1), (4, 0, 2), (3, 0, 3), (3, 4, 4), (4, 3, 5), (4, 5, 6), (5, 3, 7), (5, 2, 2), (1, 2, 6)]),10914,SAT
P7910,28,10,10,CG(nc=7, r=10, tr=[(1, 2, 0), (1, 6, 1), (4, 5, 2), (5, 1, 3), (3, 4, 4), (6, 4, 5), (0, 3, 6), (2, 3, 7), (4, 0, 1), (0, 2, 5)]),CG(nc=6, r=10, tr=[(1, 2, 0), (1, 3, 1), (3, 2, 2), (1, 0, 3), (3, 5, 4), (3, 5, 5), (3, 4, 6), (2, 0, 7), (4, 1, 3), (4, 5, 7)]),12954,SAT
P7911,30,11,11,CG(nc=7, r=11, tr=[(1, 2, 0), (3, 0, 1), (4, 3, 2), (2, 0, 3), (1, 6, 4), (3, 1, 5), (3, 2, 6), (0, 5, 7), (1, 6, 7), (4, 6, 3), (5, 4, 4)]),CG(nc=6, r=11, tr=[(1, 2, 0), (3, 1, 1), (2, 5, 2), (1, 0, 3), (3, 4, 4), (4, 3, 5), (0, 3, 6), (5, 2, 7), (3, 5, 2), (4, 0, 7), (4, 5, 3)]),222645,SAT
P7912,30,11,11,CG(nc=7, r=11, tr=[(1, 2, 0), (1, 2, 1), (2, 6, 2), (1, 0, 3), (1, 4, 4), (6, 5, 5), (5, 3, 6), (3, 0, 7), (6, 5, 4), (1, 5, 7), (3, 4, 5)]),CG(nc=7, r=11, tr=[(1, 2, 0), (0, 1, 1), (3, 2, 2), (4, 5, 3), (6, 2, 4), (6, 1, 5), (4, 2, 6), (4, 6, 7), (3, 0, 7), (0, 4, 3), (1, 5, 4)]),221836,SAT
P7913,32,12,12,CG(nc=7, r=12, tr=[(1, 2, 0), (2, 3, 1), (1, 4, 2), (3, 6, 3), (0, 5, 4), (3, 4, 5), (2, 1, 6), (3, 0, 7), (5, 4, 6), (6, 5, 0), (0, 2, 2), (1, 6, 4)]),CG(nc=7, r=12, tr=[(1, 2, 0), (1, 3, 1), (6, 2, 2), (3, 0, 3), (3, 5, 4), (3, 5, 5), (2, 0, 6), (3, 6, 7), (0, 4, 4), (5, 6, 6), (2, 4, 5), (0, 5, 2)]),2587687,SAT
P7914,26,9,9,CG(nc=6, r=9, tr=[(1, 2, 0), (0, 2, 1), (2, 3, 2), (5, 3, 3), (4, 5, 4), (2, 4, 5), (2, 1, 6), (1, 4, 7), (0, 1, 5)]),CG(nc=6, r=9, tr=[(5, 2, 0), (0, 3, 1), (0, 4, 2), (4, 0, 3), (5, 4, 4), (4, 1, 5), (1, 2, 6), (1, 3, 7), (3, 2, 5)]),4966,SAT
P7915,28,10,10,CG(nc=6, r=10, tr=[(1, 0, 0), (0, 2, 1), (0, 3, 2), (4, 2, 3), (5, 1, 4), (2, 1, 5), (3, 1, 6), (2, 3, 7), (0, 4, 6), (5, 4, 2)]),CG(nc=7, r=10, tr=[(1, 2, 0), (3, 6, 1), (0, 5, 2), (4, 1, 3), (4, 3, 4), (6, 4, 5), (0, 1, 6), (3, 2, 7), (4, 5, 7), (3, 5, 3)]),14010,SAT
P7918,24,8,8,CG(nc=6, r=8, tr=[(0, 1, 0), (1, 0, 1), (1, 2, 2), (5, 2, 3), (5, 4, 4), (3, 0, 5), (3, 4, 6), (3, 4, 7)]),CG(nc=6, r=8, tr=[(1, 2, 0), (0, 3, 1), (5, 4, 2), (5, 4, 3), (4, 0, 4), (0, 4, 5), (2, 5, 6), (3, 1, 7)]),2259,SAT
P7919,26,9,9,CG(nc=7, r=9, tr=[(1, 2, 0), (1, 2, 1), (1, 6, 2), (0, 2, 3), (4, 5, 4), (5, 6, 5), (4, 2, 6), (0, 3, 7), (4, 3, 2)]),CG(nc=6, r=9, tr=[(1, 2, 0), (2, 3, 1), (4, 3, 2), (4, 0, 3), (4, 5, 4), (4, 5, 5), (5, 1, 6), (3, 0, 7), (5, 1, 3)]),4479,SAT
P7920,24,8,8,CG(nc=6, r=8, tr=[(0, 1, 0), (1, 0, 1), (1, 2, 2), (5, 2, 3), (5, 4, 4), (3, 4, 5), (0, 3, 6), (3, 5, 7)]),CG(nc=5, r=8, tr=[(1, 2, 0), (1, 4, 1), (4, 2, 2), (4, 3, 3), (3, 2, 4), (2, 3, 5), (2, 0, 6), (3, 0, 7)]),2317,SAT
P7921,26,9,9,CG(nc=6, r=9, tr=[(5, 2, 0), (5, 2, 1), (0, 3, 2), (3, 2, 3), (0, 4, 4), (4, 2, 5), (3, 5, 6), (0, 1, 7), (2, 1, 6)]),CG(nc=6, r=9, tr=[(1, 2, 0), (2, 5, 1), (5, 4, 2), (5, 4, 3), (3, 4, 4), (4, 3, 5), (1, 3, 6), (3, 0, 7), (0, 1, 3)]),4510,SAT
P7922,24,8,8,CG(nc=5, r=8, tr=[(1, 2, 0), (1, 3, 1), (2, 4, 2), (0, 1, 3), (2, 3, 4), (3, 4, 5), (2, 0, 6), (4, 3, 7)]),CG(nc=5, r=8, tr=[(0, 1, 0), (1, 2, 1), (0, 2, 2), (0, 2, 3), (4, 1, 4), (3, 2, 5), (2, 4, 6), (4, 3, 7)]),2133,SAT
P7923,26,9,9,CG(nc=6, r=9, tr=[(1, 5, 0), (0, 3, 1), (1, 4, 2), (4, 0, 3), (5, 2, 4), (3, 2, 5), (4, 3, 6), (5, 4, 7), (2, 1, 1)]),CG(nc=6, r=9, tr=[(1, 2, 0), (2, 5, 1), (0, 4, 2), (1, 3, 3), (3, 2, 4), (3, 5, 5), (1, 0, 6), (4, 3, 7), (4, 3, 1)]),4142,SAT
P7926,26,9,9,CG(nc=7, r=9, tr=[(6, 2, 0), (2, 3, 1), (3, 4, 2), (5, 0, 3), (4, 6, 4), (4, 1, 5), (1, 0, 6), (3, 1, 7), (5, 2, 2)]),CG(nc=5, r=9, tr=[(1, 4, 0), (3, 1, 1), (4, 3, 2), (3, 4, 3), (1, 0, 4), (3, 2, 5), (0, 3, 6), (0, 2, 7), (0, 2, 0)]),4707,SAT
P7927,26,9,9,CG(nc=7, r=9, tr=[(1, 2, 0), (2, 0, 1), (2, 3, 2), (0, 4, 3), (5, 6, 4), (4, 1, 5), (5, 1, 6), (5, 6, 7), (6, 3, 3)]),CG(nc=6, r=9, tr=[(5, 2, 0), (2, 3, 1), (4, 0, 2), (4, 2, 3), (4, 1, 4), (2, 4, 5), (0, 3, 6), (5, 1, 7), (3, 5, 3)]),4574,SAT
P7928,28,10,10,CG(nc=7, r=10, tr=[(6, 2, 0), (2, 6, 1), (3, 2, 2), (3, 0, 3), (4, 5, 4), (4, 1, 5), (3, 5, 6), (4, 0, 7), (6, 1, 6), (3, 2, 7)]),CG(nc=7, r=10, tr=[(1, 2, 0), (2, 3, 1), (0, 4, 2), (6, 3, 3), (0, 5, 4), (3, 5, 5), (3, 0, 6), (1, 6, 7), (1, 4, 4), (2, 4, 5)]),19399,SAT
P7929,28,10,10,CG(nc=6, r=10, tr=[(0, 1, 0), (0, 1, 1), (2, 5, 2), (4, 0, 3), (3, 5, 4), (2, 3, 5), (4, 1, 6), (4, 3, 7), (5, 2, 7), (2, 1, 3)]),CG(nc=7, r=10, tr=[(1, 2, 0), (2, 3, 1), (4, 5, 2), (1, 6, 3), (3, 4, 4), (6, 4, 5), (1, 0, 6), (3, 6, 7), (0, 3, 3), (0, 5, 7)]),12135,SAT
P7930,24,8,8,CG(nc=5, r=8, tr=[(1, 2, 0), (1, 2, 1), (2, 4, 2), (0, 1, 3), (2, 3, 4), (3, 4, 5), (2, 0, 6), (3, 4, 7)]),CG(nc=5, r=8, tr=[(1, 4, 0), (3, 1, 1), (3, 4, 2), (3, 4, 3), (0, 3, 4), (2, 0, 5), (0, 3, 6), (3, 2, 7)]),2087,SAT
P7931,26,9,9,CG(nc=6, r=9, tr=[(1, 2, 0), (2, 1, 1), (1, 0, 2), (5, 2, 3), (4, 3, 4), (3, 0, 5), (1, 5, 6), (0, 3, 7), (2, 4, 6)]),CG(nc=6, r=9, tr=[(0, 1, 0), (2, 3, 1), (0, 4, 2), (2, 5, 3), (2, 4, 4), (3, 4, 5), (2, 1, 6), (3, 5, 7), (0, 3, 3)]),4223,SAT
P7934,20,7,7,CG(nc=6, r=7, tr=[(1, 0, 0), (1, 0, 1), (2, 1, 2), (5, 2, 3), (0, 4, 4), (3, 5, 5), (4, 3, 6)]),CG(nc=5, r=7, tr=[(1, 4, 0), (3, 0, 1), (2, 4, 2), (4, 2, 3), (0, 2, 4), (0, 2, 5), (3, 1, 6)]),2071,SAT
P7935,20,7,7,CG(nc=5, r=7, tr=[(1, 2, 0), (1, 3, 1), (0, 2, 2), (1, 4, 3), (2, 3, 4), (3, 0, 5), (2, 1, 6)]),CG(nc=5, r=7, tr=[(4, 2, 0), (2, 3, 1), (0, 1, 2), (4, 0, 3), (4, 1, 4), (1, 2, 5), (3, 0, 6)]),2224,SAT
P8,12,4,4,CG(nc=2, r=4, tr=[(1, 0, 2), (1, 0, 3), (1, 0, 4), (1, 0, 5)]),CG(nc=5, r=4, tr=[(4, 2, 2), (3, 0, 3), (1, 2, 4), (3, 1, 5)]),1880,SAT
P8176,16,6,6,CG(nc=5, r=6, tr=[(1, 2, 0), (1, 2, 1), (2, 4, 2), (0, 1, 3), (4, 3, 6), (0, 3, 7)]),CG(nc=4, r=6, tr=[(3, 2, 0), (1, 2, 1), (3, 1, 2), (3, 1, 3), (0, 1, 6), (1, 0, 7)]),1842,SAT
P8177,16,6,6,CG(nc=5, r=6, tr=[(0, 1, 0), (1, 0, 1), (2, 4, 2), (1, 2, 3), (3, 4, 6), (3, 1, 7)]),CG(nc=5, r=6, tr=[(1, 4, 0), (0, 1, 1), (4, 3, 2), (4, 2, 3), (0, 2, 6), (0, 3, 7)]),1934,SAT
P8178,20,7,7,CG(nc=6, r=7, tr=[(1, 5, 0), (1, 3, 1), (1, 4, 2), (4, 0, 3), (3, 5, 4), (0, 2, 6), (3, 2, 7)]),CG(nc=5, r=7, tr=[(1, 2, 0), (1, 0, 1), (4, 3, 2), (2, 0, 3), (1, 3, 4), (2, 4, 6), (0, 3, 7)]),2005,SAT
P8179,18,7,7,CG(nc=6, r=7, tr=[(5, 2, 0), (2, 5, 1), (0, 3, 2), (2, 3, 3), (0, 4, 6), (5, 1, 7), (4, 1, 1)]),CG(nc=5, r=7, tr=[(1, 4, 0), (0, 1, 1), (1, 3, 2), (4, 3, 3), (3, 0, 6), (2, 4, 7), (2, 0, 2)]),3891,SAT
P8182,26,9,9,CG(nc=6, r=9, tr=[(1, 2, 0), (1, 3, 1), (3, 5, 2), (0, 1, 3), (4, 2, 4), (3, 4, 5), (2, 0, 6), (5, 3, 7), (2, 4, 3)]),CG(nc=7, r=9, tr=[(1, 6, 0), (3, 0, 1), (6, 4, 2), (5, 1, 3), (6, 2, 4), (5, 0, 5), (1, 3, 6), (4, 0, 7), (3, 2, 3)]),4187,SAT
P8183,18,7,7,CG(nc=5, r=7, tr=[(1, 2, 0), (3, 2, 1), (4, 3, 2), (2, 0, 3), (0, 3, 6), (1, 4, 7), (1, 4, 2)]),CG(nc=5, r=7, tr=[(1, 0, 0), (2, 1, 1), (2, 0, 2), (4, 1, 3), (3, 0, 6), (4, 2, 7), (3, 1, 3)]),3420,SAT
P8184,24,8,8,CG(nc=6, r=8, tr=[(1, 5, 0), (1, 5, 1), (3, 0, 2), (1, 3, 3), (4, 2, 4), (2, 4, 5), (2, 0, 6), (4, 5, 7)]),CG(nc=6, r=8, tr=[(1, 2, 0), (0, 2, 1), (0, 1, 2), (5, 4, 3), (3, 0, 4), (4, 3, 5), (0, 4, 6), (5, 1, 7)]),2060,SAT
P8185,24,8,8,CG(nc=6, r=8, tr=[(0, 1, 0), (1, 0, 1), (2, 1, 2), (2, 5, 3), (4, 3, 4), (4, 3, 5), (1, 4, 6), (5, 3, 7)]),CG(nc=6, r=8, tr=[(1, 2, 0), (3, 1, 1), (2, 0, 2), (5, 3, 3), (0, 4, 4), (3, 4, 5), (0, 3, 6), (5, 2, 7)]),2084,SAT
P8186,20,7,7,CG(nc=6, r=7, tr=[(0, 1, 0), (0, 1, 1), (1, 2, 2), (5, 2, 3), (5, 4, 4), (4, 3, 6), (0, 3, 7)]),CG(nc=4, r=7, tr=[(1, 2, 0), (3, 2, 1), (1, 3, 2), (1, 3, 3), (0, 1, 4), (0, 1, 6), (1, 0, 7)]),2007,SAT
P8187,20,7,7,CG(nc=6, r=7, tr=[(1, 5, 0), (1, 5, 1), (0, 3, 2), (3, 1, 3), (4, 2, 4), (0, 2, 6), (4, 1, 7)]),CG(nc=5, r=7, tr=[(1, 4, 0), (0, 1, 1), (4, 3, 2), (0, 2, 3), (4, 2, 4), (2, 4, 6), (3, 0, 7)]),1956,SAT
P8190,24,8,8,CG(nc=6, r=8, tr=[(1, 2, 0), (1, 3, 1), (5, 2, 2), (0, 1, 3), (3, 2, 4), (4, 2, 5), (0, 4, 6), (3, 5, 7)]),CG(nc=5, r=8, tr=[(1, 4, 0), (1, 3, 1), (2, 0, 2), (4, 3, 3), (4, 2, 4), (4, 2, 5), (3, 0, 6), (0, 3, 7)]),2345,SAT
P8191,8,4,4,CG(nc=4, r=4, tr=[(0, 1, 0), (1, 0, 1), (2, 3, 2), (2, 1, 3)]),CG(nc=3, r=4, tr=[(2, 1, 0), (0, 1, 1), (2, 0, 2), (2, 0, 3)]),1701,SAT
P828,20,7,7,CG(nc=5, r=7, tr=[(1, 4, 0), (3, 2, 1), (2, 1, 2), (3, 4, 3), (2, 0, 4), (2, 3, 5), (1, 0, 1)]),CG(nc=6, r=7, tr=[(1, 2, 0), (0, 2, 1), (5, 4, 2), (4, 2, 3), (3, 4, 4), (1, 5, 5), (3, 0, 0)]),3486,SAT
P829,22,8,8,CG(nc=5, r=8, tr=[(1, 2, 0), (2, 0, 1), (4, 3, 2), (0, 3, 3), (1, 4, 5), (0, 3, 6), (3, 2, 7), (2, 4, 3)]),CG(nc=6, r=8, tr=[(5, 2, 0), (5, 3, 1), (0, 4, 2), (1, 0, 3), (5, 2, 5), (3, 1, 6), (3, 4, 7), (2, 1, 2)]),3412,SAT
P830,24,8,8,CG(nc=5, r=8, tr=[(0, 1, 1), (2, 4, 2), (1, 4, 3), (3, 2, 4), (4, 1, 5), (3, 0, 6), (1, 2, 7), (0, 2, 3)]),CG(nc=5, r=8, tr=[(0, 1, 1), (2, 1, 2), (2, 0, 3), (1, 3, 4), (4, 1, 5), (3, 1, 6), (2, 4, 7), (4, 3, 3)]),3421,SAT
P831,10,5,5,CG(nc=4, r=5, tr=[(1, 0, 0), (2, 3, 1), (1, 3, 2), (0, 2, 0), (0, 1, 1)]),CG(nc=4, r=5, tr=[(1, 0, 0), (2, 3, 1), (1, 3, 2), (0, 2, 0), (0, 1, 1)]),4424,SAT
P854,24,8,8,CG(nc=6, r=8, tr=[(0, 1, 0), (1, 5, 1), (1, 5, 2), (0, 1, 3), (3, 5, 4), (4, 2, 5), (3, 4, 6), (2, 0, 7)]),CG(nc=6, r=8, tr=[(1, 5, 0), (3, 0, 1), (4, 5, 2), (2, 1, 3), (4, 3, 4), (0, 2, 5), (2, 0, 6), (4, 3, 7)]),2127,SAT
P855,8,4,4,CG(nc=3, r=4, tr=[(0, 1, 0), (2, 1, 1), (1, 2, 2), (0, 1, 3)]),CG(nc=4, r=4, tr=[(1, 3, 0), (3, 2, 1), (0, 2, 2), (0, 1, 3)]),1738,SAT
P856,24,8,8,CG(nc=5, r=8, tr=[(1, 0, 0), (4, 3, 1), (4, 1, 2), (0, 3, 3), (0, 2, 4), (1, 3, 5), (2, 3, 6), (4, 3, 7)]),CG(nc=7, r=8, tr=[(0, 1, 0), (2, 6, 1), (0, 4, 2), (6, 5, 3), (4, 3, 4), (5, 3, 5), (1, 5, 6), (2, 4, 7)]),2220,SAT
P857,24,8,8,CG(nc=6, r=8, tr=[(1, 0, 0), (2, 3, 1), (1, 5, 2), (2, 1, 3), (0, 2, 4), (4, 5, 5), (5, 3, 6), (1, 4, 7)]),CG(nc=5, r=8, tr=[(4, 2, 0), (3, 0, 1), (4, 1, 2), (3, 2, 3), (2, 0, 4), (1, 3, 5), (3, 0, 6), (1, 3, 7)]),2101,SAT
P858,20,7,7,CG(nc=5, r=7, tr=[(4, 2, 0), (3, 1, 1), (0, 2, 2), (3, 2, 3), (4, 3, 4), (1, 0, 6), (1, 3, 7)]),CG(nc=6, r=7, tr=[(1, 5, 0), (0, 3, 1), (4, 5, 2), (2, 0, 3), (2, 4, 4), (1, 2, 6), (4, 3, 7)]),1765,SAT
P859,16,6,6,CG(nc=4, r=6, tr=[(1, 0, 0), (3, 2, 1), (1, 3, 2), (0, 2, 3), (2, 1, 4), (0, 1, 6)]),CG(nc=4, r=6, tr=[(3, 2, 0), (0, 1, 1), (1, 3, 2), (2, 1, 3), (2, 0, 4), (0, 1, 6)]),1688,SAT
P862,24,8,8,CG(nc=5, r=8, tr=[(4, 2, 0), (3, 0, 1), (0, 2, 2), (3, 4, 3), (2, 3, 4), (1, 4, 5), (1, 2, 6), (3, 0, 7)]),CG(nc=6, r=8, tr=[(1, 2, 0), (5, 4, 1), (0, 3, 2), (5, 1, 3), (3, 4, 4), (1, 3, 5), (2, 0, 6), (4, 3, 7)]),1926,SAT
P863,10,5,5,CG(nc=4, r=5, tr=[(3, 2, 0), (0, 1, 1), (0, 1, 2), (3, 1, 3), (2, 1, 2)]),CG(nc=4, r=5, tr=[(1, 2, 0), (2, 3, 1), (0, 2, 2), (1, 0, 3), (2, 3, 3)]),2879,SAT
P872,28,10,10,CG(nc=6, r=10, tr=[(1, 0, 0), (2, 3, 1), (4, 5, 2), (1, 3, 3), (0, 3, 4), (4, 3, 5), (5, 2, 6), (3, 2, 7), (0, 4, 6), (1, 4, 1)]),CG(nc=7, r=10, tr=[(1, 2, 0), (3, 0, 1), (4, 6, 2), (2, 4, 3), (2, 5, 4), (1, 6, 5), (4, 0, 6), (4, 3, 7), (6, 5, 1), (5, 0, 5)]),11011,SAT
P873,28,10,10,CG(nc=6, r=10, tr=[(1, 2, 0), (2, 0, 1), (3, 0, 2), (1, 3, 3), (2, 3, 4), (2, 5, 5), (4, 1, 6), (0, 4, 7), (5, 1, 2), (5, 3, 6)]),CG(nc=6, r=10, tr=[(0, 1, 0), (1, 2, 1), (5, 2, 2), (5, 4, 3), (4, 1, 4), (3, 1, 5), (4, 3, 6), (0, 1, 7), (0, 3, 2), (2, 0, 6)]),13234,SAT
P874,26,9,9,CG(nc=5, r=9, tr=[(1, 2, 0), (1, 3, 1), (0, 2, 2), (2, 4, 3), (4, 1, 4), (2, 1, 5), (3, 0, 6), (0, 2, 7), (4, 3, 2)]),CG(nc=7, r=9, tr=[(1, 2, 0), (3, 4, 1), (3, 6, 2), (6, 4, 3), (5, 3, 4), (6, 1, 5), (5, 2, 6), (4, 0, 7), (0, 5, 3)]),4118,SAT
P875,22,8,8,CG(nc=5, r=8, tr=[(1, 2, 0), (2, 3, 1), (3, 4, 2), (4, 1, 3), (2, 4, 4), (1, 2, 5), (3, 0, 6), (1, 0, 2)]),CG(nc=6, r=8, tr=[(1, 2, 0), (0, 3, 1), (3, 1, 2), (5, 4, 3), (4, 3, 4), (0, 1, 5), (4, 2, 6), (1, 5, 1)]),3687,SAT
P876,26,9,9,CG(nc=6, r=9, tr=[(1, 2, 0), (5, 4, 1), (1, 4, 2), (0, 4, 3), (3, 5, 4), (2, 3, 5), (3, 5, 6), (0, 2, 7), (1, 5, 3)]),CG(nc=6, r=9, tr=[(5, 2, 0), (3, 4, 1), (1, 2, 2), (4, 0, 3), (5, 1, 4), (4, 2, 5), (1, 3, 6), (1, 4, 7), (3, 0, 2)]),4168,SAT
P877,28,10,10,CG(nc=7, r=10, tr=[(0, 1, 0), (6, 3, 1), (0, 4, 2), (5, 3, 3), (4, 5, 4), (5, 6, 5), (2, 5, 6), (1, 2, 7), (5, 0, 1), (4, 3, 0)]),CG(nc=7, r=10, tr=[(1, 0, 0), (2, 6, 1), (1, 2, 2), (4, 1, 3), (5, 3, 4), (6, 4, 5), (5, 2, 6), (0, 1, 7), (3, 0, 3), (5, 2, 5)]),10174,SAT
P878,22,8,8,CG(nc=5, r=8, tr=[(1, 4, 0), (3, 2, 1), (3, 1, 2), (0, 3, 3), (2, 1, 4), (4, 1, 5), (2, 0, 7), (4, 2, 3)]),CG(nc=6, r=8, tr=[(1, 2, 0), (3, 4, 1), (0, 3, 2), (5, 1, 3), (3, 1, 4), (0, 2, 5), (5, 4, 7), (0, 4, 3)]),3590,SAT
P879,18,7,7,CG(nc=5, r=7, tr=[(1, 2, 0), (4, 3, 1), (4, 1, 2), (2, 3, 3), (3, 1, 4), (0, 3, 5), (0, 2, 1)]),CG(nc=5, r=7, tr=[(1, 2, 0), (3, 0, 1), (1, 3, 2), (4, 2, 3), (2, 3, 4), (0, 1, 5), (1, 4, 1)]),3675,SAT
P892,22,8,8,CG(nc=6, r=8, tr=[(1, 2, 0), (3, 2, 1), (0, 3, 2), (3, 5, 3), (4, 2, 5), (2, 0, 6), (4, 5, 7), (1, 5, 2)]),CG(nc=6, r=8, tr=[(5, 2, 0), (5, 2, 1), (5, 3, 2), (4, 0, 3), (4, 3, 5), (4, 2, 6), (1, 3, 7), (1, 0, 1)]),3783,SAT
P893,22,8,8,CG(nc=5, r=8, tr=[(4, 2, 0), (2, 3, 1), (0, 1, 2), (4, 1, 3), (3, 0, 5), (2, 1, 6), (1, 3, 7), (0, 3, 3)]),CG(nc=6, r=8, tr=[(1, 2, 0), (0, 2, 1), (1, 5, 2), (1, 4, 3), (4, 0, 5), (5, 3, 6), (2, 1, 7), (2, 3, 3)]),3786,SAT
P894,26,9,9,CG(nc=6, r=9, tr=[(1, 2, 0), (2, 0, 1), (5, 1, 2), (0, 4, 3), (0, 3, 4), (1, 4, 5), (3, 1, 6), (5, 4, 7), (5, 4, 1)]),CG(nc=6, r=9, tr=[(1, 2, 0), (3, 4, 1), (3, 5, 2), (0, 1, 3), (4, 0, 4), (3, 1, 5), (2, 5, 6), (4, 0, 7), (2, 1, 1)]),4553,SAT
P895,12,6,6,CG(nc=5, r=6, tr=[(1, 2, 0), (1, 0, 1), (2, 3, 2), (3, 0, 3), (4, 3, 1), (4, 2, 3)]),CG(nc=4, r=6, tr=[(0, 1, 0), (0, 2, 1), (3, 2, 2), (1, 3, 3), (1, 2, 1), (0, 1, 2)]),4733,SAT
P896,22,7,7,CG(nc=4, r=7, tr=[(1, 0, 1), (3, 2, 2), (2, 0, 3), (2, 0, 4), (0, 2, 5), (1, 3, 6), (2, 3, 7)]),CG(nc=7, r=7, tr=[(6, 2, 1), (2, 3, 2), (6, 4, 3), (5, 1, 4), (4, 5, 5), (1, 0, 6), (0, 3, 7)]),1984,SAT
P897,24,8,8,CG(nc=4, r=8, tr=[(3, 2, 0), (3, 1, 1), (1, 3, 2), (1, 0, 3), (1, 0, 4), (0, 1, 5), (0, 1, 6), (1, 2, 7)]),CG(nc=7, r=8, tr=[(1, 6, 0), (0, 3, 1), (3, 1, 2), (4, 5, 3), (6, 2, 4), (2, 4, 5), (5, 0, 6), (6, 1, 7)]),2105,SAT
P898,22,7,7,CG(nc=5, r=7, tr=[(4, 2, 1), (0, 3, 2), (2, 0, 3), (4, 1, 4), (4, 3, 5), (2, 0, 6), (0, 1, 7)]),CG(nc=6, r=7, tr=[(1, 5, 1), (1, 3, 2), (4, 2, 3), (3, 0, 4), (4, 5, 5), (3, 2, 6), (0, 3, 7)]),1858,SAT
P899,18,6,6,CG(nc=4, r=6, tr=[(1, 3, 1), (2, 3, 2), (2, 0, 3), (2, 0, 4), (2, 0, 5), (1, 0, 6)]),CG(nc=6, r=6, tr=[(0, 1, 1), (5, 1, 2), (5, 3, 3), (4, 3, 4), (2, 4, 5), (2, 0, 6)]),1814,SAT
P9,16,6,6,CG(nc=4, r=6, tr=[(3, 2, 0), (3, 1, 1), (3, 0, 2), (3, 0, 3), (1, 0, 4), (2, 0, 5)]),CG(nc=5, r=6, tr=[(1, 0, 0), (2, 3, 1), (1, 3, 2), (4, 2, 3), (2, 3, 4), (0, 1, 5)]),1957,SAT
P900,24,8,8,CG(nc=6, r=8, tr=[(1, 5, 0), (1, 3, 1), (4, 0, 2), (1, 4, 3), (5, 4, 4), (2, 0, 5), (0, 3, 6), (5, 2, 7)]),CG(nc=6, r=8, tr=[(1, 2, 0), (5, 4, 1), (2, 4, 2), (4, 5, 3), (1, 3, 4), (1, 0, 5), (3, 4, 6), (2, 0, 7)]),2205,SAT
P901,24,8,8,CG(nc=6, r=8, tr=[(0, 1, 0), (5, 3, 1), (5, 4, 2), (4, 1, 3), (4, 0, 4), (1, 2, 5), (1, 3, 6), (5, 2, 7)]),CG(nc=7, r=8, tr=[(1, 2, 0), (2, 3, 1), (2, 0, 2), (6, 1, 3), (5, 4, 4), (0, 4, 5), (1, 5, 6), (6, 3, 7)]),2032,SAT
P902,26,9,9,CG(nc=6, r=9, tr=[(1, 2, 0), (5, 2, 1), (2, 4, 2), (0, 2, 3), (3, 4, 4), (4, 5, 5), (3, 1, 6), (3, 0, 7), (1, 3, 5)]),CG(nc=6, r=9, tr=[(1, 2, 0), (3, 4, 1), (0, 4, 2), (5, 1, 3), (0, 2, 4), (2, 4, 5), (4, 1, 6), (3, 5, 7), (3, 5, 4)]),3997,SAT
P903,20,7,7,CG(nc=5, r=7, tr=[(1, 4, 0), (1, 3, 1), (2, 0, 2), (2, 1, 3), (2, 4, 4), (2, 4, 5), (0, 3, 6)]),CG(nc=6, r=7, tr=[(1, 2, 0), (0, 1, 1), (5, 1, 2), (4, 2, 3), (5, 3, 4), (4, 0, 5), (3, 2, 6)]),1938,SAT
P904,18,6,6,CG(nc=4, r=6, tr=[(1, 3, 1), (3, 1, 2), (0, 1, 3), (2, 3, 4), (3, 2, 5), (0, 2, 7)]),CG(nc=6, r=6, tr=[(1, 5, 1), (1, 3, 2), (0, 4, 3), (2, 5, 4), (4, 2, 5), (0, 3, 7)]),1776,SAT
P905,20,7,7,CG(nc=4, r=7, tr=[(1, 2, 0), (1, 0, 1), (0, 1, 2), (3, 1, 3), (3, 1, 4), (3, 1, 5), (0, 2, 7)]),CG(nc=6, r=7, tr=[(1, 2, 0), (1, 0, 1), (2, 5, 2), (0, 4, 3), (5, 3, 4), (3, 4, 5), (2, 1, 7)]),1840,SAT
P906,18,6,6,CG(nc=4, r=6, tr=[(1, 0, 1), (3, 2, 2), (1, 3, 3), (3, 1, 4), (2, 0, 5), (0, 1, 7)]),CG(nc=4, r=6, tr=[(3, 2, 1), (1, 0, 2), (2, 3, 3), (2, 1, 4), (1, 0, 5), (1, 2, 7)]),1791,SAT
P907,14,5,5,CG(nc=4, r=5, tr=[(1, 0, 1), (3, 2, 2), (3, 1, 3), (1, 3, 4), (0, 2, 5)]),CG(nc=5, r=5, tr=[(4, 2, 1), (2, 0, 2), (3, 1, 3), (1, 4, 4), (0, 3, 5)]),1729,SAT
P908,20,7,7,CG(nc=4, r=7, tr=[(1, 3, 1), (2, 3, 2), (0, 1, 3), (0, 2, 4), (1, 0, 5), (3, 1, 7), (0, 2, 3)]),CG(nc=5, r=7, tr=[(4, 2, 1), (2, 3, 2), (4, 2, 3), (3, 1, 4), (1, 2, 5), (3, 0, 7), (0, 3, 5)]),3357,SAT
P909,20,7,7,CG(nc=5, r=7, tr=[(1, 2, 0), (0, 3, 1), (1, 0, 2), (4, 3, 3), (4, 1, 4), (4, 1, 5), (0, 2, 7)]),CG(nc=5, r=7, tr=[(1, 2, 0), (1, 0, 1), (2, 4, 2), (0, 1, 3), (3, 4, 4), (3, 1, 5), (2, 1, 7)]),1975,SAT
P910,20,7,7,CG(nc=5, r=7, tr=[(1, 0, 1), (2, 4, 2), (4, 1, 3), (1, 3, 4), (4, 1, 5), (2, 3, 7), (0, 2, 5)]),CG(nc=5, r=7, tr=[(1, 4, 1), (3, 1, 2), (3, 2, 3), (0, 3, 4), (4, 2, 5), (3, 0, 7), (0, 1, 5)]),3251,SAT
P911,14,5,5,CG(nc=4, r=5, tr=[(3, 2, 1), (3, 1, 2), (0, 2, 3), (0, 1, 4), (0, 1, 5)]),CG(nc=4, r=5, tr=[(1, 0, 1), (3, 1, 2), (1, 0, 3), (3, 2, 4), (1, 2, 5)]),1790,SAT
P916,28,10,10,CG(nc=6, r=10, tr=[(0, 1, 0), (2, 3, 1), (5, 2, 2), (3, 1, 3), (3, 0, 4), (1, 2, 5), (2, 0, 6), (4, 1, 7), (4, 5, 6), (1, 4, 1)]),CG(nc=7, r=10, tr=[(0, 1, 0), (6, 3, 1), (6, 4, 2), (5, 1, 3), (6, 1, 4), (4, 5, 5), (3, 5, 6), (2, 3, 7), (2, 0, 2), (0, 4, 6)]),9953,SAT
P917,26,9,9,CG(nc=5, r=9, tr=[(1, 0, 0), (2, 1, 1), (0, 2, 2), (4, 2, 3), (4, 3, 4), (4, 3, 5), (3, 4, 6), (1, 3, 7), (1, 0, 3)]),CG(nc=7, r=9, tr=[(1, 2, 0), (2, 3, 1), (0, 2, 2), (6, 1, 3), (5, 3, 4), (1, 5, 5), (3, 0, 6), (4, 3, 7), (6, 4, 2)]),4202,SAT
P918,28,10,10,CG(nc=7, r=10, tr=[(1, 2, 0), (1, 3, 1), (1, 0, 2), (1, 6, 3), (5, 3, 4), (2, 5, 5), (6, 4, 6), (2, 4, 7), (3, 0, 6), (6, 5, 2)]),CG(nc=6, r=10, tr=[(1, 2, 0), (5, 4, 1), (1, 4, 2), (5, 2, 3), (0, 1, 4), (3, 2, 5), (3, 1, 6), (1, 3, 7), (3, 0, 1), (4, 0, 5)]),10743,SAT
P919,22,8,8,CG(nc=6, r=8, tr=[(1, 0, 0), (2, 1, 1), (5, 4, 2), (1, 3, 3), (0, 3, 4), (1, 4, 5), (5, 2, 6), (3, 4, 1)]),CG(nc=6, r=8, tr=[(1, 2, 0), (1, 3, 1), (1, 5, 2), (2, 0, 3), (3, 4, 4), (2, 4, 5), (5, 3, 6), (3, 0, 2)]),3378,SAT
P920,24,8,8,CG(nc=5, r=8, tr=[(0, 1, 0), (2, 4, 1), (3, 4, 2), (0, 3, 3), (2, 0, 4), (3, 1, 5), (2, 3, 6), (4, 3, 7)]),CG(nc=7, r=8, tr=[(1, 2, 0), (2, 0, 1), (2, 3, 2), (4, 6, 3), (5, 0, 4), (4, 5, 5), (4, 1, 6), (6, 3, 7)]),1902,SAT
P921,20,7,7,CG(nc=5, r=7, tr=[(4, 2, 0), (3, 0, 1), (1, 0, 2), (3, 2, 3), (4, 3, 4), (2, 1, 5), (0, 1, 7)]),CG(nc=5, r=7, tr=[(1, 0, 0), (4, 3, 1), (0, 2, 2), (1, 3, 3), (1, 4, 4), (3, 0, 5), (3, 2, 7)]),1807,SAT
P922,24,8,8,CG(nc=6, r=8, tr=[(1, 2, 0), (3, 1, 1), (1, 0, 2), (1, 5, 3), (3, 4, 4), (2, 5, 5), (0, 3, 6), (4, 5, 7)]),CG(nc=5, r=8, tr=[(1, 0, 0), (2, 3, 1), (2, 0, 2), (1, 2, 3), (4, 1, 4), (2, 0, 5), (4, 3, 6), (3, 4, 7)]),1884,SAT
P923,16,6,6,CG(nc=4, r=6, tr=[(1, 2, 0), (3, 1, 1), (2, 3, 2), (2, 0, 3), (1, 0, 4), (0, 1, 5)]),CG(nc=5, r=6, tr=[(1, 2, 0), (1, 4, 1), (0, 1, 2), (0, 2, 3), (3, 4, 4), (2, 3, 5)]),1638,SAT
P924,26,9,9,CG(nc=6, r=9, tr=[(1, 2, 0), (3, 0, 1), (4, 0, 2), (3, 1, 3), (2, 3, 4), (4, 1, 5), (5, 1, 6), (4, 0, 7), (2, 5, 2)]),CG(nc=6, r=9, tr=[(1, 2, 0), (5, 4, 1), (4, 2, 2), (1, 5, 3), (1, 4, 4), (4, 0, 5), (2, 3, 6), (2, 3, 7), (3, 0, 1)]),3789,SAT
P925,22,8,8,CG(nc=5, r=8, tr=[(4, 2, 0), (3, 4, 1), (0, 1, 2), (3, 0, 3), (1, 2, 4), (3, 0, 5), (2, 3, 7), (4, 1, 3)]),CG(nc=6, r=8, tr=[(1, 2, 0), (3, 2, 1), (5, 2, 2), (5, 3, 3), (5, 4, 4), (4, 1, 5), (3, 0, 7), (1, 0, 3)]),4231,SAT
P926,28,10,10,CG(nc=6, r=10, tr=[(0, 1, 0), (0, 2, 1), (5, 4, 2), (2, 5, 3), (3, 2, 4), (1, 4, 5), (0, 4, 6), (4, 3, 7), (4, 0, 3), (2, 5, 5)]),CG(nc=6, r=10, tr=[(1, 2, 0), (0, 3, 1), (0, 4, 2), (4, 3, 3), (1, 0, 4), (3, 5, 5), (1, 4, 6), (4, 1, 7), (2, 1, 2), (2, 5, 1)]),9672,SAT
P927,18,7,7,CG(nc=5, r=7, tr=[(1, 4, 0), (3, 4, 1), (3, 1, 2), (4, 2, 3), (2, 1, 4), (3, 0, 5), (0, 2, 1)]),CG(nc=5, r=7, tr=[(1, 2, 0), (4, 1, 1), (3, 1, 2), (0, 2, 3), (3, 2, 4), (3, 4, 5), (3, 0, 1)]),3606,SAT
P936,22,7,7,CG(nc=5, r=7, tr=[(4, 2, 1), (2, 4, 2), (0, 2, 3), (0, 2, 4), (0, 3, 5), (4, 1, 6), (3, 1, 7)]),CG(nc=5, r=7, tr=[(1, 2, 1), (4, 2, 2), (4, 1, 3), (0, 3, 4), (3, 1, 5), (1, 3, 6), (1, 0, 7)]),2084,SAT
P937,24,8,8,CG(nc=6, r=8, tr=[(1, 2, 0), (5, 4, 1), (5, 4, 2), (0, 4, 3), (4, 0, 4), (3, 1, 5), (5, 3, 6), (0, 2, 7)]),CG(nc=6, r=8, tr=[(1, 2, 0), (0, 1, 1), (5, 2, 2), (5, 4, 3), (0, 3, 4), (3, 4, 5), (4, 3, 6), (1, 2, 7)]),2460,SAT
P938,14,5,5,CG(nc=4, r=5, tr=[(0, 1, 1), (0, 1, 2), (1, 3, 3), (3, 2, 4), (0, 2, 7)]),CG(nc=5, r=5, tr=[(4, 2, 1), (3, 0, 2), (4, 1, 3), (0, 1, 4), (3, 2, 7)]),1869,SAT
P939,10,4,4,CG(nc=3, r=4, tr=[(2, 1, 1), (2, 1, 2), (0, 1, 3), (1, 0, 4)]),CG(nc=4, r=4, tr=[(0, 1, 1), (3, 1, 2), (3, 2, 3), (0, 2, 4)]),1713,SAT
P940,22,7,7,CG(nc=5, r=7, tr=[(1, 4, 1), (3, 1, 2), (1, 0, 3), (2, 3, 4), (3, 4, 5), (3, 2, 6), (2, 0, 7)]),CG(nc=5, r=7, tr=[(0, 1, 1), (2, 1, 2), (0, 2, 3), (4, 3, 4), (4, 1, 5), (2, 3, 6), (4, 2, 7)]),1885,SAT
P941,24,8,8,CG(nc=5, r=8, tr=[(1, 0, 0), (0, 2, 1), (3, 0, 2), (2, 4, 3), (3, 4, 4), (2, 3, 5), (4, 3, 6), (2, 1, 7)]),CG(nc=6, r=8, tr=[(5, 2, 0), (2, 3, 1), (3, 0, 2), (5, 4, 3), (1, 0, 4), (3, 4, 5), (1, 4, 6), (5, 2, 7)]),1952,SAT
P942,18,6,6,CG(nc=5, r=6, tr=[(4, 2, 1), (3, 2, 2), (2, 0, 3), (3, 1, 4), (3, 4, 5), (1, 0, 7)]),CG(nc=5, r=6, tr=[(1, 2, 1), (4, 2, 2), (0, 3, 3), (4, 3, 4), (2, 3, 5), (0, 1, 7)]),1982,SAT
P943,12,5,5,CG(nc=4, r=5, tr=[(3, 2, 1), (1, 3, 2), (0, 2, 3), (0, 1, 4), (0, 1, 3)]),CG(nc=4, r=5, tr=[(1, 3, 1), (0, 1, 2), (1, 3, 3), (2, 1, 4), (0, 2, 3)]),3610,SAT
P956,24,8,8,CG(nc=5, r=8, tr=[(4, 2, 1), (3, 0, 2), (2, 0, 3), (1, 3, 4), (0, 2, 5), (1, 4, 6), (1, 2, 7), (3, 4, 3)]),CG(nc=6, r=8, tr=[(1, 0, 1), (5, 3, 2), (1, 4, 3), (1, 2, 4), (2, 3, 5), (4, 5, 6), (1, 3, 7), (0, 2, 3)]),3652,SAT
P957,26,9,9,CG(nc=6, r=9, tr=[(1, 2, 0), (0, 3, 1), (1, 3, 2), (5, 3, 3), (2, 5, 4), (1, 0, 5), (5, 4, 6), (2, 4, 7), (1, 2, 1)]),CG(nc=6, r=9, tr=[(1, 2, 0), (3, 5, 1), (0, 2, 2), (5, 1, 3), (1, 3, 4), (0, 3, 5), (3, 4, 6), (2, 3, 7), (4, 0, 3)]),3755,SAT
P958,24,8,8,CG(nc=6, r=8, tr=[(1, 2, 1), (0, 2, 2), (5, 2, 3), (4, 5, 4), (3, 4, 5), (1, 0, 6), (3, 1, 7), (4, 3, 2)]),CG(nc=5, r=8, tr=[(1, 2, 1), (4, 2, 2), (1, 4, 3), (1, 0, 4), (3, 2, 5), (2, 0, 6), (0, 1, 7), (3, 0, 3)]),3422,SAT
P959,14,6,6,CG(nc=5, r=6, tr=[(1, 2, 1), (0, 2, 2), (3, 0, 3), (1, 4, 4), (2, 4, 3), (1, 3, 1)]),CG(nc=4, r=6, tr=[(1, 0, 1), (3, 1, 2), (3, 2, 3), (0, 2, 4), (2, 1, 1), (2, 0, 2)]),4369,SAT
P960,18,6,6,CG(nc=4, r=6, tr=[(0, 1, 0), (2, 3, 1), (0, 2, 2), (2, 0, 3), (1, 3, 4), (0, 1, 5)]),CG(nc=6, r=6, tr=[(0, 1, 0), (2, 5, 1), (4, 3, 2), (3, 5, 3), (0, 4, 4), (2, 1, 5)]),2159,SAT
P961,20,7,7,CG(nc=4, r=7, tr=[(3, 2, 0), (1, 3, 1), (1, 3, 2), (0, 1, 3), (1, 0, 5), (1, 0, 6), (2, 1, 7)]),CG(nc=6, r=7, tr=[(1, 2, 0), (0, 1, 1), (5, 2, 2), (4, 5, 3), (3, 0, 5), (4, 3, 6), (1, 2, 7)]),1917,SAT
P962,22,7,7,CG(nc=4, r=7, tr=[(0, 1, 1), (1, 0, 2), (3, 1, 3), (0, 2, 4), (3, 1, 5), (3, 1, 6), (1, 2, 7)]),CG(nc=6, r=7, tr=[(5, 2, 1), (0, 3, 2), (4, 1, 3), (3, 2, 4), (1, 5, 5), (0, 4, 6), (3, 2, 7)]),1950,SAT
P963,14,5,5,CG(nc=4, r=5, tr=[(1, 3, 0), (3, 2, 1), (0, 1, 2), (2, 0, 3), (1, 0, 4)]),CG(nc=5, r=5, tr=[(0, 1, 0), (1, 4, 1), (0, 3, 2), (2, 4, 3), (3, 2, 4)]),1800,SAT
P964,20,7,7,CG(nc=4, r=7, tr=[(1, 3, 0), (0, 2, 1), (0, 2, 2), (2, 3, 3), (3, 2, 5), (1, 2, 6), (0, 2, 7)]),CG(nc=6, r=7, tr=[(1, 2, 0), (3, 4, 1), (3, 5, 2), (2, 0, 3), (5, 1, 5), (2, 1, 6), (0, 4, 7)]),2087,SAT
P965,20,7,7,CG(nc=5, r=7, tr=[(0, 1, 0), (2, 4, 1), (0, 3, 2), (0, 2, 3), (3, 4, 5), (4, 3, 6), (1, 3, 7)]),CG(nc=5, r=7, tr=[(0, 1, 0), (4, 3, 1), (1, 3, 2), (3, 4, 3), (2, 0, 5), (2, 3, 6), (1, 0, 7)]),1805,SAT
P966,24,8,8,CG(nc=5, r=8, tr=[(4, 2, 0), (3, 0, 1), (3, 0, 2), (3, 4, 3), (0, 1, 4), (3, 4, 5), (1, 2, 6), (1, 3, 7)]),CG(nc=5, r=8, tr=[(1, 2, 0), (4, 1, 1), (3, 0, 2), (2, 4, 3), (1, 3, 4), (1, 0, 5), (3, 2, 6), (1, 3, 7)]),2178,SAT
P967,16,6,6,CG(nc=5, r=6, tr=[(4, 2, 0), (3, 0, 1), (4, 1, 2), (4, 3, 3), (0, 1, 5), (3, 2, 6)]),CG(nc=5, r=6, tr=[(1, 2, 0), (4, 3, 1), (3, 0, 2), (1, 0, 3), (4, 2, 5), (1, 2, 6)]),1704,SAT
P968,22,7,7,CG(nc=5, r=7, tr=[(0, 1, 1), (4, 3, 2), (1, 4, 3), (0, 2, 4), (3, 0, 5), (2, 3, 6), (3, 4, 7)]),CG(nc=6, r=7, tr=[(1, 2, 1), (2, 5, 2), (4, 5, 3), (4, 3, 4), (0, 3, 5), (3, 4, 6), (0, 1, 7)]),1763,SAT
P969,24,8,8,CG(nc=6, r=8, tr=[(0, 1, 0), (2, 5, 1), (4, 0, 2), (2, 0, 3), (3, 2, 4), (4, 5, 5), (3, 0, 6), (4, 1, 7)]),CG(nc=5, r=8, tr=[(1, 2, 0), (0, 2, 1), (4, 1, 2), (3, 0, 3), (3, 2, 4), (2, 4, 5), (2, 3, 6), (1, 3, 7)]),2354,SAT
P970,22,7,7,CG(nc=5, r=7, tr=[(1, 4, 1), (0, 3, 2), (1, 0, 3), (0, 2, 4), (4, 3, 5), (3, 4, 6), (2, 3, 7)]),CG(nc=5, r=7, tr=[(1, 2, 1), (2, 4, 2), (3, 2, 3), (0, 3, 4), (2, 4, 5), (0, 3, 6), (0, 1, 7)]),1888,SAT
P971,18,6,6,CG(nc=5, r=6, tr=[(1, 4, 1), (3, 0, 2), (1, 0, 3), (2, 0, 4), (3, 4, 5), (2, 1, 6)]),CG(nc=5, r=6, tr=[(1, 0, 1), (1, 4, 2), (3, 0, 3), (3, 2, 4), (4, 2, 5), (3, 2, 6)]),1814,SAT
P972,14,5,5,CG(nc=4, r=5, tr=[(3, 2, 0), (3, 2, 1), (0, 2, 2), (3, 1, 3), (0, 1, 5)]),CG(nc=5, r=5, tr=[(1, 4, 0), (3, 0, 1), (4, 2, 2), (0, 2, 3), (3, 1, 5)]),1779,SAT
P973,16,6,6,CG(nc=5, r=6, tr=[(1, 2, 0), (3, 4, 1), (1, 0, 2), (3, 0, 3), (1, 4, 5), (0, 2, 7)]),CG(nc=4, r=6, tr=[(0, 1, 0), (2, 3, 1), (2, 1, 2), (2, 3, 3), (0, 2, 5), (0, 1, 7)]),1900,SAT
P974,18,6,6,CG(nc=5, r=6, tr=[(0, 1, 1), (2, 0, 2), (4, 1, 3), (3, 0, 4), (4, 2, 5), (3, 2, 7)]),CG(nc=5, r=6, tr=[(1, 4, 1), (3, 0, 2), (4, 2, 3), (3, 2, 4), (0, 2, 5), (1, 3, 7)]),1791,SAT
P975,10,4,4,CG(nc=4, r=4, tr=[(0, 1, 0), (3, 2, 1), (3, 1, 2), (0, 2, 3)]),CG(nc=4, r=4, tr=[(1, 3, 0), (0, 1, 1), (3, 2, 2), (0, 2, 3)]),1801,SAT
P980,24,9,9,CG(nc=6, r=9, tr=[(1, 2, 0), (5, 1, 1), (5, 1, 2), (1, 0, 3), (4, 5, 5), (2, 0, 6), (3, 4, 7), (3, 0, 0), (2, 3, 6)]),CG(nc=7, r=9, tr=[(1, 2, 0), (0, 3, 1), (6, 5, 2), (6, 4, 3), (0, 1, 5), (3, 2, 6), (5, 3, 7), (4, 1, 6), (1, 4, 0)]),7825,SAT
P981,20,7,7,CG(nc=5, r=7, tr=[(1, 0, 0), (4, 3, 1), (3, 4, 2), (0, 3, 3), (4, 2, 5), (3, 1, 6), (2, 1, 7)]),CG(nc=6, r=7, tr=[(1, 0, 0), (2, 5, 1), (0, 4, 2), (5, 1, 3), (3, 1, 5), (0, 3, 6), (2, 4, 7)]),1758,SAT
P982,26,9,9,CG(nc=6, r=9, tr=[(1, 0, 0), (5, 3, 1), (3, 5, 2), (3, 0, 3), (1, 4, 4), (0, 2, 5), (2, 1, 6), (4, 5, 7), (2, 3, 0)]),CG(nc=6, r=9, tr=[(1, 2, 0), (2, 3, 1), (5, 3, 2), (1, 5, 3), (0, 2, 4), (1, 4, 5), (2, 4, 6), (4, 2, 7), (0, 4, 0)]),4264,SAT
P983,16,6,6,CG(nc=4, r=6, tr=[(1, 0, 0), (3, 2, 1), (3, 2, 2), (2, 0, 3), (1, 2, 5), (1, 2, 6)]),CG(nc=5, r=6, tr=[(1, 4, 0), (4, 3, 1), (0, 3, 2), (0, 1, 3), (4, 2, 5), (1, 2, 6)]),1828,SAT
P984,24,8,8,CG(nc=5, r=8, tr=[(0, 1, 0), (2, 0, 1), (0, 2, 2), (4, 2, 3), (4, 3, 4), (3, 4, 5), (0, 1, 6), (1, 3, 7)]),CG(nc=6, r=8, tr=[(1, 0, 0), (2, 0, 1), (3, 5, 2), (5, 4, 3), (4, 1, 4), (1, 0, 5), (1, 4, 6), (2, 3, 7)]),2260,SAT
P985,24,8,8,CG(nc=6, r=8, tr=[(1, 2, 0), (5, 4, 1), (4, 5, 2), (0, 4, 3), (3, 4, 4), (5, 2, 5), (3, 1, 6), (0, 1, 7)]),CG(nc=5, r=8, tr=[(1, 0, 0), (2, 4, 1), (2, 1, 2), (1, 3, 3), (3, 4, 4), (1, 0, 5), (3, 4, 6), (0, 1, 7)]),2198,SAT
P986,24,8,8,CG(nc=5, r=8, tr=[(4, 2, 0), (0, 3, 1), (2, 1, 2), (4, 3, 3), (2, 3, 4), (0, 1, 5), (4, 2, 6), (0, 3, 7)]),CG(nc=5, r=8, tr=[(1, 0, 0), (0, 2, 1), (2, 3, 2), (1, 3, 3), (4, 3, 4), (1, 0, 5), (4, 3, 6), (3, 4, 7)]),2084,SAT
P987,20,7,7,CG(nc=5, r=7, tr=[(1, 2, 0), (1, 4, 1), (4, 2, 2), (2, 0, 3), (3, 1, 4), (1, 0, 5), (0, 3, 6)]),CG(nc=5, r=7, tr=[(1, 2, 0), (4, 2, 1), (2, 0, 2), (1, 0, 3), (4, 3, 4), (1, 3, 5), (2, 4, 6)]),1951,SAT
P988,20,7,7,CG(nc=4, r=7, tr=[(1, 3, 0), (0, 2, 1), (0, 2, 2), (2, 3, 3), (1, 2, 5), (1, 3, 6), (0, 2, 7)]),CG(nc=6, r=7, tr=[(5, 2, 0), (3, 0, 1), (4, 5, 2), (1, 0, 3), (1, 5, 5), (2, 1, 6), (4, 3, 7)]),1926,SAT
P989,16,6,6,CG(nc=5, r=6, tr=[(1, 4, 0), (3, 4, 1), (4, 3, 2), (0, 3, 3), (1, 2, 5), (0, 2, 7)]),CG(nc=5, r=6, tr=[(1, 0, 0), (4, 3, 1), (2, 0, 2), (4, 1, 3), (0, 1, 5), (2, 3, 7)]),1695,SAT
P990,24,8,8,CG(nc=5, r=8, tr=[(0, 1, 0), (4, 3, 1), (3, 4, 2), (3, 0, 3), (2, 4, 4), (1, 3, 5), (0, 1, 6), (3, 2, 7)]),CG(nc=6, r=8, tr=[(1, 2, 0), (5, 4, 1), (4, 3, 2), (5, 1, 3), (0, 3, 4), (0, 1, 5), (2, 0, 6), (0, 3, 7)]),2310,SAT
P991,12,5,5,CG(nc=4, r=5, tr=[(1, 3, 0), (2, 0, 1), (2, 0, 2), (3, 2, 3), (2, 1, 5)]),CG(nc=4, r=5, tr=[(0, 1, 0), (0, 2, 1), (3, 2, 2), (3, 1, 3), (0, 1, 5)]),1726,SAT
