name,type,expr,t_ref,reason,our_count
P3,pdn,d+c+b,3,failed,
P3,pun,d+c+b,3,suboptimal,6
P6,pun,!a*!b+a*b+d+c,6,suboptimal,7
P9,pun,a*!b+!a*b+d+c,6,suboptimal,7
P10,pdn,d+c+!a,3,suboptimal,5
P11,pun,!a*b+d+c,4,suboptimal,6
P15,pdn,d+c,2,suboptimal,11
P15,pun,d+c,2,suboptimal,15
P22,pdn,!a*!b*!c+b*c+a*c+a*b+d,8,suboptimal,10
P23,pun,b*c+a*c+a*b+d,6,suboptimal,8
P25,pun,b*c+a*!b+!a*b+d,6,suboptimal,7
P27,pun,a*c+!a*b+d,5,suboptimal,6
P30,pun,!a*!b*!c+b*c+a*c+d,7,suboptimal,11
P41,pdn,a*!b*!c+b*c+!a*c+!a*b+d,8,suboptimal,9
P44,pun,!b*!c+b*c+!a*c+d,6,suboptimal,8
P45,pun,a*!b*!c+b*c+!a*c+d,7,suboptimal,14
P46,pun,b*c+!a*!b+d,5,suboptimal,6
P60,pdn,!b*!c+b*c+d,5,suboptimal,18
P60,pun,!b*!c+b*c+d,5,suboptimal,8
P61,pdn,a*!b*!c+b*c+d,6,suboptimal,8
P61,pun,a*!b*!c+b*c+d,6,suboptimal,9
P62,pun,!a*!b*!c+b*c+d,6,suboptimal,11
P63,pdn,b*c+d,3,failed,
P63,pun,b*c+d,3,suboptimal,6
P104,pdn,a*b*c+!b*!c+!a*!c+!a*!b+d,8,suboptimal,9
P104,pun,a*b*c+!b*!c+!a*!c+!a*!b+d,8,suboptimal,11
P105,pun,a*!b*!c+!a*b*!c+!a*!b*c+a*b*c+d,9,suboptimal,13
P106,pun,a*b*c+!a*!c+!a*!b+d,7,suboptimal,18
P107,pun,!a*b*!c+!a*!b*c+a*b*c+d,8,suboptimal,17
P110,pdn,a*b*c+!a*!b+d,6,suboptimal,7
P110,pun,a*b*c+!a*!b+d,6,suboptimal,8
P131,pdn,b*!c+!b*c+!a*c+d,6,suboptimal,7
P131,pun,b*!c+!b*c+!a*c+d,6,suboptimal,10
P134,pdn,a*b*!c+!b*c+!a*c+!a*!b+d,8,suboptimal,9
P135,pun,a*b*!c+!b*c+!a*c+d,7,suboptimal,10
P136,pdn,d+!b+!a,3,suboptimal,8
P137,pun,!b*c+a*!b+!a*b+d,6,suboptimal,7
P139,pun,!b*c+!a*b+d,5,suboptimal,6
P142,pun,!b*c+!a*c+!a*!b+d,6,suboptimal,7
P151,pdn,a*b*!c+a*!b*c+!a*b*c+d,8,suboptimal,13
P151,pun,a*b*!c+a*!b*c+!a*b*c+d,8,suboptimal,10
P152,pun,!b*!c+a*!b+!a*b+d,6,suboptimal,7
P153,pdn,a*!b+!a*b+d,5,suboptimal,6
P153,pun,a*!b+!a*b+d,5,suboptimal,7
P154,pun,a*!b*c+!a*!c+!a*b+d,7,suboptimal,11
P155,pun,a*!b*c+!a*b+d,6,suboptimal,8
P158,pun,!a*!b*!c+a*!b*c+!a*b*c+d,8,suboptimal,17
P169,pun,a*!b*!c+!a*c+!a*b+d,7,suboptimal,11
P170,pdn,d+!a,2,suboptimal,7
P170,pun,d+!a,2,suboptimal,5
P172,pun,!b*!c+!a*c+d,5,suboptimal,9
P173,pun,a*!b*!c+!a*c+d,6,suboptimal,9
P188,pdn,!a*b*c+!b*!c+d,6,suboptimal,8
P188,pun,!a*b*c+!b*!c+d,6,suboptimal,11
P189,pun,a*!b*!c+!a*b*c+d,7,suboptimal,8
P190,pdn,!a*!b*!c+!a*b*c+d,6,suboptimal,8
P190,pun,!a*!b*!c+!a*b*c+d,6,suboptimal,9
P191,pun,!a*b*c+d,4,suboptimal,5
P233,pun,a*!b*!c+!a*b*!c+!a*!b*c+d,8,suboptimal,15
P238,pdn,!a*!b+d,3,suboptimal,5
P238,pun,!a*!b+d,3,suboptimal,4
P255,pdn,d,1,failed,
P255,pun,d,1,suboptimal,5
P278,pdn,!a*!b*!c*!d+c*d+b*d+a*d+b*c+a*c+a*b,10,suboptimal,19
P279,pdn,c*d+b*d+a*d+b*c+a*c+a*b,8,suboptimal,9
P279,pun,c*d+b*d+a*d+b*c+a*c+a*b,8,suboptimal,11
P280,pdn,!b*!c*!d+c*d+a*d+a*c+!a*b,9,suboptimal,12
P281,pdn,c*d+b*d+b*c+a*!b+!a*b,7,suboptimal,8
P281,pun,c*d+b*d+b*c+a*!b+!a*b,7,suboptimal,9
P282,pdn,!a*!c*!d+c*d+a*d+a*c+!a*b,8,suboptimal,9
P283,pdn,c*d+a*d+a*c+!a*b,6,suboptimal,8
P283,pun,c*d+a*d+a*c+!a*b,6,suboptimal,9
P286,pdn,!a*!b*!c*!d+c*d+b*d+a*d+b*c+a*c,9,suboptimal,10
P286,pun,!a*!b*!c*!d+c*d+b*d+a*d+b*c+a*c,9,suboptimal,14
P287,pdn,c*d+b*d+a*d+b*c+a*c,6,suboptimal,7
P287,pun,c*d+b*d+a*d+b*c+a*c,6,suboptimal,7
P296,pdn,!b*!c*!d+a*d+b*c+!a*c+!a*b,9,suboptimal,11
P296,pun,!b*!c*!d+a*d+b*c+!a*c+!a*b,9,suboptimal,13
P297,pdn,a*!b*!c+a*d+b*c+!a*c+!a*b,8,suboptimal,9
P297,pun,a*!b*!c+a*d+b*c+!a*c+!a*b,8,suboptimal,11
P298,pdn,!a*!d+c*d+b*d+a*d+b*c,7,suboptimal,8
P298,pun,!a*!d+c*d+b*d+a*d+b*c,7,suboptimal,10
P299,pdn,a*d+b*c+!a*c+!a*b,6,suboptimal,7
P299,pun,a*d+b*c+!a*c+!a*b,6,suboptimal,8
P300,pdn,!b*!c*!d+b*d+a*d+b*c+!a*c,8,suboptimal,9
P300,pun,!b*!c*!d+b*d+a*d+b*c+!a*c,8,suboptimal,11
P301,pdn,a*!b*!c+c*d+b*d+b*c+!a*c,7,suboptimal,9
P301,pun,a*!b*!c+c*d+b*d+b*c+!a*c,7,suboptimal,10
P302,pdn,!a*!b*!d+c*d+b*d+a*d+b*c,7,suboptimal,9
P302,pun,!a*!b*!d+c*d+b*d+a*d+b*c,7,suboptimal,10
P303,pdn,b*d+a*d+b*c+!a*c,5,suboptimal,6
P316,pdn,!b*!c*!d+c*d+b*d+a*d+b*c,8,suboptimal,9
P316,pun,!b*!c*!d+c*d+b*d+a*d+b*c,8,suboptimal,11
P317,pdn,a*!b*!c+c*d+b*d+b*c,7,suboptimal,9
P317,pun,a*!b*!c+c*d+b*d+b*c,7,suboptimal,9
P318,pdn,!a*!b*!c*!d+c*d+b*d+a*d+b*c,9,suboptimal,10
P318,pun,!a*!b*!c*!d+c*d+b*d+a*d+b*c,9,suboptimal,12
P360,pdn,!b*!c*!d+!a*b*!c+!a*!b*c+a*b*c+c*d+a*d,10,suboptimal,17
P360,pun,!b*!c*!d+!a*b*!c+!a*!b*c+a*b*c+c*d+a*d,10,suboptimal,11
P361,pdn,a*!b*!c+!a*b*!c+!a*!b*c+a*b*c+c*d+a*d,9,suboptimal,11
P361,pun,a*!b*!c+!a*b*!c+!a*!b*c+a*b*c+c*d+a*d,9,suboptimal,12
P362,pdn,!a*!c*!d+!a*!b*c+a*b*c+b*d+a*d,9,suboptimal,11
P362,pun,!a*!c*!d+!a*!b*c+a*b*c+b*d+a*d,9,suboptimal,10
P363,pdn,!a*b*!c+!a*!b*c+a*b*c+c*d+a*d,9,suboptimal,11
P366,pdn,!a*!b*!d+a*b*c+c*d+b*d+a*d,8,suboptimal,13
P366,pun,!a*!b*!d+a*b*c+c*d+b*d+a*d,8,suboptimal,14
P367,pdn,!a*!b*c+a*b*c+b*d+a*d,7,suboptimal,9
P367,pun,!a*!b*c+a*b*c+b*d+a*d,7,suboptimal,8
P382,pdn,!a*!b*!c*!d+a*b*c+c*d+b*d+a*d,9,suboptimal,18
P382,pun,!a*!b*!c*!d+a*b*c+c*d+b*d+a*d,9,suboptimal,10
P385,pdn,c*d+a*!c+!b*c+!a*b,7,suboptimal,8
P385,pun,c*d+a*!c+!b*c+!a*b,7,suboptimal,9
P386,pun,!a*!d+c*d+a*d+b*!c+!b*c,9,suboptimal,12
P387,pdn,a*d+b*!c+!b*c+!a*c,7,suboptimal,8
P387,pun,a*d+b*!c+!b*c+!a*c,7,suboptimal,10
P390,pdn,!a*!b*!d+a*b*!c+b*d+a*d+!b*c+!a*c,10,suboptimal,12
P390,pun,!a*!b*!d+a*b*!c+b*d+a*d+!b*c+!a*c,10,suboptimal,11
P391,pdn,a*b*!c+b*d+a*d+!b*c+!a*c,9,suboptimal,11
P391,pun,a*b*!c+b*d+a*d+!b*c+!a*c,9,suboptimal,11
P392,pdn,!b*!d+c*d+a*d+!a*b,7,suboptimal,8
P393,pun,b*d+!b*c+a*!b+!a*b,6,suboptimal,7
P394,pun,!a*!d+b*d+a*d+!b*c,7,suboptimal,11
P395,pun,a*d+!b*c+!a*b,6,suboptimal,8
P398,pdn,!a*!b*!d+b*d+a*d+!b*c+!a*c,9,suboptimal,13
P398,pun,!a*!b*!d+b*d+a*d+!b*c+!a*c,9,suboptimal,10
P399,pdn,b*d+a*d+!b*c+!a*c,6,suboptimal,8
P399,pun,b*d+a*d+!b*c+!a*c,6,suboptimal,8
P406,pdn,!a*!b*!c*!d+a*b*!c+a*!b*c+!a*b*c+c*d+b*d+a*d,11,failed,
P406,pun,!a*!b*!c*!d+a*b*!c+a*!b*c+!a*b*c+c*d+b*d+a*d,11,suboptimal,12
P407,pdn,a*b*!c+a*!b*c+!a*b*c+c*d+b*d+a*d,9,suboptimal,15
P407,pun,a*b*!c+a*!b*c+!a*b*c+c*d+b*d+a*d,9,suboptimal,13
P408,pdn,!b*!c*!d+c*d+b*d+a*!b+!a*b,8,suboptimal,9
P409,pun,c*d+b*d+a*!b+!a*b,7,suboptimal,8
P410,pdn,!a*!c*!d+a*!b*c+c*d+a*d+!a*b,9,suboptimal,15
P411,pdn,a*!b*c+c*d+a*d+!a*b,7,suboptimal,8
P411,pun,a*!b*c+c*d+a*d+!a*b,7,suboptimal,11
P414,pdn,!a*!b*!c*!d+a*!b*c+!a*b*c+c*d+b*d+a*d,10,suboptimal,19
P414,pun,!a*!b*!c*!d+a*!b*c+!a*b*c+c*d+b*d+a*d,10,failed,
P415,pdn,a*!b*c+!a*b*c+c*d+b*d+a*d,8,suboptimal,9
P415,pun,a*!b*c+!a*b*c+c*d+b*d+a*d,8,suboptimal,12
P424,pdn,!b*!c*!d+a*d+!a*c+!a*b,8,suboptimal,10
P424,pun,!b*!c*!d+a*d+!a*c+!a*b,8,suboptimal,10
P425,pdn,a*!b*!c+a*d+!a*c+!a*b,7,suboptimal,9
P425,pun,a*!b*!c+a*d+!a*c+!a*b,7,suboptimal,10
P426,pun,!a*!d+c*d+b*d+a*d,6,suboptimal,7
P428,pdn,!b*!c*!d+b*d+a*d+!a*c,8,suboptimal,10
P428,pun,!b*!c*!d+b*d+a*d+!a*c,8,suboptimal,10
P429,pdn,a*!b*!c+c*d+b*d+!a*c,7,suboptimal,8
P429,pun,a*!b*!c+c*d+b*d+!a*c,7,suboptimal,8
P430,pdn,!a*!b*!d+b*d+a*d+!a*c,7,suboptimal,9
P430,pun,!a*!b*!d+b*d+a*d+!a*c,7,suboptimal,15
P444,pdn,!b*!c*!d+!a*b*c+c*d+b*d+a*d,9,suboptimal,14
P445,pdn,a*!b*!c+!a*b*c+c*d+b*d,8,suboptimal,11
P445,pun,a*!b*!c+!a*b*c+c*d+b*d,8,suboptimal,9
P446,pdn,!a*!b*!c*!d+!a*b*c+c*d+b*d+a*d,9,suboptimal,10
P488,pdn,!b*!c*!d+!a*b*!c+!a*!b*c+c*d+a*d,9,suboptimal,11
P488,pun,!b*!c*!d+!a*b*!c+!a*!b*c+c*d+a*d,9,suboptimal,10
P489,pdn,a*!b*!c+!a*b*!c+!a*!b*c+c*d+a*d,8,suboptimal,14
P489,pun,a*!b*!c+!a*b*!c+!a*!b*c+c*d+a*d,8,suboptimal,11
P490,pdn,!a*!c*!d+!a*!b*c+b*d+a*d,8,suboptimal,10
P491,pdn,!a*b*!c+!a*!b*c+c*d+a*d,7,suboptimal,15
P491,pun,!a*b*!c+!a*!b*c+c*d+a*d,7,suboptimal,9
P552,pdn,!b*!c*!d+c*d+b*d+b*c+!a,8,suboptimal,10
P553,pdn,a*!b*!c*!d+c*d+b*d+!a*d+b*c+!a*c+!a*b,10,suboptimal,17
P553,pun,a*!b*!c*!d+c*d+b*d+!a*d+b*c+!a*c+!a*b,10,suboptimal,11
P555,pdn,c*d+b*d+!a*d+b*c+!a*c+!a*b,8,suboptimal,11
P555,pun,c*d+b*d+!a*d+b*c+!a*c+!a*b,8,suboptimal,10
P556,pdn,!b*!c*!d+c*d+b*d+b*c+!a*!b,8,suboptimal,9
P557,pdn,a*!b*!c*!d+c*d+b*d+!a*d+b*c+!a*c,9,suboptimal,15
P558,pdn,c*d+b*d+b*c+!a*!b,6,suboptimal,7
P558,pun,c*d+b*d+b*c+!a*!b,6,suboptimal,7
P559,pun,c*d+b*d+!a*d+b*c+!a*c,6,suboptimal,9
P572,pdn,!b*!c*!d+c*d+b*d+!a*d+b*c,8,suboptimal,12
P573,pdn,a*!b*!c*!d+c*d+b*d+!a*d+b*c,9,suboptimal,10
P573,pun,a*!b*!c*!d+c*d+b*d+!a*d+b*c,9,suboptimal,12
P574,pdn,!a*!b*!c+c*d+b*d+b*c,7,suboptimal,9
P574,pun,!a*!b*!c+c*d+b*d+b*c,7,suboptimal,9
P575,pun,c*d+b*d+!a*d+b*c,6,suboptimal,7
P577,pun,a*!d+c*d+!a*d+b*!c+!b*c,9,suboptimal,10
P578,pdn,c*d+!a*!c+!b*c+a*b,7,suboptimal,8
P578,pun,c*d+!a*!c+!b*c+a*b,7,suboptimal,9
P579,pun,!a*d+b*!c+!b*c+a*c,7,suboptimal,9
P582,pdn,b*d+!b*c+!a*!b+a*b,6,suboptimal,7
P582,pun,b*d+!b*c+!a*!b+a*b,6,suboptimal,7
P583,pun,!a*d+!b*c+a*b,6,suboptimal,7
P584,pun,!b*!d+c*d+b*d+!a*!c+a*c,9,suboptimal,10
P585,pdn,a*!b*!d+!a*b*!c+b*d+!a*d+!b*c+a*c,10,suboptimal,13
P585,pun,a*!b*!d+!a*b*!c+b*d+!a*d+!b*c+a*c,10,suboptimal,11
P586,pdn,b*d+!a*!c+!b*c+a*c,7,suboptimal,8
P586,pun,b*d+!a*!c+!b*c+a*c,7,suboptimal,8
P587,pdn,!a*b*!c+b*d+!a*d+!b*c+a*c,9,suboptimal,12
P587,pun,!a*b*!c+b*d+!a*d+!b*c+a*c,9,suboptimal,17
P590,pun,b*d+a*c+!a*!b,6,suboptimal,7
P591,pdn,b*d+!a*d+!b*c+a*c,6,suboptimal,9
P591,pun,b*d+!a*d+!b*c+a*c,6,suboptimal,7
P596,pdn,!b*!c*!d+!a*d+a*c+a*b,8,suboptimal,10
P596,pun,!b*!c*!d+!a*d+a*c+a*b,8,suboptimal,9
P598,pdn,!a*!b*!c+!a*d+a*c+a*b,7,suboptimal,9
P598,pun,!a*!b*!c+!a*d+a*c+a*b,7,suboptimal,8
P600,pdn,a*!b*!d+c*d+b*d+!a*!c+a*c,8,suboptimal,9
P600,pun,a*!b*!d+c*d+b*d+!a*!c+a*c,8,suboptimal,9
P601,pdn,a*!b*!d+!a*b*!c+b*d+!a*d+a*c,9,suboptimal,10
P601,pun,a*!b*!d+!a*b*!c+b*d+!a*d+a*c,9,suboptimal,10
P603,pdn,!a*b*!c+b*d+!a*d+a*c,7,suboptimal,8
P603,pun,!a*b*!c+b*d+!a*d+a*c,7,suboptimal,9
P604,pdn,!b*!c*!d+b*d+!a*d+a*c,8,suboptimal,9
P604,pun,!b*!c*!d+b*d+!a*d+a*c,8,suboptimal,10
P605,pdn,a*!b*!d+b*d+!a*d+a*c,7,suboptimal,8
P605,pun,a*!b*!d+b*d+!a*d+a*c,7,suboptimal,10
P606,pdn,!a*!b*!c+c*d+b*d+a*c,7,suboptimal,8
P606,pun,!a*!b*!c+c*d+b*d+a*c,7,suboptimal,8
P616,pdn,!b*!c*!d+a*b*c+c*d+b*d+!a*!c+!a*!b,10,suboptimal,17
P616,pun,!b*!c*!d+a*b*c+c*d+b*d+!a*!c+!a*!b,10,suboptimal,11
P617,pdn,a*!b*!c*!d+!a*b*!c+!a*!b*c+a*b*c+c*d+b*d+!a*d,11,suboptimal,15
P617,pun,a*!b*!c*!d+!a*b*!c+!a*!b*c+a*b*c+c*d+b*d+!a*d,11,suboptimal,13
P618,pun,a*b*c+c*d+b*d+!a*!c+!a*!b,9,suboptimal,10
P619,pdn,!a*b*!c+!a*!b*c+a*b*c+c*d+b*d+!a*d,9,suboptimal,14
P619,pun,!a*b*!c+!a*!b*c+a*b*c+c*d+b*d+!a*d,9,suboptimal,12
P620,pdn,!b*!c*!d+a*b*c+c*d+b*d+!a*!b,9,suboptimal,15
P621,pdn,a*!b*!c*!d+!a*!b*c+a*b*c+c*d+b*d+!a*d,10,suboptimal,19
P621,pun,a*!b*!c*!d+!a*!b*c+a*b*c+c*d+b*d+!a*d,10,suboptimal,13
P622,pdn,a*b*c+c*d+b*d+!a*!b,7,suboptimal,10
P622,pun,a*b*c+c*d+b*d+!a*!b,7,suboptimal,9
P623,pdn,!a*!b*c+a*b*c+c*d+b*d+!a*d,8,suboptimal,10
P623,pun,!a*!b*c+a*b*c+c*d+b*d+!a*d,8,suboptimal,11
P636,pdn,!b*!c*!d+a*b*c+c*d+b*d+!a*d,9,suboptimal,10
P636,pun,!b*!c*!d+a*b*c+c*d+b*d+!a*d,9,suboptimal,10
P637,pdn,a*!b*!c*!d+a*b*c+c*d+b*d+!a*d,9,suboptimal,19
P637,pun,a*!b*!c*!d+a*b*c+c*d+b*d+!a*d,9,suboptimal,12
P638,pdn,!a*!b*!c+a*b*c+c*d+b*d,8,suboptimal,10
P638,pun,!a*!b*!c+a*b*c+c*d+b*d,8,suboptimal,9
P641,pdn,a*!c*!d+b*d+!a*d+!b*c+!a*b,9,suboptimal,11
P641,pun,a*!c*!d+b*d+!a*d+!b*c+!a*b,9,suboptimal,10
P643,pdn,c*d+!a*d+b*!c+!b*c+!a*c,7,suboptimal,9
P643,pun,c*d+!a*d+b*!c+!b*c+!a*c,7,suboptimal,9
P644,pdn,a*!c*!d+b*d+!b*c+!a*c+!a*!b,9,suboptimal,11
P645,pdn,a*!c*!d+b*d+!a*d+!b*c+!a*c,8,suboptimal,10
P645,pun,a*!c*!d+b*d+!a*d+!b*c+!a*c,8,suboptimal,9
P646,pdn,a*b*!c+b*d+!b*c+!a*c+!a*!b,8,suboptimal,13
P646,pun,a*b*!c+b*d+!b*c+!a*c+!a*!b,8,suboptimal,11
P647,pdn,a*b*!c+c*d+!a*d+!b*c+!a*c,7,suboptimal,9
P647,pun,a*b*!c+c*d+!a*d+!b*c+!a*c,7,suboptimal,13
P649,pdn,a*!b*!d+b*d+!a*d+!b*c+!a*b,8,suboptimal,9
P649,pun,a*!b*!d+b*d+!a*d+!b*c+!a*b,8,suboptimal,9
P650,pun,b*d+!b*c+!a,5,suboptimal,6
P651,pdn,b*d+!a*d+!b*c+!a*b,6,suboptimal,8
P651,pun,b*d+!a*d+!b*c+!a*b,6,suboptimal,7
P652,pdn,!b*!d+c*d+b*d+!a*d+!a*c,7,suboptimal,10
P652,pun,!b*!d+c*d+b*d+!a*d+!a*c,7,suboptimal,8
P653,pdn,a*!b*!d+c*d+b*d+!a*d+!a*c,7,suboptimal,9
P653,pun,a*!b*!d+c*d+b*d+!a*d+!a*c,7,suboptimal,8
P654,pdn,b*d+!b*c+!a*c+!a*!b,6,suboptimal,7
P654,pun,b*d+!b*c+!a*c+!a*!b,6,suboptimal,7
P655,pdn,b*d+!a*d+!b*c+!a*c,5,suboptimal,7
P655,pun,b*d+!a*d+!b*c+!a*c,5,suboptimal,6
P660,pdn,!b*!c*!d+a*b*!c+a*!b*c+!a*b*c+c*d+!a*d,10,suboptimal,15
P660,pun,!b*!c*!d+a*b*!c+a*!b*c+!a*b*c+c*d+!a*d,10,suboptimal,13
P661,pdn,a*!c*!d+a*!b*c+!a*b*c+b*d+!a*d,9,suboptimal,13
P661,pun,a*!c*!d+a*!b*c+!a*b*c+b*d+!a*d,9,suboptimal,10
P662,pdn,!a*!b*!c+a*b*!c+a*!b*c+!a*b*c+c*d+!a*d,9,suboptimal,15
P662,pun,!a*!b*!c+a*b*!c+a*!b*c+!a*b*c+c*d+!a*d,9,suboptimal,15
P663,pdn,a*b*!c+a*!b*c+!a*b*c+c*d+!a*d,9,suboptimal,12
P664,pdn,a*!b*!d+c*d+b*d+!a*!c+!a*b,8,suboptimal,10
P664,pun,a*!b*!d+c*d+b*d+!a*!c+!a*b,8,suboptimal,9
P665,pdn,a*!b*!d+c*d+b*d+!a*d+!a*b,8,suboptimal,13
P666,pdn,a*!b*c+c*d+b*d+!a*!c+!a*b,7,suboptimal,9
P666,pun,a*!b*c+c*d+b*d+!a*!c+!a*b,7,suboptimal,10
P667,pdn,a*!b*c+b*d+!a*d+!a*b,7,suboptimal,8
P668,pdn,!b*!c*!d+a*!b*c+!a*b*c+b*d+!a*d,9,suboptimal,13
P668,pun,!b*!c*!d+a*!b*c+!a*b*c+b*d+!a*d,9,suboptimal,13
P669,pdn,a*!b*!d+!a*b*c+c*d+b*d+!a*d,8,suboptimal,14
P669,pun,a*!b*!d+!a*b*c+c*d+b*d+!a*d,8,suboptimal,12
P670,pdn,!a*!b*!c+a*!b*c+!a*b*c+c*d+b*d,9,suboptimal,11
P670,pun,!a*!b*!c+a*!b*c+!a*b*c+c*d+b*d,9,suboptimal,13
P671,pdn,a*!b*c+!a*b*c+b*d+!a*d,7,suboptimal,8
P671,pun,a*!b*c+!a*b*c+b*d+!a*d,7,suboptimal,9
P681,pdn,a*!b*!c*!d+c*d+b*d+!a*d+!a*c+!a*b,9,suboptimal,18
P681,pun,a*!b*!c*!d+c*d+b*d+!a*d+!a*c+!a*b,9,suboptimal,10
P683,pdn,c*d+b*d+!a*d+!a*c+!a*b,6,suboptimal,8
P683,pun,c*d+b*d+!a*d+!a*c+!a*b,6,suboptimal,8
P684,pdn,!b*!c*!d+c*d+b*d+!a*d+!a*c,7,suboptimal,9
P684,pun,!b*!c*!d+c*d+b*d+!a*d+!a*c,7,suboptimal,8
P685,pdn,a*!b*!c*!d+c*d+b*d+!a*d+!a*c,9,suboptimal,12
P685,pun,a*!b*!c*!d+c*d+b*d+!a*d+!a*c,9,suboptimal,11
P686,pdn,c*d+b*d+!a*c+!a*!b,5,suboptimal,6
P686,pun,c*d+b*d+!a*c+!a*!b,5,suboptimal,6
P700,pdn,!b*!c*!d+!a*b*c+c*d+b*d+!a*d,8,suboptimal,15
P700,pun,!b*!c*!d+!a*b*c+c*d+b*d+!a*d,8,suboptimal,10
P701,pdn,a*!b*!c*!d+!a*b*c+c*d+b*d+!a*d,9,suboptimal,12
P701,pun,a*!b*!c*!d+!a*b*c+c*d+b*d+!a*d,9,suboptimal,10
P702,pdn,!a*!b*!c+!a*b*c+c*d+b*d,7,suboptimal,9
P704,pdn,!c*!d+b*d+!a*d+!b*c,7,suboptimal,9
P705,pdn,a*!c*!d+c*d+!a*d+b*!c+!b*c,8,suboptimal,9
P705,pun,a*!c*!d+c*d+!a*d+b*!c+!b*c,8,suboptimal,11
P706,pdn,c*d+b*!c+!a*!c+!b*c,6,suboptimal,8
P706,pun,c*d+b*!c+!a*!c+!b*c,6,suboptimal,8
P708,pdn,a*!c*!d+b*d+!b*c+!a*!b,8,suboptimal,9
P708,pun,a*!c*!d+b*d+!b*c+!a*!b,8,suboptimal,9
P709,pun,a*!c*!d+b*d+!a*d+!b*c,8,suboptimal,10
P710,pdn,a*b*!c+b*d+!b*c+!a*!b,7,suboptimal,10
P710,pun,a*b*!c+b*d+!b*c+!a*!b,7,suboptimal,10
P711,pdn,a*b*!c+c*d+!a*d+!b*c,7,suboptimal,9
P711,pun,a*b*!c+c*d+!a*d+!b*c,7,suboptimal,8
P712,pdn,!b*!d+c*d+b*d+!a*!c,7,suboptimal,11
P712,pun,!b*!d+c*d+b*d+!a*!c,7,suboptimal,8
P713,pdn,a*!b*!d+!a*b*!c+b*d+!a*d+!b*c,9,suboptimal,10
P713,pun,a*!b*!d+!a*b*!c+b*d+!a*d+!b*c,9,suboptimal,11
P714,pdn,b*d+!a*!c+!b*c,6,suboptimal,7
P714,pun,b*d+!a*!c+!b*c,6,suboptimal,7
P715,pdn,!a*b*!c+b*d+!a*d+!b*c,7,suboptimal,8
P715,pun,!a*b*!c+b*d+!a*d+!b*c,7,suboptimal,11
P716,pdn,!b*!d+c*d+b*d+!a*d,6,suboptimal,7
P716,pun,!b*!d+c*d+b*d+!a*d,6,suboptimal,8
P717,pdn,a*!b*!d+b*d+!a*d+!b*c,7,suboptimal,8
P717,pun,a*!b*!d+b*d+!a*d+!b*c,7,suboptimal,10
P718,pdn,b*d+!b*c+!a*!b,5,suboptimal,6
P718,pun,b*d+!b*c+!a*!b,5,suboptimal,7
P719,pun,b*d+!a*d+!b*c,5,suboptimal,6
P724,pdn,!b*!c*!d+a*b*!c+a*!b*c+c*d+!a*d,9,suboptimal,12
P724,pun,!b*!c*!d+a*b*!c+a*!b*c+c*d+!a*d,9,suboptimal,10
P725,pdn,a*!c*!d+a*!b*c+b*d+!a*d,8,suboptimal,11
P725,pun,a*!c*!d+a*!b*c+b*d+!a*d,8,suboptimal,10
P726,pdn,!a*!b*!c+a*b*!c+a*!b*c+c*d+!a*d,8,suboptimal,14
P726,pun,!a*!b*!c+a*b*!c+a*!b*c+c*d+!a*d,8,suboptimal,13
P727,pdn,a*b*!c+a*!b*c+c*d+!a*d,7,suboptimal,10
P728,pdn,a*!b*!d+c*d+b*d+!a*!c,8,suboptimal,9
P729,pdn,a*!b*!d+!a*b*!c+c*d+b*d+!a*d,9,suboptimal,18
P729,pun,a*!b*!d+!a*b*!c+c*d+b*d+!a*d,9,suboptimal,13
P730,pdn,a*!b*c+c*d+b*d+!a*!c,7,suboptimal,8
P731,pdn,!a*b*!c+a*!b*c+b*d+!a*d,8,suboptimal,12
P731,pun,!a*b*!c+a*!b*c+b*d+!a*d,8,suboptimal,9
P732,pdn,!b*!c*!d+a*!b*c+b*d+!a*d,8,suboptimal,11
P734,pdn,!a*!b*!c+a*!b*c+c*d+b*d,7,suboptimal,10
P734,pun,!a*!b*!c+a*!b*c+c*d+b*d,7,suboptimal,9
P735,pdn,a*!b*c+b*d+!a*d,6,suboptimal,7
P735,pun,a*!b*c+b*d+!a*d,6,suboptimal,7
P744,pun,!b*!c*!d+c*d+b*d+!a*!c+!a*!b,9,suboptimal,10
P745,pdn,a*!b*!c*!d+!a*b*!c+!a*!b*c+c*d+b*d+!a*d,10,suboptimal,17
P745,pun,a*!b*!c*!d+!a*b*!c+!a*!b*c+c*d+b*d+!a*d,10,suboptimal,20
P747,pdn,!a*b*!c+!a*!b*c+c*d+b*d+!a*d,8,suboptimal,9
P747,pun,!a*b*!c+!a*!b*c+c*d+b*d+!a*d,8,suboptimal,10
P748,pdn,!b*!c*!d+c*d+b*d+!a*!b,7,suboptimal,8
P749,pdn,a*!b*!c*!d+!a*!b*c+c*d+b*d+!a*d,9,suboptimal,19
P751,pun,!a*!b*c+c*d+b*d+!a*d,7,suboptimal,8
P764,pun,!b*!c*!d+c*d+b*d+!a*d,7,suboptimal,9
P765,pun,a*!b*!c*!d+c*d+b*d+!a*d,8,suboptimal,14
P766,pdn,!a*!b*!c+c*d+b*d,6,suboptimal,7
P766,pun,!a*!b*!c+c*d+b*d,6,suboptimal,7
P828,pdn,!b*!c*!d+c*d+b*d+b*c,7,failed,
P828,pun,!b*!c*!d+c*d+b*d+b*c,7,failed,
P829,pdn,a*!b*!c*!d+c*d+b*d+b*c,8,suboptimal,13
P829,pun,a*!b*!c*!d+c*d+b*d+b*c,8,suboptimal,9
P830,pdn,!a*!b*!c*!d+c*d+b*d+b*c,8,suboptimal,12
P830,pun,!a*!b*!c*!d+c*d+b*d+b*c,8,suboptimal,13
P831,pdn,c*d+b*d+b*c,5,suboptimal,7
P831,pun,c*d+b*d+b*c,5,suboptimal,6
P854,pdn,!a*!b*!c*!d+c*d+b*d+a*c+a*b,8,suboptimal,10
P854,pun,!a*!b*!c*!d+c*d+b*d+a*c+a*b,8,suboptimal,12
P856,pdn,!b*!c*!d+!a*b*!c+c*d+b*d+a*c,8,suboptimal,9
P856,pun,!b*!c*!d+!a*b*!c+c*d+b*d+a*c,8,suboptimal,9
P857,pdn,a*!b*!d+!a*b*!c+c*d+b*d+a*c,8,suboptimal,9
P857,pun,a*!b*!d+!a*b*!c+c*d+b*d+a*c,8,suboptimal,11
P858,pdn,!a*!c*!d+c*d+b*d+a*c,7,suboptimal,8
P858,pun,!a*!c*!d+c*d+b*d+a*c,7,suboptimal,9
P859,pdn,!a*b*!c+c*d+b*d+a*c,6,suboptimal,9
P859,pun,!a*b*!c+c*d+b*d+a*c,6,suboptimal,7
P862,pdn,!a*!b*!c*!d+c*d+b*d+a*c,8,suboptimal,10
P862,pun,!a*!b*!c*!d+c*d+b*d+a*c,8,suboptimal,11
P872,pdn,!b*!c*!d+!a*b*!c+!a*!b*c+a*b*c+c*d+b*d,10,suboptimal,16
P872,pun,!b*!c*!d+!a*b*!c+!a*!b*c+a*b*c+c*d+b*d,10,suboptimal,11
P873,pdn,a*!b*!c*!d+!a*b*!c+!a*!b*c+a*b*c+c*d+b*d,10,suboptimal,17
P873,pun,a*!b*!c*!d+!a*b*!c+!a*!b*c+a*b*c+c*d+b*d,10,suboptimal,15
P874,pdn,!a*!c*!d+!a*!b*c+a*b*c+c*d+b*d,9,suboptimal,15
P874,pun,!a*!c*!d+!a*!b*c+a*b*c+c*d+b*d,9,suboptimal,10
P875,pdn,!a*b*!c+!a*!b*c+a*b*c+c*d+b*d,8,suboptimal,12
P875,pun,!a*b*!c+!a*!b*c+a*b*c+c*d+b*d,8,suboptimal,12
P876,pdn,!b*!c*!d+!a*!b*c+a*b*c+c*d+b*d,9,suboptimal,15
P876,pun,!b*!c*!d+!a*!b*c+a*b*c+c*d+b*d,9,suboptimal,15
P877,pdn,a*!b*!c*!d+!a*!b*c+a*b*c+c*d+b*d,10,suboptimal,14
P877,pun,a*!b*!c*!d+!a*!b*c+a*b*c+c*d+b*d,10,suboptimal,14
P878,pdn,!a*!b*!d+a*b*c+c*d+b*d,8,suboptimal,13
P878,pun,!a*!b*!d+a*b*c+c*d+b*d,8,suboptimal,12
P879,pdn,!a*!b*c+a*b*c+c*d+b*d,7,suboptimal,8
P879,pun,!a*!b*c+a*b*c+c*d+b*d,7,suboptimal,12
P892,pdn,!b*!c*!d+a*b*c+c*d+b*d,8,suboptimal,10
P892,pun,!b*!c*!d+a*b*c+c*d+b*d,8,suboptimal,11
P893,pdn,a*!b*!c*!d+a*b*c+c*d+b*d,8,suboptimal,9
P894,pdn,!a*!b*!c*!d+a*b*c+c*d+b*d,9,suboptimal,12
P894,pun,!a*!b*!c*!d+a*b*c+c*d+b*d,9,suboptimal,14
P897,pdn,a*!c*!d+b*d+!b*c+!a*b,8,suboptimal,15
P897,pun,a*!c*!d+b*d+!b*c+!a*b,8,suboptimal,9
P898,pdn,!a*!d+c*d+b*!c+!b*c,7,suboptimal,9
P898,pun,!a*!d+c*d+b*!c+!b*c,7,suboptimal,8
P899,pdn,c*d+b*!c+!b*c+!a*c,6,suboptimal,8
P900,pdn,a*b*!c+!b*!d+c*d+b*d+!a*c,8,suboptimal,9
P900,pun,a*b*!c+!b*!d+c*d+b*d+!a*c,8,suboptimal,14
P901,pdn,a*!c*!d+b*d+!b*c+!a*c,8,suboptimal,12
P901,pun,a*!c*!d+b*d+!b*c+!a*c,8,suboptimal,11
P902,pdn,!a*!b*!d+a*b*!c+b*d+!b*c+!a*c,9,suboptimal,12
P902,pun,!a*!b*!d+a*b*!c+b*d+!b*c+!a*c,9,suboptimal,11
P903,pdn,a*b*!c+b*d+!b*c+!a*c,7,suboptimal,13
P903,pun,a*b*!c+b*d+!b*c+!a*c,7,suboptimal,12
P905,pun,a*!b*!d+b*d+!b*c+!a*b,7,suboptimal,9
P906,pdn,!a*!d+b*d+!b*c,6,suboptimal,7
P906,pun,!a*!d+b*d+!b*c,6,suboptimal,8
P907,pdn,b*d+!b*c+!a*b,5,suboptimal,7
P908,pun,!b*!d+c*d+b*d+!a*c,7,suboptimal,13
P909,pdn,a*!b*!d+c*d+b*d+!a*c,7,suboptimal,8
P909,pun,a*!b*!d+c*d+b*d+!a*c,7,suboptimal,8
P910,pdn,!a*!b*!d+b*d+!b*c+!a*c,7,suboptimal,9
P910,pun,!a*!b*!d+b*d+!b*c+!a*c,7,suboptimal,12
P911,pdn,b*d+!b*c+!a*c,5,suboptimal,6
P911,pun,b*d+!b*c+!a*c,5,suboptimal,7
P916,pdn,!b*!c*!d+a*b*!c+a*!b*c+!a*b*c+c*d+b*d,10,suboptimal,15
P916,pun,!b*!c*!d+a*b*!c+a*!b*c+!a*b*c+c*d+b*d,10,suboptimal,11
P917,pdn,a*!c*!d+a*!b*c+!a*b*c+c*d+b*d,9,suboptimal,13
P917,pun,a*!c*!d+a*!b*c+!a*b*c+c*d+b*d,9,suboptimal,14
P918,pdn,!a*!b*!c*!d+a*b*!c+a*!b*c+!a*b*c+c*d+b*d,10,suboptimal,20
P918,pun,!a*!b*!c*!d+a*b*!c+a*!b*c+!a*b*c+c*d+b*d,10,suboptimal,14
P919,pdn,a*b*!c+a*!b*c+!a*b*c+c*d+b*d,8,suboptimal,15
P919,pun,a*b*!c+a*!b*c+!a*b*c+c*d+b*d,8,suboptimal,10
P920,pdn,!b*!c*!d+a*!b*c+c*d+b*d+!a*b,8,suboptimal,11
P920,pun,!b*!c*!d+a*!b*c+c*d+b*d+!a*b,8,suboptimal,11
P921,pdn,a*!b*!d+c*d+b*d+!a*b,7,suboptimal,10
P922,pdn,!a*!c*!d+a*!b*c+c*d+b*d+!a*b,8,suboptimal,10
P922,pun,!a*!c*!d+a*!b*c+c*d+b*d+!a*b,8,suboptimal,15
P923,pdn,a*!b*c+c*d+b*d+!a*b,6,suboptimal,9
P923,pun,a*!b*c+c*d+b*d+!a*b,6,suboptimal,7
P924,pdn,!b*!c*!d+a*!b*c+!a*b*c+c*d+b*d,9,suboptimal,16
P924,pun,!b*!c*!d+a*!b*c+!a*b*c+c*d+b*d,9,suboptimal,13
P925,pdn,a*!b*!d+!a*b*c+c*d+b*d,8,suboptimal,15
P925,pun,a*!b*!d+!a*b*c+c*d+b*d,8,suboptimal,11
P926,pdn,!a*!b*!c*!d+a*!b*c+!a*b*c+c*d+b*d,10,suboptimal,16
P926,pun,!a*!b*!c*!d+a*!b*c+!a*b*c+c*d+b*d,10,suboptimal,19
P927,pdn,a*!b*c+!a*b*c+c*d+b*d,7,suboptimal,8
P927,pun,a*!b*c+!a*b*c+c*d+b*d,7,suboptimal,9
P936,pdn,!b*!c*!d+!a*!d+c*d+b*d,7,suboptimal,9
P936,pun,!b*!c*!d+!a*!d+c*d+b*d,7,suboptimal,9
P937,pdn,a*!b*!c*!d+c*d+b*d+!a*c+!a*b,8,suboptimal,19
P937,pun,a*!b*!c*!d+c*d+b*d+!a*c+!a*b,8,suboptimal,12
P940,pdn,!b*!c*!d+c*d+b*d+!a*c,7,suboptimal,8
P940,pun,!b*!c*!d+c*d+b*d+!a*c,7,suboptimal,10
P941,pdn,a*!b*!c*!d+c*d+b*d+!a*c,8,suboptimal,9
P941,pun,a*!b*!c*!d+c*d+b*d+!a*c,8,suboptimal,13
P942,pdn,!a*!b*!d+c*d+b*d+!a*c,6,suboptimal,7
P942,pun,!a*!b*!d+c*d+b*d+!a*c,6,suboptimal,9
P956,pdn,!b*!c*!d+!a*b*c+c*d+b*d,8,suboptimal,12
P956,pun,!b*!c*!d+!a*b*c+c*d+b*d,8,suboptimal,15
P957,pdn,a*!b*!c*!d+!a*b*c+c*d+b*d,9,suboptimal,12
P958,pdn,!a*!b*!c*!d+!a*b*c+c*d+b*d,8,suboptimal,19
P960,pdn,!c*!d+b*d+!b*c,6,failed,
P960,pun,!c*!d+b*d+!b*c,6,suboptimal,11
P961,pdn,a*!c*!d+c*d+b*!c+!b*c,7,suboptimal,12
P961,pun,a*!c*!d+c*d+b*!c+!b*c,7,suboptimal,10
P962,pdn,!a*!c*!d+c*d+b*!c+!b*c,7,suboptimal,10
P962,pun,!a*!c*!d+c*d+b*!c+!b*c,7,suboptimal,11
P963,pdn,c*d+b*!c+!b*c,5,failed,
P963,pun,c*d+b*!c+!b*c,5,failed,
P964,pdn,a*b*!c+!b*!d+c*d+b*d,7,suboptimal,9
P964,pun,a*b*!c+!b*!d+c*d+b*d,7,suboptimal,11
P965,pdn,a*!c*!d+b*d+!b*c,7,suboptimal,10
P965,pun,a*!c*!d+b*d+!b*c,7,suboptimal,10
P966,pdn,!a*!b*!d+a*b*!c+b*d+!b*c,8,suboptimal,10
P966,pun,!a*!b*!d+a*b*!c+b*d+!b*c,8,suboptimal,11
P967,pdn,a*b*!c+b*d+!b*c,6,suboptimal,9
P967,pun,a*b*!c+b*d+!b*c,6,suboptimal,10
P968,pun,!a*b*!c+!b*!d+c*d+b*d,7,suboptimal,11
P969,pdn,a*!b*!d+!a*b*!c+b*d+!b*c,8,suboptimal,11
P969,pun,a*!b*!d+!a*b*!c+b*d+!b*c,8,suboptimal,10
P970,pdn,!a*!c*!d+b*d+!b*c,7,suboptimal,9
P970,pun,!a*!c*!d+b*d+!b*c,7,suboptimal,11
P971,pdn,!a*b*!c+b*d+!b*c,6,suboptimal,9
P971,pun,!a*b*!c+b*d+!b*c,6,suboptimal,10
P972,pdn,!b*!d+c*d+b*d,5,failed,
P972,pun,!b*!d+c*d+b*d,5,suboptimal,8
P973,pdn,a*!b*!d+b*d+!b*c,6,suboptimal,8
P973,pun,a*!b*!d+b*d+!b*c,6,suboptimal,10
P974,pdn,!a*!b*!d+b*d+!b*c,6,suboptimal,8
P974,pun,!a*!b*!d+b*d+!b*c,6,suboptimal,7
P975,pdn,b*d+!b*c,4,failed,
P975,pun,b*d+!b*c,4,suboptimal,12
P980,pdn,!b*!c*!d+a*b*!c+a*!b*c+c*d+b*d,9,suboptimal,16
P980,pun,!b*!c*!d+a*b*!c+a*!b*c+c*d+b*d,9,suboptimal,12
P981,pdn,a*!c*!d+a*!b*c+c*d+b*d,7,suboptimal,12
P981,pun,a*!c*!d+a*!b*c+c*d+b*d,7,suboptimal,8
P982,pdn,!a*!b*!c*!d+a*b*!c+a*!b*c+c*d+b*d,9,suboptimal,17
P982,pun,!a*!b*!c*!d+a*b*!c+a*!b*c+c*d+b*d,9,suboptimal,20
P983,pdn,a*b*!c+a*!b*c+c*d+b*d,6,suboptimal,8
P983,pun,a*b*!c+a*!b*c+c*d+b*d,6,suboptimal,7
P984,pun,!b*!c*!d+!a*b*!c+a*!b*c+c*d+b*d,8,suboptimal,9
P985,pdn,a*!b*!d+!a*b*!c+c*d+b*d,8,suboptimal,13
P985,pun,a*!b*!d+!a*b*!c+c*d+b*d,8,suboptimal,9
P987,pdn,!a*b*!c+a*!b*c+c*d+b*d,7,suboptimal,9
P989,pdn,a*!b*!d+c*d+b*d,6,suboptimal,8
P990,pdn,!a*!b*!c*!d+a*!b*c+c*d+b*d,8,suboptimal,11
P990,pun,!a*!b*!c*!d+a*!b*c+c*d+b*d,8,suboptimal,11
P991,pdn,a*!b*c+c*d+b*d,5,suboptimal,6
P991,pun,a*!b*c+c*d+b*d,5,suboptimal,6
P1000,pdn,!b*!c*!d+!a*b*!c+!a*!b*c+c*d+b*d,9,suboptimal,15
P1000,pun,!b*!c*!d+!a*b*!c+!a*!b*c+c*d+b*d,9,suboptimal,11
P1001,pdn,a*!b*!c*!d+!a*b*!c+!a*!b*c+c*d+b*d,9,suboptimal,17
P1001,pun,a*!b*!c*!d+!a*b*!c+!a*!b*c+c*d+b*d,9,suboptimal,14
P1002,pdn,!a*!c*!d+!a*!b*c+c*d+b*d,7,suboptimal,11
P1003,pdn,!a*b*!c+!a*!b*c+c*d+b*d,6,suboptimal,9
P1003,pun,!a*b*!c+!a*!b*c+c*d+b*d,6,suboptimal,10
P1004,pdn,!b*!c*!d+!a*!b*c+c*d+b*d,7,suboptimal,10
P1005,pdn,a*!b*!c*!d+!a*!b*c+c*d+b*d,8,suboptimal,9
P1005,pun,a*!b*!c*!d+!a*!b*c+c*d+b*d,8,suboptimal,11
P1006,pun,!a*!b*!d+c*d+b*d,6,suboptimal,10
P1007,pdn,!a*!b*c+c*d+b*d,5,suboptimal,6
P1020,pdn,!b*!c*!d+c*d+b*d,6,suboptimal,11
P1020,pun,!b*!c*!d+c*d+b*d,6,suboptimal,15
P1021,pun,a*!b*!c*!d+c*d+b*d,7,suboptimal,9
P1023,pdn,c*d+b*d,3,suboptimal,7
P1023,pun,c*d+b*d,3,failed,
P1632,pdn,!c*!d+c*d+!a*!b+a*b,8,suboptimal,9
P1632,pun,!c*!d+c*d+!a*!b+a*b,8,suboptimal,10
P1633,pdn,b*!c*!d+a*!c*!d+!a*!b*d+!a*!b*c+c*d+a*b,10,suboptimal,20
P1633,pun,b*!c*!d+a*!c*!d+!a*!b*d+!a*!b*c+c*d+a*b,10,suboptimal,15
P1634,pun,b*!c*!d+c*d+!a*!b+a*b,8,suboptimal,9
P1635,pdn,b*!c*!d+!a*!b*d+!a*!b*c+c*d+a*b,9,suboptimal,19
P1635,pun,b*!c*!d+!a*!b*d+!a*!b*c+c*d+a*b,9,suboptimal,13
P1638,pun,c*d+!a*!b+a*b,6,suboptimal,8
P1639,pdn,!a*!b*d+!a*!b*c+c*d+a*b,8,suboptimal,12
P1639,pun,!a*!b*d+!a*!b*c+c*d+a*b,8,suboptimal,12
P1640,pdn,!b*!c*!d+!a*!c*!d+a*b*d+a*b*c+c*d+!a*!b,10,suboptimal,19
P1640,pun,!b*!c*!d+!a*!c*!d+a*b*d+a*b*c+c*d+!a*!b,10,suboptimal,15
P1641,pdn,a*!b*!c*!d+!a*b*!c*!d+!a*!b*d+a*b*d+!a*!b*c+a*b*c+c*d,11,failed,
P1641,pun,a*!b*!c*!d+!a*b*!c*!d+!a*!b*d+a*b*d+!a*!b*c+a*b*c+c*d,11,failed,
P1642,pdn,!a*!c*!d+a*b*d+a*b*c+c*d+!a*!b,9,suboptimal,14
P1642,pun,!a*!c*!d+a*b*d+a*b*c+c*d+!a*!b,9,suboptimal,13
P1643,pdn,!a*b*!c*!d+!a*!b*d+a*b*d+!a*!b*c+a*b*c+c*d,10,suboptimal,18
P1643,pun,!a*b*!c*!d+!a*!b*d+a*b*d+!a*!b*c+a*b*c+c*d,10,suboptimal,16
P1646,pdn,a*b*d+a*b*c+c*d+!a*!b,8,suboptimal,14
P1646,pun,a*b*d+a*b*c+c*d+!a*!b,8,suboptimal,10
P1647,pdn,!a*!b*d+a*b*d+!a*!b*c+a*b*c+c*d,8,suboptimal,13
P1647,pun,!a*!b*d+a*b*d+!a*!b*c+a*b*c+c*d,8,suboptimal,13
P1650,pun,!a*!c*!d+!a*!b*d+c*d+a*b,8,suboptimal,9
P1651,pdn,b*!c*!d+!a*!b*d+c*d+a*b,8,suboptimal,9
P1651,pun,b*!c*!d+!a*!b*d+c*d+a*b,8,suboptimal,9
P1654,pdn,!a*!b*!c+c*d+a*b,7,suboptimal,9
P1654,pun,!a*!b*!c+c*d+a*b,7,suboptimal,12
P1655,pun,!a*!b*d+c*d+a*b,6,suboptimal,7
P1656,pdn,!b*!c*!d+!a*!c*!d+!a*!b*d+a*b*d+a*b*c+c*d,10,suboptimal,20
P1656,pun,!b*!c*!d+!a*!c*!d+!a*!b*d+a*b*d+a*b*c+c*d,10,suboptimal,17
P1657,pdn,a*!b*!c*!d+!a*b*!c*!d+!a*!b*d+a*b*d+a*b*c+c*d,11,suboptimal,18
P1657,pun,a*!b*!c*!d+!a*b*!c*!d+!a*!b*d+a*b*d+a*b*c+c*d,11,suboptimal,16
P1658,pdn,!a*!c*!d+!a*!b*d+a*b*d+a*b*c+c*d,9,suboptimal,12
P1658,pun,!a*!c*!d+!a*!b*d+a*b*d+a*b*c+c*d,9,suboptimal,12
P1659,pdn,!a*b*!c*!d+!a*!b*d+a*b*d+a*b*c+c*d,9,suboptimal,18
P1659,pun,!a*b*!c*!d+!a*!b*d+a*b*d+a*b*c+c*d,9,suboptimal,11
P1662,pdn,a*b*d+!a*!b*!c+a*b*c+c*d,8,suboptimal,11
P1662,pun,a*b*d+!a*!b*!c+a*b*c+c*d,8,suboptimal,9
P1663,pdn,!a*!b*d+a*b*d+a*b*c+c*d,8,suboptimal,10
P1663,pun,!a*!b*d+a*b*d+a*b*c+c*d,8,suboptimal,10
P1664,pdn,a*b*!c+!b*!d+!a*!d+c*d+!a*!b,9,suboptimal,11
P1664,pun,a*b*!c+!b*!d+!a*!d+c*d+!a*!b,9,suboptimal,13
P1665,pdn,a*!c*!d+!a*b*!d+!a*!b*d+a*b*d+c*d+!b*c,10,suboptimal,19
P1665,pun,a*!c*!d+!a*b*!d+!a*!b*d+a*b*d+c*d+!b*c,10,suboptimal,11
P1666,pdn,a*b*!c+!a*!d+c*d+!b*c+!a*!b,8,suboptimal,12
P1666,pun,a*b*!c+!a*!d+c*d+!b*c+!a*!b,8,suboptimal,15
P1667,pdn,b*!c*!d+!a*!b*d+a*b*d+!b*c+!a*c,9,suboptimal,10
P1667,pun,b*!c*!d+!a*!b*d+a*b*d+!b*c+!a*c,9,suboptimal,12
P1670,pdn,a*b*!c+c*d+!b*c+!a*c+!a*!b,8,suboptimal,9
P1670,pun,a*b*!c+c*d+!b*c+!a*c+!a*!b,8,suboptimal,11
P1671,pdn,!a*!b*d+a*b*!c+c*d+!b*c+!a*c,8,suboptimal,11
P1671,pun,!a*!b*d+a*b*!c+c*d+!b*c+!a*c,8,suboptimal,11
P1672,pdn,a*b*d+!b*!d+!a*!d+c*d+!a*!b,8,suboptimal,9
P1672,pun,a*b*d+!b*!d+!a*!d+c*d+!a*!b,8,suboptimal,13
P1673,pdn,a*!b*!d+!a*b*!d+!a*!b*d+a*b*d+c*d+!b*c,9,suboptimal,15
P1673,pun,a*!b*!d+!a*b*!d+!a*!b*d+a*b*d+c*d+!b*c,9,suboptimal,10
P1674,pdn,a*b*d+!a*!d+c*d+!b*c+!a*!b,7,suboptimal,10
P1674,pun,a*b*d+!a*!d+c*d+!b*c+!a*!b,7,suboptimal,8
P1675,pdn,!a*b*!d+!a*!b*d+a*b*d+c*d+!b*c,9,suboptimal,11
P1675,pun,!a*b*!d+!a*!b*d+a*b*d+c*d+!b*c,9,suboptimal,11
P1678,pdn,a*b*d+!b*c+!a*c+!a*!b,7,suboptimal,11
P1679,pdn,!a*!b*d+a*b*d+!b*c+!a*c,7,suboptimal,8
P1680,pdn,!a*!b*d+a*b*d+a*!b*c+!a*b*c+!c*!d,8,suboptimal,11
P1680,pun,!a*!b*d+a*b*d+a*!b*c+!a*b*c+!c*!d,8,suboptimal,10
P1681,pdn,a*!c*!d+!a*b*!d+!a*!b*d+a*b*d+a*!b*c+c*d,9,suboptimal,10
P1681,pun,a*!c*!d+!a*b*!d+!a*!b*d+a*b*d+a*!b*c+c*d,9,suboptimal,14
P1682,pdn,!a*!c*!d+!a*!b*d+a*b*!c+a*!b*c+!a*b*c+c*d,9,suboptimal,13
P1682,pun,!a*!c*!d+!a*!b*d+a*b*!c+a*!b*c+!a*b*c+c*d,9,suboptimal,11
P1683,pdn,b*!c*!d+!a*!b*d+a*b*d+a*!b*c+!a*b*c,9,suboptimal,10
P1683,pun,b*!c*!d+!a*!b*d+a*b*d+a*!b*c+!a*b*c,9,suboptimal,11
P1686,pdn,!a*!b*!c+a*b*!c+a*!b*c+!a*b*c+c*d,9,suboptimal,13
P1687,pdn,!a*!b*d+a*b*!c+a*!b*c+!a*b*c+c*d,8,suboptimal,13
P1687,pun,!a*!b*d+a*b*!c+a*!b*c+!a*b*c+c*d,8,suboptimal,9
P1688,pdn,!b*!c*!d+!a*b*!d+!a*!b*d+a*b*d+a*!b*c+c*d,9,suboptimal,14
P1688,pun,!b*!c*!d+!a*b*!d+!a*!b*d+a*b*d+a*!b*c+c*d,9,suboptimal,11
P1689,pun,a*!b*!d+!a*b*!d+!a*!b*d+a*b*d+c*d,9,suboptimal,10
P1690,pdn,!a*!c*!d+!a*!b*d+a*b*d+a*!b*c+!a*b*c,9,suboptimal,15
P1690,pun,!a*!c*!d+!a*!b*d+a*b*d+a*!b*c+!a*b*c,9,suboptimal,11
P1691,pdn,!a*b*!d+!a*!b*d+a*b*d+a*!b*c+c*d,8,suboptimal,10
P1691,pun,!a*b*!d+!a*!b*d+a*b*d+a*!b*c+c*d,8,suboptimal,10
P1694,pdn,a*b*d+!a*!b*!c+a*!b*c+!a*b*c+c*d,8,suboptimal,15
P1694,pun,a*b*d+!a*!b*!c+a*!b*c+!a*b*c+c*d,8,suboptimal,9
P1695,pdn,!a*!b*d+a*b*d+a*!b*c+!a*b*c,8,suboptimal,11
P1695,pun,!a*!b*d+a*b*d+a*!b*c+!a*b*c,8,suboptimal,10
P1696,pdn,a*b*d+!c*!d+!a*!d+c*d+!a*!b,8,suboptimal,9
P1696,pun,a*b*d+!c*!d+!a*!d+c*d+!a*!b,8,suboptimal,10
P1697,pdn,a*!c*!d+!a*b*!d+!a*!b*d+a*b*d+c*d+!a*c,10,suboptimal,17
P1698,pdn,a*b*!c+!a*!d+c*d+!a*!b,8,suboptimal,12
P1698,pun,a*b*!c+!a*!d+c*d+!a*!b,8,suboptimal,9
P1699,pdn,b*!c*!d+!a*!b*d+a*b*d+c*d+!a*c,9,suboptimal,12
P1699,pun,b*!c*!d+!a*!b*d+a*b*d+c*d+!a*c,9,suboptimal,11
P1700,pdn,a*!c*!d+a*b*d+c*d+!a*c+!a*!b,8,suboptimal,9
P1700,pun,a*!c*!d+a*b*d+c*d+!a*c+!a*!b,8,suboptimal,14
P1701,pdn,a*!c*!d+!a*!b*d+a*b*d+c*d+!a*c,9,suboptimal,18
P1701,pun,a*!c*!d+!a*!b*d+a*b*d+c*d+!a*c,9,suboptimal,10
P1702,pdn,a*b*!c+c*d+!a*c+!a*!b,7,suboptimal,10
P1702,pun,a*b*!c+c*d+!a*c+!a*!b,7,suboptimal,10
P1703,pdn,!a*!b*d+a*b*!c+c*d+!a*c,8,suboptimal,14
P1703,pun,!a*!b*d+a*b*!c+c*d+!a*c,8,suboptimal,9
P1704,pdn,!b*!c*!d+a*b*d+!a*!d+c*d+!a*!b,9,suboptimal,14
P1705,pdn,a*!b*!c*!d+!a*b*!d+!a*!b*d+a*b*d+c*d+!a*c,10,failed,
P1705,pun,a*!b*!c*!d+!a*b*!d+!a*!b*d+a*b*d+c*d+!a*c,10,suboptimal,18
P1706,pdn,a*b*d+!a*!d+c*d+!a*!b,7,suboptimal,11
P1707,pdn,!a*b*!d+!a*!b*d+a*b*d+c*d+!a*c,8,suboptimal,10
P1707,pun,!a*b*!d+!a*!b*d+a*b*d+c*d+!a*c,8,suboptimal,10
P1708,pdn,!b*!c*!d+a*b*d+c*d+!a*c+!a*!b,8,suboptimal,9
P1708,pun,!b*!c*!d+a*b*d+c*d+!a*c+!a*!b,8,suboptimal,9
P1709,pdn,a*!b*!c*!d+!a*!b*d+a*b*d+c*d+!a*c,10,suboptimal,19
P1709,pun,a*!b*!c*!d+!a*!b*d+a*b*d+c*d+!a*c,10,suboptimal,12
P1710,pdn,a*b*d+c*d+!a*c+!a*!b,6,suboptimal,10
P1711,pdn,!a*!b*d+a*b*d+c*d+!a*c,7,suboptimal,8
P1711,pun,!a*!b*d+a*b*d+c*d+!a*c,7,suboptimal,8
P1712,pdn,!a*b*!d+!a*!b*d+a*b*d+!c*!d+c*d,9,suboptimal,11
P1712,pun,!a*b*!d+!a*!b*d+a*b*d+!c*!d+c*d,9,suboptimal,10
P1713,pdn,a*!c*!d+!a*b*!d+!a*!b*d+a*b*d+c*d,9,suboptimal,10
P1714,pdn,!a*!c*!d+!a*b*!d+!a*!b*d+a*b*!c+c*d,9,suboptimal,12
P1714,pun,!a*!c*!d+!a*b*!d+!a*!b*d+a*b*!c+c*d,9,suboptimal,11
P1715,pdn,b*!c*!d+!a*b*!d+!a*!b*d+a*b*d+c*d,8,suboptimal,9
P1715,pun,b*!c*!d+!a*b*!d+!a*!b*d+a*b*d+c*d,8,suboptimal,15
P1716,pdn,!b*!c*!d+!a*!b*d+a*b*!c+!a*b*c+c*d,9,suboptimal,12
P1716,pun,!b*!c*!d+!a*!b*d+a*b*!c+!a*b*c+c*d,9,suboptimal,11
P1717,pdn,a*!c*!d+!a*!b*d+a*b*d+!a*b*c+c*d,9,suboptimal,10
P1717,pun,a*!c*!d+!a*!b*d+a*b*d+!a*b*c+c*d,9,suboptimal,12
P1718,pdn,!a*!b*!c+a*b*!c+!a*b*c+c*d,8,suboptimal,10
P1718,pun,!a*!b*!c+a*b*!c+!a*b*c+c*d,8,suboptimal,9
P1719,pdn,!a*!b*d+a*b*!c+!a*b*c+c*d,7,suboptimal,10
P1719,pun,!a*!b*d+a*b*!c+!a*b*c+c*d,7,suboptimal,11
P1720,pdn,!b*!c*!d+!a*b*!d+!a*!b*d+a*b*d+c*d,9,suboptimal,14
P1720,pun,!b*!c*!d+!a*b*!d+!a*!b*d+a*b*d+c*d,9,suboptimal,10
P1721,pun,a*!b*!c*!d+!a*b*!d+!a*!b*d+a*b*d+c*d,10,suboptimal,14
P1722,pdn,!a*!c*!d+!a*b*!d+!a*!b*d+a*b*d+c*d,8,suboptimal,13
P1722,pun,!a*!c*!d+!a*b*!d+!a*!b*d+a*b*d+c*d,8,suboptimal,9
P1723,pun,!a*b*!d+!a*!b*d+a*b*d+c*d,8,suboptimal,9
P1724,pdn,!b*!c*!d+!a*!b*d+a*b*d+!a*b*c+c*d,9,suboptimal,13
P1724,pun,!b*!c*!d+!a*!b*d+a*b*d+!a*b*c+c*d,9,suboptimal,12
P1725,pdn,a*!b*!c*!d+!a*!b*d+a*b*d+!a*b*c+c*d,9,suboptimal,18
P1725,pun,a*!b*!c*!d+!a*!b*d+a*b*d+!a*b*c+c*d,9,suboptimal,11
P1726,pdn,a*b*d+!a*!b*!c+!a*b*c+c*d,7,suboptimal,11
P1726,pun,a*b*d+!a*!b*!c+!a*b*c+c*d,7,suboptimal,11
P1727,pdn,!a*!b*d+a*b*d+!a*b*c+c*d,7,suboptimal,8
P1727,pun,!a*!b*d+a*b*d+!a*b*c+c*d,7,suboptimal,8
P1760,pun,a*b*d+!c*!d+c*d+!a*!b,8,suboptimal,10
P1761,pdn,b*!c*!d+a*!c*!d+!a*!b*d+a*b*d+!a*!b*c+c*d,10,suboptimal,17
P1761,pun,b*!c*!d+a*!c*!d+!a*!b*d+a*b*d+!a*!b*c+c*d,10,suboptimal,11
P1762,pdn,b*!c*!d+a*b*d+c*d+!a*!b,8,suboptimal,11
P1762,pun,b*!c*!d+a*b*d+c*d+!a*!b,8,suboptimal,10
P1763,pdn,b*!c*!d+!a*!b*d+a*b*d+!a*!b*c+c*d,9,suboptimal,20
P1763,pun,b*!c*!d+!a*!b*d+a*b*d+!a*!b*c+c*d,9,suboptimal,12
P1766,pun,a*b*!c+c*d+!a*!b,7,suboptimal,8
P1767,pdn,!a*!b*d+a*b*!c+!a*!b*c+c*d,8,suboptimal,12
P1767,pun,!a*!b*d+a*b*!c+!a*!b*c+c*d,8,suboptimal,9
P1768,pdn,!b*!c*!d+!a*!c*!d+a*b*d+c*d+!a*!b,9,failed,
P1768,pun,!b*!c*!d+!a*!c*!d+a*b*d+c*d+!a*!b,9,suboptimal,14
P1769,pdn,a*!b*!c*!d+!a*b*!c*!d+!a*!b*d+a*b*d+!a*!b*c+c*d,11,failed,
P1769,pun,a*!b*!c*!d+!a*b*!c*!d+!a*!b*d+a*b*d+!a*!b*c+c*d,11,failed,
P1771,pdn,!a*b*!c*!d+!a*!b*d+a*b*d+!a*!b*c+c*d,9,failed,
P1771,pun,!a*b*!c*!d+!a*!b*d+a*b*d+!a*!b*c+c*d,9,suboptimal,14
P1774,pdn,a*b*d+c*d+!a*!b,6,suboptimal,8
P1774,pun,a*b*d+c*d+!a*!b,6,suboptimal,7
P1775,pdn,!a*!b*d+a*b*d+!a*!b*c+c*d,8,suboptimal,12
P1775,pun,!a*!b*d+a*b*d+!a*!b*c+c*d,8,suboptimal,9
P1776,pdn,!a*!b*d+a*b*d+!c*!d+c*d,8,suboptimal,10
P1776,pun,!a*!b*d+a*b*d+!c*!d+c*d,8,suboptimal,9
P1777,pdn,b*!c*!d+a*!c*!d+!a*!b*d+a*b*d+c*d,9,suboptimal,11
P1777,pun,b*!c*!d+a*!c*!d+!a*!b*d+a*b*d+c*d,9,suboptimal,15
P1778,pdn,!a*!c*!d+!a*!b*d+a*b*!c+c*d,8,suboptimal,10
P1778,pun,!a*!c*!d+!a*!b*d+a*b*!c+c*d,8,suboptimal,16
P1779,pdn,b*!c*!d+!a*!b*d+a*b*d+c*d,8,suboptimal,10
P1779,pun,b*!c*!d+!a*!b*d+a*b*d+c*d,8,suboptimal,13
P1782,pdn,!a*!b*!c+a*b*!c+c*d,7,suboptimal,8
P1782,pun,!a*!b*!c+a*b*!c+c*d,7,suboptimal,9
P1783,pdn,!a*!b*d+a*b*!c+c*d,7,suboptimal,10
P1783,pun,!a*!b*d+a*b*!c+c*d,7,suboptimal,9
P1784,pdn,!b*!c*!d+!a*!c*!d+!a*!b*d+a*b*d+c*d,9,suboptimal,15
P1785,pun,a*!b*!c*!d+!a*b*!c*!d+!a*!b*d+a*b*d+c*d,10,suboptimal,16
P1786,pun,!a*!c*!d+!a*!b*d+a*b*d+c*d,8,suboptimal,17
P1787,pun,!a*b*!c*!d+!a*!b*d+a*b*d+c*d,9,suboptimal,14
P1790,pdn,a*b*d+!a*!b*!c+c*d,7,suboptimal,8
P1910,pdn,!a*!b*!c*!d+c*d+a*b,8,suboptimal,12
P1910,pun,!a*!b*!c*!d+c*d+a*b,8,suboptimal,11
P1912,pdn,!b*!c*!d+!a*!c*!d+a*b*d+a*b*c+c*d,9,suboptimal,14
P1913,pdn,a*!b*!c*!d+!a*b*!c*!d+a*b*d+a*b*c+c*d,10,failed,
P1913,pun,a*!b*!c*!d+!a*b*!c*!d+a*b*d+a*b*c+c*d,10,failed,
P1914,pdn,!a*!c*!d+a*b*d+a*b*c+c*d,8,suboptimal,17
P1914,pun,!a*!c*!d+a*b*d+a*b*c+c*d,8,suboptimal,10
P1915,pdn,!a*b*!c*!d+a*b*d+a*b*c+c*d,8,suboptimal,15
P1915,pun,!a*b*!c*!d+a*b*d+a*b*c+c*d,8,suboptimal,9
P1918,pdn,!a*!b*!c*!d+a*b*d+a*b*c+c*d,9,suboptimal,19
P1918,pun,!a*!b*!c*!d+a*b*d+a*b*c+c*d,9,suboptimal,10
P1919,pdn,a*b*d+a*b*c+c*d,6,suboptimal,8
P1919,pun,a*b*d+a*b*c+c*d,6,suboptimal,11
P1920,pdn,a*b*!c+!b*!d+!a*!d+c*d,8,suboptimal,10
P1920,pun,a*b*!c+!b*!d+!a*!d+c*d,8,suboptimal,11
P1921,pdn,a*!c*!d+!a*b*!d+a*b*d+c*d+!b*c,9,suboptimal,12
P1921,pun,a*!c*!d+!a*b*!d+a*b*d+c*d+!b*c,9,suboptimal,13
P1922,pdn,a*b*!c+!a*!d+c*d+!b*c,8,suboptimal,11
P1922,pun,a*b*!c+!a*!d+c*d+!b*c,8,suboptimal,11
P1923,pdn,b*!c*!d+a*b*d+!b*c+!a*c,8,suboptimal,11
P1923,pun,b*!c*!d+a*b*d+!b*c+!a*c,8,suboptimal,10
P1926,pdn,!a*!b*!d+a*b*!c+c*d+!b*c+!a*c,9,suboptimal,12
P1926,pun,!a*!b*!d+a*b*!c+c*d+!b*c+!a*c,9,suboptimal,17
P1927,pdn,a*b*!c+c*d+!b*c+!a*c,7,suboptimal,10
P1927,pun,a*b*!c+c*d+!b*c+!a*c,7,suboptimal,11
P1928,pun,a*b*d+!b*!d+!a*!d+c*d,7,suboptimal,8
P1929,pdn,a*!b*!d+!a*b*!d+a*b*d+c*d+!b*c,8,suboptimal,9
P1929,pun,a*!b*!d+!a*b*!d+a*b*d+c*d+!b*c,8,suboptimal,11
P1930,pdn,a*b*d+!a*!d+c*d+!b*c,7,suboptimal,10
P1930,pun,a*b*d+!a*!d+c*d+!b*c,7,suboptimal,10
P1931,pdn,!a*b*!d+a*b*d+c*d+!b*c,7,suboptimal,10
P1931,pun,!a*b*!d+a*b*d+c*d+!b*c,7,suboptimal,10
P1934,pdn,!a*!b*!d+a*b*d+!b*c+!a*c,8,suboptimal,9
P1934,pun,!a*!b*!d+a*b*d+!b*c+!a*c,8,suboptimal,10
P1935,pdn,a*b*d+!b*c+!a*c,6,suboptimal,8
P1935,pun,a*b*d+!b*c+!a*c,6,suboptimal,7
P1936,pun,a*!b*!d+!a*b*!d+a*b*d+!c*!d+c*d,9,suboptimal,10
P1937,pdn,a*!c*!d+a*!b*!d+!a*b*!d+a*b*d+c*d,9,suboptimal,12
P1937,pun,a*!c*!d+a*!b*!d+!a*b*!d+a*b*d+c*d,9,suboptimal,11
P1938,pdn,!a*!c*!d+!a*b*!d+a*b*!c+a*!b*c+c*d,9,suboptimal,12
P1938,pun,!a*!c*!d+!a*b*!d+a*b*!c+a*!b*c+c*d,9,suboptimal,11
P1939,pdn,b*!c*!d+!a*b*!d+a*b*d+a*!b*c+c*d,8,suboptimal,13
P1939,pun,b*!c*!d+!a*b*!d+a*b*d+a*!b*c+c*d,8,suboptimal,10
P1942,pdn,!a*!b*!c*!d+a*b*!c+a*!b*c+!a*b*c+c*d,10,suboptimal,16
P1942,pun,!a*!b*!c*!d+a*b*!c+a*!b*c+!a*b*c+c*d,10,suboptimal,14
P1943,pun,a*b*!c+a*!b*c+!a*b*c+c*d,8,suboptimal,17
P1944,pdn,!b*!c*!d+!a*b*!d+a*b*d+a*!b*c+c*d,9,suboptimal,10
P1944,pun,!b*!c*!d+!a*b*!d+a*b*d+a*!b*c+c*d,9,suboptimal,10
P1945,pun,a*!b*!d+!a*b*!d+a*b*d+c*d,8,suboptimal,11
P1946,pdn,!a*!c*!d+a*b*d+a*!b*c+!a*b*c+c*d,9,suboptimal,12
P1946,pun,!a*!c*!d+a*b*d+a*!b*c+!a*b*c+c*d,9,suboptimal,13
P1947,pdn,!a*b*!d+a*b*d+a*!b*c+c*d,7,suboptimal,9
P1947,pun,!a*b*!d+a*b*d+a*!b*c+c*d,7,suboptimal,9
P1950,pdn,!a*!b*!c*!d+a*b*d+a*!b*c+!a*b*c+c*d,9,suboptimal,16
P1950,pun,!a*!b*!c*!d+a*b*d+a*!b*c+!a*b*c+c*d,9,suboptimal,12
P1951,pdn,a*b*d+a*!b*c+!a*b*c+c*d,7,suboptimal,9
P1951,pun,a*b*d+a*!b*c+!a*b*c+c*d,7,suboptimal,9
P1952,pun,a*b*d+!c*!d+!a*!d+c*d,7,suboptimal,10
P1953,pdn,a*!c*!d+!a*b*!d+a*b*d+c*d+!a*c,9,suboptimal,17
P1953,pun,a*!c*!d+!a*b*!d+a*b*d+c*d+!a*c,9,suboptimal,11
P1954,pdn,a*b*!c+!a*!d+c*d,7,suboptimal,8
P1954,pun,a*b*!c+!a*!d+c*d,7,suboptimal,11
P1955,pdn,b*!c*!d+a*b*d+c*d+!a*c,7,suboptimal,11
P1955,pun,b*!c*!d+a*b*d+c*d+!a*c,7,suboptimal,9
P1956,pdn,!b*!c*!d+a*b*!c+c*d+!a*c,8,suboptimal,12
P1956,pun,!b*!c*!d+a*b*!c+c*d+!a*c,8,suboptimal,10
P1957,pun,a*!c*!d+a*b*d+c*d+!a*c,7,suboptimal,11
P1958,pdn,!a*!b*!d+a*b*!c+c*d+!a*c,8,suboptimal,15
P1958,pun,!a*!b*!d+a*b*!c+c*d+!a*c,8,suboptimal,10
P1959,pdn,a*b*!c+c*d+!a*c,6,suboptimal,8
P1959,pun,a*b*!c+c*d+!a*c,6,suboptimal,8
P1960,pun,!b*!c*!d+a*b*d+!a*!d+c*d,8,suboptimal,9
P1961,pdn,a*!b*!c*!d+!a*b*!d+a*b*d+c*d+!a*c,9,suboptimal,13
P1961,pun,a*!b*!c*!d+!a*b*!d+a*b*d+c*d+!a*c,9,suboptimal,18
P1963,pdn,!a*b*!d+a*b*d+c*d+!a*c,6,suboptimal,8
P1964,pdn,!b*!c*!d+a*b*d+c*d+!a*c,8,suboptimal,9
P1964,pun,!b*!c*!d+a*b*d+c*d+!a*c,8,suboptimal,9
P1965,pdn,a*!b*!c*!d+a*b*d+c*d+!a*c,8,suboptimal,18
P1965,pun,a*!b*!c*!d+a*b*d+c*d+!a*c,8,suboptimal,12
P1966,pdn,!a*!b*!d+a*b*d+c*d+!a*c,7,suboptimal,8
P1966,pun,!a*!b*!d+a*b*d+c*d+!a*c,7,suboptimal,9
P1967,pdn,a*b*d+c*d+!a*c,5,suboptimal,6
P1968,pdn,!a*b*!d+a*b*d+!c*!d+c*d,7,suboptimal,11
P1968,pun,!a*b*!d+a*b*d+!c*!d+c*d,7,suboptimal,11
P1969,pdn,a*!c*!d+!a*b*!d+a*b*d+c*d,8,suboptimal,10
P1969,pun,a*!c*!d+!a*b*!d+a*b*d+c*d,8,suboptimal,15
P1970,pdn,!a*!c*!d+!a*b*!d+a*b*!c+c*d,8,suboptimal,11
P1970,pun,!a*!c*!d+!a*b*!d+a*b*!c+c*d,8,suboptimal,10
P1971,pdn,b*!c*!d+!a*b*!d+a*b*d+c*d,7,suboptimal,19
P1971,pun,b*!c*!d+!a*b*!d+a*b*d+c*d,7,suboptimal,9
P1972,pdn,!b*!c*!d+a*b*!c+!a*b*c+c*d,8,suboptimal,14
P1972,pun,!b*!c*!d+a*b*!c+!a*b*c+c*d,8,suboptimal,11
P1973,pun,a*!c*!d+a*b*d+!a*b*c+c*d,7,suboptimal,9
P1974,pdn,!a*!b*!c*!d+a*b*!c+!a*b*c+c*d,9,suboptimal,14
P1974,pun,!a*!b*!c*!d+a*b*!c+!a*b*c+c*d,9,suboptimal,13
P1975,pdn,a*b*!c+!a*b*c+c*d,6,suboptimal,9
P1975,pun,a*b*!c+!a*b*c+c*d,6,suboptimal,7
P1976,pdn,!b*!c*!d+!a*b*!d+a*b*d+c*d,8,suboptimal,13
P1976,pun,!b*!c*!d+!a*b*!d+a*b*d+c*d,8,suboptimal,16
P1977,pun,a*!b*!c*!d+!a*b*!d+a*b*d+c*d,9,suboptimal,11
P1978,pun,!a*!c*!d+!a*b*!d+a*b*d+c*d,7,suboptimal,9
P1979,pdn,!a*b*!d+a*b*d+c*d,6,suboptimal,7
P1979,pun,!a*b*!d+a*b*d+c*d,6,suboptimal,10
P1980,pdn,!b*!c*!d+a*b*d+!a*b*c+c*d,8,suboptimal,16
P1980,pun,!b*!c*!d+a*b*d+!a*b*c+c*d,8,suboptimal,16
P1981,pun,a*!b*!c*!d+a*b*d+!a*b*c+c*d,8,suboptimal,10
P1982,pdn,!a*!b*!c*!d+a*b*d+!a*b*c+c*d,8,suboptimal,10
P1982,pun,!a*!b*!c*!d+a*b*d+!a*b*c+c*d,8,suboptimal,14
P1983,pun,a*b*d+!a*b*c+c*d,5,suboptimal,6
P2016,pun,a*b*d+!a*!b*c+!c*!d+c*d,8,suboptimal,12
P2017,pdn,b*!c*!d+a*!c*!d+a*b*d+!a*!b*c+c*d,10,failed,
P2017,pun,b*!c*!d+a*!c*!d+a*b*d+!a*!b*c+c*d,10,suboptimal,17
P2018,pdn,!a*!c*!d+a*b*!c+!a*!b*c+c*d,8,suboptimal,10
P2019,pdn,b*!c*!d+a*b*d+!a*!b*c+c*d,8,suboptimal,13
P2019,pun,b*!c*!d+a*b*d+!a*!b*c+c*d,8,suboptimal,9
P2022,pun,!a*!b*!d+a*b*!c+c*d,8,suboptimal,11
P2023,pdn,a*b*!c+!a*!b*c+c*d,7,suboptimal,9
P2023,pun,a*b*!c+!a*!b*c+c*d,7,suboptimal,11
P2024,pdn,!b*!c*!d+!a*!c*!d+a*b*d+!a*!b*c+c*d,10,suboptimal,16
P2024,pun,!b*!c*!d+!a*!c*!d+a*b*d+!a*!b*c+c*d,10,suboptimal,14
P2025,pdn,a*!b*!c*!d+!a*b*!c*!d+a*b*d+!a*!b*c+c*d,10,suboptimal,14
P2025,pun,a*!b*!c*!d+!a*b*!c*!d+a*b*d+!a*!b*c+c*d,10,suboptimal,18
P2026,pdn,!a*!c*!d+a*b*d+!a*!b*c+c*d,8,suboptimal,10
P2026,pun,!a*!c*!d+a*b*d+!a*!b*c+c*d,8,suboptimal,11
P2027,pdn,!a*b*!c*!d+a*b*d+!a*!b*c+c*d,8,suboptimal,10
P2027,pun,!a*b*!c*!d+a*b*d+!a*!b*c+c*d,8,suboptimal,10
P2030,pdn,!a*!b*!d+a*b*d+c*d,7,suboptimal,10
P2030,pun,!a*!b*!d+a*b*d+c*d,7,suboptimal,11
P2031,pdn,a*b*d+!a*!b*c+c*d,6,suboptimal,8
P2031,pun,a*b*d+!a*!b*c+c*d,6,suboptimal,8
P2032,pdn,a*b*d+!c*!d+c*d,6,suboptimal,8
P2032,pun,a*b*d+!c*!d+c*d,6,suboptimal,10
P2033,pdn,b*!c*!d+a*!c*!d+a*b*d+c*d,7,suboptimal,9
P2033,pun,b*!c*!d+a*!c*!d+a*b*d+c*d,7,suboptimal,9
P2034,pdn,!a*!c*!d+a*b*!c+c*d,7,suboptimal,8
P2034,pun,!a*!c*!d+a*b*!c+c*d,7,suboptimal,11
P2035,pdn,b*!c*!d+a*b*d+c*d,6,suboptimal,9
P2035,pun,b*!c*!d+a*b*d+c*d,6,suboptimal,8
P2038,pdn,!a*!b*!c*!d+a*b*!c+c*d,8,suboptimal,11
P2038,pun,!a*!b*!c*!d+a*b*!c+c*d,8,suboptimal,10
P2039,pdn,a*b*!c+c*d,5,suboptimal,6
P2040,pdn,!b*!c*!d+!a*!c*!d+a*b*d+c*d,8,suboptimal,11
P2040,pun,!b*!c*!d+!a*!c*!d+a*b*d+c*d,8,suboptimal,9
P2041,pdn,a*!b*!c*!d+!a*b*!c*!d+a*b*d+c*d,9,suboptimal,17
P2041,pun,a*!b*!c*!d+!a*b*!c*!d+a*b*d+c*d,9,suboptimal,11
P2042,pdn,!a*!c*!d+a*b*d+c*d,7,suboptimal,8
P2042,pun,!a*!c*!d+a*b*d+c*d,7,suboptimal,11
P2043,pdn,!a*b*!c*!d+a*b*d+c*d,7,suboptimal,14
P2043,pun,!a*b*!c*!d+a*b*d+c*d,7,suboptimal,12
P2046,pdn,!a*!b*!c*!d+a*b*d+c*d,8,suboptimal,15
P2046,pun,!a*!b*!c*!d+a*b*d+c*d,8,suboptimal,13
P2177,pdn,a*!c*!d+c*d+!b*d+!b*c+!a*b,9,suboptimal,10
P2178,pdn,b*!c*!d+c*d+!b*d+!b*c+!a,8,suboptimal,9
P2179,pdn,b*!c*!d+c*d+!b*d+!b*c+!a*b,8,suboptimal,9
P2179,pun,b*!c*!d+c*d+!b*d+!b*c+!a*b,8,suboptimal,9
P2182,pdn,a*b*!c*!d+c*d+!b*d+!a*d+!b*c+!a*c+!a*!b,10,failed,
P2182,pun,a*b*!c*!d+c*d+!b*d+!a*d+!b*c+!a*c+!a*!b,10,suboptimal,11
P2183,pdn,a*b*!c*!d+c*d+!b*d+!a*d+!b*c+!a*c,9,failed,
P2184,pdn,c*d+!b+!a,4,suboptimal,6
P2184,pun,c*d+!b+!a,4,suboptimal,6
P2185,pdn,c*d+!b*d+!b*c+a*!b+!a*b,7,suboptimal,8
P2185,pun,c*d+!b*d+!b*c+a*!b+!a*b,7,suboptimal,11
P2186,pun,c*d+!b*d+!b*c+!a,6,suboptimal,7
P2187,pdn,c*d+!b*d+!b*c+!a*b,6,suboptimal,7
P2187,pun,c*d+!b*d+!b*c+!a*b,6,suboptimal,7
P2190,pdn,c*d+!b*d+!a*d+!b*c+!a*c+!a*!b,8,suboptimal,11
P2190,pun,c*d+!b*d+!a*d+!b*c+!a*c+!a*!b,8,suboptimal,11
P2191,pdn,c*d+!b*d+!a*d+!b*c+!a*c,6,suboptimal,8
P2191,pun,c*d+!b*d+!a*d+!b*c+!a*c,6,suboptimal,8
P2193,pdn,b*!c*!d+c*d+!b*d+a*!b+!a*b,8,suboptimal,9
P2194,pdn,b*!c*!d+a*!b*c+c*d+!b*d+!a*!c+!a*b,10,failed,
P2194,pun,b*!c*!d+a*!b*c+c*d+!b*d+!a*!c+!a*b,10,suboptimal,11
P2195,pdn,b*!c*!d+a*!b*c+c*d+!b*d+!a*b,9,suboptimal,10
P2198,pdn,a*b*!c*!d+!a*!b*!c+a*!b*c+!a*b*c+c*d+!b*d+!a*d,11,suboptimal,20
P2198,pun,a*b*!c*!d+!a*!b*!c+a*!b*c+!a*b*c+c*d+!b*d+!a*d,11,suboptimal,12
P2199,pdn,a*b*!c*!d+a*!b*c+!a*b*c+c*d+!b*d+!a*d,10,suboptimal,19
P2199,pun,a*b*!c*!d+a*!b*c+!a*b*c+c*d+!b*d+!a*d,10,suboptimal,11
P2201,pdn,c*d+!b*d+a*!b+!a*b,7,suboptimal,8
P2203,pdn,a*!b*c+c*d+!b*d+!a*b,7,suboptimal,9
P2203,pun,a*!b*c+c*d+!b*d+!a*b,7,suboptimal,9
P2206,pdn,!a*!b*!c+a*!b*c+!a*b*c+c*d+!b*d+!a*d,9,suboptimal,16
P2206,pun,!a*!b*!c+a*!b*c+!a*b*c+c*d+!b*d+!a*d,9,suboptimal,18
P2207,pdn,a*!b*c+!a*b*c+c*d+!b*d+!a*d,8,suboptimal,9
P2207,pun,a*!b*c+!a*b*c+c*d+!b*d+!a*d,8,suboptimal,13
P2209,pdn,a*!c*!d+c*d+!b*d+!a*c+!a*b,8,suboptimal,10
P2209,pun,a*!c*!d+c*d+!b*d+!a*c+!a*b,8,suboptimal,9
P2211,pdn,b*!c*!d+c*d+!b*d+!a*d+!a*c,7,suboptimal,9
P2211,pun,b*!c*!d+c*d+!b*d+!a*d+!a*c,7,suboptimal,8
P2212,pdn,a*!c*!d+c*d+!a*d+!b*!c+!a*c,8,suboptimal,10
P2212,pun,a*!c*!d+c*d+!a*d+!b*!c+!a*c,8,suboptimal,9
P2213,pdn,a*!c*!d+c*d+!b*d+!a*d+!a*c,8,suboptimal,9
P2214,pdn,a*b*!c*!d+c*d+!b*d+!a*d+!a*c+!a*!b,9,suboptimal,18
P2214,pun,a*b*!c*!d+c*d+!b*d+!a*d+!a*c+!a*!b,9,suboptimal,10
P2215,pdn,a*b*!c*!d+c*d+!b*d+!a*d+!a*c,9,suboptimal,12
P2215,pun,a*b*!c*!d+c*d+!b*d+!a*d+!a*c,9,suboptimal,14
P2217,pdn,a*!b*!c+c*d+!b*d+!a*c+!a*b,7,suboptimal,8
P2217,pun,a*!b*!c+c*d+!b*d+!a*c+!a*b,7,suboptimal,8
P2218,pdn,c*d+!b*d+!a,4,suboptimal,5
P2219,pdn,c*d+!b*d+!a*c+!a*b,5,suboptimal,6
P2219,pun,c*d+!b*d+!a*c+!a*b,5,suboptimal,6
P2220,pdn,c*d+!a*d+!b*!c+!a*c,6,suboptimal,7
P2220,pun,c*d+!a*d+!b*!c+!a*c,6,suboptimal,7
P2221,pdn,a*!b*!c+c*d+!a*d+!a*c,7,suboptimal,8
P2222,pdn,c*d+!b*d+!a*d+!a*c+!a*!b,6,suboptimal,8
P2222,pun,c*d+!b*d+!a*d+!a*c+!a*!b,6,suboptimal,7
P2223,pun,c*d+!b*d+!a*d+!a*c,6,suboptimal,7
P2224,pun,!c*!d+c*d+!b*d+!a*b,7,suboptimal,9
P2225,pdn,a*!c*!d+c*d+!b*d+!a*b,8,suboptimal,9
P2226,pdn,b*!c*!d+c*d+!b*d+!a*!c+!a*b,9,suboptimal,10
P2227,pdn,b*!c*!d+c*d+!b*d+!a*b,7,suboptimal,9
P2228,pdn,a*!c*!d+!a*b*c+c*d+!a*d+!b*!c,9,suboptimal,14
P2228,pun,a*!c*!d+!a*b*c+c*d+!a*d+!b*!c,9,suboptimal,10
P2229,pdn,a*!c*!d+!a*b*c+c*d+!b*d+!a*d,9,suboptimal,13
P2229,pun,a*!c*!d+!a*b*c+c*d+!b*d+!a*d,9,suboptimal,10
P2230,pdn,a*b*!c*!d+!a*!b*!c+!a*b*c+c*d+!b*d+!a*d,10,failed,
P2230,pun,a*b*!c*!d+!a*!b*!c+!a*b*c+c*d+!b*d+!a*d,10,suboptimal,13
P2231,pdn,a*b*!c*!d+!a*b*c+c*d+!b*d+!a*d,9,failed,
P2231,pun,a*b*!c*!d+!a*b*c+c*d+!b*d+!a*d,9,suboptimal,11
P2232,pun,c*d+!b*!c+!a*b,6,suboptimal,7
P2233,pdn,a*!b*!c+c*d+!b*d+!a*b,7,suboptimal,9
P2236,pdn,!a*b*c+c*d+!a*d+!b*!c,7,suboptimal,9
P2236,pun,!a*b*c+c*d+!a*d+!b*!c,7,suboptimal,8
P2237,pdn,a*!b*!c+!a*b*c+c*d+!a*d,8,suboptimal,9
P2238,pdn,!a*!b*!c+!a*b*c+c*d+!b*d+!a*d,8,suboptimal,9
P2238,pun,!a*!b*!c+!a*b*c+c*d+!b*d+!a*d,8,suboptimal,10
P2239,pdn,!a*b*c+c*d+!b*d+!a*d,7,suboptimal,8
P2272,pdn,!c*!d+c*d+!b*d+!a*d+!a*!b,7,suboptimal,9
P2272,pun,!c*!d+c*d+!b*d+!a*d+!a*!b,7,suboptimal,9
P2273,pdn,a*!c*!d+!a*b*!c+!a*!b*c+c*d+!b*d,9,suboptimal,10
P2273,pun,a*!c*!d+!a*b*!c+!a*!b*c+c*d+!b*d,9,suboptimal,11
P2274,pdn,b*!c*!d+c*d+!b*d+!a*d+!a*!b,7,suboptimal,11
P2274,pun,b*!c*!d+c*d+!b*d+!a*d+!a*!b,7,suboptimal,8
P2275,pdn,b*!c*!d+!a*!b*c+c*d+!b*d+!a*d,8,suboptimal,13
P2275,pun,b*!c*!d+!a*!b*c+c*d+!b*d+!a*d,8,suboptimal,11
P2278,pdn,a*b*!c*!d+c*d+!b*d+!a*d+!a*!b,9,suboptimal,10
P2279,pdn,a*b*!c*!d+!a*!b*c+c*d+!b*d+!a*d,9,suboptimal,15
P2279,pun,a*b*!c*!d+!a*!b*c+c*d+!b*d+!a*d,9,suboptimal,10
P2280,pdn,c*d+!b*!c+!a*!c+!a*!b,6,suboptimal,7
P2280,pun,c*d+!b*!c+!a*!c+!a*!b,6,suboptimal,8
P2281,pdn,a*!b*!c+!a*b*!c+!a*!b*c+c*d+!b*d,9,suboptimal,12
P2281,pun,a*!b*!c+!a*b*!c+!a*!b*c+c*d+!b*d,9,suboptimal,11
P2282,pdn,c*d+!b*d+!a*!c+!a*!b,5,suboptimal,6
P2282,pun,c*d+!b*d+!a*!c+!a*!b,5,suboptimal,6
P2283,pdn,!a*b*!c+!a*!b*c+c*d+!b*d,7,suboptimal,12
P2288,pdn,!c*!d+c*d+!b*d+!a*d,6,suboptimal,8
P2288,pun,!c*!d+c*d+!b*d+!a*d,6,suboptimal,8
P2289,pdn,a*!c*!d+!a*b*!c+c*d+!b*d,8,suboptimal,10
P2289,pun,a*!c*!d+!a*b*!c+c*d+!b*d,8,suboptimal,10
P2290,pdn,b*!c*!d+c*d+!b*d+!a*!c,7,suboptimal,9
P2294,pdn,a*b*!c*!d+!a*!b*!c+c*d+!b*d+!a*d,9,suboptimal,17
P2295,pdn,a*b*!c*!d+c*d+!b*d+!a*d,8,suboptimal,9
P2296,pdn,c*d+!b*!c+!a*!c,5,suboptimal,6
P2297,pdn,a*!b*!c+!a*b*!c+c*d+!b*d,7,suboptimal,9
P2297,pun,a*!b*!c+!a*b*!c+c*d+!b*d,7,suboptimal,10
P2299,pdn,!a*b*!c+c*d+!b*d,6,suboptimal,7
P2299,pun,!a*b*!c+c*d+!b*d,6,suboptimal,8
P2302,pdn,!a*!b*!c+c*d+!b*d+!a*d,7,suboptimal,8
P2302,pun,!a*!b*!c+c*d+!b*d+!a*d,7,suboptimal,10
P2448,pdn,!c*!d+c*d+a*!b+!a*b,8,suboptimal,10
P2448,pun,!c*!d+c*d+a*!b+!a*b,8,suboptimal,10
P2449,pdn,b*!c*!d+c*d+a*!b+!a*b,8,suboptimal,9
P2449,pun,b*!c*!d+c*d+a*!b+!a*b,8,suboptimal,12
P2450,pdn,b*!c*!d+!a*!c*!d+a*!b*d+a*!b*c+c*d+!a*b,10,suboptimal,16
P2450,pun,b*!c*!d+!a*!c*!d+a*!b*d+a*!b*c+c*d+!a*b,10,suboptimal,13
P2451,pdn,b*!c*!d+a*!b*d+a*!b*c+c*d+!a*b,9,suboptimal,17
P2451,pun,b*!c*!d+a*!b*d+a*!b*c+c*d+!a*b,9,suboptimal,14
P2454,pdn,!a*!b*!c*!d+a*b*!c*!d+a*!b*d+!a*b*d+a*!b*c+!a*b*c+c*d,11,failed,
P2454,pun,!a*!b*!c*!d+a*b*!c*!d+a*!b*d+!a*b*d+a*!b*c+!a*b*c+c*d,11,suboptimal,16
P2455,pdn,a*b*!c*!d+a*!b*d+!a*b*d+a*!b*c+!a*b*c+c*d,10,failed,
P2455,pun,a*b*!c*!d+a*!b*d+!a*b*d+a*!b*c+!a*b*c+c*d,10,failed,
P2456,pun,!b*!c*!d+c*d+a*!b+!a*b,8,suboptimal,11
P2457,pun,c*d+a*!b+!a*b,6,suboptimal,8
P2458,pdn,!a*!c*!d+a*!b*d+a*!b*c+c*d+!a*b,9,suboptimal,11
P2458,pun,!a*!c*!d+a*!b*d+a*!b*c+c*d+!a*b,9,suboptimal,11
P2459,pdn,a*!b*d+a*!b*c+c*d+!a*b,8,suboptimal,17
P2459,pun,a*!b*d+a*!b*c+c*d+!a*b,8,suboptimal,11
P2462,pdn,!a*!b*!c*!d+a*!b*d+!a*b*d+a*!b*c+!a*b*c+c*d,10,failed,
P2462,pun,!a*!b*!c*!d+a*!b*d+!a*b*d+a*!b*c+!a*b*c+c*d,10,failed,
P2463,pdn,a*!b*d+!a*b*d+a*!b*c+!a*b*c+c*d,8,suboptimal,13
P2463,pun,a*!b*d+!a*b*d+a*!b*c+!a*b*c+c*d,8,suboptimal,15
P2464,pdn,a*!b*d+!c*!d+!a*!d+c*d+!a*b,8,suboptimal,9
P2465,pdn,a*!c*!d+a*!b*d+c*d+!a*c+!a*b,8,suboptimal,12
P2465,pun,a*!c*!d+a*!b*d+c*d+!a*c+!a*b,8,suboptimal,11
P2466,pdn,b*!c*!d+a*!b*d+!a*!d+c*d+!a*b,9,suboptimal,12
P2467,pdn,b*!c*!d+a*!b*d+c*d+!a*c+!a*b,8,suboptimal,14
P2467,pun,b*!c*!d+a*!b*d+c*d+!a*c+!a*b,8,suboptimal,10
P2468,pdn,a*!c*!d+!a*!b*!d+a*!b*d+!a*b*d+c*d+!a*c,10,suboptimal,18
P2469,pdn,a*!c*!d+a*!b*d+!a*b*d+c*d+!a*c,9,suboptimal,18
P2469,pun,a*!c*!d+a*!b*d+!a*b*d+c*d+!a*c,9,suboptimal,10
P2470,pdn,a*b*!c*!d+!a*!b*!d+a*!b*d+!a*b*d+c*d+!a*c,10,failed,
P2470,pun,a*b*!c*!d+!a*!b*!d+a*!b*d+!a*b*d+c*d+!a*c,10,suboptimal,20
P2471,pdn,a*b*!c*!d+a*!b*d+!a*b*d+c*d+!a*c,10,suboptimal,14
P2471,pun,a*b*!c*!d+a*!b*d+!a*b*d+c*d+!a*c,10,suboptimal,12
P2472,pdn,a*!b*!c+!a*!d+c*d+!a*b,8,suboptimal,11
P2472,pun,a*!b*!c+!a*!d+c*d+!a*b,8,suboptimal,9
P2473,pdn,a*!b*!c+c*d+!a*c+!a*b,7,suboptimal,10
P2473,pun,a*!b*!c+c*d+!a*c+!a*b,7,suboptimal,8
P2475,pdn,a*!b*d+c*d+!a*c+!a*b,6,suboptimal,7
P2476,pdn,!b*!c*!d+a*!b*d+!a*b*d+c*d+!a*c,9,suboptimal,17
P2476,pun,!b*!c*!d+a*!b*d+!a*b*d+c*d+!a*c,9,suboptimal,11
P2477,pdn,!a*b*d+a*!b*!c+c*d+!a*c,8,suboptimal,14
P2477,pun,!a*b*d+a*!b*!c+c*d+!a*c,8,suboptimal,9
P2478,pdn,!a*!b*!d+a*!b*d+!a*b*d+c*d+!a*c,8,suboptimal,10
P2478,pun,!a*!b*!d+a*!b*d+!a*b*d+c*d+!a*c,8,suboptimal,13
P2479,pdn,a*!b*d+!a*b*d+c*d+!a*c,7,suboptimal,8
P2479,pun,a*!b*d+!a*b*d+c*d+!a*c,7,suboptimal,9
P2480,pun,a*!b*d+!c*!d+c*d+!a*b,8,suboptimal,10
P2481,pdn,a*!c*!d+a*!b*d+c*d+!a*b,8,suboptimal,12
P2481,pun,a*!c*!d+a*!b*d+c*d+!a*b,8,suboptimal,10
P2482,pdn,b*!c*!d+!a*!c*!d+a*!b*d+c*d+!a*b,9,suboptimal,13
P2482,pun,b*!c*!d+!a*!c*!d+a*!b*d+c*d+!a*b,9,suboptimal,14
P2483,pdn,b*!c*!d+a*!b*d+c*d+!a*b,8,suboptimal,9
P2483,pun,b*!c*!d+a*!b*d+c*d+!a*b,8,suboptimal,10
P2484,pdn,!b*!c*!d+a*!c*!d+a*!b*d+!a*b*d+!a*b*c+c*d,10,failed,
P2484,pun,!b*!c*!d+a*!c*!d+a*!b*d+!a*b*d+!a*b*c+c*d,10,suboptimal,18
P2485,pdn,a*!c*!d+a*!b*d+!a*b*d+!a*b*c+c*d,9,suboptimal,12
P2485,pun,a*!c*!d+a*!b*d+!a*b*d+!a*b*c+c*d,9,suboptimal,12
P2486,pdn,!a*!b*!c*!d+a*b*!c*!d+a*!b*d+!a*b*d+!a*b*c+c*d,11,suboptimal,17
P2486,pun,!a*!b*!c*!d+a*b*!c*!d+a*!b*d+!a*b*d+!a*b*c+c*d,11,suboptimal,18
P2487,pdn,a*b*!c*!d+a*!b*d+!a*b*d+!a*b*c+c*d,9,failed,
P2487,pun,a*b*!c*!d+a*!b*d+!a*b*d+!a*b*c+c*d,9,suboptimal,20
P2488,pdn,!b*!c*!d+a*!b*d+c*d+!a*b,8,suboptimal,10
P2488,pun,!b*!c*!d+a*!b*d+c*d+!a*b,8,suboptimal,14
P2489,pdn,a*!b*!c+c*d+!a*b,7,suboptimal,10
P2489,pun,a*!b*!c+c*d+!a*b,7,suboptimal,8
P2491,pun,a*!b*d+c*d+!a*b,6,suboptimal,8
P2492,pdn,!b*!c*!d+a*!b*d+!a*b*d+!a*b*c+c*d,9,failed,
P2492,pun,!b*!c*!d+a*!b*d+!a*b*d+!a*b*c+c*d,9,suboptimal,16
P2493,pdn,!a*b*d+a*!b*!c+!a*b*c+c*d,8,suboptimal,12
P2493,pun,!a*b*d+a*!b*!c+!a*b*c+c*d,8,suboptimal,12
P2494,pdn,!a*!b*!c*!d+a*!b*d+!a*b*d+!a*b*c+c*d,9,suboptimal,18
P2494,pun,!a*!b*!c*!d+a*!b*d+!a*b*d+!a*b*c+c*d,9,suboptimal,12
P2495,pdn,a*!b*d+!a*b*d+!a*b*c+c*d,8,suboptimal,10
P2495,pun,a*!b*d+!a*b*d+!a*b*c+c*d,8,suboptimal,9
P2528,pdn,!a*!b*!d+a*!b*d+!a*b*d+!c*!d+c*d,9,suboptimal,11
P2528,pun,!a*!b*!d+a*!b*d+!a*b*d+!c*!d+c*d,9,suboptimal,11
P2529,pdn,a*!c*!d+a*!b*d+!a*b*!c+!a*!b*c+c*d,9,suboptimal,18
P2529,pun,a*!c*!d+a*!b*d+!a*b*!c+!a*!b*c+c*d,9,suboptimal,12
P2530,pdn,b*!c*!d+!a*!b*!d+a*!b*d+!a*b*d+c*d,9,suboptimal,18
P2530,pun,b*!c*!d+!a*!b*!d+a*!b*d+!a*b*d+c*d,9,suboptimal,10
P2531,pdn,b*!c*!d+a*!b*d+!a*b*d+!a*!b*c+c*d,9,failed,
P2531,pun,b*!c*!d+a*!b*d+!a*b*d+!a*!b*c+c*d,9,suboptimal,18
P2534,pdn,a*b*!c*!d+!a*!b*!d+a*!b*d+!a*b*d+c*d,10,suboptimal,14
P2534,pun,a*b*!c*!d+!a*!b*!d+a*!b*d+!a*b*d+c*d,10,suboptimal,11
P2535,pdn,a*b*!c*!d+a*!b*d+!a*b*d+!a*!b*c+c*d,9,suboptimal,17
P2535,pun,a*b*!c*!d+a*!b*d+!a*b*d+!a*!b*c+c*d,9,suboptimal,11
P2536,pdn,!b*!c*!d+!a*!b*!d+a*!b*d+!a*b*!c+c*d,9,suboptimal,12
P2536,pun,!b*!c*!d+!a*!b*!d+a*!b*d+!a*b*!c+c*d,9,suboptimal,11
P2537,pdn,a*!b*!c+!a*b*!c+!a*!b*c+c*d,8,suboptimal,11
P2537,pun,a*!b*!c+!a*b*!c+!a*!b*c+c*d,8,suboptimal,11
P2538,pdn,!a*!c*!d+!a*!b*!d+a*!b*d+!a*b*d+c*d,8,suboptimal,11
P2538,pun,!a*!c*!d+!a*!b*!d+a*!b*d+!a*b*d+c*d,8,suboptimal,9
P2539,pdn,a*!b*d+!a*b*!c+!a*!b*c+c*d,7,suboptimal,9
P2542,pun,!a*!b*!d+a*!b*d+!a*b*d+c*d,8,suboptimal,11
P2543,pdn,a*!b*d+!a*b*d+!a*!b*c+c*d,7,suboptimal,8
P2543,pun,a*!b*d+!a*b*d+!a*!b*c+c*d,7,suboptimal,9
P2544,pdn,a*!b*d+!a*b*d+!c*!d+c*d,8,suboptimal,10
P2544,pun,a*!b*d+!a*b*d+!c*!d+c*d,8,suboptimal,9
P2545,pdn,a*!c*!d+a*!b*d+!a*b*!c+c*d,8,suboptimal,14
P2545,pun,a*!c*!d+a*!b*d+!a*b*!c+c*d,8,suboptimal,10
P2546,pdn,b*!c*!d+!a*!c*!d+a*!b*d+!a*b*d+c*d,9,suboptimal,10
P2546,pun,b*!c*!d+!a*!c*!d+a*!b*d+!a*b*d+c*d,9,failed,
P2547,pdn,b*!c*!d+a*!b*d+!a*b*d+c*d,8,suboptimal,13
P2547,pun,b*!c*!d+a*!b*d+!a*b*d+c*d,8,suboptimal,11
P2550,pdn,!a*!b*!c*!d+a*b*!c*!d+a*!b*d+!a*b*d+c*d,10,suboptimal,19
P2550,pun,!a*!b*!c*!d+a*b*!c*!d+a*!b*d+!a*b*d+c*d,10,suboptimal,19
P2551,pun,a*b*!c*!d+a*!b*d+!a*b*d+c*d,9,suboptimal,18
P2552,pdn,!b*!c*!d+a*!b*d+!a*b*!c+c*d,8,suboptimal,13
P2552,pun,!b*!c*!d+a*!b*d+!a*b*!c+c*d,8,suboptimal,10
P2553,pdn,a*!b*!c+!a*b*!c+c*d,7,suboptimal,9
P2553,pun,a*!b*!c+!a*b*!c+c*d,7,suboptimal,9
P2554,pun,!a*!c*!d+a*!b*d+!a*b*d+c*d,8,suboptimal,15
P2555,pdn,a*!b*d+!a*b*!c+c*d,7,suboptimal,8
P2555,pun,a*!b*d+!a*b*!c+c*d,7,suboptimal,10
P2558,pun,!a*!b*!c*!d+a*!b*d+!a*b*d+c*d,9,suboptimal,18
P2720,pdn,!c*!d+c*d+!a,5,suboptimal,13
P2721,pdn,a*!c*!d+c*d+!a*d+!a*c+!a*b,8,suboptimal,9
P2723,pdn,b*!c*!d+c*d+!a*d+!a*c,7,suboptimal,10
P2724,pdn,a*!c*!d+c*d+!a*d+!a*c+!a*!b,8,suboptimal,9
P2725,pdn,a*!c*!d+c*d+!a*d+!a*c,7,suboptimal,8
P2726,pdn,a*b*!c*!d+c*d+!a*d+!a*c+!a*!b,9,suboptimal,10
P2727,pdn,a*b*!c*!d+c*d+!a*d+!a*c,8,suboptimal,9
P2727,pun,a*b*!c*!d+c*d+!a*d+!a*c,8,suboptimal,9
P2728,pdn,!b*!c*!d+c*d+!a,6,suboptimal,9
P2729,pdn,a*!b*!c*!d+c*d+!a*d+!a*c+!a*b,9,suboptimal,10
P2732,pdn,!b*!c*!d+c*d+!a*d+!a*c,7,suboptimal,8
P2733,pdn,a*!b*!c*!d+c*d+!a*d+!a*c,8,suboptimal,9
P2733,pun,a*!b*!c*!d+c*d+!a*d+!a*c,8,suboptimal,15
P2737,pdn,a*!c*!d+c*d+!a*d+!a*b,7,suboptimal,9
P2738,pdn,b*!c*!d+c*d+!a*!c+!a*b,7,suboptimal,10
P2738,pun,b*!c*!d+c*d+!a*!c+!a*b,7,suboptimal,8
P2739,pdn,b*!c*!d+c*d+!a*d+!a*b,6,suboptimal,9
P2740,pdn,a*!c*!d+!a*!b*!c+!a*b*c+c*d+!a*d,9,suboptimal,13
P2740,pun,a*!c*!d+!a*!b*!c+!a*b*c+c*d+!a*d,9,suboptimal,11
P2741,pdn,a*!c*!d+!a*b*c+c*d+!a*d,8,suboptimal,12
P2741,pun,a*!c*!d+!a*b*c+c*d+!a*d,8,suboptimal,9
P2742,pdn,a*b*!c*!d+!a*!b*!c+!a*b*c+c*d+!a*d,10,suboptimal,12
P2742,pun,a*b*!c*!d+!a*!b*!c+!a*b*c+c*d+!a*d,10,suboptimal,12
P2743,pdn,a*b*!c*!d+!a*b*c+c*d+!a*d,8,suboptimal,12
P2744,pdn,!b*!c*!d+c*d+!a*d+!a*b,7,suboptimal,8
P2745,pdn,a*!b*!c*!d+c*d+!a*d+!a*b,8,suboptimal,9
P2748,pdn,!b*!c*!d+!a*b*c+c*d+!a*d,8,suboptimal,12
P2748,pun,!b*!c*!d+!a*b*c+c*d+!a*d,8,suboptimal,9
P2749,pdn,a*!b*!c*!d+!a*b*c+c*d+!a*d,9,suboptimal,10
P2749,pun,a*!b*!c*!d+!a*b*c+c*d+!a*d,9,suboptimal,11
P2750,pdn,!a*!b*!c+!a*b*c+c*d+!a*d,7,suboptimal,8
P2750,pun,!a*!b*!c+!a*b*c+c*d+!a*d,7,suboptimal,8
P2752,pun,!c*!d+!b*!d+c*d+!a*d,6,suboptimal,10
P2753,pdn,a*!c*!d+!a*b*!c+c*d+!a*d+!b*c,8,suboptimal,11
P2753,pun,a*!c*!d+!a*b*!c+c*d+!a*d+!b*c,8,suboptimal,10
P2754,pdn,b*!c*!d+c*d+!a*!c+!b*c,7,suboptimal,9
P2754,pun,b*!c*!d+c*d+!a*!c+!b*c,7,suboptimal,8
P2755,pdn,b*!c*!d+c*d+!a*d+!b*c,7,suboptimal,8
P2755,pun,b*!c*!d+c*d+!a*d+!b*c,7,suboptimal,14
P2758,pdn,a*b*!c*!d+c*d+!a*d+!b*c+!a*!b,8,suboptimal,14
P2758,pun,a*b*!c*!d+c*d+!a*d+!b*c+!a*!b,8,suboptimal,9
P2759,pdn,a*b*!c*!d+c*d+!a*d+!b*c,8,suboptimal,13
P2759,pun,a*b*!c*!d+c*d+!a*d+!b*c,8,suboptimal,9
P2760,pdn,!b*!d+c*d+!a*!c,6,suboptimal,7
P2760,pun,!b*!d+c*d+!a*!c,6,suboptimal,7
P2761,pdn,a*!b*!d+!a*b*!c+c*d+!a*d+!b*c,8,suboptimal,10
P2761,pun,a*!b*!d+!a*b*!c+c*d+!a*d+!b*c,8,suboptimal,10
P2762,pdn,c*d+!a*!c+!b*c,5,suboptimal,7
P2762,pun,c*d+!a*!c+!b*c,5,suboptimal,6
P2763,pdn,!a*b*!c+c*d+!a*d+!b*c,6,suboptimal,8
P2763,pun,!a*b*!c+c*d+!a*d+!b*c,6,suboptimal,7
P2766,pdn,c*d+!a*d+!b*c+!a*!b,4,suboptimal,5
P2768,pun,a*!b*c+!c*!d+c*d+!a*d,7,suboptimal,8
P2769,pdn,a*!c*!d+!a*b*!c+a*!b*c+c*d+!a*d,8,suboptimal,10
P2769,pun,a*!c*!d+!a*b*!c+a*!b*c+c*d+!a*d,8,suboptimal,11
P2770,pdn,b*!c*!d+a*!b*c+c*d+!a*!c,8,suboptimal,14
P2770,pun,b*!c*!d+a*!b*c+c*d+!a*!c,8,suboptimal,9
P2771,pdn,b*!c*!d+a*!b*c+c*d+!a*d,8,suboptimal,12
P2771,pun,b*!c*!d+a*!b*c+c*d+!a*d,8,suboptimal,16
P2772,pdn,a*!c*!d+!a*!b*!c+a*!b*c+c*d+!a*d,9,suboptimal,12
P2772,pun,a*!c*!d+!a*!b*!c+a*!b*c+c*d+!a*d,9,suboptimal,11
P2773,pdn,a*!c*!d+a*!b*c+c*d+!a*d,7,suboptimal,11
P2773,pun,a*!c*!d+a*!b*c+c*d+!a*d,7,suboptimal,9
P2774,pdn,a*b*!c*!d+!a*!b*!c+a*!b*c+c*d+!a*d,9,suboptimal,19
P2774,pun,a*b*!c*!d+!a*!b*!c+a*!b*c+c*d+!a*d,9,suboptimal,11
P2775,pdn,a*b*!c*!d+a*!b*c+c*d+!a*d,8,suboptimal,17
P2775,pun,a*b*!c*!d+a*!b*c+c*d+!a*d,8,suboptimal,12
P2776,pdn,a*!b*!d+c*d+!a*!c,7,suboptimal,9
P2777,pun,a*!b*!d+!a*b*!c+c*d+!a*d,8,suboptimal,9
P2778,pdn,a*!b*c+c*d+!a*!c,6,suboptimal,9
P2779,pdn,!a*b*!c+a*!b*c+c*d+!a*d,7,suboptimal,8
P2779,pun,!a*b*!c+a*!b*c+c*d+!a*d,7,suboptimal,8
P2780,pdn,!b*!c*!d+a*!b*c+c*d+!a*d,7,suboptimal,8
P2781,pun,a*!b*!d+c*d+!a*d,6,suboptimal,9
P2782,pdn,!a*!b*!c+a*!b*c+c*d+!a*d,6,suboptimal,9
P2783,pdn,a*!b*c+c*d+!a*d,5,suboptimal,7
P2785,pdn,a*!c*!d+!a*b*!c+!a*!b*c+c*d+!a*d,9,suboptimal,14
P2785,pun,a*!c*!d+!a*b*!c+!a*!b*c+c*d+!a*d,9,suboptimal,11
P2786,pdn,b*!c*!d+c*d+!a*d+!a*!b,7,suboptimal,8
P2787,pdn,b*!c*!d+!a*!b*c+c*d+!a*d,8,suboptimal,12
P2787,pun,b*!c*!d+!a*!b*c+c*d+!a*d,8,suboptimal,9
P2788,pdn,a*!c*!d+c*d+!a*d+!a*!b,7,suboptimal,10
P2788,pun,a*!c*!d+c*d+!a*d+!a*!b,7,suboptimal,9
P2789,pdn,a*!c*!d+!a*!b*c+c*d+!a*d,8,suboptimal,12
P2789,pun,a*!c*!d+!a*!b*c+c*d+!a*d,8,suboptimal,9
P2790,pdn,a*b*!c*!d+c*d+!a*d+!a*!b,8,suboptimal,18
P2791,pdn,a*b*!c*!d+!a*!b*c+c*d+!a*d,9,suboptimal,14
P2791,pun,a*b*!c*!d+!a*!b*c+c*d+!a*d,9,suboptimal,14
P2792,pdn,!b*!c*!d+c*d+!a*!c+!a*!b,7,suboptimal,8
P2792,pun,!b*!c*!d+c*d+!a*!c+!a*!b,7,suboptimal,8
P2793,pdn,a*!b*!c*!d+!a*b*!c+!a*!b*c+c*d+!a*d,10,suboptimal,17
P2793,pun,a*!b*!c*!d+!a*b*!c+!a*!b*c+c*d+!a*d,10,suboptimal,11
P2795,pdn,!a*b*!c+!a*!b*c+c*d+!a*d,7,suboptimal,8
P2795,pun,!a*b*!c+!a*!b*c+c*d+!a*d,7,suboptimal,8
P2796,pdn,!b*!c*!d+c*d+!a*d+!a*!b,6,suboptimal,9
P2797,pdn,a*!b*!c*!d+!a*!b*c+c*d+!a*d,8,suboptimal,13
P2800,pdn,!c*!d+c*d+!a*d,5,suboptimal,13
P2800,pun,!c*!d+c*d+!a*d,5,suboptimal,6
P2801,pdn,a*!c*!d+!a*b*!c+c*d+!a*d,7,suboptimal,9
P2802,pdn,b*!c*!d+c*d+!a*!c,6,suboptimal,9
P2804,pdn,a*!c*!d+!a*!b*!c+c*d+!a*d,7,suboptimal,10
P2804,pun,a*!c*!d+!a*!b*!c+c*d+!a*d,7,suboptimal,8
P2805,pdn,a*!c*!d+c*d+!a*d,6,suboptimal,8
P2805,pun,a*!c*!d+c*d+!a*d,6,suboptimal,7
P2807,pun,a*b*!c*!d+c*d+!a*d,7,suboptimal,10
P2808,pdn,!b*!c*!d+c*d+!a*!c,6,suboptimal,7
P2809,pdn,a*!b*!c*!d+!a*b*!c+c*d+!a*d,8,suboptimal,17
P2812,pdn,!b*!c*!d+c*d+!a*d,6,suboptimal,7
P2812,pun,!b*!c*!d+c*d+!a*d,6,suboptimal,8
P2813,pdn,a*!b*!c*!d+c*d+!a*d,7,suboptimal,11
P2992,pdn,!c*!d+c*d+!a*b,6,suboptimal,7
P2992,pun,!c*!d+c*d+!a*b,6,suboptimal,9
P2993,pdn,a*!c*!d+c*d+!a*b,7,suboptimal,8
P2993,pun,a*!c*!d+c*d+!a*b,7,suboptimal,9
P2994,pdn,b*!c*!d+!a*!c*!d+c*d+!a*b,8,suboptimal,11
P2995,pdn,b*!c*!d+c*d+!a*b,6,suboptimal,10
P2995,pun,b*!c*!d+c*d+!a*b,6,suboptimal,7
P2996,pdn,!b*!c*!d+a*!c*!d+!a*b*d+!a*b*c+c*d,9,suboptimal,17
P2996,pun,!b*!c*!d+a*!c*!d+!a*b*d+!a*b*c+c*d,9,suboptimal,14
P2997,pdn,a*!c*!d+!a*b*d+!a*b*c+c*d,8,suboptimal,15
P2997,pun,a*!c*!d+!a*b*d+!a*b*c+c*d,8,suboptimal,11
P2998,pdn,!a*!b*!c*!d+a*b*!c*!d+!a*b*d+!a*b*c+c*d,10,suboptimal,12
P2998,pun,!a*!b*!c*!d+a*b*!c*!d+!a*b*d+!a*b*c+c*d,10,suboptimal,16
P2999,pdn,a*b*!c*!d+!a*b*d+!a*b*c+c*d,8,suboptimal,12
P2999,pun,a*b*!c*!d+!a*b*d+!a*b*c+c*d,8,suboptimal,9
P3000,pun,!b*!c*!d+c*d+!a*b,7,suboptimal,8
P3001,pdn,a*!b*!c*!d+c*d+!a*b,8,suboptimal,12
P3001,pun,a*!b*!c*!d+c*d+!a*b,8,suboptimal,10
P3002,pdn,!a*!c*!d+c*d+!a*b,6,suboptimal,8
P3002,pun,!a*!c*!d+c*d+!a*b,6,suboptimal,7
P3004,pdn,!b*!c*!d+!a*b*d+!a*b*c+c*d,8,suboptimal,16
P3004,pun,!b*!c*!d+!a*b*d+!a*b*c+c*d,8,suboptimal,10
P3005,pdn,a*!b*!c*!d+!a*b*d+!a*b*c+c*d,9,suboptimal,18
P3006,pdn,!a*!b*!c*!d+!a*b*d+!a*b*c+c*d,8,suboptimal,15
P3006,pun,!a*!b*!c*!d+!a*b*d+!a*b*c+c*d,8,suboptimal,9
P3007,pdn,!a*b*d+!a*b*c+c*d,6,suboptimal,9
P3007,pun,!a*b*d+!a*b*c+c*d,6,suboptimal,7
P3024,pdn,!a*b*d+a*!b*c+!c*!d+c*d,8,suboptimal,11
P3024,pun,!a*b*d+a*!b*c+!c*!d+c*d,8,suboptimal,10
P3025,pdn,a*!c*!d+!a*b*!c+a*!b*c+c*d,8,suboptimal,12
P3025,pun,a*!c*!d+!a*b*!c+a*!b*c+c*d,8,suboptimal,10
P3026,pdn,b*!c*!d+!a*!c*!d+!a*b*d+a*!b*c+c*d,10,suboptimal,13
P3026,pun,b*!c*!d+!a*!c*!d+!a*b*d+a*!b*c+c*d,10,suboptimal,16
P3027,pdn,b*!c*!d+!a*b*d+a*!b*c+c*d,8,suboptimal,15
P3027,pun,b*!c*!d+!a*b*d+a*!b*c+c*d,8,suboptimal,11
P3030,pdn,!a*!b*!c*!d+a*b*!c*!d+!a*b*d+a*!b*c+c*d,10,suboptimal,20
P3030,pun,!a*!b*!c*!d+a*b*!c*!d+!a*b*d+a*!b*c+c*d,10,failed,
P3031,pdn,a*b*!c*!d+!a*b*d+a*!b*c+c*d,8,suboptimal,17
P3031,pun,a*b*!c*!d+!a*b*d+a*!b*c+c*d,8,suboptimal,13
P3032,pdn,!b*!c*!d+!a*b*!c+a*!b*c+c*d,8,suboptimal,10
P3032,pun,!b*!c*!d+!a*b*!c+a*!b*c+c*d,8,suboptimal,10
P3033,pdn,a*!b*!d+!a*b*!c+c*d,8,suboptimal,11
P3033,pun,a*!b*!d+!a*b*!c+c*d,8,suboptimal,10
P3034,pdn,!a*!c*!d+!a*b*d+a*!b*c+c*d,8,suboptimal,11
P3034,pun,!a*!c*!d+!a*b*d+a*!b*c+c*d,8,suboptimal,9
P3035,pdn,!a*b*!c+a*!b*c+c*d,7,suboptimal,9
P3038,pdn,!a*!b*!c*!d+!a*b*d+a*!b*c+c*d,8,suboptimal,9
P3038,pun,!a*!b*!c*!d+!a*b*d+a*!b*c+c*d,8,suboptimal,10
P3039,pdn,!a*b*d+a*!b*c+c*d,6,suboptimal,10
P3039,pun,!a*b*d+a*!b*c+c*d,6,suboptimal,9
P3040,pun,!a*!b*!d+!a*b*d+!c*!d+c*d,7,suboptimal,9
P3041,pdn,a*!c*!d+!a*b*!c+!a*!b*c+c*d,8,suboptimal,10
P3041,pun,a*!c*!d+!a*b*!c+!a*!b*c+c*d,8,suboptimal,9
P3042,pun,b*!c*!d+!a*!b*!d+!a*b*d+c*d,8,suboptimal,13
P3043,pdn,b*!c*!d+!a*b*d+!a*!b*c+c*d,7,suboptimal,10
P3043,pun,b*!c*!d+!a*b*d+!a*!b*c+c*d,7,suboptimal,11
P3044,pun,a*!c*!d+!a*!b*!d+!a*b*d+c*d,8,suboptimal,9
P3045,pdn,a*!c*!d+!a*b*d+!a*!b*c+c*d,8,suboptimal,9
P3045,pun,a*!c*!d+!a*b*d+!a*!b*c+c*d,8,suboptimal,10
P3046,pun,a*b*!c*!d+!a*!b*!d+!a*b*d+c*d,9,suboptimal,11
P3047,pdn,a*b*!c*!d+!a*b*d+!a*!b*c+c*d,8,suboptimal,14
P3047,pun,a*b*!c*!d+!a*b*d+!a*!b*c+c*d,8,suboptimal,12
P3048,pdn,!b*!c*!d+!a*!b*!d+!a*b*!c+c*d,8,suboptimal,11
P3048,pun,!b*!c*!d+!a*!b*!d+!a*b*!c+c*d,8,suboptimal,11
P3049,pdn,a*!b*!c*!d+!a*b*!c+!a*!b*c+c*d,9,suboptimal,16
P3049,pun,a*!b*!c*!d+!a*b*!c+!a*!b*c+c*d,9,suboptimal,16
P3050,pdn,!a*!c*!d+!a*!b*!d+!a*b*d+c*d,7,suboptimal,14
P3051,pun,!a*b*!c+!a*!b*c+c*d,6,suboptimal,9
P3052,pdn,!b*!c*!d+!a*!b*!d+!a*b*d+c*d,7,suboptimal,8
P3052,pun,!b*!c*!d+!a*!b*!d+!a*b*d+c*d,7,suboptimal,11
P3053,pdn,a*!b*!c*!d+!a*b*d+!a*!b*c+c*d,8,suboptimal,12
P3053,pun,a*!b*!c*!d+!a*b*d+!a*!b*c+c*d,8,suboptimal,9
P3054,pun,!a*!b*!d+!a*b*d+c*d,6,suboptimal,8
P3055,pdn,!a*b*d+!a*!b*c+c*d,5,suboptimal,7
P3055,pun,!a*b*d+!a*!b*c+c*d,5,suboptimal,7
P3056,pdn,!a*b*d+!c*!d+c*d,6,suboptimal,7
P3056,pun,!a*b*d+!c*!d+c*d,6,suboptimal,9
P3057,pun,a*!c*!d+!a*b*!c+c*d,7,suboptimal,10
P3058,pdn,b*!c*!d+!a*!c*!d+!a*b*d+c*d,7,suboptimal,9
P3058,pun,b*!c*!d+!a*!c*!d+!a*b*d+c*d,7,suboptimal,9
P3059,pun,b*!c*!d+!a*b*d+c*d,6,suboptimal,9
P3060,pdn,!b*!c*!d+a*!c*!d+!a*b*d+c*d,8,suboptimal,9
P3060,pun,!b*!c*!d+a*!c*!d+!a*b*d+c*d,8,suboptimal,9
P3061,pun,a*!c*!d+!a*b*d+c*d,7,suboptimal,9
P3062,pdn,!a*!b*!c*!d+a*b*!c*!d+!a*b*d+c*d,9,suboptimal,13
P3062,pun,!a*!b*!c*!d+a*b*!c*!d+!a*b*d+c*d,9,suboptimal,16
P3063,pdn,a*b*!c*!d+!a*b*d+c*d,7,suboptimal,20
P3064,pdn,!b*!c*!d+!a*b*!c+c*d,7,suboptimal,10
P3064,pun,!b*!c*!d+!a*b*!c+c*d,7,suboptimal,10
P3065,pdn,a*!b*!c*!d+!a*b*!c+c*d,8,suboptimal,10
P3065,pun,a*!b*!c*!d+!a*b*!c+c*d,8,suboptimal,10
P3066,pun,!a*!c*!d+!a*b*d+c*d,6,suboptimal,9
P3067,pdn,!a*b*!c+c*d,5,suboptimal,6
P3067,pun,!a*b*!c+c*d,5,suboptimal,6
P3068,pun,!b*!c*!d+!a*b*d+c*d,7,suboptimal,9
P3069,pun,a*!b*!c*!d+!a*b*d+c*d,8,suboptimal,12
P3071,pun,!a*b*d+c*d,4,suboptimal,5
P3808,pun,!c*!d+c*d+!a*!b,6,suboptimal,9
P3809,pdn,b*!c*!d+a*!c*!d+!a*!b*d+!a*!b*c+c*d,9,suboptimal,20
P3809,pun,b*!c*!d+a*!c*!d+!a*!b*d+!a*!b*c+c*d,9,suboptimal,17
P3810,pdn,b*!c*!d+c*d+!a*!b,7,suboptimal,10
P3810,pun,b*!c*!d+c*d+!a*!b,7,suboptimal,8
P3811,pdn,b*!c*!d+!a*!b*d+!a*!b*c+c*d,8,suboptimal,15
P3811,pun,b*!c*!d+!a*!b*d+!a*!b*c+c*d,8,suboptimal,15
P3814,pdn,a*b*!c*!d+c*d+!a*!b,8,suboptimal,12
P3814,pun,a*b*!c*!d+c*d+!a*!b,8,suboptimal,10
P3815,pdn,a*b*!c*!d+!a*!b*d+!a*!b*c+c*d,9,suboptimal,13
P3815,pun,a*b*!c*!d+!a*!b*d+!a*!b*c+c*d,9,suboptimal,13
P3816,pdn,!b*!c*!d+!a*!c*!d+c*d+!a*!b,8,suboptimal,12
P3816,pun,!b*!c*!d+!a*!c*!d+c*d+!a*!b,8,suboptimal,13
P3817,pdn,a*!b*!c*!d+!a*b*!c*!d+!a*!b*d+!a*!b*c+c*d,10,failed,
P3817,pun,a*!b*!c*!d+!a*b*!c*!d+!a*!b*d+!a*!b*c+c*d,10,suboptimal,17
P3818,pdn,!a*!c*!d+c*d+!a*!b,6,suboptimal,11
P3819,pdn,!a*b*!c*!d+!a*!b*d+!a*!b*c+c*d,8,suboptimal,10
P3819,pun,!a*b*!c*!d+!a*!b*d+!a*!b*c+c*d,8,suboptimal,12
P3823,pdn,!a*!b*d+!a*!b*c+c*d,6,suboptimal,10
P3824,pdn,!a*!b*d+!c*!d+c*d,6,suboptimal,7
P3825,pdn,b*!c*!d+a*!c*!d+!a*!b*d+c*d,8,suboptimal,11
P3825,pun,b*!c*!d+a*!c*!d+!a*!b*d+c*d,8,suboptimal,9
P3826,pdn,b*!c*!d+!a*!b*!c+c*d,7,suboptimal,9
P3826,pun,b*!c*!d+!a*!b*!c+c*d,7,suboptimal,10
P3827,pdn,b*!c*!d+!a*!b*d+c*d,7,suboptimal,8
P3827,pun,b*!c*!d+!a*!b*d+c*d,7,suboptimal,9
P3830,pdn,a*b*!c*!d+!a*!b*!c+c*d,8,suboptimal,11
P3830,pun,a*b*!c*!d+!a*!b*!c+c*d,8,suboptimal,10
P3831,pdn,a*b*!c*!d+!a*!b*d+c*d,8,suboptimal,10
P3831,pun,a*b*!c*!d+!a*!b*d+c*d,8,suboptimal,11
P3832,pdn,!b*!c*!d+!a*!c*!d+!a*!b*d+c*d,7,suboptimal,14
P3832,pun,!b*!c*!d+!a*!c*!d+!a*!b*d+c*d,7,suboptimal,9
P3833,pdn,a*!b*!c*!d+!a*b*!c*!d+!a*!b*d+c*d,9,suboptimal,11
P3833,pun,a*!b*!c*!d+!a*b*!c*!d+!a*!b*d+c*d,9,suboptimal,11
P3834,pun,!a*!c*!d+!a*!b*d+c*d,6,suboptimal,7
P3835,pun,!a*b*!c*!d+!a*!b*d+c*d,7,suboptimal,10
P3838,pdn,!a*!b*!c+c*d,5,suboptimal,6
P3838,pun,!a*!b*!c+c*d,5,suboptimal,6
P3839,pun,!a*!b*d+c*d,4,suboptimal,5
P4080,pdn,!c*!d+c*d,4,suboptimal,20
P4080,pun,!c*!d+c*d,4,suboptimal,15
P4081,pdn,b*!c*!d+a*!c*!d+c*d,6,suboptimal,11
P4081,pun,b*!c*!d+a*!c*!d+c*d,6,suboptimal,11
P4082,pdn,b*!c*!d+!a*!c*!d+c*d,6,suboptimal,9
P4082,pun,b*!c*!d+!a*!c*!d+c*d,6,suboptimal,7
P4083,pdn,b*!c*!d+c*d,5,suboptimal,13
P4083,pun,b*!c*!d+c*d,5,failed,
P4086,pdn,!a*!b*!c*!d+a*b*!c*!d+c*d,8,suboptimal,9
P4086,pun,!a*!b*!c*!d+a*b*!c*!d+c*d,8,suboptimal,10
P4087,pdn,a*b*!c*!d+c*d,6,suboptimal,8
P4088,pdn,!b*!c*!d+!a*!c*!d+c*d,6,suboptimal,11
P4089,pdn,a*!b*!c*!d+!a*b*!c*!d+c*d,8,suboptimal,10
P4089,pun,a*!b*!c*!d+!a*b*!c*!d+c*d,8,suboptimal,10
P4090,pdn,!a*!c*!d+c*d,5,suboptimal,6
P4090,pun,!a*!c*!d+c*d,5,suboptimal,8
P4091,pdn,!a*b*!c*!d+c*d,6,suboptimal,8
P4091,pun,!a*b*!c*!d+c*d,6,suboptimal,7
P4094,pdn,!a*!b*!c*!d+c*d,6,suboptimal,8
P4094,pun,!a*!b*!c*!d+c*d,6,suboptimal,8
P4095,pdn,c*d,2,failed,
P4095,pun,c*d,2,suboptimal,12
P5736,pdn,!b*!c*!d+!a*!c*!d+!a*!b*!d+b*c*d+a*c*d+a*b*d+!a*!b*!c+a*b*c,12,failed,
P5736,pun,!b*!c*!d+!a*!c*!d+!a*!b*!d+b*c*d+a*c*d+a*b*d+!a*!b*!c+a*b*c,12,failed,
P5737,pdn,a*!b*!c*!d+!a*b*!c*!d+!a*!b*c*!d+!a*!b*!c*d+b*c*d+a*c*d+a*b*d+a*b*c,14,failed,
P5737,pun,a*!b*!c*!d+!a*b*!c*!d+!a*!b*c*!d+!a*!b*!c*d+b*c*d+a*c*d+a*b*d+a*b*c,13,failed,
P5738,pdn,!a*!c*!d+!a*!b*!d+b*c*d+a*c*d+a*b*d+!a*!b*!c+a*b*c,11,suboptimal,19
P5738,pun,!a*!c*!d+!a*!b*!d+b*c*d+a*c*d+a*b*d+!a*!b*!c+a*b*c,11,failed,
P5739,pdn,!a*b*!c*!d+!a*!b*c*!d+!a*!b*!c*d+b*c*d+a*c*d+a*b*d+a*b*c,12,failed,
P5739,pun,!a*b*!c*!d+!a*!b*c*!d+!a*!b*!c*d+b*c*d+a*c*d+a*b*d+a*b*c,12,failed,
P5742,pdn,!a*!b*!d+b*c*d+a*c*d+a*b*d+!a*!b*!c+a*b*c,11,suboptimal,17
P5742,pun,!a*!b*!d+b*c*d+a*c*d+a*b*d+!a*!b*!c+a*b*c,11,suboptimal,13
P5743,pdn,!a*!b*c*!d+!a*!b*!c*d+b*c*d+a*c*d+a*b*d+a*b*c,10,failed,
P5743,pun,!a*!b*c*!d+!a*!b*!c*d+b*c*d+a*c*d+a*b*d+a*b*c,10,failed,
P5758,pdn,b*c*d+a*c*d+a*b*d+!a*!b*!c+a*b*c,10,suboptimal,16
P5758,pun,b*c*d+a*c*d+a*b*d+!a*!b*!c+a*b*c,10,suboptimal,18
P5759,pdn,!a*!b*!c*d+b*c*d+a*c*d+a*b*d+a*b*c,9,suboptimal,19
P5759,pun,!a*!b*!c*d+b*c*d+a*c*d+a*b*d+a*b*c,9,suboptimal,16
P5760,pdn,a*b*d+!a*!b*!c+a*!b*c+!a*b*c+!c*!d+!b*!d,10,suboptimal,12
P5760,pun,a*b*d+!a*!b*!c+a*!b*c+!a*b*c+!c*!d+!b*!d,10,suboptimal,11
P5761,pdn,!a*!b*!c*d+a*!c*!d+!b*c*!d+!a*b*!d+b*c*d+a*c*d+a*b*d,11,failed,
P5762,pdn,b*c*d+!a*!b*!c+a*b*!c+a*!b*c+!a*!d,9,suboptimal,11
P5762,pun,b*c*d+!a*!b*!c+a*b*!c+a*!b*c+!a*!d,9,suboptimal,20
P5763,pdn,!a*!b*!c*d+b*!c*!d+!b*c*!d+a*c*d+a*b*d+!a*b*c,11,failed,
P5763,pun,!a*!b*!c*d+b*!c*!d+!b*c*!d+a*c*d+a*b*d+!a*b*c,11,suboptimal,16
P5766,pdn,!b*c*!d+a*c*d+!a*!b*!c+a*b*!c+!a*b*c,9,suboptimal,17
P5766,pun,!b*c*!d+a*c*d+!a*!b*!c+a*b*!c+!a*b*c,10,suboptimal,17
P5767,pdn,!a*!b*!c*d+!b*c*!d+a*c*d+a*b*!c+!a*b*c,10,failed,
P5767,pun,!a*!b*!c*d+!b*c*!d+a*c*d+a*b*!c+!a*b*c,10,suboptimal,19
P5768,pdn,b*c*d+a*c*d+a*b*d+!a*!b*!c+!b*!d+!a*!d,10,suboptimal,16
P5768,pun,b*c*d+a*c*d+a*b*d+!a*!b*!c+!b*!d+!a*!d,10,suboptimal,15
P5769,pdn,!a*!b*!c*d+!b*c*!d+a*!b*!d+!a*b*!d+b*c*d+a*c*d+a*b*d,11,failed,
P5769,pun,!a*!b*!c*d+!b*c*!d+a*!b*!d+!a*b*!d+b*c*d+a*c*d+a*b*d,11,failed,
P5770,pdn,b*c*d+a*b*d+!a*!b*!c+a*!b*c+!a*!d,9,suboptimal,16
P5770,pun,b*c*d+a*b*d+!a*!b*!c+a*!b*c+!a*!d,9,suboptimal,16
P5771,pdn,!a*!b*!c*d+!b*c*!d+!a*b*!d+b*c*d+a*c*d+a*b*d,10,failed,
P5771,pun,!a*!b*!c*d+!b*c*!d+!a*b*!d+b*c*d+a*c*d+a*b*d,10,suboptimal,18
P5774,pdn,!b*c*!d+a*c*d+a*b*d+!a*!b*!c+!a*b*c,10,suboptimal,14
P5774,pun,!b*c*!d+a*c*d+a*b*d+!a*!b*!c+!a*b*c,10,suboptimal,12
P5775,pdn,!a*!b*!c*d+!b*c*!d+a*c*d+a*b*d+!a*b*c,9,suboptimal,16
P5775,pun,!a*!b*!c*d+!b*c*!d+a*c*d+a*b*d+!a*b*c,9,suboptimal,12
P5782,pdn,b*c*d+!a*!b*!c+a*b*!c+a*!b*c+!a*b*c,9,suboptimal,15
P5782,pun,b*c*d+!a*!b*!c+a*b*!c+a*!b*c+!a*b*c,9,suboptimal,13
P5783,pdn,!a*!b*!c*d+b*c*d+a*b*!c+a*!b*c+!a*b*c,10,suboptimal,19
P5783,pun,!a*!b*!c*d+b*c*d+a*b*!c+a*!b*c+!a*b*c,10,suboptimal,14
P5784,pdn,!b*!c*!d+!a*b*!d+b*c*d+a*b*d+!a*!b*!c+a*!b*c,10,suboptimal,16
P5784,pun,!b*!c*!d+!a*b*!d+b*c*d+a*b*d+!a*!b*!c+a*!b*c,10,suboptimal,18
P5785,pdn,!a*!b*!c*d+a*!b*!d+!a*b*!d+b*c*d+a*c*d+a*b*d,10,suboptimal,18
P5785,pun,!a*!b*!c*d+a*!b*!d+!a*b*!d+b*c*d+a*c*d+a*b*d,10,suboptimal,20
P5786,pdn,!a*!c*!d+a*b*d+!a*!b*!c+a*!b*c+!a*b*c,9,suboptimal,17
P5786,pun,!a*!c*!d+a*b*d+!a*!b*!c+a*!b*c+!a*b*c,9,suboptimal,12
P5787,pdn,!a*!b*!c*d+!a*b*!d+b*c*d+a*b*d+a*!b*c,10,suboptimal,12
P5787,pun,!a*!b*!c*d+!a*b*!d+b*c*d+a*b*d+a*!b*c,10,suboptimal,16
P5790,pdn,a*b*d+!a*!b*!c+a*!b*c+!a*b*c,9,suboptimal,17
P5790,pun,a*b*d+!a*!b*!c+a*!b*c+!a*b*c,9,suboptimal,16
P5791,pdn,!a*!b*!c*d+a*b*d+a*!b*c+!a*b*c,8,suboptimal,9
P5791,pun,!a*!b*!c*d+a*b*d+a*!b*c+!a*b*c,8,suboptimal,10
P5800,pdn,!b*!c*!d+b*c*d+a*c*d+a*b*d+!a*!b*!c+!a*!d,10,failed,
P5800,pun,!b*!c*!d+b*c*d+a*c*d+a*b*d+!a*!b*!c+!a*!d,10,suboptimal,11
P5801,pdn,a*!b*!c*!d+!a*!b*!c*d+!a*c*!d+!a*b*!d+b*c*d+a*c*d+a*b*d,12,failed,
P5801,pun,a*!b*!c*!d+!a*!b*!c*d+!a*c*!d+!a*b*!d+b*c*d+a*c*d+a*b*d,12,suboptimal,17
P5802,pdn,b*c*d+a*c*d+a*b*d+!a*!b*!c+!a*!d,9,suboptimal,15
P5802,pun,b*c*d+a*c*d+a*b*d+!a*!b*!c+!a*!d,9,suboptimal,14
P5803,pdn,!a*!b*!c*d+!a*c*!d+!a*b*!d+b*c*d+a*c*d+a*b*d,10,suboptimal,12
P5803,pun,!a*!b*!c*d+!a*c*!d+!a*b*!d+b*c*d+a*c*d+a*b*d,10,failed,
P5804,pdn,!b*!c*!d+!a*c*!d+b*c*d+a*c*d+a*b*d+!a*!b*!c,10,failed,
P5804,pun,!b*!c*!d+!a*c*!d+b*c*d+a*c*d+a*b*d+!a*!b*!c,10,failed,
P5805,pdn,a*!b*!c*!d+!a*!b*!c*d+!a*c*!d+b*c*d+a*c*d+a*b*d,11,suboptimal,16
P5805,pun,a*!b*!c*!d+!a*!b*!c*d+!a*c*!d+b*c*d+a*c*d+a*b*d,11,suboptimal,18
P5806,pdn,!a*!b*!d+a*c*d+a*b*d+!a*!b*!c+!a*b*c,9,suboptimal,19
P5807,pdn,!a*!b*!c*d+!a*c*!d+b*c*d+a*c*d+a*b*d,10,suboptimal,18
P5807,pun,!a*!b*!c*d+!a*c*!d+b*c*d+a*c*d+a*b*d,10,suboptimal,17
P5820,pdn,!b*!c*!d+a*c*d+a*b*d+!a*!b*!c+!a*b*c,10,suboptimal,19
P5820,pun,!b*!c*!d+a*c*d+a*b*d+!a*!b*!c+!a*b*c,10,suboptimal,20
P5821,pdn,a*!b*!c*!d+!a*!b*!c*d+a*c*d+a*b*d+!a*b*c,10,failed,
P5821,pun,a*!b*!c*!d+!a*!b*!c*d+a*c*d+a*b*d+!a*b*c,10,suboptimal,17
P5822,pdn,a*c*d+a*b*d+!a*!b*!c+!a*b*c,8,suboptimal,10
P5823,pun,!a*!b*!c*d+a*c*d+a*b*d+!a*b*c,9,suboptimal,13
P5864,pdn,!b*!c*!d+!a*!c*!d+!a*!b*!d+b*c*d+a*c*d+a*b*d+!a*!b*!c,11,failed,
P5864,pun,!b*!c*!d+!a*!c*!d+!a*!b*!d+b*c*d+a*c*d+a*b*d+!a*!b*!c,11,failed,
P5865,pdn,a*!b*!c*!d+!a*b*!c*!d+!a*!b*c*!d+!a*!b*!c*d+b*c*d+a*c*d+a*b*d,12,failed,
P5865,pun,a*!b*!c*!d+!a*b*!c*!d+!a*!b*c*!d+!a*!b*!c*d+b*c*d+a*c*d+a*b*d,12,failed,
P5866,pdn,!a*!c*!d+!a*!b*!d+b*c*d+a*c*d+a*b*d+!a*!b*!c,10,suboptimal,13
P5866,pun,!a*!c*!d+!a*!b*!d+b*c*d+a*c*d+a*b*d+!a*!b*!c,10,suboptimal,20
P5867,pdn,!a*b*!c*!d+!a*!b*c*!d+!a*!b*!c*d+b*c*d+a*c*d+a*b*d,11,suboptimal,14
P5867,pun,!a*b*!c*!d+!a*!b*c*!d+!a*!b*!c*d+b*c*d+a*c*d+a*b*d,11,suboptimal,20
P5870,pdn,!a*!b*!d+b*c*d+a*c*d+a*b*d+!a*!b*!c,9,suboptimal,11
P5870,pun,!a*!b*!d+b*c*d+a*c*d+a*b*d+!a*!b*!c,9,suboptimal,10
P5871,pdn,!a*!b*c*!d+!a*!b*!c*d+b*c*d+a*c*d+a*b*d,10,failed,
P5871,pun,!a*!b*c*!d+!a*!b*!c*d+b*c*d+a*c*d+a*b*d,10,suboptimal,18
P5886,pdn,b*c*d+a*c*d+a*b*d+!a*!b*!c,8,suboptimal,9
P5886,pun,b*c*d+a*c*d+a*b*d+!a*!b*!c,8,suboptimal,10
P5887,pdn,!a*!b*!c*d+b*c*d+a*c*d+a*b*d,8,suboptimal,12
P5887,pun,!a*!b*!c*d+b*c*d+a*c*d+a*b*d,8,suboptimal,9
P6014,pdn,!a*!b*!c*!d+b*c*d+a*c*d+a*b*d+a*b*c,11,suboptimal,17
P6014,pun,!a*!b*!c*!d+b*c*d+a*c*d+a*b*d+a*b*c,11,suboptimal,17
P6015,pdn,b*c*d+a*c*d+a*b*d+a*b*c,8,suboptimal,9
P6015,pun,b*c*d+a*c*d+a*b*d+a*b*c,8,suboptimal,10
P6016,pdn,a*b*d+a*!b*c+!a*b*c+!c*!d+!b*!d,9,suboptimal,13
P6016,pun,a*b*d+a*!b*c+!a*b*c+!c*!d+!b*!d,9,suboptimal,10
P6017,pdn,a*!c*!d+!b*c*!d+!a*b*!d+b*c*d+a*c*d+a*b*d,11,suboptimal,16
P6017,pun,a*!c*!d+!b*c*!d+!a*b*!d+b*c*d+a*c*d+a*b*d,11,suboptimal,14
P6018,pdn,b*c*d+a*b*!c+a*!b*c+!a*!d,9,suboptimal,14
P6018,pun,b*c*d+a*b*!c+a*!b*c+!a*!d,9,suboptimal,20
P6019,pdn,b*!c*!d+!b*c*!d+a*c*d+a*b*d+!a*b*c,9,suboptimal,12
P6019,pun,b*!c*!d+!b*c*!d+a*c*d+a*b*d+!a*b*c,9,suboptimal,12
P6022,pdn,!a*!b*!d+b*c*d+a*b*!c+a*!b*c+!a*b*c,10,failed,
P6022,pun,!a*!b*!d+b*c*d+a*b*!c+a*!b*c+!a*b*c,10,suboptimal,13
P6023,pdn,!b*c*!d+a*c*d+a*b*!c+!a*b*c,9,suboptimal,12
P6023,pun,!b*c*!d+a*c*d+a*b*!c+!a*b*c,9,suboptimal,11
P6024,pdn,b*c*d+a*c*d+a*b*d+!b*!d+!a*!d,9,suboptimal,14
P6025,pdn,!b*c*!d+a*!b*!d+!a*b*!d+b*c*d+a*c*d+a*b*d,10,suboptimal,15
P6025,pun,!b*c*!d+a*!b*!d+!a*b*!d+b*c*d+a*c*d+a*b*d,10,suboptimal,18
P6026,pdn,b*c*d+a*b*d+a*!b*c+!a*!d,8,suboptimal,11
P6026,pun,b*c*d+a*b*d+a*!b*c+!a*!d,8,suboptimal,12
P6027,pdn,!b*c*!d+!a*b*!d+b*c*d+a*c*d+a*b*d,8,suboptimal,16
P6027,pun,!b*c*!d+!a*b*!d+b*c*d+a*c*d+a*b*d,8,suboptimal,10
P6030,pdn,!a*!b*!d+a*b*d+a*!b*c+!a*b*c,9,suboptimal,15
P6030,pun,!a*!b*!d+a*b*d+a*!b*c+!a*b*c,9,suboptimal,20
P6031,pdn,!b*c*!d+a*c*d+a*b*d+!a*b*c,8,suboptimal,13
P6031,pun,!b*c*!d+a*c*d+a*b*d+!a*b*c,8,suboptimal,10
P6038,pdn,!a*!b*!c*!d+b*c*d+a*b*!c+a*!b*c+!a*b*c,10,suboptimal,18
P6038,pun,!a*!b*!c*!d+b*c*d+a*b*!c+a*!b*c+!a*b*c,10,suboptimal,15
P6039,pdn,b*c*d+a*b*!c+a*!b*c+!a*b*c,8,suboptimal,9
P6039,pun,b*c*d+a*b*!c+a*!b*c+!a*b*c,8,suboptimal,9
P6040,pdn,!b*!c*!d+!a*b*!d+b*c*d+a*b*d+a*!b*c,9,suboptimal,15
P6040,pun,!b*!c*!d+!a*b*!d+b*c*d+a*b*d+a*!b*c,9,suboptimal,19
P6041,pdn,a*!b*!d+!a*b*!d+b*c*d+a*c*d+a*b*d,8,suboptimal,10
P6041,pun,a*!b*!d+!a*b*!d+b*c*d+a*c*d+a*b*d,8,suboptimal,14
P6042,pdn,!a*!c*!d+a*b*d+a*!b*c+!a*b*c,9,suboptimal,12
P6042,pun,!a*!c*!d+a*b*d+a*!b*c+!a*b*c,9,suboptimal,13
P6043,pdn,!a*b*!d+b*c*d+a*b*d+a*!b*c,8,suboptimal,9
P6043,pun,!a*b*!d+b*c*d+a*b*d+a*!b*c,8,suboptimal,9
P6046,pdn,!a*!b*!c*!d+a*b*d+a*!b*c+!a*b*c,10,suboptimal,12
P6046,pun,!a*!b*!c*!d+a*b*d+a*!b*c+!a*b*c,10,suboptimal,13
P6047,pun,a*b*d+a*!b*c+!a*b*c,7,suboptimal,8
P6056,pun,!b*!c*!d+b*c*d+a*c*d+a*b*d+!a*!d,10,suboptimal,18
P6057,pdn,a*!b*!c*!d+!a*c*!d+!a*b*!d+b*c*d+a*c*d+a*b*d,11,suboptimal,13
P6057,pun,a*!b*!c*!d+!a*c*!d+!a*b*!d+b*c*d+a*c*d+a*b*d,11,suboptimal,19
P6058,pdn,b*c*d+a*c*d+a*b*d+!a*!d,7,suboptimal,18
P6058,pun,b*c*d+a*c*d+a*b*d+!a*!d,7,suboptimal,11
P6059,pdn,!a*c*!d+!a*b*!d+b*c*d+a*c*d+a*b*d,8,suboptimal,17
P6059,pun,!a*c*!d+!a*b*!d+b*c*d+a*c*d+a*b*d,8,suboptimal,11
P6060,pdn,!b*!c*!d+!a*c*!d+b*c*d+a*c*d+a*b*d,9,suboptimal,20
P6060,pun,!b*!c*!d+!a*c*!d+b*c*d+a*c*d+a*b*d,9,suboptimal,17
P6061,pdn,a*!b*!c*!d+!a*c*!d+b*c*d+a*c*d+a*b*d,9,suboptimal,13
P6061,pun,a*!b*!c*!d+!a*c*!d+b*c*d+a*c*d+a*b*d,9,suboptimal,14
P6062,pdn,!a*!b*!d+a*c*d+a*b*d+!a*b*c,8,suboptimal,15
P6062,pun,!a*!b*!d+a*c*d+a*b*d+!a*b*c,8,suboptimal,10
P6063,pdn,!a*c*!d+b*c*d+a*c*d+a*b*d,7,suboptimal,13
P6063,pun,!a*c*!d+b*c*d+a*c*d+a*b*d,7,suboptimal,8
P6076,pdn,!b*!c*!d+a*c*d+a*b*d+!a*b*c,9,suboptimal,11
P6076,pun,!b*!c*!d+a*c*d+a*b*d+!a*b*c,9,failed,
P6077,pdn,a*!b*!c*!d+a*c*d+a*b*d+!a*b*c,9,suboptimal,12
P6077,pun,a*!b*!c*!d+a*c*d+a*b*d+!a*b*c,9,suboptimal,16
P6078,pdn,!a*!b*!c*!d+a*c*d+a*b*d+!a*b*c,9,suboptimal,18
P6078,pun,!a*!b*!c*!d+a*c*d+a*b*d+!a*b*c,9,suboptimal,10
P6079,pdn,a*c*d+a*b*d+!a*b*c,6,suboptimal,9
P6079,pun,a*c*d+a*b*d+!a*b*c,6,suboptimal,7
P6120,pdn,!b*!c*!d+!a*!c*!d+!a*!b*!d+b*c*d+a*c*d+a*b*d,10,suboptimal,19
P6120,pun,!b*!c*!d+!a*!c*!d+!a*!b*!d+b*c*d+a*c*d+a*b*d,10,suboptimal,18
P6121,pdn,a*!b*!c*!d+!a*b*!c*!d+!a*!b*c*!d+b*c*d+a*c*d+a*b*d,11,failed,
P6121,pun,a*!b*!c*!d+!a*b*!c*!d+!a*!b*c*!d+b*c*d+a*c*d+a*b*d,11,failed,
P6122,pdn,!a*!c*!d+!a*!b*!d+b*c*d+a*c*d+a*b*d,10,suboptimal,13
P6122,pun,!a*!c*!d+!a*!b*!d+b*c*d+a*c*d+a*b*d,10,suboptimal,14
P6123,pdn,!a*b*!c*!d+!a*!b*c*!d+b*c*d+a*c*d+a*b*d,9,suboptimal,17
P6123,pun,!a*b*!c*!d+!a*!b*c*!d+b*c*d+a*c*d+a*b*d,9,suboptimal,14
P6126,pun,!a*!b*!d+b*c*d+a*c*d+a*b*d,9,suboptimal,12
P6127,pdn,!a*!b*c*!d+b*c*d+a*c*d+a*b*d,9,suboptimal,12
P6127,pun,!a*!b*c*!d+b*c*d+a*c*d+a*b*d,9,suboptimal,11
P6142,pdn,!a*!b*!c*!d+b*c*d+a*c*d+a*b*d,9,suboptimal,10
P6142,pun,!a*!b*!c*!d+b*c*d+a*c*d+a*b*d,9,suboptimal,10
P6272,pdn,a*c*d+!c*!d+!b*!d+!b*!c+!a*b,9,suboptimal,10
P6273,pdn,b*!c*!d+!b*c*!d+!b*!c*d+b*c*d+a*!b+!a*b,8,suboptimal,11
P6273,pun,b*!c*!d+!b*c*!d+!b*!c*d+b*c*d+a*!b+!a*b,8,suboptimal,10
P6274,pdn,b*!c*!d+!b*!c*d+b*c*d+a*!b*c+!a*!d+!a*!c,10,suboptimal,15
P6274,pun,b*!c*!d+!b*!c*d+b*c*d+a*!b*c+!a*!d+!a*!c,10,suboptimal,11
P6275,pdn,b*!c*!d+!b*c*!d+!b*!c*d+a*c*d+!a*b,9,suboptimal,11
P6275,pun,b*!c*!d+!b*c*!d+!b*!c*d+a*c*d+!a*b,9,suboptimal,15
P6278,pdn,a*b*!c*!d+!a*!b*!d+!b*!c*d+!a*!c*d+b*c*d+a*!b*c+!a*b*c,11,suboptimal,20
P6279,pdn,a*b*!c*!d+!b*c*!d+!b*!c*d+!a*!c*d+a*c*d+!a*b*c,11,suboptimal,17
P6279,pun,a*b*!c*!d+!b*c*!d+!b*!c*d+!a*!c*d+a*c*d+!a*b*c,11,suboptimal,16
P6280,pdn,a*c*d+!b*!d+!b*!c+!a*b,8,suboptimal,9
P6281,pun,!b*c*!d+!b*!c*d+b*c*d+a*!b+!a*b,9,suboptimal,10
P6282,pdn,!b*!c*d+b*c*d+a*!b*c+!a*!d+!a*!c,9,suboptimal,12
P6282,pun,!b*!c*d+b*c*d+a*!b*c+!a*!d+!a*!c,9,suboptimal,10
P6283,pun,!b*c*!d+!b*!c*d+a*c*d+!a*b,9,suboptimal,10
P6286,pdn,!a*!b*!d+!b*!c*d+!a*!c*d+b*c*d+a*!b*c+!a*b*c,11,suboptimal,12
P6286,pun,!a*!b*!d+!b*!c*d+!a*!c*d+b*c*d+a*!b*c+!a*b*c,11,suboptimal,13
P6287,pdn,!b*c*!d+!b*!c*d+!a*!c*d+a*c*d+!a*b*c,9,suboptimal,10
P6287,pun,!b*c*!d+!b*!c*d+!a*!c*d+a*c*d+!a*b*c,9,suboptimal,16
P6288,pdn,b*c*d+!c*!d+!b*!c+a*!b+!a*b,8,suboptimal,9
P6289,pdn,b*!c*!d+!b*!c*d+b*c*d+a*!b+!a*b,9,suboptimal,12
P6289,pun,b*!c*!d+!b*!c*d+b*c*d+a*!b+!a*b,9,suboptimal,10
P6290,pdn,b*!c*!d+!b*!c*d+b*c*d+a*!b*c+!a*!c+!a*b,10,suboptimal,18
P6290,pun,b*!c*!d+!b*!c*d+b*c*d+a*!b*c+!a*!c+!a*b,10,suboptimal,19
P6291,pdn,b*!c*!d+!b*!c*d+b*c*d+a*!b*c+!a*b,9,suboptimal,15
P6291,pun,b*!c*!d+!b*!c*d+b*c*d+a*!b*c+!a*b,9,suboptimal,14
P6294,pdn,a*b*!c*!d+!b*!c*d+!a*!c*d+b*c*d+!a*!b*!c+a*!b*c+!a*b*c,11,failed,
P6294,pun,a*b*!c*!d+!b*!c*d+!a*!c*d+b*c*d+!a*!b*!c+a*!b*c+!a*b*c,11,failed,
P6295,pdn,a*b*!c*!d+!b*!c*d+!a*!c*d+b*c*d+a*!b*c+!a*b*c,10,failed,
P6295,pun,a*b*!c*!d+!b*!c*d+!a*!c*d+b*c*d+a*!b*c+!a*b*c,10,suboptimal,16
P6296,pun,b*c*d+!b*!c+a*!b+!a*b,7,suboptimal,8
P6297,pun,!b*!c*d+b*c*d+a*!b+!a*b,7,suboptimal,8
P6298,pdn,!b*!c*d+b*c*d+a*!b*c+!a*!c+!a*b,9,suboptimal,15
P6298,pun,!b*!c*d+b*c*d+a*!b*c+!a*!c+!a*b,9,suboptimal,12
P6299,pdn,!b*!c*d+b*c*d+a*!b*c+!a*b,8,suboptimal,12
P6299,pun,!b*!c*d+b*c*d+a*!b*c+!a*b,8,suboptimal,9
P6302,pdn,!b*!c*d+!a*!c*d+b*c*d+!a*!b*!c+a*!b*c+!a*b*c,10,suboptimal,17
P6302,pun,!b*!c*d+!a*!c*d+b*c*d+!a*!b*!c+a*!b*c+!a*b*c,10,suboptimal,18
P6303,pdn,!b*!c*d+!a*!c*d+b*c*d+a*!b*c+!a*b*c,8,suboptimal,9
P6303,pun,!b*!c*d+!a*!c*d+b*c*d+a*!b*c+!a*b*c,8,suboptimal,13
P6304,pdn,a*c*d+!c*!d+!a*!d+!b*!c+!a*b,8,suboptimal,12
P6304,pun,a*c*d+!c*!d+!a*!d+!b*!c+!a*b,8,suboptimal,9
P6305,pdn,a*!c*!d+!a*c*!d+!b*!c*d+b*c*d+a*!b*d+!a*b,9,suboptimal,14
P6305,pun,a*!c*!d+!a*c*!d+!b*!c*d+b*c*d+a*!b*d+!a*b,9,suboptimal,10
P6306,pdn,b*!c*!d+b*c*d+a*!b*d+!a*!d+!a*!c,9,suboptimal,15
P6306,pun,b*!c*!d+b*c*d+a*!b*d+!a*!d+!a*!c,9,suboptimal,10
P6307,pdn,b*!c*!d+!a*c*!d+!a*!c*d+b*c*d+a*!b*d,9,suboptimal,15
P6307,pun,b*!c*!d+!a*c*!d+!a*!c*d+b*c*d+a*!b*d,9,suboptimal,12
P6308,pdn,a*!c*!d+!a*c*!d+a*c*d+!a*b*d+!b*!c,9,suboptimal,13
P6308,pun,a*!c*!d+!a*c*!d+a*c*d+!a*b*d+!b*!c,9,suboptimal,12
P6309,pdn,a*!c*!d+!a*c*!d+!b*!c*d+a*c*d+!a*b*d,9,suboptimal,16
P6310,pdn,a*b*!c*!d+!a*!b*!d+!a*!c*d+b*c*d+a*!b*d+!a*b*c,11,failed,
P6310,pun,a*b*!c*!d+!a*!b*!d+!a*!c*d+b*c*d+a*!b*d+!a*b*c,11,suboptimal,12
P6311,pdn,a*b*!c*!d+!a*c*!d+!b*!c*d+a*c*d+!a*b*d,10,suboptimal,13
P6311,pun,a*b*!c*!d+!a*c*!d+!b*!c*d+a*c*d+!a*b*d,10,suboptimal,15
P6312,pun,a*c*d+!a*!d+!b*!c+!a*b,8,suboptimal,9
P6313,pdn,!a*c*!d+!b*!c*d+a*c*d+a*!b*!c+!a*b,9,suboptimal,16
P6313,pun,!a*c*!d+!b*!c*d+a*c*d+a*!b*!c+!a*b,9,suboptimal,11
P6314,pdn,b*c*d+a*!b*d+!a*!d+!a*!c,8,suboptimal,12
P6315,pdn,!a*c*!d+!b*!c*d+b*c*d+a*!b*d+!a*b,8,suboptimal,14
P6315,pun,!a*c*!d+!b*!c*d+b*c*d+a*!b*d+!a*b,8,suboptimal,9
P6316,pdn,!a*c*!d+a*c*d+!a*b*d+!b*!c,9,suboptimal,10
P6316,pun,!a*c*!d+a*c*d+!a*b*d+!b*!c,9,suboptimal,13
P6318,pdn,!a*!b*!d+!a*!c*d+b*c*d+a*!b*d+!a*b*c,9,suboptimal,14
P6318,pun,!a*!b*!d+!a*!c*d+b*c*d+a*!b*d+!a*b*c,9,failed,
P6319,pdn,!a*c*!d+!b*!c*d+a*c*d+!a*b*d,9,suboptimal,11
P6319,pun,!a*c*!d+!b*!c*d+a*c*d+!a*b*d,9,suboptimal,16
P6320,pun,a*c*d+!c*!d+!b*!c+!a*b,8,suboptimal,11
P6321,pdn,a*!c*!d+!b*!c*d+b*c*d+a*!b*d+!a*b,9,suboptimal,12
P6321,pun,a*!c*!d+!b*!c*d+b*c*d+a*!b*d+!a*b,9,suboptimal,11
P6322,pdn,b*!c*!d+b*c*d+a*!b*d+!a*!c+!a*b,9,suboptimal,14
P6322,pun,b*!c*!d+b*c*d+a*!b*d+!a*!c+!a*b,9,suboptimal,12
P6323,pdn,b*!c*!d+!b*!c*d+b*c*d+a*!b*d+!a*b,8,suboptimal,11
P6323,pun,b*!c*!d+!b*!c*d+b*c*d+a*!b*d+!a*b,8,suboptimal,10
P6324,pdn,a*!c*!d+!a*!c*d+a*c*d+!a*b*c+!b*!c,9,suboptimal,11
P6324,pun,a*!c*!d+!a*!c*d+a*c*d+!a*b*c+!b*!c,9,suboptimal,11
P6325,pdn,a*!c*!d+!b*!c*d+!a*!c*d+a*c*d+!a*b*c,10,suboptimal,14
P6326,pdn,a*b*!c*!d+!a*!c*d+b*c*d+a*!b*d+!a*!b*!c+!a*b*c,10,failed,
P6326,pun,a*b*!c*!d+!a*!c*d+b*c*d+a*!b*d+!a*!b*!c+!a*b*c,10,suboptimal,14
P6327,pdn,a*b*!c*!d+!b*!c*d+!a*!c*d+a*c*d+!a*b*c,9,failed,
P6327,pun,a*b*!c*!d+!b*!c*d+!a*!c*d+a*c*d+!a*b*c,9,suboptimal,11
P6329,pdn,!b*!c*d+a*c*d+a*!b*!c+!a*b,8,suboptimal,11
P6329,pun,!b*!c*d+a*c*d+a*!b*!c+!a*b,8,suboptimal,12
P6330,pdn,b*c*d+a*!b*d+!a*!c+!a*b,7,suboptimal,8
P6330,pun,b*c*d+a*!b*d+!a*!c+!a*b,7,suboptimal,8
P6331,pdn,!b*!c*d+b*c*d+a*!b*d+!a*b,7,suboptimal,8
P6332,pdn,!a*!c*d+a*c*d+!a*b*c+!b*!c,8,suboptimal,14
P6332,pun,!a*!c*d+a*c*d+!a*b*c+!b*!c,8,suboptimal,13
P6333,pun,!a*!c*d+a*c*d+a*!b*!c+!a*b*c,9,suboptimal,11
P6334,pdn,!a*!c*d+b*c*d+a*!b*d+!a*!b*!c+!a*b*c,8,suboptimal,14
P6334,pun,!a*!c*d+b*c*d+a*!b*d+!a*!b*!c+!a*b*c,8,suboptimal,11
P6335,pun,!b*!c*d+!a*!c*d+a*c*d+!a*b*c,8,suboptimal,9
P6368,pdn,!a*!b*!d+a*c*d+!a*b*d+!c*!d+!b*!c,9,suboptimal,11
P6368,pun,!a*!b*!d+a*c*d+!a*b*d+!c*!d+!b*!c,9,suboptimal,11
P6369,pdn,!a*!b*c*!d+a*!c*!d+!b*!c*d+b*c*d+a*c*d+!a*b*!c,11,failed,
P6369,pun,!a*!b*c*!d+a*!c*!d+!b*!c*d+b*c*d+a*c*d+!a*b*!c,11,suboptimal,17
P6370,pdn,b*!c*!d+!a*!b*!d+!b*!c*d+a*c*d+!a*b*d,9,suboptimal,14
P6370,pun,b*!c*!d+!a*!b*!d+!b*!c*d+a*c*d+!a*b*d,9,suboptimal,13
P6371,pdn,!a*!b*c*!d+b*!c*!d+!a*!c*d+b*c*d+a*!b*d,10,failed,
P6371,pun,!a*!b*c*!d+b*!c*!d+!a*!c*d+b*c*d+a*!b*d,10,suboptimal,13
P6374,pdn,a*b*!c*!d+!a*!b*!d+!b*!c*d+a*c*d+!a*b*d,10,suboptimal,16
P6374,pun,a*b*!c*!d+!a*!b*!d+!b*!c*d+a*c*d+!a*b*d,10,suboptimal,11
P6375,pdn,a*b*!c*!d+!a*!b*c*!d+!b*!c*d+a*c*d+!a*b*d,11,suboptimal,12
P6375,pun,a*b*!c*!d+!a*!b*c*!d+!b*!c*d+a*c*d+!a*b*d,11,suboptimal,12
P6376,pdn,!a*!b*!d+b*c*d+a*c*d+!b*!c+!a*!c,9,suboptimal,11
P6376,pun,!a*!b*!d+b*c*d+a*c*d+!b*!c+!a*!c,9,suboptimal,11
P6377,pdn,!a*!b*c*!d+!b*!c*d+b*c*d+a*c*d+a*!b*!c+!a*b*!c,10,suboptimal,16
P6377,pun,!a*!b*c*!d+!b*!c*d+b*c*d+a*c*d+a*!b*!c+!a*b*!c,10,failed,
P6378,pdn,!a*!b*!d+!b*!c*d+b*c*d+a*c*d+!a*!c,8,suboptimal,10
P6378,pun,!a*!b*!d+!b*!c*d+b*c*d+a*c*d+!a*!c,8,suboptimal,10
P6379,pdn,!a*!b*c*!d+!b*!c*d+b*c*d+a*!b*d+!a*b*!c,9,suboptimal,15
P6379,pun,!a*!b*c*!d+!b*!c*d+b*c*d+a*!b*d+!a*b*!c,9,suboptimal,10
P6382,pdn,!a*!b*!d+!b*!c*d+a*c*d+!a*b*d,9,suboptimal,20
P6382,pun,!a*!b*!d+!b*!c*d+a*c*d+!a*b*d,9,suboptimal,12
P6383,pdn,!a*!b*c*!d+!b*!c*d+a*c*d+!a*b*d,9,suboptimal,10
P6383,pun,!a*!b*c*!d+!b*!c*d+a*c*d+!a*b*d,9,suboptimal,16
P6384,pdn,a*c*d+!a*b*d+!c*!d+!b*!c,8,suboptimal,12
P6384,pun,a*c*d+!a*b*d+!c*!d+!b*!c,8,suboptimal,12
P6385,pdn,a*!c*!d+!b*!c*d+b*c*d+a*c*d+!a*b*!c,9,suboptimal,10
P6385,pun,a*!c*!d+!b*!c*d+b*c*d+a*c*d+!a*b*!c,9,failed,
P6386,pdn,b*!c*!d+!b*!c*d+b*c*d+a*c*d+!a*!c,8,suboptimal,12
P6386,pun,b*!c*!d+!b*!c*d+b*c*d+a*c*d+!a*!c,8,suboptimal,10
P6387,pun,b*!c*!d+!a*!c*d+b*c*d+a*!b*d,9,suboptimal,14
P6390,pdn,a*b*!c*!d+!b*!c*d+a*c*d+!a*b*d+!a*!b*!c,9,suboptimal,18
P6390,pun,a*b*!c*!d+!b*!c*d+a*c*d+!a*b*d+!a*!b*!c,9,suboptimal,11
P6391,pdn,a*b*!c*!d+!b*!c*d+a*c*d+!a*b*d,9,suboptimal,10
P6391,pun,a*b*!c*!d+!b*!c*d+a*c*d+!a*b*d,9,suboptimal,20
P6392,pdn,b*c*d+a*c*d+!b*!c+!a*!c,7,suboptimal,8
P6392,pun,b*c*d+a*c*d+!b*!c+!a*!c,7,suboptimal,9
P6393,pdn,!b*!c*d+b*c*d+a*c*d+a*!b*!c+!a*b*!c,8,suboptimal,9
P6393,pun,!b*!c*d+b*c*d+a*c*d+a*!b*!c+!a*b*!c,8,suboptimal,13
P6394,pun,!b*!c*d+b*c*d+a*c*d+!a*!c,7,suboptimal,13
P6395,pdn,!b*!c*d+b*c*d+a*!b*d+!a*b*!c,8,suboptimal,9
P6395,pun,!b*!c*d+b*c*d+a*!b*d+!a*b*!c,8,suboptimal,10
P6398,pdn,!b*!c*d+a*c*d+!a*b*d+!a*!b*!c,8,suboptimal,10
P6398,pun,!b*!c*d+a*c*d+!a*b*d+!a*!b*!c,8,suboptimal,11
P6399,pun,!b*!c*d+a*c*d+!a*b*d,7,suboptimal,8
P6544,pdn,b*c*d+!c*!d+a*!b+!a*b,8,suboptimal,9
P6544,pun,b*c*d+!c*!d+a*!b+!a*b,8,suboptimal,10
P6545,pun,b*!c*!d+b*c*d+a*!b+!a*b,8,suboptimal,9
P6546,pdn,b*!c*!d+!a*!c*!d+b*c*d+a*!b*d+a*!b*c+!a*b,10,suboptimal,18
P6546,pun,b*!c*!d+!a*!c*!d+b*c*d+a*!b*d+a*!b*c+!a*b,10,suboptimal,19
P6547,pdn,b*!c*!d+b*c*d+a*!b*d+a*!b*c+!a*b,9,suboptimal,14
P6547,pun,b*!c*!d+b*c*d+a*!b*d+a*!b*c+!a*b,9,suboptimal,10
P6550,pdn,!a*!b*!c*!d+a*b*!c*!d+b*c*d+a*!b*d+!a*b*d+a*!b*c+!a*b*c,12,failed,
P6550,pun,!a*!b*!c*!d+a*b*!c*!d+b*c*d+a*!b*d+!a*b*d+a*!b*c+!a*b*c,12,failed,
P6551,pdn,a*b*!c*!d+b*c*d+a*!b*d+!a*b*d+a*!b*c+!a*b*c,10,suboptimal,17
P6551,pun,a*b*!c*!d+b*c*d+a*!b*d+!a*b*d+a*!b*c+!a*b*c,10,suboptimal,17
P6553,pdn,b*c*d+a*!b+!a*b,6,suboptimal,7
P6553,pun,b*c*d+a*!b+!a*b,6,suboptimal,9
P6554,pdn,!a*!c*!d+b*c*d+a*!b*d+a*!b*c+!a*b,10,suboptimal,16
P6554,pun,!a*!c*!d+b*c*d+a*!b*d+a*!b*c+!a*b,10,suboptimal,14
P6555,pdn,b*c*d+a*!b*d+a*!b*c+!a*b,7,suboptimal,8
P6555,pun,b*c*d+a*!b*d+a*!b*c+!a*b,7,suboptimal,11
P6558,pdn,!a*!b*!c*!d+b*c*d+a*!b*d+!a*b*d+a*!b*c+!a*b*c,11,failed,
P6558,pun,!a*!b*!c*!d+b*c*d+a*!b*d+!a*b*d+a*!b*c+!a*b*c,11,failed,
P6559,pdn,b*c*d+a*!b*d+!a*b*d+a*!b*c+!a*b*c,8,suboptimal,12
P6559,pun,b*c*d+a*!b*d+!a*b*d+a*!b*c+!a*b*c,8,suboptimal,9
P6560,pdn,b*c*d+a*!b*d+!c*!d+!a*!d+!a*b,8,suboptimal,14
P6561,pdn,b*!c*!d+!a*c*!d+a*c*d+a*!b*!c+!a*b,9,suboptimal,14
P6561,pun,b*!c*!d+!a*c*!d+a*c*d+a*!b*!c+!a*b,9,suboptimal,10
P6562,pdn,b*!c*!d+b*c*d+a*!b*d+!a*!d+!a*b,9,suboptimal,10
P6562,pun,b*!c*!d+b*c*d+a*!b*d+!a*!d+!a*b,9,suboptimal,11
P6563,pdn,b*!c*!d+!a*c*!d+b*c*d+a*!b*d+!a*b,9,suboptimal,10
P6564,pdn,!b*!c*!d+a*!c*!d+!a*c*!d+b*c*d+a*!b*d+!a*b*d,10,suboptimal,13
P6565,pdn,a*!c*!d+!a*c*!d+b*c*d+a*!b*d+!a*b*d,9,suboptimal,11
P6566,pdn,a*b*!c*!d+!a*!b*!d+b*c*d+a*!b*d+!a*b*d+!a*b*c,10,failed,
P6566,pun,a*b*!c*!d+!a*!b*!d+b*c*d+a*!b*d+!a*b*d+!a*b*c,10,suboptimal,12
P6567,pdn,a*b*!c*!d+!a*c*!d+b*c*d+a*!b*d+!a*b*d,10,suboptimal,11
P6567,pun,a*b*!c*!d+!a*c*!d+b*c*d+a*!b*d+!a*b*d,10,suboptimal,12
P6568,pdn,a*c*d+a*!b*!c+!a*!d+!a*b,8,suboptimal,11
P6568,pun,a*c*d+a*!b*!c+!a*!d+!a*b,8,suboptimal,16
P6569,pdn,!a*c*!d+a*c*d+a*!b*!c+!a*b,8,suboptimal,11
P6569,pun,!a*c*!d+a*c*d+a*!b*!c+!a*b,8,suboptimal,13
P6570,pdn,b*c*d+a*!b*d+!a*!d+!a*b,7,suboptimal,8
P6570,pun,b*c*d+a*!b*d+!a*!d+!a*b,7,suboptimal,9
P6571,pdn,!a*c*!d+b*c*d+a*!b*d+!a*b,7,suboptimal,10
P6571,pun,!a*c*!d+b*c*d+a*!b*d+!a*b,7,suboptimal,8
P6572,pdn,!b*!c*!d+!a*c*!d+b*c*d+a*!b*d+!a*b*d,9,suboptimal,16
P6572,pun,!b*!c*!d+!a*c*!d+b*c*d+a*!b*d+!a*b*d,9,suboptimal,18
P6573,pdn,!a*c*!d+a*c*d+!a*b*d+a*!b*!c,9,suboptimal,11
P6574,pdn,!a*!b*!d+b*c*d+a*!b*d+!a*b*d+!a*b*c,8,suboptimal,13
P6574,pun,!a*!b*!d+b*c*d+a*!b*d+!a*b*d+!a*b*c,8,suboptimal,11
P6575,pdn,!a*c*!d+b*c*d+a*!b*d+!a*b*d,8,suboptimal,10
P6575,pun,!a*c*!d+b*c*d+a*!b*d+!a*b*d,8,suboptimal,12
P6576,pdn,b*c*d+a*!b*d+!c*!d+!a*b,8,suboptimal,11
P6576,pun,b*c*d+a*!b*d+!c*!d+!a*b,8,suboptimal,9
P6577,pun,b*!c*!d+a*c*d+a*!b*!c+!a*b,8,suboptimal,9
P6578,pdn,b*!c*!d+!a*!c*!d+b*c*d+a*!b*d+!a*b,9,suboptimal,11
P6578,pun,b*!c*!d+!a*!c*!d+b*c*d+a*!b*d+!a*b,9,suboptimal,13
P6580,pdn,!b*!c*!d+a*!c*!d+b*c*d+a*!b*d+!a*b*d+!a*b*c,10,suboptimal,15
P6580,pun,!b*!c*!d+a*!c*!d+b*c*d+a*!b*d+!a*b*d+!a*b*c,10,suboptimal,20
P6581,pdn,a*!c*!d+b*c*d+a*!b*d+!a*b*d+!a*b*c,9,suboptimal,13
P6582,pdn,!a*!b*!c*!d+a*b*!c*!d+b*c*d+a*!b*d+!a*b*d+!a*b*c,11,suboptimal,20
P6582,pun,!a*!b*!c*!d+a*b*!c*!d+b*c*d+a*!b*d+!a*b*d+!a*b*c,11,failed,
P6583,pdn,a*b*!c*!d+b*c*d+a*!b*d+!a*b*d+!a*b*c,10,suboptimal,19
P6583,pun,a*b*!c*!d+b*c*d+a*!b*d+!a*b*d+!a*b*c,10,suboptimal,11
P6584,pdn,!b*!c*!d+b*c*d+a*!b*d+!a*b,8,suboptimal,12
P6584,pun,!b*!c*!d+b*c*d+a*!b*d+!a*b,8,suboptimal,9
P6585,pdn,a*c*d+a*!b*!c+!a*b,7,suboptimal,8
P6585,pun,a*c*d+a*!b*!c+!a*b,7,suboptimal,8
P6586,pdn,!a*!c*!d+b*c*d+a*!b*d+!a*b,8,suboptimal,11
P6587,pun,b*c*d+a*!b*d+!a*b,6,suboptimal,7
P6588,pdn,!b*!c*!d+b*c*d+a*!b*d+!a*b*d+!a*b*c,9,suboptimal,15
P6588,pun,!b*!c*!d+b*c*d+a*!b*d+!a*b*d+!a*b*c,9,suboptimal,11
P6589,pdn,a*c*d+!a*b*d+a*!b*!c+!a*b*c,8,suboptimal,15
P6589,pun,a*c*d+!a*b*d+a*!b*!c+!a*b*c,8,suboptimal,12
P6590,pdn,!a*!b*!c*!d+b*c*d+a*!b*d+!a*b*d+!a*b*c,9,suboptimal,15
P6590,pun,!a*!b*!c*!d+b*c*d+a*!b*d+!a*b*d+!a*b*c,9,suboptimal,16
P6591,pdn,b*c*d+a*!b*d+!a*b*d+!a*b*c,7,suboptimal,12
P6591,pun,b*c*d+a*!b*d+!a*b*d+!a*b*c,7,suboptimal,9
P6624,pun,!a*!b*!d+a*c*d+a*!b*d+!a*b*d+!c*!d,9,suboptimal,10
P6625,pdn,!a*!b*c*!d+a*!c*!d+b*c*d+a*!b*d+!a*b*!c,10,suboptimal,13
P6625,pun,!a*!b*c*!d+a*!c*!d+b*c*d+a*!b*d+!a*b*!c,10,suboptimal,15
P6626,pdn,b*!c*!d+!a*!b*!d+b*c*d+a*!b*d+!a*b*d,9,suboptimal,11
P6626,pun,b*!c*!d+!a*!b*!d+b*c*d+a*!b*d+!a*b*d,9,suboptimal,10
P6627,pdn,!a*!b*c*!d+b*!c*!d+b*c*d+a*!b*d+!a*b*d,10,suboptimal,11
P6627,pun,!a*!b*c*!d+b*!c*!d+b*c*d+a*!b*d+!a*b*d,10,suboptimal,11
P6630,pdn,a*b*!c*!d+!a*!b*!d+b*c*d+a*!b*d+!a*b*d,10,suboptimal,11
P6630,pun,a*b*!c*!d+!a*!b*!d+b*c*d+a*!b*d+!a*b*d,10,suboptimal,11
P6631,pdn,a*b*!c*!d+!a*!b*c*!d+b*c*d+a*!b*d+!a*b*d,10,suboptimal,12
P6631,pun,a*b*!c*!d+!a*!b*c*!d+b*c*d+a*!b*d+!a*b*d,10,suboptimal,11
P6632,pdn,!b*!c*!d+!a*!b*!d+b*c*d+a*!b*d+!a*b*!c,9,suboptimal,15
P6632,pun,!b*!c*!d+!a*!b*!d+b*c*d+a*!b*d+!a*b*!c,9,suboptimal,10
P6633,pdn,!a*!b*c*!d+b*c*d+a*c*d+a*!b*!c+!a*b*!c,10,suboptimal,18
P6633,pun,!a*!b*c*!d+b*c*d+a*c*d+a*!b*!c+!a*b*!c,10,suboptimal,20
P6634,pdn,!a*!c*!d+!a*!b*!d+b*c*d+a*!b*d+!a*b*d,8,suboptimal,12
P6634,pun,!a*!c*!d+!a*!b*!d+b*c*d+a*!b*d+!a*b*d,8,suboptimal,11
P6635,pdn,!a*!b*c*!d+b*c*d+a*!b*d+!a*b*!c,9,suboptimal,12
P6638,pdn,!a*!b*!d+b*c*d+a*!b*d+!a*b*d,8,suboptimal,9
P6638,pun,!a*!b*!d+b*c*d+a*!b*d+!a*b*d,8,suboptimal,9
P6639,pdn,!a*!b*c*!d+b*c*d+a*!b*d+!a*b*d,8,suboptimal,10
P6639,pun,!a*!b*c*!d+b*c*d+a*!b*d+!a*b*d,8,suboptimal,14
P6640,pdn,a*c*d+a*!b*d+!a*b*d+!c*!d,8,suboptimal,10
P6641,pdn,a*!c*!d+b*c*d+a*!b*d+!a*b*!c,8,suboptimal,11
P6641,pun,a*!c*!d+b*c*d+a*!b*d+!a*b*!c,8,suboptimal,13
P6642,pdn,b*!c*!d+!a*!c*!d+b*c*d+a*!b*d+!a*b*d,9,suboptimal,11
P6642,pun,b*!c*!d+!a*!c*!d+b*c*d+a*!b*d+!a*b*d,9,suboptimal,16
P6643,pun,b*!c*!d+b*c*d+a*!b*d+!a*b*d,8,suboptimal,9
P6646,pdn,!a*!b*!c*!d+a*b*!c*!d+b*c*d+a*!b*d+!a*b*d,10,suboptimal,13
P6647,pun,a*b*!c*!d+b*c*d+a*!b*d+!a*b*d,9,suboptimal,19
P6648,pdn,!b*!c*!d+b*c*d+a*!b*d+!a*b*!c,8,suboptimal,12
P6648,pun,!b*!c*!d+b*c*d+a*!b*d+!a*b*!c,8,suboptimal,11
P6649,pdn,b*c*d+a*c*d+a*!b*!c+!a*b*!c,7,suboptimal,9
P6649,pun,b*c*d+a*c*d+a*!b*!c+!a*b*!c,7,suboptimal,9
P6650,pdn,!a*!c*!d+b*c*d+a*!b*d+!a*b*d,8,suboptimal,9
P6650,pun,!a*!c*!d+b*c*d+a*!b*d+!a*b*d,8,suboptimal,10
P6651,pdn,b*c*d+a*!b*d+!a*b*!c,7,suboptimal,9
P6651,pun,b*c*d+a*!b*d+!a*b*!c,7,suboptimal,8
P6654,pdn,!a*!b*!c*!d+b*c*d+a*!b*d+!a*b*d,9,suboptimal,10
P6654,pun,!a*!b*!c*!d+b*c*d+a*!b*d+!a*b*d,9,suboptimal,12
P6655,pdn,b*c*d+a*!b*d+!a*b*d,6,suboptimal,10
P6816,pdn,a*c*d+!c*!d+!a*!d+!a*!c+!a*b,8,suboptimal,9
P6817,pdn,a*!c*!d+!a*c*!d+!a*!c*d+a*c*d+!a*b,9,suboptimal,10
P6818,pdn,b*!c*!d+a*c*d+!a*!d+!a*!c+!a*b,8,suboptimal,14
P6818,pun,b*!c*!d+a*c*d+!a*!d+!a*!c+!a*b,8,suboptimal,9
P6819,pdn,b*!c*!d+!a*c*!d+!a*!c*d+a*c*d+!a*b,8,suboptimal,10
P6819,pun,b*!c*!d+!a*c*!d+!a*!c*d+a*c*d+!a*b,8,suboptimal,9
P6820,pdn,a*!c*!d+!a*!b*!d+!a*!c*d+a*c*d+!a*b*c,9,suboptimal,14
P6821,pdn,a*!c*!d+!a*c*!d+!a*!c*d+b*c*d+a*c*d,9,suboptimal,10
P6822,pdn,a*b*!c*!d+!a*!b*!d+!a*!c*d+a*c*d+!a*b*c,10,suboptimal,13
P6822,pun,a*b*!c*!d+!a*!b*!d+!a*!c*d+a*c*d+!a*b*c,10,suboptimal,11
P6823,pdn,a*b*!c*!d+!a*c*!d+!a*!c*d+b*c*d+a*c*d,10,suboptimal,11
P6823,pun,a*b*!c*!d+!a*c*!d+!a*!c*d+b*c*d+a*c*d,10,suboptimal,11
P6824,pdn,!b*!c*!d+a*c*d+!a*!d+!a*!c+!a*b,9,suboptimal,12
P6825,pun,a*!b*!c*!d+!a*c*!d+!a*!c*d+a*c*d+!a*b,10,suboptimal,11
P6826,pun,a*c*d+!a*!d+!a*!c+!a*b,7,suboptimal,10
P6827,pun,!a*c*!d+!a*!c*d+a*c*d+!a*b,8,suboptimal,9
P6829,pdn,a*!b*!c*!d+!a*c*!d+!a*!c*d+b*c*d+a*c*d,10,suboptimal,11
P6829,pun,a*!b*!c*!d+!a*c*!d+!a*!c*d+b*c*d+a*c*d,10,suboptimal,11
P6830,pdn,!a*!b*!d+!a*!c*d+a*c*d+!a*b*c,9,suboptimal,14
P6830,pun,!a*!b*!d+!a*!c*d+a*c*d+!a*b*c,9,suboptimal,16
P6831,pdn,!a*c*!d+!a*!c*d+b*c*d+a*c*d,8,suboptimal,9
P6831,pun,!a*c*!d+!a*!c*d+b*c*d+a*c*d,8,suboptimal,9
P6832,pdn,a*c*d+!c*!d+!a*!c+!a*b,7,suboptimal,9
P6833,pdn,a*!c*!d+!a*!c*d+a*c*d+!a*b,8,suboptimal,13
P6833,pun,a*!c*!d+!a*!c*d+a*c*d+!a*b,8,suboptimal,11
P6834,pdn,b*!c*!d+a*c*d+!a*!c+!a*b,8,suboptimal,10
P6834,pun,b*!c*!d+a*c*d+!a*!c+!a*b,8,suboptimal,11
P6835,pdn,b*!c*!d+!a*!c*d+a*c*d+!a*b,7,suboptimal,11
P6835,pun,b*!c*!d+!a*!c*d+a*c*d+!a*b,7,suboptimal,9
P6836,pdn,!b*!c*!d+a*!c*!d+!a*!c*d+a*c*d+!a*b*c,9,suboptimal,11
P6836,pun,!b*!c*!d+a*!c*!d+!a*!c*d+a*c*d+!a*b*c,9,suboptimal,11
P6837,pdn,a*!c*!d+!a*!c*d+a*c*d+!a*b*c,9,suboptimal,11
P6838,pdn,a*b*!c*!d+!a*!c*d+a*c*d+!a*!b*!c+!a*b*c,10,suboptimal,15
P6838,pun,a*b*!c*!d+!a*!c*d+a*c*d+!a*!b*!c+!a*b*c,10,suboptimal,11
P6839,pdn,a*b*!c*!d+!a*!c*d+a*c*d+!a*b*c,8,suboptimal,10
P6839,pun,a*b*!c*!d+!a*!c*d+a*c*d+!a*b*c,8,suboptimal,10
P6840,pdn,!b*!c*!d+a*c*d+!a*!c+!a*b,8,suboptimal,9
P6840,pun,!b*!c*!d+a*c*d+!a*!c+!a*b,8,suboptimal,10
P6841,pun,a*!b*!c*!d+!a*!c*d+a*c*d+!a*b,9,suboptimal,11
P6843,pun,!a*!c*d+a*c*d+!a*b,6,suboptimal,7
P6844,pdn,!b*!c*!d+!a*!c*d+a*c*d+!a*b*c,9,suboptimal,17
P6844,pun,!b*!c*!d+!a*!c*d+a*c*d+!a*b*c,9,suboptimal,10
P6845,pun,a*!b*!c*!d+!a*!c*d+a*c*d+!a*b*c,10,suboptimal,15
P6846,pdn,!a*!c*d+a*c*d+!a*!b*!c+!a*b*c,8,suboptimal,9
P6846,pun,!a*!c*d+a*c*d+!a*!b*!c+!a*b*c,8,suboptimal,11
P6847,pun,!a*!c*d+a*c*d+!a*b*c,7,suboptimal,10
P6848,pdn,a*c*d+!a*b*d+!c*!d+!b*!d+!a*!c,8,suboptimal,10
P6848,pun,a*c*d+!a*b*d+!c*!d+!b*!d+!a*!c,8,suboptimal,12
P6849,pdn,a*!c*!d+!b*c*!d+!a*!c*d+b*c*d+a*c*d+!a*b*!c,10,suboptimal,14
P6849,pun,a*!c*!d+!b*c*!d+!a*!c*d+b*c*d+a*c*d+!a*b*!c,10,suboptimal,16
P6850,pdn,b*!c*!d+!b*c*!d+b*c*d+a*!b*c+!a*!c,9,suboptimal,12
P6850,pun,b*!c*!d+!b*c*!d+b*c*d+a*!b*c+!a*!c,9,suboptimal,11
P6851,pdn,b*!c*!d+!b*c*!d+!a*!c*d+b*c*d+a*c*d,9,suboptimal,11
P6851,pun,b*!c*!d+!b*c*!d+!a*!c*d+b*c*d+a*c*d,9,suboptimal,16
P6854,pdn,a*b*!c*!d+!a*!b*!d+!a*!c*d+b*c*d+a*!b*c,10,suboptimal,20
P6854,pun,a*b*!c*!d+!a*!b*!d+!a*!c*d+b*c*d+a*!b*c,10,failed,
P6855,pdn,a*b*!c*!d+!b*c*!d+!a*!c*d+b*c*d+a*c*d,10,suboptimal,12
P6855,pun,a*b*!c*!d+!b*c*!d+!a*!c*d+b*c*d+a*c*d,10,suboptimal,13
P6856,pun,b*c*d+a*c*d+!b*!d+!a*!c,8,suboptimal,10
P6857,pdn,!b*c*!d+a*!b*!d+!a*!c*d+b*c*d+a*c*d+!a*b*!c,10,suboptimal,19
P6857,pun,!b*c*!d+a*!b*!d+!a*!c*d+b*c*d+a*c*d+!a*b*!c,10,failed,
P6858,pdn,!b*c*!d+b*c*d+a*!b*c+!a*!c,8,suboptimal,10
P6858,pun,!b*c*!d+b*c*d+a*!b*c+!a*!c,8,suboptimal,10
P6859,pdn,!b*c*!d+!a*!c*d+b*c*d+a*c*d+!a*b*!c,9,suboptimal,16
P6859,pun,!b*c*!d+!a*!c*d+b*c*d+a*c*d+!a*b*!c,9,suboptimal,10
P6862,pdn,!a*!b*!d+!a*!c*d+b*c*d+a*!b*c,8,suboptimal,15
P6862,pun,!a*!b*!d+!a*!c*d+b*c*d+a*!b*c,8,suboptimal,12
P6863,pdn,!b*c*!d+!a*!c*d+b*c*d+a*c*d,8,suboptimal,14
P6863,pun,!b*c*!d+!a*!c*d+b*c*d+a*c*d,8,suboptimal,11
P6864,pdn,b*c*d+a*!b*c+!c*!d+!a*!c,8,suboptimal,12
P6864,pun,b*c*d+a*!b*c+!c*!d+!a*!c,8,suboptimal,10
P6865,pdn,b*!c*!d+a*!b*!d+!a*!c*d+b*c*d+a*c*d,9,suboptimal,16
P6865,pun,b*!c*!d+a*!b*!d+!a*!c*d+b*c*d+a*c*d,9,suboptimal,13
P6866,pdn,b*!c*!d+b*c*d+a*!b*c+!a*!c,8,suboptimal,15
P6866,pun,b*!c*!d+b*c*d+a*!b*c+!a*!c,8,suboptimal,14
P6867,pdn,b*!c*!d+!a*!c*d+b*c*d+a*!b*c,9,suboptimal,14
P6867,pun,b*!c*!d+!a*!c*d+b*c*d+a*!b*c,9,suboptimal,12
P6868,pdn,!b*!c*!d+a*!c*!d+!a*!c*d+b*c*d+a*!b*c,9,suboptimal,13
P6868,pun,!b*!c*!d+a*!c*!d+!a*!c*d+b*c*d+a*!b*c,9,suboptimal,15
P6869,pdn,a*!c*!d+!a*!c*d+b*c*d+a*!b*c,8,suboptimal,11
P6869,pun,a*!c*!d+!a*!c*d+b*c*d+a*!b*c,8,suboptimal,11
P6870,pdn,a*b*!c*!d+b*c*d+!a*b*d+!a*!b*!c+a*!b*c,10,suboptimal,16
P6870,pun,a*b*!c*!d+b*c*d+!a*b*d+!a*!b*!c+a*!b*c,10,suboptimal,13
P6871,pdn,a*b*!c*!d+!a*!c*d+b*c*d+a*!b*c,9,suboptimal,15
P6871,pun,a*b*!c*!d+!a*!c*d+b*c*d+a*!b*c,9,suboptimal,14
P6872,pun,a*!b*!d+b*c*d+a*c*d+!a*!c,8,suboptimal,9
P6873,pdn,a*!b*!d+!a*!c*d+b*c*d+a*c*d+!a*b*!c,9,suboptimal,10
P6873,pun,a*!b*!d+!a*!c*d+b*c*d+a*c*d+!a*b*!c,9,suboptimal,12
P6874,pdn,b*c*d+a*!b*c+!a*!c,7,suboptimal,11
P6874,pun,b*c*d+a*!b*c+!a*!c,7,suboptimal,8
P6875,pdn,!a*!c*d+b*c*d+!a*b*!c+a*!b*c,8,suboptimal,10
P6875,pun,!a*!c*d+b*c*d+!a*b*!c+a*!b*c,8,suboptimal,9
P6876,pdn,!b*!c*!d+!a*!c*d+b*c*d+a*!b*c,8,suboptimal,14
P6876,pun,!b*!c*!d+!a*!c*d+b*c*d+a*!b*c,8,suboptimal,11
P6877,pdn,a*!b*!d+!a*!c*d+b*c*d+a*c*d,8,suboptimal,10
P6877,pun,a*!b*!d+!a*!c*d+b*c*d+a*c*d,8,suboptimal,14
P6878,pdn,b*c*d+!a*b*d+!a*!b*!c+a*!b*c,7,suboptimal,11
P6879,pdn,!a*!c*d+b*c*d+a*!b*c,7,suboptimal,9
P6879,pun,!a*!c*d+b*c*d+a*!b*c,7,suboptimal,9
P6880,pdn,!a*!b*!d+a*c*d+!a*b*d+!c*!d+!a*!c,9,suboptimal,10
P6880,pun,!a*!b*!d+a*c*d+!a*b*d+!c*!d+!a*!c,9,suboptimal,10
P6881,pdn,!a*!b*c*!d+a*!c*!d+!a*!c*d+b*c*d+a*c*d+!a*b*!c,10,suboptimal,16
P6881,pun,!a*!b*c*!d+a*!c*!d+!a*!c*d+b*c*d+a*c*d+!a*b*!c,10,suboptimal,11
P6882,pdn,b*!c*!d+!a*!b*!d+b*c*d+a*c*d+!a*!c,9,suboptimal,10
P6882,pun,b*!c*!d+!a*!b*!d+b*c*d+a*c*d+!a*!c,9,suboptimal,10
P6883,pdn,!a*!b*c*!d+b*!c*!d+!a*!c*d+b*c*d+a*c*d,10,suboptimal,16
P6883,pun,!a*!b*c*!d+b*!c*!d+!a*!c*d+b*c*d+a*c*d,10,suboptimal,12
P6884,pdn,a*!c*!d+!a*!b*!d+!a*!c*d+a*c*d+!a*b*d,9,suboptimal,18
P6885,pdn,!a*!b*c*!d+a*!c*!d+!a*!c*d+b*c*d+a*c*d,10,suboptimal,11
P6885,pun,!a*!b*c*!d+a*!c*!d+!a*!c*d+b*c*d+a*c*d,10,suboptimal,11
P6886,pdn,a*b*!c*!d+!a*!b*!d+!a*!c*d+b*c*d+a*c*d,10,suboptimal,11
P6886,pun,a*b*!c*!d+!a*!b*!d+!a*!c*d+b*c*d+a*c*d,10,suboptimal,11
P6887,pdn,a*b*!c*!d+!a*!b*c*!d+!a*!c*d+b*c*d+a*c*d,10,suboptimal,12
P6887,pun,a*b*!c*!d+!a*!b*c*!d+!a*!c*d+b*c*d+a*c*d,10,suboptimal,20
P6888,pdn,!b*!c*!d+!a*!b*!d+b*c*d+a*c*d+!a*!c,9,suboptimal,12
P6888,pun,!b*!c*!d+!a*!b*!d+b*c*d+a*c*d+!a*!c,9,suboptimal,11
P6889,pdn,a*!b*!c*!d+!a*!b*c*!d+!a*!c*d+b*c*d+a*c*d+!a*b*!c,11,failed,
P6889,pun,a*!b*!c*!d+!a*!b*c*!d+!a*!c*d+b*c*d+a*c*d+!a*b*!c,11,suboptimal,18
P6890,pdn,!a*!b*!d+b*c*d+a*c*d+!a*!c,8,suboptimal,9
P6890,pun,!a*!b*!d+b*c*d+a*c*d+!a*!c,8,suboptimal,14
P6891,pdn,!a*!b*c*!d+!a*!c*d+b*c*d+a*c*d+!a*b*!c,10,suboptimal,14
P6891,pun,!a*!b*c*!d+!a*!c*d+b*c*d+a*c*d+!a*b*!c,10,suboptimal,15
P6892,pdn,!b*!c*!d+!a*!b*!d+!a*!c*d+a*c*d+!a*b*d,9,suboptimal,11
P6893,pdn,a*!b*!c*!d+!a*!b*c*!d+!a*!c*d+b*c*d+a*c*d,10,suboptimal,15
P6893,pun,a*!b*!c*!d+!a*!b*c*!d+!a*!c*d+b*c*d+a*c*d,10,suboptimal,14
P6894,pun,!a*!b*!d+!a*!c*d+b*c*d+a*c*d,8,suboptimal,14
P6895,pdn,!a*!b*c*!d+!a*!c*d+b*c*d+a*c*d,9,suboptimal,14
P6895,pun,!a*!b*c*!d+!a*!c*d+b*c*d+a*c*d,9,suboptimal,10
P6896,pdn,a*c*d+!a*b*d+!c*!d+!a*!c,7,suboptimal,11
P6896,pun,a*c*d+!a*b*d+!c*!d+!a*!c,7,suboptimal,8
P6897,pdn,a*!c*!d+!a*!c*d+b*c*d+a*c*d+!a*b*!c,8,suboptimal,11
P6897,pun,a*!c*!d+!a*!c*d+b*c*d+a*c*d+!a*b*!c,8,suboptimal,13
P6898,pdn,b*!c*!d+b*c*d+a*c*d+!a*!c,7,suboptimal,9
P6898,pun,b*!c*!d+b*c*d+a*c*d+!a*!c,7,suboptimal,9
P6899,pdn,b*!c*!d+!a*!c*d+b*c*d+a*c*d,8,suboptimal,9
P6899,pun,b*!c*!d+!a*!c*d+b*c*d+a*c*d,8,suboptimal,9
P6900,pdn,!b*!c*!d+a*!c*!d+!a*!c*d+a*c*d+!a*b*d,8,suboptimal,11
P6900,pun,!b*!c*!d+a*!c*!d+!a*!c*d+a*c*d+!a*b*d,8,suboptimal,9
P6901,pdn,a*!c*!d+!a*!c*d+b*c*d+a*c*d,8,suboptimal,9
P6901,pun,a*!c*!d+!a*!c*d+b*c*d+a*c*d,8,suboptimal,15
P6902,pdn,a*b*!c*!d+a*c*d+!a*b*d+!a*!b*!c,9,suboptimal,10
P6902,pun,a*b*!c*!d+a*c*d+!a*b*d+!a*!b*!c,9,suboptimal,10
P6903,pdn,a*b*!c*!d+!a*!c*d+b*c*d+a*c*d,8,suboptimal,11
P6903,pun,a*b*!c*!d+!a*!c*d+b*c*d+a*c*d,8,suboptimal,12
P6904,pdn,!b*!c*!d+b*c*d+a*c*d+!a*!c,8,suboptimal,9
P6904,pun,!b*!c*!d+b*c*d+a*c*d+!a*!c,8,suboptimal,9
P6905,pdn,a*!b*!c*!d+!a*!c*d+b*c*d+a*c*d+!a*b*!c,9,suboptimal,13
P6905,pun,a*!b*!c*!d+!a*!c*d+b*c*d+a*c*d+!a*b*!c,9,suboptimal,19
P6906,pun,b*c*d+a*c*d+!a*!c,6,suboptimal,7
P6907,pdn,!a*!c*d+b*c*d+a*c*d+!a*b*!c,7,suboptimal,8
P6907,pun,!a*!c*d+b*c*d+a*c*d+!a*b*!c,7,suboptimal,9
P6908,pdn,!b*!c*!d+!a*!c*d+a*c*d+!a*b*d,8,suboptimal,12
P6908,pun,!b*!c*!d+!a*!c*d+a*c*d+!a*b*d,8,suboptimal,9
P6909,pdn,a*!b*!c*!d+!a*!c*d+b*c*d+a*c*d,9,suboptimal,10
P6909,pun,a*!b*!c*!d+!a*!c*d+b*c*d+a*c*d,9,suboptimal,11
P6910,pun,a*c*d+!a*b*d+!a*!b*!c,7,suboptimal,8
P6911,pdn,!a*!c*d+b*c*d+a*c*d,6,suboptimal,8
P7088,pdn,a*c*d+!c*!d+!a*b,7,suboptimal,12
P7088,pun,a*c*d+!c*!d+!a*b,7,suboptimal,8
P7089,pdn,a*!c*!d+a*c*d+!a*b,7,suboptimal,8
P7089,pun,a*!c*!d+a*c*d+!a*b,7,suboptimal,9
P7090,pdn,b*!c*!d+!a*!c*!d+a*c*d+!a*b,8,suboptimal,13
P7090,pun,b*!c*!d+!a*!c*!d+a*c*d+!a*b,8,suboptimal,11
P7091,pdn,b*!c*!d+a*c*d+!a*b,7,suboptimal,9
P7092,pdn,!b*!c*!d+a*!c*!d+a*c*d+!a*b*d+!a*b*c,10,suboptimal,15
P7092,pun,!b*!c*!d+a*!c*!d+a*c*d+!a*b*d+!a*b*c,10,suboptimal,11
P7093,pdn,a*!c*!d+a*c*d+!a*b*d+!a*b*c,8,suboptimal,11
P7093,pun,a*!c*!d+a*c*d+!a*b*d+!a*b*c,8,suboptimal,12
P7094,pdn,!a*!b*!c*!d+a*b*!c*!d+a*c*d+!a*b*d+!a*b*c,10,failed,
P7094,pun,!a*!b*!c*!d+a*b*!c*!d+a*c*d+!a*b*d+!a*b*c,10,failed,
P7095,pdn,a*b*!c*!d+a*c*d+!a*b*d+!a*b*c,9,suboptimal,12
P7096,pdn,!b*!c*!d+a*c*d+!a*b,8,suboptimal,10
P7096,pun,!b*!c*!d+a*c*d+!a*b,8,suboptimal,9
P7097,pdn,a*!b*!c*!d+a*c*d+!a*b,8,suboptimal,11
P7098,pdn,!a*!c*!d+a*c*d+!a*b,7,suboptimal,9
P7099,pdn,a*c*d+!a*b,5,suboptimal,8
P7099,pun,a*c*d+!a*b,5,suboptimal,7
P7100,pdn,!b*!c*!d+a*c*d+!a*b*d+!a*b*c,9,suboptimal,15
P7100,pun,!b*!c*!d+a*c*d+!a*b*d+!a*b*c,9,suboptimal,15
P7101,pdn,a*!b*!c*!d+a*c*d+!a*b*d+!a*b*c,9,suboptimal,10
P7101,pun,a*!b*!c*!d+a*c*d+!a*b*d+!a*b*c,9,suboptimal,12
P7102,pdn,!a*!b*!c*!d+a*c*d+!a*b*d+!a*b*c,9,suboptimal,11
P7102,pun,!a*!b*!c*!d+a*c*d+!a*b*d+!a*b*c,9,suboptimal,14
P7103,pdn,a*c*d+!a*b*d+!a*b*c,6,suboptimal,8
P7103,pun,a*c*d+!a*b*d+!a*b*c,6,suboptimal,8
P7121,pdn,b*!c*!d+a*!b*!d+b*c*d+a*c*d+!a*b*!c,8,suboptimal,11
P7121,pun,b*!c*!d+a*!b*!d+b*c*d+a*c*d+!a*b*!c,8,suboptimal,13
P7122,pdn,b*!c*!d+!a*!c*!d+b*c*d+!a*b*d+a*!b*c,9,suboptimal,12
P7122,pun,b*!c*!d+!a*!c*!d+b*c*d+!a*b*d+a*!b*c,9,suboptimal,11
P7123,pdn,b*!c*!d+b*c*d+!a*b*d+a*!b*c,8,suboptimal,11
P7123,pun,b*!c*!d+b*c*d+!a*b*d+a*!b*c,8,suboptimal,11
P7126,pdn,!a*!b*!c*!d+a*b*!c*!d+b*c*d+!a*b*d+a*!b*c,10,suboptimal,18
P7126,pun,!a*!b*!c*!d+a*b*!c*!d+b*c*d+!a*b*d+a*!b*c,10,suboptimal,19
P7127,pdn,a*b*!c*!d+b*c*d+!a*b*d+a*!b*c,8,suboptimal,11
P7127,pun,a*b*!c*!d+b*c*d+!a*b*d+a*!b*c,8,suboptimal,9
P7129,pdn,a*!b*!d+b*c*d+a*c*d+!a*b*!c,8,suboptimal,11
P7130,pdn,!a*!c*!d+b*c*d+!a*b*d+a*!b*c,8,suboptimal,10
P7130,pun,!a*!c*!d+b*c*d+!a*b*d+a*!b*c,8,suboptimal,13
P7131,pdn,b*c*d+!a*b*!c+a*!b*c,7,suboptimal,8
P7134,pdn,!a*!b*!c*!d+b*c*d+!a*b*d+a*!b*c,8,suboptimal,10
P7134,pun,!a*!b*!c*!d+b*c*d+!a*b*d+a*!b*c,8,suboptimal,12
P7135,pdn,b*c*d+!a*b*d+a*!b*c,6,suboptimal,7
P7136,pun,!a*!b*!d+a*c*d+!a*b*d+!c*!d,8,suboptimal,9
P7137,pdn,!a*!b*c*!d+a*!c*!d+b*c*d+a*c*d+!a*b*!c,10,suboptimal,12
P7137,pun,!a*!b*c*!d+a*!c*!d+b*c*d+a*c*d+!a*b*!c,10,suboptimal,14
P7138,pun,b*!c*!d+!a*!b*!d+a*c*d+!a*b*d,9,suboptimal,11
P7139,pdn,!a*!b*c*!d+b*!c*!d+a*c*d+!a*b*d,9,suboptimal,10
P7139,pun,!a*!b*c*!d+b*!c*!d+a*c*d+!a*b*d,9,suboptimal,11
P7141,pun,!a*!b*c*!d+a*!c*!d+a*c*d+!a*b*d,9,suboptimal,13
P7142,pun,a*b*!c*!d+!a*!b*!d+a*c*d+!a*b*d,9,suboptimal,10
P7143,pdn,a*b*!c*!d+!a*!b*c*!d+a*c*d+!a*b*d,9,suboptimal,10
P7143,pun,a*b*!c*!d+!a*!b*c*!d+a*c*d+!a*b*d,9,suboptimal,10
P7144,pdn,!b*!c*!d+!a*!b*!d+b*c*d+a*c*d+!a*b*!c,9,suboptimal,10
P7144,pun,!b*!c*!d+!a*!b*!d+b*c*d+a*c*d+!a*b*!c,9,suboptimal,10
P7145,pdn,a*!b*!c*!d+!a*!b*c*!d+b*c*d+a*c*d+!a*b*!c,10,suboptimal,14
P7145,pun,a*!b*!c*!d+!a*!b*c*!d+b*c*d+a*c*d+!a*b*!c,10,suboptimal,14
P7146,pun,!a*!c*!d+!a*!b*!d+a*c*d+!a*b*d,8,suboptimal,11
P7147,pdn,!a*!b*c*!d+b*c*d+a*c*d+!a*b*!c,8,failed,
P7147,pun,!a*!b*c*!d+b*c*d+a*c*d+!a*b*!c,8,suboptimal,11
P7148,pdn,!b*!c*!d+!a*!b*!d+a*c*d+!a*b*d,8,suboptimal,10
P7149,pdn,a*!b*!c*!d+!a*!b*c*!d+a*c*d+!a*b*d,9,suboptimal,10
P7149,pun,a*!b*!c*!d+!a*!b*c*!d+a*c*d+!a*b*d,9,suboptimal,10
P7150,pun,!a*!b*!d+a*c*d+!a*b*d,7,suboptimal,8
P7151,pdn,!a*!b*c*!d+a*c*d+!a*b*d,7,suboptimal,8
P7151,pun,!a*!b*c*!d+a*c*d+!a*b*d,7,suboptimal,9
P7152,pdn,a*c*d+!a*b*d+!c*!d,7,suboptimal,12
P7152,pun,a*c*d+!a*b*d+!c*!d,7,suboptimal,10
P7153,pdn,a*!c*!d+b*c*d+a*c*d+!a*b*!c,7,suboptimal,8
P7154,pdn,b*!c*!d+!a*!c*!d+a*c*d+!a*b*d,8,suboptimal,10
P7154,pun,b*!c*!d+!a*!c*!d+a*c*d+!a*b*d,8,suboptimal,10
P7155,pdn,b*!c*!d+a*c*d+!a*b*d,7,suboptimal,8
P7155,pun,b*!c*!d+a*c*d+!a*b*d,7,suboptimal,10
P7156,pdn,!b*!c*!d+a*!c*!d+a*c*d+!a*b*d,8,suboptimal,9
P7157,pun,a*!c*!d+a*c*d+!a*b*d,7,suboptimal,8
P7158,pun,!a*!b*!c*!d+a*b*!c*!d+a*c*d+!a*b*d,9,suboptimal,10
P7159,pdn,a*b*!c*!d+a*c*d+!a*b*d,7,suboptimal,8
P7159,pun,a*b*!c*!d+a*c*d+!a*b*d,7,suboptimal,9
P7161,pdn,a*!b*!c*!d+b*c*d+a*c*d+!a*b*!c,8,suboptimal,11
P7161,pun,a*!b*!c*!d+b*c*d+a*c*d+!a*b*!c,8,suboptimal,9
P7162,pun,!a*!c*!d+a*c*d+!a*b*d,7,suboptimal,9
P7163,pdn,b*c*d+a*c*d+!a*b*!c,6,suboptimal,8
P7163,pun,b*c*d+a*c*d+!a*b*!c,6,suboptimal,7
P7164,pdn,!b*!c*!d+a*c*d+!a*b*d,8,suboptimal,9
P7164,pun,!b*!c*!d+a*c*d+!a*b*d,8,suboptimal,10
P7165,pun,a*!b*!c*!d+a*c*d+!a*b*d,8,suboptimal,9
P7166,pun,!a*!b*!c*!d+a*c*d+!a*b*d,8,suboptimal,11
P7167,pdn,a*c*d+!a*b*d,5,suboptimal,6
P7904,pdn,!a*!b*!d+b*c*d+a*c*d+!a*!b*!c+!c*!d,9,failed,
P7904,pun,!a*!b*!d+b*c*d+a*c*d+!a*!b*!c+!c*!d,9,suboptimal,13
P7905,pdn,!a*!b*c*!d+!a*!b*!c*d+b*!c*!d+a*!c*!d+b*c*d+a*c*d,10,failed,
P7906,pdn,b*!c*!d+!a*!b*!d+b*c*d+a*c*d+!a*!b*!c,10,suboptimal,19
P7906,pun,b*!c*!d+!a*!b*!d+b*c*d+a*c*d+!a*!b*!c,10,suboptimal,19
P7907,pdn,!a*!b*c*!d+!a*!b*!c*d+b*!c*!d+b*c*d+a*c*d,10,failed,
P7907,pun,!a*!b*c*!d+!a*!b*!c*d+b*!c*!d+b*c*d+a*c*d,10,failed,
P7910,pdn,a*b*!c*!d+!a*!b*!d+b*c*d+a*c*d+!a*!b*!c,10,suboptimal,16
P7910,pun,a*b*!c*!d+!a*!b*!d+b*c*d+a*c*d+!a*!b*!c,10,suboptimal,14
P7911,pdn,a*b*!c*!d+!a*!b*c*!d+!a*!b*!c*d+b*c*d+a*c*d,11,suboptimal,15
P7911,pun,a*b*!c*!d+!a*!b*c*!d+!a*!b*!c*d+b*c*d+a*c*d,11,suboptimal,19
P7912,pdn,!b*!c*!d+!a*!c*!d+!a*!b*!d+b*c*d+a*c*d+!a*!b*!c,11,failed,
P7912,pun,!b*!c*!d+!a*!c*!d+!a*!b*!d+b*c*d+a*c*d+!a*!b*!c,11,suboptimal,18
P7913,pdn,a*!b*!c*!d+!a*b*!c*!d+!a*!b*c*!d+!a*!b*!c*d+b*c*d+a*c*d,12,suboptimal,13
P7913,pun,a*!b*!c*!d+!a*b*!c*!d+!a*!b*c*!d+!a*!b*!c*d+b*c*d+a*c*d,12,failed,
P7914,pdn,!a*!c*!d+!a*!b*!d+b*c*d+a*c*d+!a*!b*!c,9,suboptimal,18
P7914,pun,!a*!c*!d+!a*!b*!d+b*c*d+a*c*d+!a*!b*!c,9,suboptimal,10
P7915,pdn,!a*b*!c*!d+!a*!b*c*!d+!a*!b*!c*d+b*c*d+a*c*d,10,suboptimal,11
P7915,pun,!a*b*!c*!d+!a*!b*c*!d+!a*!b*!c*d+b*c*d+a*c*d,10,suboptimal,15
P7918,pdn,!a*!b*!d+b*c*d+a*c*d+!a*!b*!c,8,suboptimal,16
P7918,pun,!a*!b*!d+b*c*d+a*c*d+!a*!b*!c,8,suboptimal,10
P7919,pun,!a*!b*c*!d+!a*!b*!c*d+b*c*d+a*c*d,9,suboptimal,15
P7920,pdn,b*c*d+a*c*d+!a*!b*!c+!c*!d,8,suboptimal,10
P7920,pun,b*c*d+a*c*d+!a*!b*!c+!c*!d,8,suboptimal,11
P7921,pdn,!a*!b*!c*d+b*!c*!d+a*!c*!d+b*c*d+a*c*d,9,suboptimal,13
P7921,pun,!a*!b*!c*d+b*!c*!d+a*!c*!d+b*c*d+a*c*d,9,suboptimal,13
P7922,pdn,b*!c*!d+b*c*d+a*c*d+!a*!b*!c,8,suboptimal,14
P7922,pun,b*!c*!d+b*c*d+a*c*d+!a*!b*!c,8,suboptimal,16
P7923,pdn,!a*!b*!c*d+b*!c*!d+b*c*d+a*c*d,9,suboptimal,15
P7923,pun,!a*!b*!c*d+b*!c*!d+b*c*d+a*c*d,9,suboptimal,20
P7926,pdn,a*b*!c*!d+b*c*d+a*c*d+!a*!b*!c,9,suboptimal,11
P7926,pun,a*b*!c*!d+b*c*d+a*c*d+!a*!b*!c,9,suboptimal,20
P7927,pdn,a*b*!c*!d+!a*!b*!c*d+b*c*d+a*c*d,9,suboptimal,11
P7927,pun,a*b*!c*!d+!a*!b*!c*d+b*c*d+a*c*d,9,suboptimal,11
P7928,pdn,!b*!c*!d+!a*!c*!d+b*c*d+a*c*d+!a*!b*!c,10,suboptimal,15
P7928,pun,!b*!c*!d+!a*!c*!d+b*c*d+a*c*d+!a*!b*!c,10,suboptimal,11
P7929,pdn,a*!b*!c*!d+!a*b*!c*!d+!a*!b*!c*d+b*c*d+a*c*d,10,suboptimal,11
P7929,pun,a*!b*!c*!d+!a*b*!c*!d+!a*!b*!c*d+b*c*d+a*c*d,10,failed,
P7930,pdn,!a*!c*!d+b*c*d+a*c*d+!a*!b*!c,8,suboptimal,9
P7930,pun,!a*!c*!d+b*c*d+a*c*d+!a*!b*!c,8,suboptimal,14
P7931,pdn,!a*b*!c*!d+!a*!b*!c*d+b*c*d+a*c*d,9,suboptimal,13
P7931,pun,!a*b*!c*!d+!a*!b*!c*d+b*c*d+a*c*d,9,suboptimal,11
P7934,pdn,b*c*d+a*c*d+!a*!b*!c,7,suboptimal,9
P7934,pun,b*c*d+a*c*d+!a*!b*!c,7,suboptimal,12
P7935,pdn,!a*!b*!c*d+b*c*d+a*c*d,7,suboptimal,14
P8176,pdn,b*c*d+a*c*d+!c*!d,6,suboptimal,8
P8178,pdn,b*!c*!d+!a*!c*!d+b*c*d+a*c*d,7,suboptimal,11
P8178,pun,b*!c*!d+!a*!c*!d+b*c*d+a*c*d,7,suboptimal,8
P8179,pdn,b*!c*!d+b*c*d+a*c*d,7,suboptimal,10
P8182,pdn,!a*!b*!c*!d+a*b*!c*!d+b*c*d+a*c*d,9,suboptimal,11
P8183,pdn,a*b*!c*!d+b*c*d+a*c*d,7,suboptimal,9
P8183,pun,a*b*!c*!d+b*c*d+a*c*d,7,suboptimal,8
P8184,pdn,!b*!c*!d+!a*!c*!d+b*c*d+a*c*d,8,suboptimal,9
P8185,pdn,a*!b*!c*!d+!a*b*!c*!d+b*c*d+a*c*d,8,suboptimal,15
P8186,pdn,!a*!c*!d+b*c*d+a*c*d,7,suboptimal,10
P8186,pun,!a*!c*!d+b*c*d+a*c*d,7,suboptimal,9
P8187,pdn,!a*b*!c*!d+b*c*d+a*c*d,7,suboptimal,8
P8187,pun,!a*b*!c*!d+b*c*d+a*c*d,7,suboptimal,8
P8190,pdn,!a*!b*!c*!d+b*c*d+a*c*d,8,suboptimal,9
P10368,pdn,b*c*d+!c*!d+!b*!d+!b*!c+!a,8,suboptimal,9
P10369,pdn,a*!c*!d+!b*c*!d+!b*!c*d+b*c*d+!a*d+!a*b,10,suboptimal,15
P10369,pun,a*!c*!d+!b*c*!d+!b*!c*d+b*c*d+!a*d+!a*b,10,suboptimal,11
P10370,pun,b*!c*!d+!b*c*!d+!b*!c*d+b*c*d+!a,9,suboptimal,19
P10371,pdn,b*!c*!d+!b*c*!d+!b*!c*d+b*c*d+!a*d+!a*b,9,suboptimal,13
P10371,pun,b*!c*!d+!b*c*!d+!b*!c*d+b*c*d+!a*d+!a*b,9,suboptimal,12
P10372,pdn,a*!c*!d+b*c*d+!b*!d+!a*d+!b*!c+!a*c,10,suboptimal,14
P10372,pun,a*!c*!d+b*c*d+!b*!d+!a*d+!b*!c+!a*c,10,suboptimal,11
P10373,pdn,a*!c*!d+!b*c*!d+!b*!c*d+b*c*d+!a*d+!a*c,10,suboptimal,20
P10374,pdn,a*b*!c*!d+!b*c*!d+!b*!c*d+b*c*d+!a*d+!a*c+!a*!b,11,suboptimal,17
P10374,pun,a*b*!c*!d+!b*c*!d+!b*!c*d+b*c*d+!a*d+!a*c+!a*!b,11,suboptimal,12
P10375,pdn,a*b*!c*!d+!b*c*!d+!b*!c*d+b*c*d+!a*d+!a*c,10,suboptimal,19
P10375,pun,a*b*!c*!d+!b*c*!d+!b*!c*d+b*c*d+!a*d+!a*c,10,suboptimal,19
P10377,pdn,a*!b*!d+!b*!c*d+b*c*d+!a*c+!a*b,9,suboptimal,12
P10377,pun,a*!b*!d+!b*!c*d+b*c*d+!a*c+!a*b,9,suboptimal,12
P10378,pun,!b*c*!d+!b*!c*d+b*c*d+!a,8,suboptimal,9
P10379,pun,!b*c*!d+!b*!c*d+b*c*d+!a*d+!a*b,9,suboptimal,13
P10380,pdn,b*c*d+!b*!d+!a*d+!b*!c+!a*c,9,suboptimal,13
P10380,pun,b*c*d+!b*!d+!a*d+!b*!c+!a*c,9,suboptimal,11
P10381,pdn,a*!b*!d+!b*!c*d+b*c*d+!a*d+!a*c,9,suboptimal,12
P10381,pun,a*!b*!d+!b*!c*d+b*c*d+!a*d+!a*c,9,suboptimal,16
P10382,pdn,!b*c*!d+!b*!c*d+b*c*d+!a*d+!a*c+!a*!b,9,suboptimal,11
P10382,pun,!b*c*!d+!b*!c*d+b*c*d+!a*d+!a*c+!a*!b,9,suboptimal,16
P10383,pdn,!b*c*!d+!b*!c*d+b*c*d+!a*d+!a*c,8,suboptimal,13
P10383,pun,!b*c*!d+!b*!c*d+b*c*d+!a*d+!a*c,8,suboptimal,18
P10388,pdn,a*!c*!d+a*!b*!d+b*c*d+!a*b*c+!a*d+!b*!c,10,failed,
P10388,pun,a*!c*!d+a*!b*!d+b*c*d+!a*b*c+!a*d+!b*!c,10,failed,
P10389,pdn,a*!c*!d+a*!b*!d+!b*!c*d+b*c*d+!a*b*c+!a*d,10,suboptimal,17
P10389,pun,a*!c*!d+a*!b*!d+!b*!c*d+b*c*d+!a*b*c+!a*d,10,suboptimal,11
P10390,pdn,a*b*!c*!d+a*!b*c*!d+!b*!c*d+b*c*d+!a*!b*!c+!a*b*c+!a*d,11,failed,
P10390,pun,a*b*!c*!d+a*!b*c*!d+!b*!c*d+b*c*d+!a*!b*!c+!a*b*c+!a*d,11,failed,
P10391,pdn,a*b*!c*!d+a*!b*c*!d+!b*!c*d+b*c*d+!a*b*c+!a*d,11,suboptimal,20
P10391,pun,a*b*!c*!d+a*!b*c*!d+!b*!c*d+b*c*d+!a*b*c+!a*d,11,suboptimal,17
P10392,pdn,a*!b*!d+b*c*d+!a*d+!b*!c+!a*b,9,suboptimal,13
P10392,pun,a*!b*!d+b*c*d+!a*d+!b*!c+!a*b,9,suboptimal,12
P10393,pdn,a*!b*!d+!b*!c*d+b*c*d+!a*d+!a*b,9,suboptimal,11
P10393,pun,a*!b*!d+!b*!c*d+b*c*d+!a*d+!a*b,9,suboptimal,11
P10394,pdn,a*!b*c*!d+!b*!c*d+b*c*d+!a*d+!a*!c+!a*b,10,suboptimal,16
P10394,pun,a*!b*c*!d+!b*!c*d+b*c*d+!a*d+!a*!c+!a*b,10,suboptimal,12
P10395,pdn,a*!b*c*!d+!b*!c*d+b*c*d+!a*d+!a*b,10,suboptimal,15
P10395,pun,a*!b*c*!d+!b*!c*d+b*c*d+!a*d+!a*b,10,suboptimal,14
P10396,pdn,a*!b*!d+b*c*d+!a*b*c+!a*d+!b*!c,9,suboptimal,15
P10396,pun,a*!b*!d+b*c*d+!a*b*c+!a*d+!b*!c,9,failed,
P10397,pdn,a*!b*!d+!b*!c*d+b*c*d+!a*b*c+!a*d,9,failed,
P10397,pun,a*!b*!d+!b*!c*d+b*c*d+!a*b*c+!a*d,9,suboptimal,14
P10398,pdn,a*!b*c*!d+!b*!c*d+b*c*d+!a*!b*!c+!a*b*c+!a*d,10,suboptimal,19
P10398,pun,a*!b*c*!d+!b*!c*d+b*c*d+!a*!b*!c+!a*b*c+!a*d,10,failed,
P10399,pdn,a*!b*c*!d+!b*!c*d+b*c*d+!a*b*c+!a*d,9,failed,
P10399,pun,a*!b*c*!d+!b*!c*d+b*c*d+!a*b*c+!a*d,9,suboptimal,14
P10408,pun,b*c*d+!b*!c+!a,6,suboptimal,9
P10409,pdn,b*c*d+a*!b*!c+!a*d+!a*c+!a*b,8,suboptimal,13
P10409,pun,b*c*d+a*!b*!c+!a*d+!a*c+!a*b,8,suboptimal,10
P10411,pdn,!b*!c*d+b*c*d+!a*c+!a*b,7,suboptimal,8
P10412,pdn,b*c*d+!a*d+!b*!c+!a*c,7,suboptimal,9
P10412,pun,b*c*d+!a*d+!b*!c+!a*c,7,suboptimal,8
P10413,pdn,b*c*d+a*!b*!c+!a*d+!a*c,8,suboptimal,12
P10413,pun,b*c*d+a*!b*!c+!a*d+!a*c,8,suboptimal,12
P10414,pdn,!b*!c*d+b*c*d+!a*d+!a*c+!a*!b,8,suboptimal,9
P10414,pun,!b*!c*d+b*c*d+!a*d+!a*c+!a*!b,8,suboptimal,9
P10415,pdn,!b*!c*d+b*c*d+!a*d+!a*c,7,suboptimal,8
P10415,pun,!b*!c*d+b*c*d+!a*d+!a*c,7,suboptimal,8
P10428,pdn,b*c*d+!a*b*c+!a*d+!b*!c,8,suboptimal,10
P10428,pun,b*c*d+!a*b*c+!a*d+!b*!c,8,suboptimal,13
P10429,pdn,b*c*d+a*!b*!c+!a*b*c+!a*d,8,suboptimal,14
P10429,pun,b*c*d+a*!b*!c+!a*b*c+!a*d,8,suboptimal,13
P10430,pdn,!b*!c*d+b*c*d+!a*!b*!c+!a*b*c+!a*d,8,suboptimal,12
P10430,pun,!b*!c*d+b*c*d+!a*!b*!c+!a*b*c+!a*d,8,suboptimal,15
P10431,pun,!b*!c*d+b*c*d+!a*b*c+!a*d,8,suboptimal,13
P10432,pdn,b*c*d+!c*!d+!b*!d+!a*d+!b*!c,8,suboptimal,9
P10432,pun,b*c*d+!c*!d+!b*!d+!a*d+!b*!c,8,suboptimal,10
P10433,pdn,a*!c*!d+!b*c*!d+!b*!c*d+b*c*d+!a*b*!c+!a*d,9,suboptimal,11
P10433,pun,a*!c*!d+!b*c*!d+!b*!c*d+b*c*d+!a*b*!c+!a*d,9,suboptimal,15
P10434,pdn,b*!c*!d+!b*c*!d+!b*!c*d+b*c*d+!a*d+!a*!c,9,suboptimal,11
P10434,pun,b*!c*!d+!b*c*!d+!b*!c*d+b*c*d+!a*d+!a*!c,9,suboptimal,13
P10435,pdn,b*!c*!d+!b*c*!d+!b*!c*d+b*c*d+!a*d,9,suboptimal,10
P10435,pun,b*!c*!d+!b*c*!d+!b*!c*d+b*c*d+!a*d,9,suboptimal,17
P10436,pdn,a*!c*!d+b*c*d+!b*!d+!a*d+!b*!c,9,suboptimal,13
P10436,pun,a*!c*!d+b*c*d+!b*!d+!a*d+!b*!c,9,suboptimal,10
P10437,pdn,a*!c*!d+!b*c*!d+!b*!c*d+b*c*d+!a*d,9,suboptimal,10
P10437,pun,a*!c*!d+!b*c*!d+!b*!c*d+b*c*d+!a*d,9,suboptimal,14
P10438,pdn,a*b*!c*!d+!b*c*!d+!b*!c*d+b*c*d+!a*d+!a*!b,10,suboptimal,16
P10438,pun,a*b*!c*!d+!b*c*!d+!b*!c*d+b*c*d+!a*d+!a*!b,10,suboptimal,15
P10439,pdn,a*b*!c*!d+!b*c*!d+!b*!c*d+b*c*d+!a*d,10,suboptimal,18
P10439,pun,a*b*!c*!d+!b*c*!d+!b*!c*d+b*c*d+!a*d,10,suboptimal,19
P10440,pdn,b*c*d+!b*!d+!a*d+!b*!c+!a*!c,7,suboptimal,10
P10440,pun,b*c*d+!b*!d+!a*d+!b*!c+!a*!c,7,suboptimal,9
P10441,pdn,a*!b*!d+!b*!c*d+b*c*d+!a*b*!c+!a*!b*c,9,suboptimal,12
P10441,pun,a*!b*!d+!b*!c*d+b*c*d+!a*b*!c+!a*!b*c,9,suboptimal,17
P10442,pdn,!b*c*!d+!b*!c*d+b*c*d+!a*d+!a*!c,9,suboptimal,10
P10442,pun,!b*c*!d+!b*!c*d+b*c*d+!a*d+!a*!c,9,suboptimal,10
P10443,pdn,!b*c*!d+!b*!c*d+b*c*d+!a*b*!c+!a*d,8,suboptimal,10
P10443,pun,!b*c*!d+!b*!c*d+b*c*d+!a*b*!c+!a*d,8,suboptimal,15
P10444,pun,b*c*d+!b*!d+!a*d+!b*!c,7,suboptimal,13
P10445,pdn,!b*c*!d+a*!b*!d+!b*!c*d+b*c*d+!a*d,8,suboptimal,10
P10445,pun,!b*c*!d+a*!b*!d+!b*!c*d+b*c*d+!a*d,8,suboptimal,15
P10446,pdn,!b*c*!d+!b*!c*d+b*c*d+!a*d+!a*!b,8,suboptimal,10
P10446,pun,!b*c*!d+!b*!c*d+b*c*d+!a*d+!a*!b,8,suboptimal,12
P10447,pun,!b*c*!d+!b*!c*d+b*c*d+!a*d,8,suboptimal,18
P10452,pdn,a*!c*!d+a*!b*!d+b*c*d+!a*d+!b*!c,9,suboptimal,10
P10452,pun,a*!c*!d+a*!b*!d+b*c*d+!a*d+!b*!c,9,suboptimal,11
P10453,pdn,a*!c*!d+a*!b*!d+!b*!c*d+b*c*d+!a*d,9,suboptimal,12
P10453,pun,a*!c*!d+a*!b*!d+!b*!c*d+b*c*d+!a*d,9,suboptimal,14
P10454,pdn,a*b*!c*!d+a*!b*c*!d+!b*!c*d+b*c*d+!a*!b*!c+!a*d,11,failed,
P10454,pun,a*b*!c*!d+a*!b*c*!d+!b*!c*d+b*c*d+!a*!b*!c+!a*d,11,suboptimal,19
P10455,pdn,a*b*!c*!d+a*!b*c*!d+!b*!c*d+b*c*d+!a*d,10,failed,
P10455,pun,a*b*!c*!d+a*!b*c*!d+!b*!c*d+b*c*d+!a*d,10,failed,
P10456,pdn,a*!b*!d+b*c*d+!a*d+!b*!c+!a*!c,8,suboptimal,10
P10456,pun,a*!b*!d+b*c*d+!a*d+!b*!c+!a*!c,8,suboptimal,15
P10457,pun,a*!b*!d+!b*!c*d+b*c*d+!a*b*!c+!a*d,9,suboptimal,13
P10458,pdn,a*!b*c*!d+!b*!c*d+b*c*d+!a*d+!a*!c,10,suboptimal,15
P10458,pun,a*!b*c*!d+!b*!c*d+b*c*d+!a*d+!a*!c,10,suboptimal,15
P10459,pdn,a*!b*c*!d+!b*!c*d+b*c*d+!a*b*!c+!a*d,9,suboptimal,13
P10459,pun,a*!b*c*!d+!b*!c*d+b*c*d+!a*b*!c+!a*d,9,suboptimal,14
P10460,pun,a*!b*!d+b*c*d+!a*d+!b*!c,8,suboptimal,10
P10461,pdn,a*!b*!d+!b*!c*d+b*c*d+!a*d,8,suboptimal,12
P10461,pun,a*!b*!d+!b*!c*d+b*c*d+!a*d,8,suboptimal,12
P10462,pdn,a*!b*c*!d+!b*!c*d+b*c*d+!a*!b*!c+!a*d,9,suboptimal,18
P10462,pun,a*!b*c*!d+!b*!c*d+b*c*d+!a*!b*!c+!a*d,9,suboptimal,15
P10463,pdn,a*!b*c*!d+!b*!c*d+b*c*d+!a*d,9,suboptimal,12
P10463,pun,a*!b*c*!d+!b*!c*d+b*c*d+!a*d,9,failed,
P10472,pdn,b*c*d+!b*!c+!a*!c+!a*!b,7,suboptimal,8
P10473,pdn,b*c*d+a*!b*!c+!a*b*!c+!a*!b*c+!a*d,8,suboptimal,13
P10473,pun,b*c*d+a*!b*!c+!a*b*!c+!a*!b*c+!a*d,8,suboptimal,20
P10474,pdn,!b*!c*d+b*c*d+!a*!c+!a*!b,7,suboptimal,8
P10475,pdn,!b*!c*d+b*c*d+!a*b*!c+!a*!b*c,8,suboptimal,12
P10475,pun,!b*!c*d+b*c*d+!a*b*!c+!a*!b*c,8,suboptimal,10
P10476,pdn,b*c*d+!a*d+!b*!c+!a*!b,6,suboptimal,10
P10476,pun,b*c*d+!a*d+!b*!c+!a*!b,6,suboptimal,8
P10477,pdn,b*c*d+a*!b*!c+!a*!b*c+!a*d,7,suboptimal,8
P10477,pun,b*c*d+a*!b*!c+!a*!b*c+!a*d,7,suboptimal,10
P10478,pdn,!b*!c*d+b*c*d+!a*d+!a*!b,7,suboptimal,8
P10478,pun,!b*!c*d+b*c*d+!a*d+!a*!b,7,suboptimal,8
P10479,pun,!b*!c*d+b*c*d+!a*!b*c+!a*d,7,suboptimal,9
P10492,pdn,b*c*d+!a*d+!b*!c,6,suboptimal,9
P10492,pun,b*c*d+!a*d+!b*!c,6,suboptimal,8
P10493,pdn,b*c*d+a*!b*!c+!a*d,7,suboptimal,12
P10493,pun,b*c*d+a*!b*!c+!a*d,7,suboptimal,11
P10494,pun,!b*!c*d+b*c*d+!a*!b*!c+!a*d,8,suboptimal,9
P10495,pun,!b*!c*d+b*c*d+!a*d,6,suboptimal,7
P10644,pdn,!b*!c*!d+a*!c*!d+a*!b*!d+b*c*d+!a*c*d+!a*b*d+a*!b*!c+!a*b*c,12,failed,
P10644,pun,!b*!c*!d+a*!c*!d+a*!b*!d+b*c*d+!a*c*d+!a*b*d+a*!b*!c+!a*b*c,12,failed,
P10645,pdn,a*!c*!d+a*!b*!d+b*c*d+!a*c*d+!a*b*d+a*!b*!c+!a*b*c,11,failed,
P10645,pun,a*!c*!d+a*!b*!d+b*c*d+!a*c*d+!a*b*d+a*!b*!c+!a*b*c,11,failed,
P10646,pdn,!a*!b*!c*!d+a*b*!c*!d+a*!b*c*!d+a*!b*!c*d+b*c*d+!a*c*d+!a*b*d+!a*b*c,13,failed,
P10646,pun,!a*!b*!c*!d+a*b*!c*!d+a*!b*c*!d+a*!b*!c*d+b*c*d+!a*c*d+!a*b*d+!a*b*c,12,failed,
P10647,pdn,a*b*!c*!d+a*!b*c*!d+a*!b*!c*d+b*c*d+!a*c*d+!a*b*d+!a*b*c,12,failed,
P10647,pun,a*b*!c*!d+a*!b*c*!d+a*!b*!c*d+b*c*d+!a*c*d+!a*b*d+!a*b*c,12,failed,
P10648,pdn,!a*!c*!d+a*!b*!d+b*c*d+!a*c*d+a*!b*!c+!a*b,10,suboptimal,15
P10648,pun,!a*!c*!d+a*!b*!d+b*c*d+!a*c*d+a*!b*!c+!a*b,10,suboptimal,17
P10649,pdn,a*!b*!d+b*c*d+!a*c*d+a*!b*!c+!a*b,9,suboptimal,12
P10649,pun,a*!b*!d+b*c*d+!a*c*d+a*!b*!c+!a*b,9,suboptimal,15
P10650,pdn,a*!b*c*!d+a*!b*!c*d+!a*!c*!d+b*c*d+!a*c*d+!a*b,11,suboptimal,20
P10650,pun,a*!b*c*!d+a*!b*!c*d+!a*!c*!d+b*c*d+!a*c*d+!a*b,11,failed,
P10651,pdn,a*!b*c*!d+a*!b*!c*d+b*c*d+!a*c*d+!a*b,10,suboptimal,12
P10651,pun,a*!b*c*!d+a*!b*!c*d+b*c*d+!a*c*d+!a*b,10,suboptimal,18
P10652,pdn,!b*!c*!d+a*!b*!d+b*c*d+!a*c*d+!a*b*d+a*!b*!c+!a*b*c,11,suboptimal,20
P10652,pun,!b*!c*!d+a*!b*!d+b*c*d+!a*c*d+!a*b*d+a*!b*!c+!a*b*c,11,failed,
P10653,pdn,a*!b*!d+b*c*d+!a*c*d+!a*b*d+a*!b*!c+!a*b*c,11,suboptimal,17
P10653,pun,a*!b*!d+b*c*d+!a*c*d+!a*b*d+a*!b*!c+!a*b*c,11,failed,
P10654,pdn,!a*!b*!c*!d+a*!b*c*!d+a*!b*!c*d+b*c*d+!a*c*d+!a*b*d+!a*b*c,12,failed,
P10654,pun,!a*!b*!c*!d+a*!b*c*!d+a*!b*!c*d+b*c*d+!a*c*d+!a*b*d+!a*b*c,12,failed,
P10655,pdn,a*!b*c*!d+a*!b*!c*d+b*c*d+!a*c*d+!a*b*d+!a*b*c,10,suboptimal,18
P10655,pun,a*!b*c*!d+a*!b*!c*d+b*c*d+!a*c*d+!a*b*d+!a*b*c,10,failed,
P10664,pdn,b*c*d+a*!b*!c+!a*!d+!a*c+!a*b,9,suboptimal,10
P10664,pun,b*c*d+a*!b*!c+!a*!d+!a*c+!a*b,9,suboptimal,11
P10665,pdn,b*c*d+a*!b*!c+!a*c+!a*b,8,suboptimal,13
P10666,pdn,a*!b*!c*d+b*c*d+!a*!d+!a*c+!a*b,9,suboptimal,10
P10667,pdn,a*!b*!c*d+b*c*d+!a*c+!a*b,8,suboptimal,14
P10668,pdn,!a*!b*!d+b*c*d+!a*b*d+a*!b*!c+!a*c,9,suboptimal,15
P10668,pun,!a*!b*!d+b*c*d+!a*b*d+a*!b*!c+!a*c,9,suboptimal,15
P10669,pdn,b*c*d+!a*b*d+a*!b*!c+!a*c,8,suboptimal,12
P10669,pun,b*c*d+!a*b*d+a*!b*!c+!a*c,8,suboptimal,11
P10670,pdn,a*!b*!c*d+!a*!b*!d+b*c*d+!a*b*d+!a*c,9,suboptimal,14
P10670,pun,a*!b*!c*d+!a*!b*!d+b*c*d+!a*b*d+!a*c,9,failed,
P10671,pdn,a*!b*!c*d+b*c*d+!a*b*d+!a*c,8,suboptimal,10
P10671,pun,a*!b*!c*d+b*c*d+!a*b*d+!a*c,8,suboptimal,11
P10684,pdn,!b*!c*!d+b*c*d+!a*c*d+!a*b*d+a*!b*!c+!a*b*c,11,suboptimal,19
P10684,pun,!b*!c*!d+b*c*d+!a*c*d+!a*b*d+a*!b*!c+!a*b*c,11,suboptimal,20
P10685,pdn,b*c*d+!a*c*d+!a*b*d+a*!b*!c+!a*b*c,10,suboptimal,20
P10685,pun,b*c*d+!a*c*d+!a*b*d+a*!b*!c+!a*b*c,10,suboptimal,18
P10686,pdn,!a*!b*!c*!d+a*!b*!c*d+b*c*d+!a*c*d+!a*b*d+!a*b*c,10,failed,
P10686,pun,!a*!b*!c*!d+a*!b*!c*d+b*c*d+!a*c*d+!a*b*d+!a*b*c,10,failed,
P10687,pdn,a*!b*!c*d+b*c*d+!a*c*d+!a*b*d+!a*b*c,9,suboptimal,18
P10687,pun,a*!b*!c*d+b*c*d+!a*c*d+!a*b*d+!a*b*c,9,suboptimal,11
P10688,pdn,b*c*d+!a*c*d+!a*b*d+a*!b*!c+!c*!d+!b*!d,10,suboptimal,16
P10688,pun,b*c*d+!a*c*d+!a*b*d+a*!b*!c+!c*!d+!b*!d,10,suboptimal,11
P10689,pdn,a*!c*!d+!b*c*!d+b*c*d+!a*c*d+a*!b*!c+!a*b*!c,10,suboptimal,17
P10689,pun,a*!c*!d+!b*c*!d+b*c*d+!a*c*d+a*!b*!c+!a*b*!c,10,suboptimal,15
P10690,pdn,a*!b*!c*d+b*!c*!d+!a*!c*!d+!b*c*!d+b*c*d+!a*c*d+!a*b*d,11,failed,
P10690,pun,a*!b*!c*d+b*!c*!d+!a*!c*!d+!b*c*!d+b*c*d+!a*c*d+!a*b*d,11,failed,
P10691,pdn,a*!b*!c*d+b*!c*!d+!b*c*!d+b*c*d+!a*c*d+!a*b*d,10,failed,
P10691,pun,a*!b*!c*d+b*!c*!d+!b*c*!d+b*c*d+!a*c*d+!a*b*d,10,failed,
P10692,pdn,a*!c*!d+b*c*d+!a*c*d+!a*b*d+a*!b*!c+!b*!d,10,failed,
P10692,pun,a*!c*!d+b*c*d+!a*c*d+!a*b*d+a*!b*!c+!b*!d,10,suboptimal,12
P10693,pdn,a*!c*!d+!b*c*!d+b*c*d+!a*c*d+!a*b*d+a*!b*!c,10,suboptimal,19
P10693,pun,a*!c*!d+!b*c*!d+b*c*d+!a*c*d+!a*b*d+a*!b*!c,10,suboptimal,20
P10694,pdn,a*b*!c*!d+a*!b*!c*d+!b*c*!d+!a*!b*!d+b*c*d+!a*c*d+!a*b*d,12,failed,
P10694,pun,a*b*!c*!d+a*!b*!c*d+!b*c*!d+!a*!b*!d+b*c*d+!a*c*d+!a*b*d,12,failed,
P10695,pdn,a*b*!c*!d+a*!b*!c*d+!b*c*!d+b*c*d+!a*c*d+!a*b*d,11,failed,
P10695,pun,a*b*!c*!d+a*!b*!c*d+!b*c*!d+b*c*d+!a*c*d+!a*b*d,11,failed,
P10696,pdn,b*c*d+!a*c*d+a*!b*!c+!a*b*!c+!b*!d,9,suboptimal,11
P10696,pun,b*c*d+!a*c*d+a*!b*!c+!a*b*!c+!b*!d,9,suboptimal,15
P10697,pdn,a*!b*!d+b*c*d+a*!b*!c+!a*b*!c+!a*!b*c,9,suboptimal,13
P10697,pun,a*!b*!d+b*c*d+a*!b*!c+!a*b*!c+!a*!b*c,9,suboptimal,17
P10698,pdn,a*!b*!c*d+!a*!c*!d+!b*c*!d+b*c*d+!a*c*d+!a*b*d,10,failed,
P10698,pun,a*!b*!c*d+!a*!c*!d+!b*c*!d+b*c*d+!a*c*d+!a*b*d,10,suboptimal,18
P10699,pdn,a*!b*!c*d+!b*c*!d+b*c*d+!a*c*d+!a*b*!c,10,suboptimal,20
P10699,pun,a*!b*!c*d+!b*c*!d+b*c*d+!a*c*d+!a*b*!c,10,suboptimal,17
P10700,pdn,b*c*d+!a*c*d+!a*b*d+a*!b*!c+!b*!d,9,suboptimal,15
P10700,pun,b*c*d+!a*c*d+!a*b*d+a*!b*!c+!b*!d,9,failed,
P10701,pdn,a*!b*!d+b*c*d+!a*b*d+a*!b*!c+!a*!b*c,9,suboptimal,13
P10701,pun,a*!b*!d+b*c*d+!a*b*d+a*!b*!c+!a*!b*c,9,suboptimal,17
P10702,pdn,a*!b*!c*d+!b*c*!d+!a*!b*!d+b*c*d+!a*c*d+!a*b*d,10,suboptimal,16
P10702,pun,a*!b*!c*d+!b*c*!d+!a*!b*!d+b*c*d+!a*c*d+!a*b*d,10,failed,
P10703,pdn,a*!b*!c*d+!b*c*!d+b*c*d+!a*c*d+!a*b*d,10,suboptimal,15
P10703,pun,a*!b*!c*d+!b*c*!d+b*c*d+!a*c*d+!a*b*d,10,suboptimal,16
P10708,pdn,!b*!c*!d+a*!c*!d+a*!b*!d+b*c*d+!a*c*d+!a*b*d+a*!b*!c,11,suboptimal,15
P10708,pun,!b*!c*!d+a*!c*!d+a*!b*!d+b*c*d+!a*c*d+!a*b*d+a*!b*!c,11,suboptimal,20
P10709,pdn,a*!c*!d+a*!b*!d+b*c*d+!a*c*d+!a*b*d+a*!b*!c,10,failed,
P10709,pun,a*!c*!d+a*!b*!d+b*c*d+!a*c*d+!a*b*d+a*!b*!c,10,suboptimal,19
P10710,pdn,!a*!b*!c*!d+a*b*!c*!d+a*!b*c*!d+a*!b*!c*d+b*c*d+!a*c*d+!a*b*d,12,failed,
P10710,pun,!a*!b*!c*!d+a*b*!c*!d+a*!b*c*!d+a*!b*!c*d+b*c*d+!a*c*d+!a*b*d,12,failed,
P10711,pdn,a*b*!c*!d+a*!b*c*!d+a*!b*!c*d+b*c*d+!a*c*d+!a*b*d,11,suboptimal,20
P10711,pun,a*b*!c*!d+a*!b*c*!d+a*!b*!c*d+b*c*d+!a*c*d+!a*b*d,11,suboptimal,19
P10712,pdn,!a*!c*!d+a*!b*!d+b*c*d+!a*c*d+!a*b*d+a*!b*!c,10,suboptimal,17
P10712,pun,!a*!c*!d+a*!b*!d+b*c*d+!a*c*d+!a*b*d+a*!b*!c,10,failed,
P10713,pdn,a*!b*!d+b*c*d+!a*c*d+a*!b*!c+!a*b*!c,10,suboptimal,17
P10713,pun,a*!b*!d+b*c*d+!a*c*d+a*!b*!c+!a*b*!c,10,suboptimal,15
P10714,pdn,a*!b*c*!d+a*!b*!c*d+!a*!c*!d+b*c*d+!a*c*d+!a*b*d,11,suboptimal,17
P10714,pun,a*!b*c*!d+a*!b*!c*d+!a*!c*!d+b*c*d+!a*c*d+!a*b*d,11,failed,
P10715,pdn,a*!b*c*!d+a*!b*!c*d+b*c*d+!a*c*d+!a*b*!c,10,suboptimal,19
P10715,pun,a*!b*c*!d+a*!b*!c*d+b*c*d+!a*c*d+!a*b*!c,10,failed,
P10716,pdn,!b*!c*!d+a*!b*!d+b*c*d+!a*c*d+!a*b*d+a*!b*!c,10,suboptimal,14
P10716,pun,!b*!c*!d+a*!b*!d+b*c*d+!a*c*d+!a*b*d+a*!b*!c,10,failed,
P10717,pdn,a*!b*!d+b*c*d+!a*c*d+!a*b*d+a*!b*!c,9,suboptimal,12
P10717,pun,a*!b*!d+b*c*d+!a*c*d+!a*b*d+a*!b*!c,9,suboptimal,20
P10718,pdn,!a*!b*!c*!d+a*!b*c*!d+a*!b*!c*d+b*c*d+!a*c*d+!a*b*d,11,suboptimal,20
P10718,pun,!a*!b*!c*!d+a*!b*c*!d+a*!b*!c*d+b*c*d+!a*c*d+!a*b*d,11,failed,
P10719,pdn,a*!b*c*!d+a*!b*!c*d+b*c*d+!a*c*d+!a*b*d,10,suboptimal,11
P10719,pun,a*!b*c*!d+a*!b*!c*d+b*c*d+!a*c*d+!a*b*d,10,suboptimal,18
P10728,pdn,!a*!c*!d+b*c*d+!a*b*d+a*!b*!c+!a*!b*c,10,suboptimal,13
P10728,pun,!a*!c*!d+b*c*d+!a*b*d+a*!b*!c+!a*!b*c,10,suboptimal,13
P10729,pdn,b*c*d+a*!b*!c+!a*b*!c+!a*!b*c,9,suboptimal,18
P10729,pun,b*c*d+a*!b*!c+!a*b*!c+!a*!b*c,9,suboptimal,15
P10730,pdn,a*!b*!c*d+!a*!c*!d+b*c*d+!a*b*d+!a*!b*c,9,suboptimal,18
P10730,pun,a*!b*!c*d+!a*!c*!d+b*c*d+!a*b*d+!a*!b*c,9,suboptimal,17
P10731,pdn,a*!b*!c*d+b*c*d+!a*b*!c+!a*!b*c,8,suboptimal,14
P10731,pun,a*!b*!c*d+b*c*d+!a*b*!c+!a*!b*c,8,suboptimal,9
P10732,pdn,!b*!c*!d+b*c*d+!a*b*d+a*!b*!c+!a*!b*c,9,suboptimal,17
P10732,pun,!b*!c*!d+b*c*d+!a*b*d+a*!b*!c+!a*!b*c,9,suboptimal,20
P10733,pdn,b*c*d+!a*b*d+a*!b*!c+!a*!b*c,8,suboptimal,16
P10733,pun,b*c*d+!a*b*d+a*!b*!c+!a*!b*c,8,suboptimal,15
P10734,pdn,a*!b*!c*d+!a*!b*!d+b*c*d+!a*c*d+!a*b*d,10,suboptimal,13
P10734,pun,a*!b*!c*d+!a*!b*!d+b*c*d+!a*c*d+!a*b*d,10,suboptimal,12
P10735,pdn,a*!b*!c*d+b*c*d+!a*b*d+!a*!b*c,9,suboptimal,13
P10735,pun,a*!b*!c*d+b*c*d+!a*b*d+!a*!b*c,9,suboptimal,12
P10748,pdn,!b*!c*!d+b*c*d+!a*c*d+!a*b*d+a*!b*!c,9,suboptimal,16
P10748,pun,!b*!c*!d+b*c*d+!a*c*d+!a*b*d+a*!b*!c,9,suboptimal,18
P10749,pdn,b*c*d+!a*c*d+!a*b*d+a*!b*!c,8,suboptimal,13
P10749,pun,b*c*d+!a*c*d+!a*b*d+a*!b*!c,8,suboptimal,10
P10750,pdn,!a*!b*!c*!d+a*!b*!c*d+b*c*d+!a*c*d+!a*b*d,10,suboptimal,16
P10750,pun,!a*!b*!c*!d+a*!b*!c*d+b*c*d+!a*c*d+!a*b*d,10,suboptimal,19
P10751,pdn,a*!b*!c*d+b*c*d+!a*c*d+!a*b*d,8,suboptimal,18
P10921,pdn,a*!b*!c*!d+b*c*d+!a*d+!a*c+!a*b,9,suboptimal,11
P10921,pun,a*!b*!c*!d+b*c*d+!a*d+!a*c+!a*b,9,suboptimal,17
P10923,pdn,b*c*d+!a*d+!a*c+!a*b,5,suboptimal,7
P10923,pun,b*c*d+!a*d+!a*c+!a*b,5,suboptimal,7
P10924,pdn,!b*!c*!d+b*c*d+!a*d+!a*c,8,suboptimal,10
P10925,pdn,a*!b*!c*!d+b*c*d+!a*d+!a*c,9,suboptimal,15
P10925,pun,a*!b*!c*!d+b*c*d+!a*d+!a*c,9,suboptimal,10
P10940,pdn,!b*!c*!d+b*c*d+!a*b*c+!a*d,8,suboptimal,14
P10940,pun,!b*!c*!d+b*c*d+!a*b*c+!a*d,8,suboptimal,16
P10941,pdn,a*!b*!c*!d+b*c*d+!a*b*c+!a*d,9,suboptimal,12
P10941,pun,a*!b*!c*!d+b*c*d+!a*b*c+!a*d,9,suboptimal,15
P10942,pdn,b*c*d+!a*!b*!c+!a*b*c+!a*d,8,suboptimal,10
P10942,pun,b*c*d+!a*!b*!c+!a*b*c+!a*d,8,suboptimal,9
P10943,pdn,b*c*d+!a*b*c+!a*d,6,suboptimal,8
P10943,pun,b*c*d+!a*b*c+!a*d,6,suboptimal,8
P10944,pdn,b*c*d+!c*!d+!b*!d+!a*d,7,suboptimal,9
P10944,pun,b*c*d+!c*!d+!b*!d+!a*d,7,suboptimal,8
P10945,pdn,a*!c*!d+!b*c*!d+b*c*d+!a*b*!c+!a*d,9,suboptimal,11
P10945,pun,a*!c*!d+!b*c*!d+b*c*d+!a*b*!c+!a*d,9,suboptimal,14
P10946,pdn,b*!c*!d+!b*c*!d+b*c*d+!a*d+!a*!c,8,suboptimal,9
P10946,pun,b*!c*!d+!b*c*!d+b*c*d+!a*d+!a*!c,8,suboptimal,10
P10947,pdn,b*!c*!d+!b*c*!d+b*c*d+!a*d,8,suboptimal,11
P10947,pun,b*!c*!d+!b*c*!d+b*c*d+!a*d,8,suboptimal,13
P10948,pdn,a*!c*!d+b*c*d+!b*!d+!a*d,8,suboptimal,12
P10948,pun,a*!c*!d+b*c*d+!b*!d+!a*d,8,suboptimal,14
P10949,pdn,a*!c*!d+!b*c*!d+b*c*d+!a*d,8,suboptimal,9
P10949,pun,a*!c*!d+!b*c*!d+b*c*d+!a*d,8,suboptimal,10
P10950,pdn,a*b*!c*!d+!b*c*!d+b*c*d+!a*d+!a*!b,9,suboptimal,15
P10950,pun,a*b*!c*!d+!b*c*!d+b*c*d+!a*d+!a*!b,9,suboptimal,16
P10951,pdn,a*b*!c*!d+!b*c*!d+b*c*d+!a*d,9,suboptimal,15
P10951,pun,a*b*!c*!d+!b*c*!d+b*c*d+!a*d,9,suboptimal,11
P10952,pdn,b*c*d+!b*!d+!a*d+!a*!c,7,suboptimal,8
P10952,pun,b*c*d+!b*!d+!a*d+!a*!c,7,suboptimal,8
P10953,pdn,a*!b*!d+b*c*d+!a*b*!c+!a*!b*c+!a*d,9,suboptimal,11
P10953,pun,a*!b*!d+b*c*d+!a*b*!c+!a*!b*c+!a*d,9,suboptimal,12
P10954,pdn,!b*c*!d+b*c*d+!a*d+!a*!c,7,suboptimal,9
P10955,pdn,!b*c*!d+b*c*d+!a*b*!c+!a*d,7,suboptimal,11
P10955,pun,!b*c*!d+b*c*d+!a*b*!c+!a*d,7,suboptimal,8
P10956,pdn,b*c*d+!b*!d+!a*d,6,suboptimal,9
P10956,pun,b*c*d+!b*!d+!a*d,6,suboptimal,7
P10957,pdn,!b*c*!d+a*!b*!d+b*c*d+!a*d,7,suboptimal,8
P10957,pun,!b*c*!d+a*!b*!d+b*c*d+!a*d,7,suboptimal,12
P10958,pdn,!b*c*!d+b*c*d+!a*d+!a*!b,6,suboptimal,7
P10959,pdn,!b*c*!d+b*c*d+!a*d,6,suboptimal,9
P10959,pun,!b*c*!d+b*c*d+!a*d,6,suboptimal,9
P10964,pdn,a*!c*!d+a*!b*!d+b*c*d+!a*!b*!c+!a*d,10,suboptimal,15
P10964,pun,a*!c*!d+a*!b*!d+b*c*d+!a*!b*!c+!a*d,10,suboptimal,17
P10965,pdn,a*!c*!d+a*!b*!d+b*c*d+!a*d,8,suboptimal,12
P10966,pdn,a*b*!c*!d+a*!b*c*!d+b*c*d+!a*!b*!c+!a*d,10,suboptimal,20
P10966,pun,a*b*!c*!d+a*!b*c*!d+b*c*d+!a*!b*!c+!a*d,10,failed,
P10967,pdn,a*b*!c*!d+a*!b*c*!d+b*c*d+!a*d,9,suboptimal,15
P10967,pun,a*b*!c*!d+a*!b*c*!d+b*c*d+!a*d,9,suboptimal,16
P10968,pdn,a*!b*!d+b*c*d+!a*d+!a*!c,8,suboptimal,9
P10968,pun,a*!b*!d+b*c*d+!a*d+!a*!c,8,suboptimal,12
P10969,pun,a*!b*!d+b*c*d+!a*b*!c+!a*d,8,suboptimal,11
P10970,pdn,a*!b*c*!d+b*c*d+!a*d+!a*!c,8,suboptimal,10
P10971,pun,a*!b*c*!d+b*c*d+!a*b*!c+!a*d,8,suboptimal,10
P10972,pdn,a*!b*!d+b*c*d+!a*!b*!c+!a*d,8,suboptimal,9
P10973,pdn,a*!b*!d+b*c*d+!a*d,7,suboptimal,9
P10973,pun,a*!b*!d+b*c*d+!a*d,7,suboptimal,10
P10974,pdn,a*!b*c*!d+b*c*d+!a*!b*!c+!a*d,8,suboptimal,10
P10975,pdn,a*!b*c*!d+b*c*d+!a*d,7,suboptimal,9
P10975,pun,a*!b*c*!d+b*c*d+!a*d,7,suboptimal,9
P10984,pdn,!b*!c*!d+b*c*d+!a*!c+!a*!b,8,suboptimal,10
P10984,pun,!b*!c*!d+b*c*d+!a*!c+!a*!b,8,suboptimal,9
P10985,pdn,a*!b*!c*!d+b*c*d+!a*b*!c+!a*!b*c+!a*d,9,suboptimal,14
P10985,pun,a*!b*!c*!d+b*c*d+!a*b*!c+!a*!b*c+!a*d,9,suboptimal,13
P10987,pun,b*c*d+!a*b*!c+!a*!b*c+!a*d,7,suboptimal,8
P10988,pdn,!b*!c*!d+b*c*d+!a*d+!a*!b,7,suboptimal,8
P10988,pun,!b*!c*!d+b*c*d+!a*d+!a*!b,7,suboptimal,13
P10989,pdn,a*!b*!c*!d+b*c*d+!a*!b*c+!a*d,8,suboptimal,13
P10989,pun,a*!b*!c*!d+b*c*d+!a*!b*c+!a*d,8,suboptimal,10
P10991,pdn,b*c*d+!a*!b*c+!a*d,5,suboptimal,6
P10991,pun,b*c*d+!a*!b*c+!a*d,5,suboptimal,6
P11004,pun,!b*!c*!d+b*c*d+!a*d,7,suboptimal,10
P11005,pdn,a*!b*!c*!d+b*c*d+!a*d,8,suboptimal,11
P11005,pun,a*!b*!c*!d+b*c*d+!a*d,8,suboptimal,12
P11196,pdn,!b*!c*!d+b*c*d+!a*c*d+!a*b*d+!a*b*c,10,suboptimal,15
P11196,pun,!b*!c*!d+b*c*d+!a*c*d+!a*b*d+!a*b*c,10,suboptimal,16
P11197,pdn,a*!b*!c*!d+b*c*d+!a*c*d+!a*b*d+!a*b*c,11,suboptimal,19
P11197,pun,a*!b*!c*!d+b*c*d+!a*c*d+!a*b*d+!a*b*c,11,suboptimal,16
P11198,pdn,!a*!b*!c*!d+b*c*d+!a*c*d+!a*b*d+!a*b*c,9,suboptimal,13
P11198,pun,!a*!b*!c*!d+b*c*d+!a*c*d+!a*b*d+!a*b*c,9,suboptimal,11
P11199,pdn,b*c*d+!a*c*d+!a*b*d+!a*b*c,8,suboptimal,10
P11200,pdn,b*c*d+!a*c*d+!a*b*d+!c*!d+!b*!d,9,suboptimal,18
P11200,pun,b*c*d+!a*c*d+!a*b*d+!c*!d+!b*!d,9,suboptimal,11
P11201,pdn,a*!c*!d+!b*c*!d+b*c*d+!a*c*d+!a*b*!c,9,suboptimal,14
P11201,pun,a*!c*!d+!b*c*!d+b*c*d+!a*c*d+!a*b*!c,9,suboptimal,17
P11202,pdn,b*!c*!d+!a*!c*!d+!b*c*!d+b*c*d+!a*c*d+!a*b*d,10,suboptimal,20
P11202,pun,b*!c*!d+!a*!c*!d+!b*c*!d+b*c*d+!a*c*d+!a*b*d,10,suboptimal,15
P11203,pdn,b*!c*!d+!b*c*!d+b*c*d+!a*c*d+!a*b*d,8,suboptimal,20
P11203,pun,b*!c*!d+!b*c*!d+b*c*d+!a*c*d+!a*b*d,8,suboptimal,10
P11204,pdn,a*!c*!d+b*c*d+!a*c*d+!a*b*d+!b*!d,10,suboptimal,18
P11204,pun,a*!c*!d+b*c*d+!a*c*d+!a*b*d+!b*!d,10,suboptimal,11
P11205,pdn,a*!c*!d+!b*c*!d+b*c*d+!a*c*d+!a*b*d,9,suboptimal,15
P11205,pun,a*!c*!d+!b*c*!d+b*c*d+!a*c*d+!a*b*d,9,suboptimal,13
P11206,pdn,a*b*!c*!d+!b*c*!d+!a*!b*!d+b*c*d+!a*c*d+!a*b*d,11,suboptimal,19
P11206,pun,a*b*!c*!d+!b*c*!d+!a*!b*!d+b*c*d+!a*c*d+!a*b*d,11,failed,
P11207,pdn,a*b*!c*!d+!b*c*!d+b*c*d+!a*c*d+!a*b*d,9,suboptimal,19
P11207,pun,a*b*!c*!d+!b*c*!d+b*c*d+!a*c*d+!a*b*d,9,suboptimal,18
P11208,pdn,b*c*d+!a*c*d+!a*b*!c+!b*!d,8,suboptimal,11
P11208,pun,b*c*d+!a*c*d+!a*b*!c+!b*!d,8,suboptimal,11
P11209,pdn,a*!b*!d+b*c*d+!a*b*!c+!a*!b*c,9,suboptimal,12
P11209,pun,a*!b*!d+b*c*d+!a*b*!c+!a*!b*c,9,suboptimal,18
P11210,pdn,!a*!c*!d+!b*c*!d+b*c*d+!a*c*d+!a*b*d,8,suboptimal,16
P11210,pun,!a*!c*!d+!b*c*!d+b*c*d+!a*c*d+!a*b*d,8,suboptimal,14
P11211,pdn,!b*c*!d+b*c*d+!a*c*d+!a*b*!c,8,suboptimal,12
P11211,pun,!b*c*!d+b*c*d+!a*c*d+!a*b*!c,8,suboptimal,9
P11212,pdn,b*c*d+!a*c*d+!a*b*d+!b*!d,7,suboptimal,14
P11212,pun,b*c*d+!a*c*d+!a*b*d+!b*!d,7,suboptimal,8
P11213,pdn,a*!b*!d+b*c*d+!a*b*d+!a*!b*c,8,suboptimal,14
P11213,pun,a*!b*!d+b*c*d+!a*b*d+!a*!b*c,8,suboptimal,9
P11214,pdn,!b*c*!d+!a*!b*!d+b*c*d+!a*c*d+!a*b*d,8,suboptimal,12
P11214,pun,!b*c*!d+!a*!b*!d+b*c*d+!a*c*d+!a*b*d,8,suboptimal,12
P11215,pdn,!b*c*!d+b*c*d+!a*c*d+!a*b*d,7,suboptimal,10
P11215,pun,!b*c*!d+b*c*d+!a*c*d+!a*b*d,7,suboptimal,9
P11220,pdn,!b*!c*!d+a*!c*!d+a*!b*!d+b*c*d+!a*c*d+!a*b*d,10,suboptimal,13
P11220,pun,!b*!c*!d+a*!c*!d+a*!b*!d+b*c*d+!a*c*d+!a*b*d,10,suboptimal,19
P11221,pdn,a*!c*!d+a*!b*!d+b*c*d+!a*c*d+!a*b*d,10,suboptimal,11
P11221,pun,a*!c*!d+a*!b*!d+b*c*d+!a*c*d+!a*b*d,10,suboptimal,13
P11222,pdn,!a*!b*!c*!d+a*b*!c*!d+a*!b*c*!d+b*c*d+!a*c*d+!a*b*d,11,failed,
P11222,pun,!a*!b*!c*!d+a*b*!c*!d+a*!b*c*!d+b*c*d+!a*c*d+!a*b*d,11,failed,
P11223,pdn,a*b*!c*!d+a*!b*c*!d+b*c*d+!a*c*d+!a*b*d,9,suboptimal,11
P11223,pun,a*b*!c*!d+a*!b*c*!d+b*c*d+!a*c*d+!a*b*d,9,suboptimal,15
P11224,pdn,!a*!c*!d+a*!b*!d+b*c*d+!a*c*d+!a*b*d,9,suboptimal,13
P11224,pun,!a*!c*!d+a*!b*!d+b*c*d+!a*c*d+!a*b*d,9,suboptimal,10
P11225,pdn,a*!b*!d+b*c*d+!a*c*d+!a*b*!c,9,suboptimal,10
P11225,pun,a*!b*!d+b*c*d+!a*c*d+!a*b*!c,9,suboptimal,14
P11226,pdn,a*!b*c*!d+!a*!c*!d+b*c*d+!a*c*d+!a*b*d,9,suboptimal,11
P11226,pun,a*!b*c*!d+!a*!c*!d+b*c*d+!a*c*d+!a*b*d,9,suboptimal,12
P11227,pdn,a*!b*c*!d+b*c*d+!a*c*d+!a*b*!c,9,suboptimal,11
P11227,pun,a*!b*c*!d+b*c*d+!a*c*d+!a*b*!c,9,suboptimal,13
P11228,pdn,!b*!c*!d+a*!b*!d+b*c*d+!a*c*d+!a*b*d,10,suboptimal,11
P11228,pun,!b*!c*!d+a*!b*!d+b*c*d+!a*c*d+!a*b*d,10,suboptimal,15
P11229,pdn,a*!b*!d+b*c*d+!a*c*d+!a*b*d,9,suboptimal,20
P11229,pun,a*!b*!d+b*c*d+!a*c*d+!a*b*d,9,suboptimal,15
P11230,pdn,!a*!b*!c*!d+a*!b*c*!d+b*c*d+!a*c*d+!a*b*d,9,suboptimal,14
P11230,pun,!a*!b*!c*!d+a*!b*c*!d+b*c*d+!a*c*d+!a*b*d,9,suboptimal,13
P11231,pdn,a*!b*c*!d+b*c*d+!a*c*d+!a*b*d,9,suboptimal,10
P11241,pdn,a*!b*!c*!d+b*c*d+!a*b*!c+!a*!b*c,10,suboptimal,20
P11241,pun,a*!b*!c*!d+b*c*d+!a*b*!c+!a*!b*c,10,suboptimal,18
P11242,pdn,!a*!c*!d+b*c*d+!a*b*d+!a*!b*c,8,suboptimal,9
P11242,pun,!a*!c*!d+b*c*d+!a*b*d+!a*!b*c,8,suboptimal,9
P11243,pun,b*c*d+!a*b*!c+!a*!b*c,7,suboptimal,9
P11244,pdn,!b*!c*!d+b*c*d+!a*b*d+!a*!b*c,8,suboptimal,11
P11244,pun,!b*!c*!d+b*c*d+!a*b*d+!a*!b*c,8,suboptimal,11
P11245,pdn,a*!b*!c*!d+b*c*d+!a*b*d+!a*!b*c,9,suboptimal,11
P11245,pun,a*!b*!c*!d+b*c*d+!a*b*d+!a*!b*c,9,suboptimal,15
P11246,pdn,!a*!b*!d+b*c*d+!a*c*d+!a*b*d,7,suboptimal,8
P11246,pun,!a*!b*!d+b*c*d+!a*c*d+!a*b*d,7,suboptimal,9
P11247,pdn,b*c*d+!a*b*d+!a*!b*c,6,suboptimal,7
P11247,pun,b*c*d+!a*b*d+!a*!b*c,6,suboptimal,7
P11260,pdn,!b*!c*!d+b*c*d+!a*c*d+!a*b*d,9,suboptimal,16
P11260,pun,!b*!c*!d+b*c*d+!a*c*d+!a*b*d,9,suboptimal,17
P11261,pdn,a*!b*!c*!d+b*c*d+!a*c*d+!a*b*d,9,suboptimal,10
P11261,pun,a*!b*!c*!d+b*c*d+!a*c*d+!a*b*d,9,suboptimal,14
P11262,pun,!a*!b*!c*!d+b*c*d+!a*c*d+!a*b*d,9,suboptimal,10
P11263,pdn,b*c*d+!a*c*d+!a*b*d,6,suboptimal,8
P11456,pdn,b*c*d+!c*!d+!b*!d+!b*!c+!a*!b,8,suboptimal,12
P11457,pdn,b*!c*!d+a*!b*!d+!b*!c*d+b*c*d+!a*!b*c,9,suboptimal,18
P11457,pun,b*!c*!d+a*!b*!d+!b*!c*d+b*c*d+!a*!b*c,10,suboptimal,18
P11458,pun,b*!c*!d+!b*c*!d+!b*!c*d+b*c*d+!a*!b,9,suboptimal,11
P11459,pdn,b*!c*!d+!b*c*!d+!b*!c*d+b*c*d+!a*c*d,9,suboptimal,18
P11459,pun,b*!c*!d+!b*c*!d+!b*!c*d+b*c*d+!a*c*d,9,suboptimal,15
P11460,pdn,a*!c*!d+b*c*d+!b*!d+!b*!c+!a*!b,9,suboptimal,10
P11460,pun,a*!c*!d+b*c*d+!b*!d+!b*!c+!a*!b,9,suboptimal,11
P11461,pdn,a*!c*!d+!b*c*!d+!b*!c*d+b*c*d+!a*c*d,10,suboptimal,11
P11462,pdn,a*b*!c*!d+!b*c*!d+!b*!c*d+b*c*d+!a*!b,10,failed,
P11463,pdn,a*b*!c*!d+!b*c*!d+!b*!c*d+b*c*d+!a*c*d,10,suboptimal,12
P11463,pun,a*b*!c*!d+!b*c*!d+!b*!c*d+b*c*d+!a*c*d,10,suboptimal,16
P11464,pun,!a*!c*!d+b*c*d+!b*!d+!b*!c+!a*!b,8,suboptimal,9
P11465,pdn,!a*b*!c*!d+a*!b*!d+!b*!c*d+b*c*d+!a*!b*c,10,suboptimal,16
P11465,pun,!a*b*!c*!d+a*!b*!d+!b*!c*d+b*c*d+!a*!b*c,10,suboptimal,13
P11466,pdn,!a*!c*!d+!b*c*!d+!b*!c*d+b*c*d+!a*!b,8,suboptimal,10
P11466,pun,!a*!c*!d+!b*c*!d+!b*!c*d+b*c*d+!a*!b,8,suboptimal,9
P11467,pdn,!a*b*!c*!d+!b*c*!d+!b*!c*d+b*c*d+!a*c*d,10,suboptimal,20
P11467,pun,!a*b*!c*!d+!b*c*!d+!b*!c*d+b*c*d+!a*c*d,10,failed,
P11468,pdn,b*c*d+!b*!d+!b*!c+!a*!b,7,suboptimal,8
P11468,pun,b*c*d+!b*!d+!b*!c+!a*!b,7,suboptimal,9
P11469,pdn,a*!b*!d+!b*!c*d+b*c*d+!a*!b*c,9,suboptimal,14
P11469,pun,a*!b*!d+!b*!c*d+b*c*d+!a*!b*c,9,suboptimal,11
P11470,pun,!b*c*!d+!b*!c*d+b*c*d+!a*!b,8,suboptimal,9
P11471,pdn,!b*c*!d+!b*!c*d+b*c*d+!a*c*d,8,suboptimal,12
P11471,pun,!b*c*!d+!b*!c*d+b*c*d+!a*c*d,8,suboptimal,12
P11472,pdn,a*!b*!d+b*c*d+!a*!b*d+!c*!d+!b*!c,9,suboptimal,12
P11472,pun,a*!b*!d+b*c*d+!a*!b*d+!c*!d+!b*!c,9,suboptimal,15
P11473,pdn,b*!c*!d+a*!b*!d+!b*!c*d+b*c*d+!a*c*d,9,suboptimal,15
P11473,pun,b*!c*!d+a*!b*!d+!b*!c*d+b*c*d+!a*c*d,9,suboptimal,10
P11474,pdn,a*!b*c*!d+b*!c*!d+!b*!c*d+b*c*d+!a*c*d+!a*!b*!c,10,suboptimal,17
P11474,pun,a*!b*c*!d+b*!c*!d+!b*!c*d+b*c*d+!a*c*d+!a*!b*!c,10,suboptimal,11
P11475,pdn,a*!b*c*!d+b*!c*!d+!b*!c*d+b*c*d+!a*c*d,10,suboptimal,14
P11475,pun,a*!b*c*!d+b*!c*!d+!b*!c*d+b*c*d+!a*c*d,10,suboptimal,13
P11476,pdn,a*!c*!d+a*!b*!d+b*c*d+!a*c*d+!b*!c,9,suboptimal,16
P11476,pun,a*!c*!d+a*!b*!d+b*c*d+!a*c*d+!b*!c,9,suboptimal,11
P11477,pdn,a*!c*!d+a*!b*!d+!b*!c*d+b*c*d+!a*c*d,9,suboptimal,14
P11478,pdn,a*b*!c*!d+a*!b*c*!d+!b*!c*d+b*c*d+!a*c*d+!a*!b*!c,11,failed,
P11478,pun,a*b*!c*!d+a*!b*c*!d+!b*!c*d+b*c*d+!a*c*d+!a*!b*!c,11,failed,
P11479,pdn,a*b*!c*!d+a*!b*c*!d+!b*!c*d+b*c*d+!a*c*d,10,suboptimal,17
P11479,pun,a*b*!c*!d+a*!b*c*!d+!b*!c*d+b*c*d+!a*c*d,10,suboptimal,15
P11480,pdn,!a*!c*!d+a*!b*!d+b*c*d+!a*c*d+!b*!c,9,suboptimal,16
P11480,pun,!a*!c*!d+a*!b*!d+b*c*d+!a*c*d+!b*!c,9,suboptimal,10
P11481,pdn,!a*b*!c*!d+a*!b*!d+!b*!c*d+b*c*d+!a*c*d,10,suboptimal,17
P11481,pun,!a*b*!c*!d+a*!b*!d+!b*!c*d+b*c*d+!a*c*d,10,suboptimal,11
P11482,pdn,a*!b*c*!d+!a*!c*!d+!b*!c*d+b*c*d+!a*c*d,10,suboptimal,16
P11482,pun,a*!b*c*!d+!a*!c*!d+!b*!c*d+b*c*d+!a*c*d,10,suboptimal,11
P11483,pdn,!a*b*!c*!d+a*!b*c*!d+!b*!c*d+b*c*d+!a*c*d,10,suboptimal,13
P11483,pun,!a*b*!c*!d+a*!b*c*!d+!b*!c*d+b*c*d+!a*c*d,10,failed,
P11484,pdn,a*!b*!d+b*c*d+!a*c*d+!b*!c,8,suboptimal,11
P11484,pun,a*!b*!d+b*c*d+!a*c*d+!b*!c,8,suboptimal,12
P11485,pun,a*!b*!d+!b*!c*d+b*c*d+!a*c*d,8,suboptimal,9
P11486,pdn,a*!b*c*!d+!b*!c*d+b*c*d+!a*c*d+!a*!b*!c,10,suboptimal,11
P11486,pun,a*!b*c*!d+!b*!c*d+b*c*d+!a*c*d+!a*!b*!c,10,suboptimal,15
P11487,pdn,a*!b*c*!d+!b*!c*d+b*c*d+!a*c*d,9,suboptimal,13
P11487,pun,a*!b*c*!d+!b*!c*d+b*c*d+!a*c*d,9,suboptimal,10
P11488,pdn,b*c*d+!c*!d+!b*!c+!a*!b,7,suboptimal,8
P11489,pdn,b*!c*!d+a*!c*!d+!b*!c*d+b*c*d+!a*!b*c,9,suboptimal,18
P11489,pun,b*!c*!d+a*!c*!d+!b*!c*d+b*c*d+!a*!b*c,9,suboptimal,20
P11490,pun,b*!c*!d+!b*!c*d+b*c*d+!a*!b,8,suboptimal,9
P11491,pdn,b*!c*!d+!b*!c*d+b*c*d+!a*!b*c,9,suboptimal,11
P11491,pun,b*!c*!d+!b*!c*d+b*c*d+!a*!b*c,9,suboptimal,11
P11492,pdn,a*!c*!d+b*c*d+!b*!c+!a*!b,8,suboptimal,13
P11492,pun,a*!c*!d+b*c*d+!b*!c+!a*!b,8,suboptimal,10
P11493,pdn,a*!c*!d+!b*!c*d+b*c*d+!a*!b*c,9,suboptimal,15
P11493,pun,a*!c*!d+!b*!c*d+b*c*d+!a*!b*c,9,suboptimal,18
P11494,pdn,a*b*!c*!d+!b*!c*d+b*c*d+!a*!b,9,suboptimal,15
P11494,pun,a*b*!c*!d+!b*!c*d+b*c*d+!a*!b,9,suboptimal,15
P11495,pdn,a*b*!c*!d+!b*!c*d+b*c*d+!a*!b*c,10,suboptimal,13
P11495,pun,a*b*!c*!d+!b*!c*d+b*c*d+!a*!b*c,10,failed,
P11496,pdn,!a*!c*!d+b*c*d+!b*!c+!a*!b,8,suboptimal,11
P11496,pun,!a*!c*!d+b*c*d+!b*!c+!a*!b,8,suboptimal,11
P11497,pdn,!a*b*!c*!d+!b*!c*d+b*c*d+a*!b*!c+!a*!b*c,10,suboptimal,16
P11497,pun,!a*b*!c*!d+!b*!c*d+b*c*d+a*!b*!c+!a*!b*c,10,suboptimal,16
P11498,pdn,!a*!c*!d+!b*!c*d+b*c*d+!a*!b,7,suboptimal,11
P11498,pun,!a*!c*!d+!b*!c*d+b*c*d+!a*!b,7,suboptimal,8
P11499,pdn,!a*b*!c*!d+!b*!c*d+b*c*d+!a*!b*c,8,suboptimal,15
P11499,pun,!a*b*!c*!d+!b*!c*d+b*c*d+!a*!b*c,8,suboptimal,9
P11500,pun,b*c*d+!b*!c+!a*!b,6,suboptimal,7
P11501,pdn,!b*!c*d+b*c*d+a*!b*!c+!a*!b*c,8,suboptimal,9
P11501,pun,!b*!c*d+b*c*d+a*!b*!c+!a*!b*c,8,suboptimal,12
P11502,pdn,!b*!c*d+b*c*d+!a*!b,6,suboptimal,7
P11502,pun,!b*!c*d+b*c*d+!a*!b,6,suboptimal,7
P11503,pdn,!b*!c*d+b*c*d+!a*!b*c,7,suboptimal,9
P11503,pun,!b*!c*d+b*c*d+!a*!b*c,7,suboptimal,9
P11504,pdn,b*c*d+!a*!b*d+!c*!d+!b*!c,7,suboptimal,9
P11504,pun,b*c*d+!a*!b*d+!c*!d+!b*!c,7,suboptimal,11
P11505,pdn,b*!c*!d+a*!c*!d+!b*!c*d+b*c*d+!a*c*d,8,suboptimal,15
P11505,pun,b*!c*!d+a*!c*!d+!b*!c*d+b*c*d+!a*c*d,8,suboptimal,11
P11506,pdn,b*!c*!d+!b*!c*d+b*c*d+!a*c*d+!a*!b*!c,8,suboptimal,11
P11506,pun,b*!c*!d+!b*!c*d+b*c*d+!a*c*d+!a*!b*!c,8,suboptimal,9
P11507,pdn,b*!c*!d+!b*!c*d+b*c*d+!a*c*d,8,suboptimal,13
P11507,pun,b*!c*!d+!b*!c*d+b*c*d+!a*c*d,8,suboptimal,15
P11508,pdn,a*!c*!d+b*c*d+!a*c*d+!b*!c,8,suboptimal,10
P11508,pun,a*!c*!d+b*c*d+!a*c*d+!b*!c,8,suboptimal,11
P11509,pdn,a*!c*!d+!b*!c*d+b*c*d+!a*c*d,8,suboptimal,10
P11509,pun,a*!c*!d+!b*!c*d+b*c*d+!a*c*d,8,suboptimal,9
P11510,pdn,a*b*!c*!d+!b*!c*d+b*c*d+!a*c*d+!a*!b*!c,9,suboptimal,12
P11510,pun,a*b*!c*!d+!b*!c*d+b*c*d+!a*c*d+!a*!b*!c,9,suboptimal,17
P11511,pdn,a*b*!c*!d+!b*!c*d+b*c*d+!a*c*d,9,suboptimal,13
P11511,pun,a*b*!c*!d+!b*!c*d+b*c*d+!a*c*d,9,suboptimal,15
P11512,pdn,!a*!c*!d+b*c*d+!a*c*d+!b*!c,7,suboptimal,9
P11512,pun,!a*!c*!d+b*c*d+!a*c*d+!b*!c,7,suboptimal,9
P11513,pdn,!a*b*!c*!d+b*c*d+!a*!b*d+a*!b*!c,9,suboptimal,13
P11513,pun,!a*b*!c*!d+b*c*d+!a*!b*d+a*!b*!c,9,suboptimal,15
P11514,pdn,!a*!c*!d+!b*!c*d+b*c*d+!a*c*d,8,suboptimal,9
P11514,pun,!a*!c*!d+!b*!c*d+b*c*d+!a*c*d,8,suboptimal,11
P11515,pdn,!a*b*!c*!d+!b*!c*d+b*c*d+!a*c*d,8,suboptimal,11
P11515,pun,!a*b*!c*!d+!b*!c*d+b*c*d+!a*c*d,8,suboptimal,10
P11516,pdn,b*c*d+!a*c*d+!b*!c,6,suboptimal,9
P11516,pun,b*c*d+!a*c*d+!b*!c,6,suboptimal,9
P11517,pdn,b*c*d+!a*!b*d+a*!b*!c,7,suboptimal,9
P11517,pun,b*c*d+!a*!b*d+a*!b*!c,7,suboptimal,8
P11518,pdn,!b*!c*d+b*c*d+!a*c*d+!a*!b*!c,7,suboptimal,8
P11518,pun,!b*!c*d+b*c*d+!a*c*d+!a*!b*!c,7,suboptimal,8
P11519,pdn,!b*!c*d+b*c*d+!a*c*d,6,suboptimal,10
P11728,pdn,a*!b*!d+b*c*d+!a*c*d+a*!b*!c+!c*!d,9,suboptimal,17
P11728,pun,a*!b*!d+b*c*d+!a*c*d+a*!b*!c+!c*!d,9,suboptimal,13
P11729,pdn,b*!c*!d+a*!b*!d+b*c*d+!a*c*d+a*!b*!c,10,failed,
P11729,pun,b*!c*!d+a*!b*!d+b*c*d+!a*c*d+a*!b*!c,10,suboptimal,12
P11730,pdn,a*!b*c*!d+a*!b*!c*d+b*!c*!d+!a*!c*!d+b*c*d+!a*c*d,10,failed,
P11730,pun,a*!b*c*!d+a*!b*!c*d+b*!c*!d+!a*!c*!d+b*c*d+!a*c*d,10,suboptimal,17
P11731,pdn,a*!b*c*!d+a*!b*!c*d+b*!c*!d+b*c*d+!a*c*d,10,suboptimal,16
P11731,pun,a*!b*c*!d+a*!b*!c*d+b*!c*!d+b*c*d+!a*c*d,10,suboptimal,18
P11732,pdn,!b*!c*!d+a*!c*!d+a*!b*!d+b*c*d+!a*c*d+a*!b*!c,11,suboptimal,18
P11732,pun,!b*!c*!d+a*!c*!d+a*!b*!d+b*c*d+!a*c*d+a*!b*!c,11,suboptimal,19
P11733,pdn,a*!c*!d+a*!b*!d+b*c*d+!a*c*d+a*!b*!c,9,suboptimal,14
P11733,pun,a*!c*!d+a*!b*!d+b*c*d+!a*c*d+a*!b*!c,9,suboptimal,10
P11734,pdn,!a*!b*!c*!d+a*b*!c*!d+a*!b*c*!d+a*!b*!c*d+b*c*d+!a*c*d,12,failed,
P11734,pun,!a*!b*!c*!d+a*b*!c*!d+a*!b*c*!d+a*!b*!c*d+b*c*d+!a*c*d,12,failed,
P11735,pdn,a*b*!c*!d+a*!b*c*!d+a*!b*!c*d+b*c*d+!a*c*d,10,suboptimal,11
P11735,pun,a*b*!c*!d+a*!b*c*!d+a*!b*!c*d+b*c*d+!a*c*d,10,suboptimal,12
P11736,pdn,!a*!c*!d+a*!b*!d+b*c*d+!a*c*d+a*!b*!c,10,suboptimal,14
P11736,pun,!a*!c*!d+a*!b*!d+b*c*d+!a*c*d+a*!b*!c,10,suboptimal,13
P11737,pdn,!a*b*!c*!d+a*!b*!d+b*c*d+!a*c*d+a*!b*!c,10,failed,
P11737,pun,!a*b*!c*!d+a*!b*!d+b*c*d+!a*c*d+a*!b*!c,10,suboptimal,13
P11738,pdn,a*!b*c*!d+a*!b*!c*d+!a*!c*!d+b*c*d+!a*c*d,10,suboptimal,11
P11738,pun,a*!b*c*!d+a*!b*!c*d+!a*!c*!d+b*c*d+!a*c*d,10,suboptimal,16
P11739,pdn,!a*b*!c*!d+a*!b*c*!d+a*!b*!c*d+b*c*d+!a*c*d,11,suboptimal,15
P11739,pun,!a*b*!c*!d+a*!b*c*!d+a*!b*!c*d+b*c*d+!a*c*d,11,failed,
P11740,pdn,!b*!c*!d+a*!b*!d+b*c*d+!a*c*d+a*!b*!c,9,suboptimal,13
P11740,pun,!b*!c*!d+a*!b*!d+b*c*d+!a*c*d+a*!b*!c,9,suboptimal,11
P11741,pdn,a*!b*!d+b*c*d+!a*c*d+a*!b*!c,8,suboptimal,9
P11741,pun,a*!b*!d+b*c*d+!a*c*d+a*!b*!c,8,suboptimal,15
P11742,pdn,!a*!b*!c*!d+a*!b*c*!d+a*!b*!c*d+b*c*d+!a*c*d,10,failed,
P11742,pun,!a*!b*!c*!d+a*!b*c*!d+a*!b*!c*d+b*c*d+!a*c*d,10,failed,
P11743,pdn,a*!b*c*!d+a*!b*!c*d+b*c*d+!a*c*d,9,suboptimal,14
P11743,pun,a*!b*c*!d+a*!b*!c*d+b*c*d+!a*c*d,9,failed,
P11744,pdn,b*c*d+a*!b*!c+!a*!b*c+!c*!d,8,suboptimal,15
P11744,pun,b*c*d+a*!b*!c+!a*!b*c+!c*!d,8,suboptimal,12
P11745,pdn,b*!c*!d+b*c*d+a*!b*!c+!a*!b*c,8,suboptimal,16
P11745,pun,b*!c*!d+b*c*d+a*!b*!c+!a*!b*c,8,suboptimal,16
P11746,pdn,a*!b*!c*d+b*!c*!d+!a*!b*!d+b*c*d+!a*c*d,10,suboptimal,16
P11746,pun,a*!b*!c*d+b*!c*!d+!a*!b*!d+b*c*d+!a*c*d,10,suboptimal,19
P11747,pdn,a*!b*!c*d+b*!c*!d+b*c*d+!a*!b*c,9,suboptimal,14
P11747,pun,a*!b*!c*d+b*!c*!d+b*c*d+!a*!b*c,9,failed,
P11748,pdn,a*!c*!d+!a*!b*!d+b*c*d+!a*c*d+a*!b*!c,9,suboptimal,15
P11748,pun,a*!c*!d+!a*!b*!d+b*c*d+!a*c*d+a*!b*!c,9,suboptimal,15
P11749,pdn,a*!c*!d+b*c*d+a*!b*!c+!a*!b*c,8,suboptimal,11
P11749,pun,a*!c*!d+b*c*d+a*!b*!c+!a*!b*c,8,suboptimal,11
P11750,pdn,a*b*!c*!d+a*!b*!c*d+!a*!b*!d+b*c*d+!a*c*d,10,suboptimal,16
P11750,pun,a*b*!c*!d+a*!b*!c*d+!a*!b*!d+b*c*d+!a*c*d,10,suboptimal,20
P11751,pdn,a*b*!c*!d+a*!b*!c*d+b*c*d+!a*!b*c,9,suboptimal,19
P11751,pun,a*b*!c*!d+a*!b*!c*d+b*c*d+!a*!b*c,9,suboptimal,16
P11752,pdn,!a*!c*!d+b*c*d+a*!b*!c+!a*!b*c,9,suboptimal,12
P11752,pun,!a*!c*!d+b*c*d+a*!b*!c+!a*!b*c,9,suboptimal,15
P11753,pdn,!a*b*!c*!d+b*c*d+a*!b*!c+!a*!b*c,9,suboptimal,16
P11753,pun,!a*b*!c*!d+b*c*d+a*!b*!c+!a*!b*c,9,suboptimal,11
P11754,pdn,a*!b*!c*d+!a*!c*!d+b*c*d+!a*!b*c,9,suboptimal,16
P11754,pun,a*!b*!c*d+!a*!c*!d+b*c*d+!a*!b*c,9,suboptimal,10
P11755,pdn,!a*b*!c*!d+a*!b*!c*d+b*c*d+!a*!b*c,9,suboptimal,14
P11755,pun,!a*b*!c*!d+a*!b*!c*d+b*c*d+!a*!b*c,9,suboptimal,12
P11756,pdn,!b*!c*!d+b*c*d+a*!b*!c+!a*!b*c,8,suboptimal,13
P11756,pun,!b*!c*!d+b*c*d+a*!b*!c+!a*!b*c,8,suboptimal,12
P11757,pdn,b*c*d+a*!b*!c+!a*!b*c,7,suboptimal,9
P11757,pun,b*c*d+a*!b*!c+!a*!b*c,7,suboptimal,8
P11758,pdn,a*!b*!c*d+!a*!b*!d+b*c*d+!a*c*d,8,suboptimal,11
P11758,pun,a*!b*!c*d+!a*!b*!d+b*c*d+!a*c*d,8,suboptimal,9
P11759,pdn,a*!b*!c*d+b*c*d+!a*!b*c,7,suboptimal,10
P11759,pun,a*!b*!c*d+b*c*d+!a*!b*c,7,suboptimal,11
P11760,pdn,b*c*d+!a*c*d+a*!b*!c+!c*!d,8,suboptimal,14
P11760,pun,b*c*d+!a*c*d+a*!b*!c+!c*!d,8,suboptimal,11
P11761,pdn,b*!c*!d+b*c*d+!a*c*d+a*!b*!c,8,suboptimal,16
P11761,pun,b*!c*!d+b*c*d+!a*c*d+a*!b*!c,8,suboptimal,14
P11762,pdn,a*!b*!c*d+b*!c*!d+!a*!c*!d+b*c*d+!a*c*d,9,suboptimal,13
P11762,pun,a*!b*!c*d+b*!c*!d+!a*!c*!d+b*c*d+!a*c*d,9,suboptimal,18
P11763,pdn,a*!b*!c*d+b*!c*!d+b*c*d+!a*c*d,9,suboptimal,17
P11763,pun,a*!b*!c*d+b*!c*!d+b*c*d+!a*c*d,9,suboptimal,13
P11764,pdn,!b*!c*!d+a*!c*!d+b*c*d+!a*c*d+a*!b*!c,10,suboptimal,16
P11764,pun,!b*!c*!d+a*!c*!d+b*c*d+!a*c*d+a*!b*!c,10,suboptimal,14
P11765,pdn,a*!c*!d+b*c*d+!a*c*d+a*!b*!c,8,suboptimal,9
P11765,pun,a*!c*!d+b*c*d+!a*c*d+a*!b*!c,8,suboptimal,13
P11766,pdn,!a*!b*!c*!d+a*b*!c*!d+a*!b*!c*d+b*c*d+!a*c*d,10,suboptimal,11
P11766,pun,!a*!b*!c*!d+a*b*!c*!d+a*!b*!c*d+b*c*d+!a*c*d,10,failed,
P11767,pdn,a*b*!c*!d+a*!b*!c*d+b*c*d+!a*c*d,9,suboptimal,13
P11767,pun,a*b*!c*!d+a*!b*!c*d+b*c*d+!a*c*d,9,suboptimal,13
P11768,pdn,!a*!c*!d+b*c*d+!a*c*d+a*!b*!c,8,suboptimal,11
P11768,pun,!a*!c*!d+b*c*d+!a*c*d+a*!b*!c,8,suboptimal,11
P11769,pdn,!a*b*!c*!d+b*c*d+!a*c*d+a*!b*!c,9,suboptimal,11
P11769,pun,!a*b*!c*!d+b*c*d+!a*c*d+a*!b*!c,9,suboptimal,16
P11770,pdn,a*!b*!c*d+!a*!c*!d+b*c*d+!a*c*d,9,suboptimal,10
P11770,pun,a*!b*!c*d+!a*!c*!d+b*c*d+!a*c*d,9,suboptimal,12
P11771,pdn,!a*b*!c*!d+a*!b*!c*d+b*c*d+!a*c*d,9,suboptimal,12
P11771,pun,!a*b*!c*!d+a*!b*!c*d+b*c*d+!a*c*d,9,suboptimal,15
P11772,pdn,!b*!c*!d+b*c*d+!a*c*d+a*!b*!c,8,suboptimal,12
P11772,pun,!b*!c*!d+b*c*d+!a*c*d+a*!b*!c,8,suboptimal,15
P11773,pdn,b*c*d+!a*c*d+a*!b*!c,7,suboptimal,8
P11773,pun,b*c*d+!a*c*d+a*!b*!c,7,suboptimal,9
P11774,pdn,!a*!b*!c*!d+a*!b*!c*d+b*c*d+!a*c*d,9,suboptimal,10
P11774,pun,!a*!b*!c*!d+a*!b*!c*d+b*c*d+!a*c*d,9,suboptimal,10
P12000,pun,b*c*d+!c*!d+!a*!b,7,suboptimal,8
P12001,pdn,b*!c*!d+a*!c*!d+b*c*d+!a*!b*d+!a*!b*c,10,suboptimal,17
P12001,pun,b*!c*!d+a*!c*!d+b*c*d+!a*!b*d+!a*!b*c,10,suboptimal,11
P12003,pdn,b*!c*!d+b*c*d+!a*!b*d+!a*!b*c,8,suboptimal,9
P12003,pun,b*!c*!d+b*c*d+!a*!b*d+!a*!b*c,8,suboptimal,9
P12004,pdn,a*!c*!d+b*c*d+!a*!b,8,suboptimal,9
P12004,pun,a*!c*!d+b*c*d+!a*!b,8,suboptimal,10
P12005,pdn,a*!c*!d+b*c*d+!a*!b*d+!a*!b*c,9,suboptimal,10
P12005,pun,a*!c*!d+b*c*d+!a*!b*d+!a*!b*c,9,suboptimal,10
P12006,pun,a*b*!c*!d+b*c*d+!a*!b,8,suboptimal,11
P12007,pdn,a*b*!c*!d+b*c*d+!a*!b*d+!a*!b*c,9,suboptimal,10
P12008,pdn,!b*!c*!d+!a*!c*!d+b*c*d+!a*!b,8,suboptimal,13
P12008,pun,!b*!c*!d+!a*!c*!d+b*c*d+!a*!b,8,suboptimal,9
P12009,pdn,a*!b*!c*!d+!a*b*!c*!d+b*c*d+!a*!b*d+!a*!b*c,10,failed,
P12009,pun,a*!b*!c*!d+!a*b*!c*!d+b*c*d+!a*!b*d+!a*!b*c,10,suboptimal,12
P12010,pdn,!a*!c*!d+b*c*d+!a*!b,7,suboptimal,8
P12011,pdn,!a*b*!c*!d+b*c*d+!a*!b*d+!a*!b*c,9,suboptimal,12
P12012,pdn,!b*!c*!d+b*c*d+!a*!b,7,suboptimal,10
P12013,pdn,a*!b*!c*!d+b*c*d+!a*!b*d+!a*!b*c,9,suboptimal,11
P12013,pun,a*!b*!c*!d+b*c*d+!a*!b*d+!a*!b*c,9,suboptimal,12
P12015,pdn,b*c*d+!a*!b*d+!a*!b*c,6,suboptimal,7
P12015,pun,b*c*d+!a*!b*d+!a*!b*c,6,suboptimal,8
P12016,pdn,b*c*d+!a*!b*d+!c*!d,7,suboptimal,11
P12016,pun,b*c*d+!a*!b*d+!c*!d,7,suboptimal,13
P12017,pdn,b*!c*!d+a*!c*!d+b*c*d+!a*!b*d,8,suboptimal,11
P12017,pun,b*!c*!d+a*!c*!d+b*c*d+!a*!b*d,8,suboptimal,11
P12018,pdn,b*!c*!d+b*c*d+!a*c*d+!a*!b*!c,7,suboptimal,8
P12019,pun,b*!c*!d+b*c*d+!a*!b*d,7,suboptimal,8
P12020,pdn,a*!c*!d+b*c*d+!a*c*d+!a*!b*!c,8,suboptimal,9
P12020,pun,a*!c*!d+b*c*d+!a*c*d+!a*!b*!c,8,suboptimal,12
P12021,pdn,a*!c*!d+b*c*d+!a*!b*d,8,suboptimal,9
P12021,pun,a*!c*!d+b*c*d+!a*!b*d,8,suboptimal,9
P12022,pdn,a*b*!c*!d+b*c*d+!a*c*d+!a*!b*!c,8,suboptimal,10
P12022,pun,a*b*!c*!d+b*c*d+!a*c*d+!a*!b*!c,8,suboptimal,10
P12023,pdn,a*b*!c*!d+b*c*d+!a*!b*d,8,suboptimal,9
P12023,pun,a*b*!c*!d+b*c*d+!a*!b*d,8,suboptimal,11
P12024,pdn,!b*!c*!d+!a*!c*!d+b*c*d+!a*!b*d,8,suboptimal,12
P12024,pun,!b*!c*!d+!a*!c*!d+b*c*d+!a*!b*d,8,suboptimal,13
P12025,pdn,a*!b*!c*!d+!a*b*!c*!d+b*c*d+!a*!b*d,9,suboptimal,10
P12025,pun,a*!b*!c*!d+!a*b*!c*!d+b*c*d+!a*!b*d,9,suboptimal,19
P12026,pun,!a*!c*!d+b*c*d+!a*!b*d,7,suboptimal,8
P12027,pdn,!a*b*!c*!d+b*c*d+!a*!b*d,7,suboptimal,8
P12027,pun,!a*b*!c*!d+b*c*d+!a*!b*d,7,suboptimal,10
P12028,pdn,!b*!c*!d+b*c*d+!a*!b*d,7,suboptimal,11
P12028,pun,!b*!c*!d+b*c*d+!a*!b*d,7,suboptimal,8
P12029,pdn,a*!b*!c*!d+b*c*d+!a*!b*d,8,suboptimal,10
P12029,pun,a*!b*!c*!d+b*c*d+!a*!b*d,8,suboptimal,10
P12030,pdn,b*c*d+!a*c*d+!a*!b*!c,6,suboptimal,7
P12031,pdn,b*c*d+!a*!b*d,5,suboptimal,6
P12272,pdn,b*c*d+!a*c*d+!c*!d,6,suboptimal,8
P12273,pdn,b*!c*!d+a*!c*!d+b*c*d+!a*c*d,7,suboptimal,10
P12273,pun,b*!c*!d+a*!c*!d+b*c*d+!a*c*d,7,suboptimal,12
P12275,pun,b*!c*!d+b*c*d+!a*c*d,7,suboptimal,8
P12276,pdn,!b*!c*!d+a*!c*!d+b*c*d+!a*c*d,8,suboptimal,14
P12277,pdn,a*!c*!d+b*c*d+!a*c*d,7,suboptimal,8
P12278,pdn,!a*!b*!c*!d+a*b*!c*!d+b*c*d+!a*c*d,8,suboptimal,12
P12278,pun,!a*!b*!c*!d+a*b*!c*!d+b*c*d+!a*c*d,8,suboptimal,15
P12279,pdn,a*b*!c*!d+b*c*d+!a*c*d,7,suboptimal,8
P12279,pun,a*b*!c*!d+b*c*d+!a*c*d,7,suboptimal,9
P12280,pdn,!b*!c*!d+!a*!c*!d+b*c*d+!a*c*d,7,suboptimal,9
P12280,pun,!b*!c*!d+!a*!c*!d+b*c*d+!a*c*d,7,suboptimal,13
P12281,pdn,a*!b*!c*!d+!a*b*!c*!d+b*c*d+!a*c*d,9,suboptimal,11
P12283,pdn,!a*b*!c*!d+b*c*d+!a*c*d,7,suboptimal,9
P12283,pun,!a*b*!c*!d+b*c*d+!a*c*d,7,suboptimal,8
P12284,pun,!b*!c*!d+b*c*d+!a*c*d,7,suboptimal,10
P12285,pdn,a*!b*!c*!d+b*c*d+!a*c*d,8,suboptimal,10
P12285,pun,a*!b*!c*!d+b*c*d+!a*c*d,8,suboptimal,11
P12286,pdn,!a*!b*!c*!d+b*c*d+!a*c*d,7,suboptimal,8
P12286,pun,!a*!b*!c*!d+b*c*d+!a*c*d,7,suboptimal,9
P12287,pdn,b*c*d+!a*c*d,4,suboptimal,7
P15552,pdn,b*c*d+!c*!d+!b*!d+!b*!c,7,failed,
P15552,pun,b*c*d+!c*!d+!b*!d+!b*!c,7,suboptimal,17
P15553,pdn,b*!c*!d+!b*c*!d+a*!b*!d+!b*!c*d+b*c*d,9,suboptimal,14
P15553,pun,b*!c*!d+!b*c*!d+a*!b*!d+!b*!c*d+b*c*d,9,suboptimal,16
P15554,pdn,b*!c*!d+!b*c*!d+!a*!b*!d+!b*!c*d+b*c*d,9,suboptimal,18
P15554,pun,b*!c*!d+!b*c*!d+!a*!b*!d+!b*!c*d+b*c*d,9,suboptimal,15
P15555,pdn,b*!c*!d+!b*c*!d+!b*!c*d+b*c*d,8,failed,
P15555,pun,b*!c*!d+!b*c*!d+!b*!c*d+b*c*d,8,failed,
P15556,pdn,a*!c*!d+b*c*d+!b*!d+!b*!c,8,suboptimal,9
P15557,pdn,a*!c*!d+!b*c*!d+!b*!c*d+b*c*d,9,suboptimal,11
P15557,pun,a*!c*!d+!b*c*!d+!b*!c*d+b*c*d,9,suboptimal,17
P15558,pdn,a*b*!c*!d+!b*c*!d+!a*!b*!d+!b*!c*d+b*c*d,10,failed,
P15558,pun,a*b*!c*!d+!b*c*!d+!a*!b*!d+!b*!c*d+b*c*d,10,suboptimal,13
P15559,pdn,a*b*!c*!d+!b*c*!d+!b*!c*d+b*c*d,9,failed,
P15559,pun,a*b*!c*!d+!b*c*!d+!b*!c*d+b*c*d,9,suboptimal,19
P15560,pdn,!a*!c*!d+b*c*d+!b*!d+!b*!c,8,suboptimal,11
P15560,pun,!a*!c*!d+b*c*d+!b*!d+!b*!c,8,suboptimal,9
P15561,pdn,!a*b*!c*!d+!b*c*!d+a*!b*!d+!b*!c*d+b*c*d,10,failed,
P15561,pun,!a*b*!c*!d+!b*c*!d+a*!b*!d+!b*!c*d+b*c*d,10,suboptimal,20
P15562,pdn,!a*!c*!d+!b*c*!d+!b*!c*d+b*c*d,9,suboptimal,12
P15562,pun,!a*!c*!d+!b*c*!d+!b*!c*d+b*c*d,9,suboptimal,11
P15563,pdn,!a*b*!c*!d+!b*c*!d+!b*!c*d+b*c*d,9,failed,
P15563,pun,!a*b*!c*!d+!b*c*!d+!b*!c*d+b*c*d,9,suboptimal,10
P15564,pdn,b*c*d+!b*!d+!b*!c,6,suboptimal,16
P15564,pun,b*c*d+!b*!d+!b*!c,6,suboptimal,19
P15565,pdn,!b*c*!d+a*!b*!d+!b*!c*d+b*c*d,8,suboptimal,9
P15565,pun,!b*c*!d+a*!b*!d+!b*!c*d+b*c*d,8,suboptimal,14
P15566,pdn,!b*c*!d+!a*!b*!d+!b*!c*d+b*c*d,8,suboptimal,9
P15566,pun,!b*c*!d+!a*!b*!d+!b*!c*d+b*c*d,8,suboptimal,13
P15567,pdn,!b*c*!d+!b*!c*d+b*c*d,7,failed,
P15567,pun,!b*c*!d+!b*!c*d+b*c*d,7,failed,
P15572,pdn,a*!c*!d+a*!b*!d+b*c*d+!b*!c,8,suboptimal,11
P15572,pun,a*!c*!d+a*!b*!d+b*c*d+!b*!c,8,suboptimal,11
P15573,pdn,a*!c*!d+a*!b*!d+!b*!c*d+b*c*d,8,suboptimal,14
P15573,pun,a*!c*!d+a*!b*!d+!b*!c*d+b*c*d,8,suboptimal,9
P15574,pdn,a*b*!c*!d+a*!b*c*!d+!b*!c*d+b*c*d+!a*!b*!c,10,suboptimal,16
P15574,pun,a*b*!c*!d+a*!b*c*!d+!b*!c*d+b*c*d+!a*!b*!c,10,suboptimal,13
P15575,pdn,a*b*!c*!d+a*!b*c*!d+!b*!c*d+b*c*d,9,suboptimal,13
P15576,pdn,!a*!c*!d+a*!b*!d+b*c*d+!b*!c,8,suboptimal,11
P15576,pun,!a*!c*!d+a*!b*!d+b*c*d+!b*!c,8,suboptimal,15
P15577,pdn,!a*b*!c*!d+a*!b*!d+!b*!c*d+b*c*d,9,suboptimal,10
P15577,pun,!a*b*!c*!d+a*!b*!d+!b*!c*d+b*c*d,9,suboptimal,19
P15578,pdn,a*!b*c*!d+!a*!c*!d+!b*!c*d+b*c*d,9,suboptimal,13
P15578,pun,a*!b*c*!d+!a*!c*!d+!b*!c*d+b*c*d,9,suboptimal,17
P15579,pdn,!a*b*!c*!d+a*!b*c*!d+!b*!c*d+b*c*d,10,suboptimal,14
P15579,pun,!a*b*!c*!d+a*!b*c*!d+!b*!c*d+b*c*d,9,suboptimal,16
P15580,pdn,a*!b*!d+b*c*d+!b*!c,7,suboptimal,9
P15580,pun,a*!b*!d+b*c*d+!b*!c,7,suboptimal,12
P15581,pdn,a*!b*!d+!b*!c*d+b*c*d,7,suboptimal,14
P15581,pun,a*!b*!d+!b*!c*d+b*c*d,7,suboptimal,9
P15582,pdn,a*!b*c*!d+!b*!c*d+b*c*d+!a*!b*!c,9,suboptimal,12
P15582,pun,a*!b*c*!d+!b*!c*d+b*c*d+!a*!b*!c,9,suboptimal,13
P15583,pdn,a*!b*c*!d+!b*!c*d+b*c*d,8,suboptimal,12
P15583,pun,a*!b*c*!d+!b*!c*d+b*c*d,8,suboptimal,11
P15592,pdn,!a*!c*!d+!a*!b*!d+b*c*d+!b*!c,8,suboptimal,12
P15592,pun,!a*!c*!d+!a*!b*!d+b*c*d+!b*!c,8,suboptimal,13
P15593,pdn,!a*b*!c*!d+!a*!b*c*!d+!b*!c*d+b*c*d+a*!b*!c,10,failed,
P15593,pun,!a*b*!c*!d+!a*!b*c*!d+!b*!c*d+b*c*d+a*!b*!c,10,failed,
P15594,pdn,!a*!c*!d+!a*!b*!d+!b*!c*d+b*c*d,8,suboptimal,13
P15594,pun,!a*!c*!d+!a*!b*!d+!b*!c*d+b*c*d,8,suboptimal,9
P15595,pdn,!a*b*!c*!d+!a*!b*c*!d+!b*!c*d+b*c*d,9,suboptimal,15
P15595,pun,!a*b*!c*!d+!a*!b*c*!d+!b*!c*d+b*c*d,9,suboptimal,12
P15596,pdn,!a*!b*!d+b*c*d+!b*!c,7,suboptimal,9
P15596,pun,!a*!b*!d+b*c*d+!b*!c,7,suboptimal,9
P15597,pdn,!a*!b*c*!d+!b*!c*d+b*c*d+a*!b*!c,9,suboptimal,11
P15597,pun,!a*!b*c*!d+!b*!c*d+b*c*d+a*!b*!c,9,suboptimal,16
P15598,pdn,!a*!b*!d+!b*!c*d+b*c*d,7,suboptimal,10
P15598,pun,!a*!b*!d+!b*!c*d+b*c*d,7,suboptimal,9
P15599,pdn,!a*!b*c*!d+!b*!c*d+b*c*d,8,suboptimal,13
P15599,pun,!a*!b*c*!d+!b*!c*d+b*c*d,8,suboptimal,9
P15612,pdn,b*c*d+!b*!c,5,suboptimal,20
P15612,pun,b*c*d+!b*!c,5,failed,
P15613,pdn,!b*!c*d+b*c*d+a*!b*!c,7,suboptimal,14
P15615,pdn,!b*!c*d+b*c*d,5,suboptimal,8
P15615,pun,!b*!c*d+b*c*d,5,failed,
P15828,pdn,!b*!c*!d+a*!c*!d+a*!b*!d+b*c*d+a*!b*!c,10,failed,
P15828,pun,!b*!c*!d+a*!c*!d+a*!b*!d+b*c*d+a*!b*!c,10,suboptimal,14
P15829,pdn,a*!c*!d+a*!b*!d+b*c*d+a*!b*!c,8,suboptimal,9
P15829,pun,a*!c*!d+a*!b*!d+b*c*d+a*!b*!c,8,suboptimal,9
P15830,pdn,!a*!b*!c*!d+a*b*!c*!d+a*!b*c*!d+a*!b*!c*d+b*c*d,11,suboptimal,18
P15830,pun,!a*!b*!c*!d+a*b*!c*!d+a*!b*c*!d+a*!b*!c*d+b*c*d,11,failed,
P15831,pdn,a*b*!c*!d+a*!b*c*!d+a*!b*!c*d+b*c*d,9,suboptimal,16
P15831,pun,a*b*!c*!d+a*!b*c*!d+a*!b*!c*d+b*c*d,9,suboptimal,11
P15832,pdn,!a*!c*!d+a*!b*!d+b*c*d+a*!b*!c,9,suboptimal,16
P15832,pun,!a*!c*!d+a*!b*!d+b*c*d+a*!b*!c,9,suboptimal,18
P15833,pdn,!a*b*!c*!d+a*!b*!d+b*c*d+a*!b*!c,9,suboptimal,18
P15833,pun,!a*b*!c*!d+a*!b*!d+b*c*d+a*!b*!c,9,suboptimal,11
P15834,pdn,a*!b*c*!d+a*!b*!c*d+!a*!c*!d+b*c*d,10,suboptimal,12
P15834,pun,a*!b*c*!d+a*!b*!c*d+!a*!c*!d+b*c*d,10,suboptimal,16
P15835,pdn,!a*b*!c*!d+a*!b*c*!d+a*!b*!c*d+b*c*d,9,suboptimal,13
P15835,pun,!a*b*!c*!d+a*!b*c*!d+a*!b*!c*d+b*c*d,9,suboptimal,14
P15836,pdn,!b*!c*!d+a*!b*!d+b*c*d+a*!b*!c,9,suboptimal,14
P15836,pun,!b*!c*!d+a*!b*!d+b*c*d+a*!b*!c,9,suboptimal,14
P15837,pdn,a*!b*!d+b*c*d+a*!b*!c,7,suboptimal,9
P15837,pun,a*!b*!d+b*c*d+a*!b*!c,7,suboptimal,9
P15838,pdn,!a*!b*!c*!d+a*!b*c*!d+a*!b*!c*d+b*c*d,10,suboptimal,11
P15838,pun,!a*!b*!c*!d+a*!b*c*!d+a*!b*!c*d+b*c*d,10,failed,
P15839,pun,a*!b*c*!d+a*!b*!c*d+b*c*d,8,suboptimal,10
P15848,pdn,!a*!c*!d+!a*!b*!d+b*c*d+a*!b*!c,9,suboptimal,15
P15848,pun,!a*!c*!d+!a*!b*!d+b*c*d+a*!b*!c,9,suboptimal,16
P15849,pdn,!a*b*!c*!d+!a*!b*c*!d+b*c*d+a*!b*!c,10,suboptimal,14
P15849,pun,!a*b*!c*!d+!a*!b*c*!d+b*c*d+a*!b*!c,10,suboptimal,13
P15850,pdn,a*!b*!c*d+!a*!c*!d+!a*!b*!d+b*c*d,9,suboptimal,13
P15850,pun,a*!b*!c*d+!a*!c*!d+!a*!b*!d+b*c*d,9,suboptimal,14
P15851,pdn,!a*b*!c*!d+!a*!b*c*!d+a*!b*!c*d+b*c*d,9,suboptimal,13
P15852,pdn,!a*!b*!d+b*c*d+a*!b*!c,8,suboptimal,9
P15852,pun,!a*!b*!d+b*c*d+a*!b*!c,8,suboptimal,11
P15853,pdn,!a*!b*c*!d+b*c*d+a*!b*!c,8,suboptimal,12
P15853,pun,!a*!b*c*!d+b*c*d+a*!b*!c,8,suboptimal,11
P15854,pdn,a*!b*!c*d+!a*!b*!d+b*c*d,8,suboptimal,10
P15854,pun,a*!b*!c*d+!a*!b*!d+b*c*d,8,suboptimal,10
P15855,pdn,!a*!b*c*!d+a*!b*!c*d+b*c*d,8,suboptimal,16
P15855,pun,!a*!b*c*!d+a*!b*!c*d+b*c*d,8,suboptimal,10
P15868,pdn,!b*!c*!d+b*c*d+a*!b*!c,7,suboptimal,13
P15868,pun,!b*!c*!d+b*c*d+a*!b*!c,7,suboptimal,10
P15869,pdn,b*c*d+a*!b*!c,6,suboptimal,7
P15869,pun,b*c*d+a*!b*!c,6,suboptimal,7
P15870,pdn,!a*!b*!c*!d+a*!b*!c*d+b*c*d,8,suboptimal,11
P15870,pun,!a*!b*!c*!d+a*!b*!c*d+b*c*d,8,suboptimal,10
P15871,pdn,a*!b*!c*d+b*c*d,6,suboptimal,8
P16104,pdn,!b*!c*!d+!a*!c*!d+!a*!b*!d+b*c*d+!a*!b*!c,10,suboptimal,14
P16104,pun,!b*!c*!d+!a*!c*!d+!a*!b*!d+b*c*d+!a*!b*!c,10,suboptimal,15
P16105,pdn,a*!b*!c*!d+!a*b*!c*!d+!a*!b*c*!d+!a*!b*!c*d+b*c*d,11,suboptimal,14
P16105,pun,a*!b*!c*!d+!a*b*!c*!d+!a*!b*c*!d+!a*!b*!c*d+b*c*d,11,failed,
P16106,pdn,!a*!c*!d+!a*!b*!d+b*c*d+!a*!b*!c,8,suboptimal,9
P16106,pun,!a*!c*!d+!a*!b*!d+b*c*d+!a*!b*!c,8,suboptimal,9
P16107,pdn,!a*b*!c*!d+!a*!b*c*!d+!a*!b*!c*d+b*c*d,9,suboptimal,10
P16107,pun,!a*b*!c*!d+!a*!b*c*!d+!a*!b*!c*d+b*c*d,9,suboptimal,11
P16108,pdn,!b*!c*!d+!a*!b*!d+b*c*d+!a*!b*!c,9,suboptimal,14
P16108,pun,!b*!c*!d+!a*!b*!d+b*c*d+!a*!b*!c,9,suboptimal,16
P16109,pdn,a*!b*!c*!d+!a*!b*c*!d+!a*!b*!c*d+b*c*d,10,suboptimal,12
P16109,pun,a*!b*!c*!d+!a*!b*c*!d+!a*!b*!c*d+b*c*d,10,suboptimal,14
P16110,pdn,!a*!b*!d+b*c*d+!a*!b*!c,7,suboptimal,8
P16110,pun,!a*!b*!d+b*c*d+!a*!b*!c,7,suboptimal,8
P16111,pdn,!a*!b*c*!d+!a*!b*!c*d+b*c*d,8,suboptimal,9
P16111,pun,!a*!b*c*!d+!a*!b*!c*d+b*c*d,8,suboptimal,11
P16124,pdn,!b*!c*!d+b*c*d+!a*!b*!c,7,suboptimal,11
P16124,pun,!b*!c*!d+b*c*d+!a*!b*!c,7,suboptimal,10
P16125,pdn,a*!b*!c*!d+!a*!b*!c*d+b*c*d,8,suboptimal,11
P16125,pun,a*!b*!c*!d+!a*!b*!c*d+b*c*d,8,suboptimal,12
P16126,pdn,b*c*d+!a*!b*!c,6,suboptimal,7
P16126,pun,b*c*d+!a*!b*!c,6,suboptimal,8
P16127,pdn,!a*!b*!c*d+b*c*d,6,suboptimal,8
P16380,pdn,!b*!c*!d+b*c*d,6,failed,
P16380,pun,!b*!c*!d+b*c*d,6,failed,
P16381,pdn,a*!b*!c*!d+b*c*d,7,suboptimal,9
P16381,pun,a*!b*!c*!d+b*c*d,7,suboptimal,9
P16382,pdn,!a*!b*!c*!d+b*c*d,7,suboptimal,10
P16382,pun,!a*!b*!c*!d+b*c*d,7,suboptimal,8
P16383,pdn,b*c*d,3,suboptimal,6
P16383,pun,b*c*d,3,failed,
P26752,pdn,a*b*c*d+!c*!d+!b*!d+!a*!d+!b*!c+!a*!c+!a*!b,10,suboptimal,18
P26752,pun,a*b*c*d+!c*!d+!b*!d+!a*!d+!b*!c+!a*!c+!a*!b,10,suboptimal,14
P26753,pdn,a*b*c*d+a*!c*!d+!b*c*!d+!a*b*!d+!b*!c*d+!a*!c*d+!a*!b*d,11,failed,
P26754,pdn,a*b*c*d+b*!c*!d+!b*c*!d+!b*!c*d+!a*!d+!a*!c+!a*!b,11,suboptimal,13
P26754,pun,a*b*c*d+b*!c*!d+!b*c*!d+!b*!c*d+!a*!d+!a*!c+!a*!b,11,suboptimal,20
P26755,pdn,a*b*c*d+b*!c*!d+!b*c*!d+!a*c*!d+!b*!c*d+!a*!c*d+!a*!b*d,11,failed,
P26755,pun,a*b*c*d+b*!c*!d+!b*c*!d+!a*c*!d+!b*!c*d+!a*!c*d+!a*!b*d,11,failed,
P26758,pdn,a*b*!c*!d+a*b*c*d+!b*c*!d+!a*c*!d+!b*!c*d+!a*!c*d+!a*!b,11,failed,
P26758,pun,a*b*!c*!d+a*b*c*d+!b*c*!d+!a*c*!d+!b*!c*d+!a*!c*d+!a*!b,11,failed,
P26759,pdn,a*b*!c*!d+a*b*c*d+!b*c*!d+!a*c*!d+!b*!c*d+!a*!c*d+!a*!b*d,12,failed,
P26759,pun,a*b*!c*!d+a*b*c*d+!b*c*!d+!a*c*!d+!b*!c*d+!a*!c*d+!a*!b*d,12,failed,
P26760,pdn,a*b*c*d+!b*!d+!a*!d+!b*!c+!a*!c+!a*!b,9,suboptimal,14
P26760,pun,a*b*c*d+!b*!d+!a*!d+!b*!c+!a*!c+!a*!b,9,suboptimal,13
P26761,pdn,a*b*c*d+a*!b*!d+!a*b*!d+!b*!c*d+!a*!c*d+!a*!b*c,11,suboptimal,13
P26761,pun,a*b*c*d+a*!b*!d+!a*b*!d+!b*!c*d+!a*!c*d+!a*!b*c,11,failed,
P26762,pdn,a*b*c*d+!b*c*!d+!b*!c*d+!a*!d+!a*!c+!a*!b,10,suboptimal,13
P26762,pun,a*b*c*d+!b*c*!d+!b*!c*d+!a*!d+!a*!c+!a*!b,10,suboptimal,18
P26763,pdn,a*b*c*d+!b*c*!d+!a*b*!d+!b*!c*d+!a*!c*d+!a*!b*d,10,suboptimal,19
P26763,pun,a*b*c*d+!b*c*!d+!a*b*!d+!b*!c*d+!a*!c*d+!a*!b*d,10,failed,
P26766,pdn,a*b*c*d+!b*c*!d+!a*c*!d+!b*!c*d+!a*!c*d+!a*!b,10,suboptimal,19
P26766,pun,a*b*c*d+!b*c*!d+!a*c*!d+!b*!c*d+!a*!c*d+!a*!b,10,suboptimal,15
P26767,pdn,a*b*c*d+!b*c*!d+!a*c*!d+!b*!c*d+!a*!c*d+!a*!b*d,10,suboptimal,15
P26767,pun,a*b*c*d+!b*c*!d+!a*c*!d+!b*!c*d+!a*!c*d+!a*!b*d,10,failed,
P26774,pdn,a*b*!c*!d+a*!b*c*!d+!a*b*c*!d+a*b*c*d+!b*!c*d+!a*!c*d+!a*!b*d+!a*!b*!c,13,failed,
P26774,pun,a*b*!c*!d+a*!b*c*!d+!a*b*c*!d+a*b*c*d+!b*!c*d+!a*!c*d+!a*!b*d+!a*!b*!c,12,failed,
P26775,pdn,a*b*!c*!d+a*!b*c*!d+!a*b*c*!d+a*b*c*d+!b*!c*d+!a*!c*d+!a*!b*d,12,failed,
P26775,pun,a*b*!c*!d+a*!b*c*!d+!a*b*c*!d+a*b*c*d+!b*!c*d+!a*!c*d+!a*!b*d,12,failed,
P26776,pdn,a*b*c*d+a*!b*!d+!a*b*!d+!a*!b*d+!b*!c+!a*!c,10,suboptimal,12
P26776,pun,a*b*c*d+a*!b*!d+!a*b*!d+!a*!b*d+!b*!c+!a*!c,10,failed,
P26777,pdn,a*b*c*d+a*!b*!d+!a*b*!d+!b*!c*d+!a*!c*d+!a*!b*d,10,suboptimal,14
P26777,pun,a*b*c*d+a*!b*!d+!a*b*!d+!b*!c*d+!a*!c*d+!a*!b*d,10,suboptimal,11
P26778,pdn,a*!b*c*!d+a*b*c*d+!a*b*!d+!b*!c*d+!a*!b*d+!a*!c,11,failed,
P26778,pun,a*!b*c*!d+a*b*c*d+!a*b*!d+!b*!c*d+!a*!b*d+!a*!c,11,failed,
P26779,pdn,a*!b*c*!d+a*b*c*d+!a*b*!d+!b*!c*d+!a*!c*d+!a*!b*d,11,suboptimal,18
P26779,pun,a*!b*c*!d+a*b*c*d+!a*b*!d+!b*!c*d+!a*!c*d+!a*!b*d,11,suboptimal,17
P26782,pdn,a*!b*c*!d+!a*b*c*!d+a*b*c*d+!b*!c*d+!a*!c*d+!a*!b*d+!a*!b*!c,12,failed,
P26782,pun,a*!b*c*!d+!a*b*c*!d+a*b*c*d+!b*!c*d+!a*!c*d+!a*!b*d+!a*!b*!c,12,failed,
P26783,pdn,a*!b*c*!d+!a*b*c*!d+a*b*c*d+!b*!c*d+!a*!c*d+!a*!b*d,11,failed,
P26783,pun,a*!b*c*!d+!a*b*c*!d+a*b*c*d+!b*!c*d+!a*!c*d+!a*!b*d,11,failed,
P26792,pdn,a*b*c*d+!a*!d+!b*!c+!a*!c+!a*!b,9,suboptimal,12
P26792,pun,a*b*c*d+!a*!d+!b*!c+!a*!c+!a*!b,9,suboptimal,11
P26793,pdn,a*b*c*d+!a*b*!d+!a*!c*d+a*!b*!c+!a*!b*c,10,failed,
P26793,pun,a*b*c*d+!a*b*!d+!a*!c*d+a*!b*!c+!a*!b*c,10,suboptimal,20
P26794,pdn,a*b*c*d+!b*!c*d+!a*!d+!a*!c+!a*!b,9,suboptimal,10
P26795,pdn,a*b*c*d+!a*b*!d+!b*!c*d+!a*!c*d+!a*!b*c,9,failed,
P26795,pun,a*b*c*d+!a*b*!d+!b*!c*d+!a*!c*d+!a*!b*c,9,suboptimal,12
P26796,pdn,a*b*c*d+!a*c*!d+!a*!c*d+!b*!c+!a*!b,10,suboptimal,11
P26797,pdn,a*b*c*d+!a*c*!d+!a*!c*d+!a*!b*d+a*!b*!c,10,suboptimal,11
P26797,pun,a*b*c*d+!a*c*!d+!a*!c*d+!a*!b*d+a*!b*!c,10,suboptimal,12
P26798,pdn,a*b*c*d+!a*c*!d+!b*!c*d+!a*!c*d+!a*!b,9,suboptimal,13
P26798,pun,a*b*c*d+!a*c*!d+!b*!c*d+!a*!c*d+!a*!b,9,suboptimal,11
P26799,pdn,a*b*c*d+!a*c*!d+!b*!c*d+!a*!c*d+!a*!b*d,10,suboptimal,15
P26799,pun,a*b*c*d+!a*c*!d+!b*!c*d+!a*!c*d+!a*!b*d,10,suboptimal,19
P26812,pdn,!a*b*c*!d+a*b*c*d+!a*!c*d+!a*!b*d+!b*!c,10,suboptimal,18
P26812,pun,!a*b*c*!d+a*b*c*d+!a*!c*d+!a*!b*d+!b*!c,10,failed,
P26813,pdn,!a*b*c*!d+a*b*c*d+!a*!c*d+!a*!b*d+a*!b*!c,10,suboptimal,14
P26813,pun,!a*b*c*!d+a*b*c*d+!a*!c*d+!a*!b*d+a*!b*!c,10,failed,
P26814,pdn,!a*b*c*!d+a*b*c*d+!b*!c*d+!a*!c*d+!a*!b*d+!a*!b*!c,10,failed,
P26814,pun,!a*b*c*!d+a*b*c*d+!b*!c*d+!a*!c*d+!a*!b*d+!a*!b*!c,10,suboptimal,20
P26815,pdn,!a*b*c*!d+a*b*c*d+!b*!c*d+!a*!c*d+!a*!b*d,10,suboptimal,12
P26815,pun,!a*b*c*!d+a*b*c*d+!b*!c*d+!a*!c*d+!a*!b*d,10,suboptimal,17
P26856,pdn,a*b*c*d+!b*!c+!a*!c+!a*!b,8,suboptimal,11
P26856,pun,a*b*c*d+!b*!c+!a*!c+!a*!b,8,suboptimal,9
P26857,pdn,a*b*c*d+!b*!c*d+a*!b*!c+!a*b*!c+!a*!b*c,10,suboptimal,18
P26857,pun,a*b*c*d+!b*!c*d+a*!b*!c+!a*b*!c+!a*!b*c,10,suboptimal,15
P26858,pdn,a*b*c*d+!b*!c*d+!a*!c+!a*!b,8,suboptimal,9
P26858,pun,a*b*c*d+!b*!c*d+!a*!c+!a*!b,8,suboptimal,9
P26859,pdn,a*b*c*d+!b*!c*d+!a*b*!c+!a*!b*c,8,suboptimal,15
P26859,pun,a*b*c*d+!b*!c*d+!a*b*!c+!a*!b*c,8,suboptimal,9
P26862,pdn,a*b*c*d+!b*!c*d+!a*!c*d+!a*!b,8,suboptimal,10
P26862,pun,a*b*c*d+!b*!c*d+!a*!c*d+!a*!b,8,suboptimal,9
P26863,pdn,a*b*c*d+!b*!c*d+!a*!c*d+!a*!b*c,9,suboptimal,11
P26863,pun,a*b*c*d+!b*!c*d+!a*!c*d+!a*!b*c,9,suboptimal,13
P26878,pdn,a*b*c*d+!b*!c*d+!a*!c*d+!a*!b*d+!a*!b*!c,9,suboptimal,16
P26878,pun,a*b*c*d+!b*!c*d+!a*!c*d+!a*!b*d+!a*!b*!c,9,suboptimal,12
P26879,pdn,a*b*c*d+!b*!c*d+!a*!c*d+!a*!b*d,8,failed,
P27030,pdn,!a*!b*!c*!d+a*b*!c*!d+a*!b*c*!d+!a*b*c*!d+a*!b*!c*d+!a*b*!c*d+!a*!b*c*d+a*b*c*d,12,failed,
P27030,pun,!a*!b*!c*!d+a*b*!c*!d+a*!b*c*!d+!a*b*c*!d+a*!b*!c*d+!a*b*!c*d+!a*!b*c*d+a*b*c*d,12,failed,
P27031,pdn,a*b*!c*!d+a*!b*c*!d+!a*b*c*!d+a*!b*!c*d+!a*b*!c*d+!a*!b*c*d+a*b*c*d,12,failed,
P27031,pun,a*b*!c*!d+a*!b*c*!d+!a*b*c*!d+a*!b*!c*d+!a*b*!c*d+!a*!b*c*d+a*b*c*d,13,failed,
P27032,pdn,!a*!b*c*d+a*b*c*d+!b*!c*!d+a*!b*!d+!a*b*!d+a*!b*!c+!a*b*!c,12,failed,
P27032,pun,!a*!b*c*d+a*b*c*d+!b*!c*!d+a*!b*!d+!a*b*!d+a*!b*!c+!a*b*!c,12,suboptimal,19
P27033,pdn,!a*!b*c*d+a*b*c*d+a*!b*!d+!a*b*!d+a*!b*!c+!a*b*!c,10,suboptimal,20
P27033,pun,!a*!b*c*d+a*b*c*d+a*!b*!d+!a*b*!d+a*!b*!c+!a*b*!c,10,suboptimal,13
P27034,pdn,a*!b*c*!d+a*!b*!c*d+!a*!b*c*d+a*b*c*d+!a*!c*!d+!a*b*!d+!a*b*!c,12,suboptimal,14
P27034,pun,a*!b*c*!d+a*!b*!c*d+!a*!b*c*d+a*b*c*d+!a*!c*!d+!a*b*!d+!a*b*!c,12,failed,
P27035,pdn,a*!b*c*!d+a*!b*!c*d+!a*!b*c*d+a*b*c*d+!a*b*!d+!a*b*!c,12,failed,
P27035,pun,a*!b*c*!d+a*!b*!c*d+!a*!b*c*d+a*b*c*d+!a*b*!d+!a*b*!c,12,suboptimal,20
P27038,pdn,!a*!b*!c*!d+a*!b*c*!d+!a*b*c*!d+a*!b*!c*d+!a*b*!c*d+!a*!b*c*d+a*b*c*d,12,failed,
P27038,pun,!a*!b*!c*!d+a*!b*c*!d+!a*b*c*!d+a*!b*!c*d+!a*b*!c*d+!a*!b*c*d+a*b*c*d,14,failed,
P27039,pdn,a*!b*c*!d+!a*b*c*!d+a*!b*!c*d+!a*b*!c*d+!a*!b*c*d+a*b*c*d,11,failed,
P27039,pun,a*!b*c*!d+!a*b*c*!d+a*!b*!c*d+!a*b*!c*d+!a*!b*c*d+a*b*c*d,11,failed,
P27048,pdn,a*b*c*d+a*!b*!c+!a*b*!c+!a*!b*c+!a*!d,10,suboptimal,19
P27048,pun,a*b*c*d+a*!b*!c+!a*b*!c+!a*!b*c+!a*!d,10,failed,
P27049,pdn,a*b*c*d+!a*b*!d+a*!b*!c+!a*b*!c+!a*!b*c,10,suboptimal,16
P27049,pun,a*b*c*d+!a*b*!d+a*!b*!c+!a*b*!c+!a*!b*c,10,suboptimal,16
P27050,pdn,a*!b*!c*d+a*b*c*d+!a*b*!c+!a*!b*c+!a*!d,10,suboptimal,18
P27050,pun,a*!b*!c*d+a*b*c*d+!a*b*!c+!a*!b*c+!a*!d,10,suboptimal,20
P27051,pdn,a*!b*!c*d+a*b*c*d+!a*c*!d+!a*b*!c+!a*!b*c,10,suboptimal,15
P27051,pun,a*!b*!c*d+a*b*c*d+!a*c*!d+!a*b*!c+!a*!b*c,10,suboptimal,15
P27052,pdn,!a*b*!c*d+a*b*c*d+!b*!c*!d+!a*c*!d+a*!b*!c+!a*!b*c,11,failed,
P27052,pun,!a*b*!c*d+a*b*c*d+!b*!c*!d+!a*c*!d+a*!b*!c+!a*!b*c,11,suboptimal,19
P27053,pdn,!a*b*!c*d+a*b*c*d+!a*c*!d+a*!b*!c+!a*!b*c,10,suboptimal,20
P27053,pun,!a*b*!c*d+a*b*c*d+!a*c*!d+a*!b*!c+!a*!b*c,10,suboptimal,18
P27054,pdn,a*!b*!c*d+!a*b*!c*d+a*b*c*d+!a*c*!d+!a*!b*!d+!a*!b*c,11,suboptimal,15
P27054,pun,a*!b*!c*d+!a*b*!c*d+a*b*c*d+!a*c*!d+!a*!b*!d+!a*!b*c,11,failed,
P27055,pdn,a*!b*!c*d+!a*b*!c*d+a*b*c*d+!a*c*!d+!a*!b*c,10,failed,
P27055,pun,a*!b*!c*d+!a*b*!c*d+a*b*c*d+!a*c*!d+!a*!b*c,10,failed,
P27068,pdn,!a*b*c*!d+!a*b*!c*d+!a*!b*c*d+a*b*c*d+!b*!c*!d+a*!b*!c,12,suboptimal,14
P27068,pun,!a*b*c*!d+!a*b*!c*d+!a*!b*c*d+a*b*c*d+!b*!c*!d+a*!b*!c,12,failed,
P27069,pdn,!a*b*c*!d+!a*b*!c*d+!a*!b*c*d+a*b*c*d+a*!b*!c,11,suboptimal,20
P27069,pun,!a*b*c*!d+!a*b*!c*d+!a*!b*c*d+a*b*c*d+a*!b*!c,11,suboptimal,18
P27070,pdn,!a*!b*!c*!d+!a*b*c*!d+a*!b*!c*d+!a*b*!c*d+!a*!b*c*d+a*b*c*d,11,failed,
P27070,pun,!a*!b*!c*!d+!a*b*c*!d+a*!b*!c*d+!a*b*!c*d+!a*!b*c*d+a*b*c*d,11,failed,
P27071,pdn,!a*b*c*!d+a*!b*!c*d+!a*b*!c*d+!a*!b*c*d+a*b*c*d,11,suboptimal,15
P27071,pun,!a*b*c*!d+a*!b*!c*d+!a*b*!c*d+!a*!b*c*d+a*b*c*d,11,suboptimal,13
P27112,pdn,a*b*c*d+!b*!c*!d+a*!b*!c+!a*b*!c+!a*!b*c,10,suboptimal,19
P27112,pun,a*b*c*d+!b*!c*!d+a*!b*!c+!a*b*!c+!a*!b*c,10,suboptimal,20
P27113,pdn,a*b*c*d+a*!b*!c+!a*b*!c+!a*!b*c,9,suboptimal,14
P27113,pun,a*b*c*d+a*!b*!c+!a*b*!c+!a*!b*c,9,suboptimal,14
P27114,pdn,a*!b*!c*d+a*b*c*d+!a*!c*!d+!a*b*!c+!a*!b*c,10,failed,
P27114,pun,a*!b*!c*d+a*b*c*d+!a*!c*!d+!a*b*!c+!a*!b*c,10,suboptimal,11
P27115,pdn,a*!b*!c*d+a*b*c*d+!a*b*!c+!a*!b*c,9,suboptimal,12
P27118,pdn,a*!b*!c*d+!a*b*!c*d+a*b*c*d+!a*!b*!d+!a*!b*c,10,suboptimal,18
P27118,pun,a*!b*!c*d+!a*b*!c*d+a*b*c*d+!a*!b*!d+!a*!b*c,10,suboptimal,17
P27119,pdn,a*!b*!c*d+!a*b*!c*d+a*b*c*d+!a*!b*c,9,suboptimal,13
P27119,pun,a*!b*!c*d+!a*b*!c*d+a*b*c*d+!a*!b*c,9,suboptimal,11
P27134,pdn,!a*!b*!c*!d+a*!b*!c*d+!a*b*!c*d+!a*!b*c*d+a*b*c*d,11,suboptimal,15
P27134,pun,!a*!b*!c*!d+a*!b*!c*d+!a*b*!c*d+!a*!b*c*d+a*b*c*d,11,failed,
P27135,pdn,a*!b*!c*d+!a*b*!c*d+!a*!b*c*d+a*b*c*d,9,failed,
P27304,pdn,a*b*c*d+!b*!c*!d+!a*!d+!a*!c+!a*!b,9,suboptimal,14
P27304,pun,a*b*c*d+!b*!c*!d+!a*!d+!a*!c+!a*!b,9,suboptimal,12
P27305,pdn,a*!b*!c*!d+a*b*c*d+!a*b*!d+!a*!c*d+!a*!b*c,11,suboptimal,18
P27305,pun,a*!b*!c*!d+a*b*c*d+!a*b*!d+!a*!c*d+!a*!b*c,11,suboptimal,18
P27307,pdn,a*b*c*d+!a*b*!d+!a*!c*d+!a*!b*c,9,suboptimal,13
P27307,pun,a*b*c*d+!a*b*!d+!a*!c*d+!a*!b*c,9,suboptimal,11
P27308,pdn,a*b*c*d+!b*!c*!d+!a*c*!d+!a*!c*d+!a*!b,9,suboptimal,11
P27308,pun,a*b*c*d+!b*!c*!d+!a*c*!d+!a*!c*d+!a*!b,9,suboptimal,13
P27309,pdn,a*!b*!c*!d+a*b*c*d+!a*c*!d+!a*!c*d+!a*!b*d,10,suboptimal,11
P27309,pun,a*!b*!c*!d+a*b*c*d+!a*c*!d+!a*!c*d+!a*!b*d,10,suboptimal,17
P27310,pun,a*b*c*d+!a*c*!d+!a*!c*d+!a*!b,9,suboptimal,10
P27311,pun,a*b*c*d+!a*c*!d+!a*!c*d+!a*!b*d,9,suboptimal,10
P27324,pdn,!a*b*c*!d+a*b*c*d+!b*!c*!d+!a*!c*d+!a*!b*d,10,failed,
P27324,pun,!a*b*c*!d+a*b*c*d+!b*!c*!d+!a*!c*d+!a*!b*d,10,suboptimal,17
P27325,pdn,a*!b*!c*!d+!a*b*c*!d+a*b*c*d+!a*!c*d+!a*!b*d,11,suboptimal,12
P27325,pun,a*!b*!c*!d+!a*b*c*!d+a*b*c*d+!a*!c*d+!a*!b*d,11,suboptimal,15
P27326,pdn,!a*b*c*!d+a*b*c*d+!a*!c*d+!a*!b*d+!a*!b*!c,10,suboptimal,12
P27326,pun,!a*b*c*!d+a*b*c*d+!a*!c*d+!a*!b*d+!a*!b*!c,10,failed,
P27327,pdn,!a*b*c*!d+a*b*c*d+!a*!c*d+!a*!b*d,9,suboptimal,10
P27327,pun,!a*b*c*!d+a*b*c*d+!a*!c*d+!a*!b*d,9,suboptimal,17
P27328,pdn,a*b*c*d+!c*!d+!b*!d+!a*!c+!a*!b,8,suboptimal,10
P27328,pun,a*b*c*d+!c*!d+!b*!d+!a*!c+!a*!b,8,suboptimal,9
P27329,pdn,a*b*c*d+a*!c*!d+!b*c*!d+!a*!b*d+!a*b*!c,10,suboptimal,18
P27329,pun,a*b*c*d+a*!c*!d+!b*c*!d+!a*!b*d+!a*b*!c,10,suboptimal,19
P27330,pdn,a*b*c*d+b*!c*!d+!b*c*!d+!a*!c+!a*!b,9,suboptimal,12
P27330,pun,a*b*c*d+b*!c*!d+!b*c*!d+!a*!c+!a*!b,9,suboptimal,14
P27331,pdn,a*b*c*d+b*!c*!d+!b*c*!d+!a*!c*d+!a*!b*d,10,suboptimal,18
P27331,pun,a*b*c*d+b*!c*!d+!b*c*!d+!a*!c*d+!a*!b*d,10,suboptimal,20
P27334,pdn,a*b*!c*!d+a*b*c*d+!b*c*!d+!a*!c*d+!a*!b,10,suboptimal,13
P27334,pun,a*b*!c*!d+a*b*c*d+!b*c*!d+!a*!c*d+!a*!b,10,suboptimal,18
P27335,pdn,a*b*!c*!d+a*b*c*d+!b*c*!d+!a*!c*d+!a*!b*d,10,failed,
P27335,pun,a*b*!c*!d+a*b*c*d+!b*c*!d+!a*!c*d+!a*!b*d,10,suboptimal,17
P27336,pdn,a*b*c*d+!b*!d+!a*!c+!a*!b,8,suboptimal,11
P27336,pun,a*b*c*d+!b*!d+!a*!c+!a*!b,8,suboptimal,13
P27337,pdn,a*b*c*d+a*!b*!d+!a*!c*d+!a*b*!c+!a*!b*c,10,suboptimal,20
P27337,pun,a*b*c*d+a*!b*!d+!a*!c*d+!a*b*!c+!a*!b*c,10,suboptimal,13
P27338,pdn,a*b*c*d+!b*c*!d+!a*!c+!a*!b,8,suboptimal,10
P27338,pun,a*b*c*d+!b*c*!d+!a*!c+!a*!b,8,suboptimal,9
P27339,pdn,a*b*c*d+!b*c*!d+!a*!b*d+!a*b*!c,9,suboptimal,12
P27339,pun,a*b*c*d+!b*c*!d+!a*!b*d+!a*b*!c,9,suboptimal,12
P27342,pdn,a*b*c*d+!b*c*!d+!a*!c*d+!a*!b,8,suboptimal,10
P27343,pdn,a*b*c*d+!b*c*!d+!a*!c*d+!a*!b*d,8,suboptimal,13
P27343,pun,a*b*c*d+!b*c*!d+!a*!c*d+!a*!b*d,8,suboptimal,11
P27348,pdn,a*b*c*d+!b*!c*!d+a*!c*!d+a*!b*!d+!a*!c*d+!a*!b*d,11,failed,
P27348,pun,a*b*c*d+!b*!c*!d+a*!c*!d+a*!b*!d+!a*!c*d+!a*!b*d,11,failed,
P27349,pdn,a*b*c*d+a*!c*!d+a*!b*!d+!a*!c*d+!a*!b*d,9,suboptimal,18
P27349,pun,a*b*c*d+a*!c*!d+a*!b*!d+!a*!c*d+!a*!b*d,9,suboptimal,12
P27350,pdn,a*b*!c*!d+a*!b*c*!d+a*b*c*d+!a*!c*d+!a*!b*d+!a*!b*!c,11,failed,
P27350,pun,a*b*!c*!d+a*!b*c*!d+a*b*c*d+!a*!c*d+!a*!b*d+!a*!b*!c,11,failed,
P27351,pdn,a*b*!c*!d+a*!b*c*!d+a*b*c*d+!a*!c*d+!a*!b*d,10,suboptimal,11
P27351,pun,a*b*!c*!d+a*!b*c*!d+a*b*c*d+!a*!c*d+!a*!b*d,10,suboptimal,20
P27352,pdn,a*b*c*d+a*!b*!d+!a*!b*d+!a*!c,9,suboptimal,13
P27352,pun,a*b*c*d+a*!b*!d+!a*!b*d+!a*!c,9,suboptimal,15
P27353,pdn,a*b*c*d+a*!b*!d+!a*!b*d+!a*b*!c,9,suboptimal,10
P27353,pun,a*b*c*d+a*!b*!d+!a*!b*d+!a*b*!c,9,suboptimal,12
P27354,pdn,a*!b*c*!d+a*b*c*d+!a*!b*d+!a*!c,9,suboptimal,10
P27354,pun,a*!b*c*!d+a*b*c*d+!a*!b*d+!a*!c,9,suboptimal,13
P27355,pdn,a*!b*c*!d+a*b*c*d+!a*!b*d+!a*b*!c,9,suboptimal,11
P27355,pun,a*!b*c*!d+a*b*c*d+!a*!b*d+!a*b*!c,9,suboptimal,13
P27356,pdn,a*b*c*d+!b*!c*!d+a*!b*!d+!a*!c*d+!a*!b*d,9,suboptimal,11
P27356,pun,a*b*c*d+!b*!c*!d+a*!b*!d+!a*!c*d+!a*!b*d,9,suboptimal,14
P27357,pun,a*b*c*d+a*!b*!d+!a*!c*d+!a*!b*d,9,suboptimal,16
P27358,pdn,a*!b*c*!d+a*b*c*d+!a*!c*d+!a*!b*d+!a*!b*!c,9,suboptimal,12
P27358,pun,a*!b*c*!d+a*b*c*d+!a*!c*d+!a*!b*d+!a*!b*!c,9,suboptimal,11
P27359,pdn,a*!b*c*!d+a*b*c*d+!a*!c*d+!a*!b*d,9,suboptimal,10
P27359,pun,a*!b*c*!d+a*b*c*d+!a*!c*d+!a*!b*d,9,suboptimal,11
P27368,pdn,a*b*c*d+!b*!c*!d+!a*!c+!a*!b,9,suboptimal,13
P27368,pun,a*b*c*d+!b*!c*!d+!a*!c+!a*!b,9,suboptimal,11
P27369,pdn,a*!b*!c*!d+a*b*c*d+!a*!c*d+!a*b*!c+!a*!b*c,10,suboptimal,13
P27369,pun,a*!b*!c*!d+a*b*c*d+!a*!c*d+!a*b*!c+!a*!b*c,10,suboptimal,17
P27370,pdn,a*b*c*d+!a*!c+!a*!b,7,suboptimal,9
P27371,pdn,a*b*c*d+!a*!c*d+!a*b*!c+!a*!b*c,8,suboptimal,10
P27372,pdn,a*b*c*d+!b*!c*!d+!a*!c*d+!a*!b,8,suboptimal,10
P27372,pun,a*b*c*d+!b*!c*!d+!a*!c*d+!a*!b,8,suboptimal,10
P27373,pdn,a*!b*!c*!d+a*b*c*d+!a*!c*d+!a*!b*c,9,suboptimal,12
P27373,pun,a*!b*!c*!d+a*b*c*d+!a*!c*d+!a*!b*c,9,suboptimal,11
P27374,pun,a*b*c*d+!a*!c*d+!a*!b,7,suboptimal,8
P27375,pdn,a*b*c*d+!a*!c*d+!a*!b*c,7,suboptimal,8
P27375,pun,a*b*c*d+!a*!c*d+!a*!b*c,7,suboptimal,11
P27388,pdn,a*b*c*d+!b*!c*!d+!a*!c*d+!a*!b*d,9,suboptimal,12
P27388,pun,a*b*c*d+!b*!c*!d+!a*!c*d+!a*!b*d,9,suboptimal,13
P27389,pdn,a*!b*!c*!d+a*b*c*d+!a*!c*d+!a*!b*d,9,suboptimal,13
P27389,pun,a*!b*!c*!d+a*b*c*d+!a*!c*d+!a*!b*d,9,suboptimal,12
P27390,pdn,a*b*c*d+!a*!c*d+!a*!b*d+!a*!b*!c,9,suboptimal,10
P27390,pun,a*b*c*d+!a*!c*d+!a*!b*d+!a*!b*!c,9,suboptimal,10
P27391,pdn,a*b*c*d+!a*!c*d+!a*!b*d,7,suboptimal,10
P27580,pdn,!a*b*c*!d+!a*b*!c*d+!a*!b*c*d+a*b*c*d+!b*!c*!d,11,suboptimal,12
P27580,pun,!a*b*c*!d+!a*b*!c*d+!a*!b*c*d+a*b*c*d+!b*!c*!d,11,failed,
P27581,pun,a*!b*!c*!d+!a*b*c*!d+!a*b*!c*d+!a*!b*c*d+a*b*c*d,11,failed,
P27582,pdn,!a*!b*!c*!d+!a*b*c*!d+!a*b*!c*d+!a*!b*c*d+a*b*c*d,11,suboptimal,12
P27582,pun,!a*!b*!c*!d+!a*b*c*!d+!a*b*!c*d+!a*!b*c*d+a*b*c*d,11,suboptimal,13
P27583,pdn,!a*b*c*!d+!a*b*!c*d+!a*!b*c*d+a*b*c*d,10,suboptimal,11
P27583,pun,!a*b*c*!d+!a*b*!c*d+!a*!b*c*d+a*b*c*d,10,failed,
P27606,pun,!a*!b*!c*!d+a*b*!c*!d+a*!b*c*!d+!a*b*!c*d+!a*!b*c*d+a*b*c*d,12,suboptimal,18
P27607,pdn,a*b*!c*!d+a*!b*c*!d+!a*b*!c*d+!a*!b*c*d+a*b*c*d,10,failed,
P27607,pun,a*b*!c*!d+a*!b*c*!d+!a*b*!c*d+!a*!b*c*d+a*b*c*d,10,suboptimal,19
P27608,pdn,!a*!b*c*d+a*b*c*d+!b*!c*!d+a*!b*!d+!a*b*!c,10,failed,
P27608,pun,!a*!b*c*d+a*b*c*d+!b*!c*!d+a*!b*!d+!a*b*!c,10,suboptimal,14
P27609,pdn,!a*!b*c*d+a*b*c*d+a*!b*!d+!a*b*!c,10,suboptimal,19
P27609,pun,!a*!b*c*d+a*b*c*d+a*!b*!d+!a*b*!c,10,suboptimal,16
P27610,pdn,a*!b*c*!d+!a*!b*c*d+a*b*c*d+!a*!c*!d+!a*b*!c,10,suboptimal,13
P27610,pun,a*!b*c*!d+!a*!b*c*d+a*b*c*d+!a*!c*!d+!a*b*!c,10,failed,
P27611,pdn,a*!b*c*!d+!a*!b*c*d+a*b*c*d+!a*b*!c,10,suboptimal,11
P27611,pun,a*!b*c*!d+!a*!b*c*d+a*b*c*d+!a*b*!c,10,suboptimal,14
P27614,pdn,!a*!b*!c*!d+a*!b*c*!d+!a*b*!c*d+!a*!b*c*d+a*b*c*d,10,suboptimal,14
P27614,pun,!a*!b*!c*!d+a*!b*c*!d+!a*b*!c*d+!a*!b*c*d+a*b*c*d,10,suboptimal,16
P27615,pdn,a*!b*c*!d+!a*b*!c*d+!a*!b*c*d+a*b*c*d,10,suboptimal,11
P27615,pun,a*!b*c*!d+!a*b*!c*d+!a*!b*c*d+a*b*c*d,10,suboptimal,15
P27624,pdn,a*b*c*d+!b*!c*!d+!a*b*!c+!a*!b*c,10,suboptimal,12
P27624,pun,a*b*c*d+!b*!c*!d+!a*b*!c+!a*!b*c,10,suboptimal,13
P27625,pdn,a*!b*!c*!d+a*b*c*d+!a*b*!c+!a*!b*c,10,suboptimal,13
P27625,pun,a*!b*!c*!d+a*b*c*d+!a*b*!c+!a*!b*c,9,suboptimal,13
P27626,pdn,a*b*c*d+!a*!c*!d+!a*b*!c+!a*!b*c,9,suboptimal,12
P27626,pun,a*b*c*d+!a*!c*!d+!a*b*!c+!a*!b*c,9,suboptimal,10
P27627,pun,a*b*c*d+!a*b*!c+!a*!b*c,8,suboptimal,9
P27628,pdn,!a*b*!c*d+a*b*c*d+!b*!c*!d+!a*!b*c,9,suboptimal,16
P27628,pun,!a*b*!c*d+a*b*c*d+!b*!c*!d+!a*!b*c,9,suboptimal,18
P27629,pdn,a*!b*!c*!d+!a*b*!c*d+a*b*c*d+!a*!b*c,9,suboptimal,16
P27629,pun,a*!b*!c*!d+!a*b*!c*d+a*b*c*d+!a*!b*c,9,suboptimal,12
P27630,pdn,!a*b*!c*d+a*b*c*d+!a*!b*!d+!a*!b*c,9,suboptimal,10
P27630,pun,!a*b*!c*d+a*b*c*d+!a*!b*!d+!a*!b*c,9,suboptimal,12
P27631,pdn,!a*b*!c*d+a*b*c*d+!a*!b*c,8,suboptimal,12
P27631,pun,!a*b*!c*d+a*b*c*d+!a*!b*c,8,suboptimal,11
P27644,pdn,!a*b*!c*d+!a*!b*c*d+a*b*c*d+!b*!c*!d,10,suboptimal,20
P27644,pun,!a*b*!c*d+!a*!b*c*d+a*b*c*d+!b*!c*!d,10,suboptimal,16
P27645,pdn,a*!b*!c*!d+!a*b*!c*d+!a*!b*c*d+a*b*c*d,10,suboptimal,11
P27645,pun,a*!b*!c*!d+!a*b*!c*d+!a*!b*c*d+a*b*c*d,10,suboptimal,14
P27646,pdn,!a*!b*!c*!d+!a*b*!c*d+!a*!b*c*d+a*b*c*d,10,suboptimal,11
P27646,pun,!a*!b*!c*!d+!a*b*!c*d+!a*!b*c*d+a*b*c*d,10,suboptimal,15
P27647,pdn,!a*b*!c*d+!a*!b*c*d+a*b*c*d,8,suboptimal,10
P27647,pun,!a*b*!c*d+!a*!b*c*d+a*b*c*d,8,suboptimal,9
P28384,pdn,a*b*c*d+!c*!d+!a*!b,8,suboptimal,11
P28384,pun,a*b*c*d+!c*!d+!a*!b,8,suboptimal,9
P28385,pdn,a*b*c*d+b*!c*!d+a*!c*!d+!a*!b*d+!a*!b*c,10,suboptimal,20
P28385,pun,a*b*c*d+b*!c*!d+a*!c*!d+!a*!b*d+!a*!b*c,10,suboptimal,14
P28386,pun,a*b*c*d+b*!c*!d+!a*!b,8,suboptimal,10
P28387,pdn,a*b*c*d+b*!c*!d+!a*!b*d+!a*!b*c,9,suboptimal,12
P28387,pun,a*b*c*d+b*!c*!d+!a*!b*d+!a*!b*c,9,suboptimal,11
P28390,pdn,a*b*!c*!d+a*b*c*d+!a*!b,8,suboptimal,9
P28391,pdn,a*b*!c*!d+a*b*c*d+!a*!b*d+!a*!b*c,9,suboptimal,18
P28391,pun,a*b*!c*!d+a*b*c*d+!a*!b*d+!a*!b*c,9,suboptimal,10
P28392,pdn,a*b*c*d+!b*!c*!d+!a*!c*!d+!a*!b,9,suboptimal,16
P28392,pun,a*b*c*d+!b*!c*!d+!a*!c*!d+!a*!b,9,suboptimal,14
P28393,pdn,a*!b*!c*!d+!a*b*!c*!d+a*b*c*d+!a*!b*d+!a*!b*c,11,suboptimal,13
P28393,pun,a*!b*!c*!d+!a*b*!c*!d+a*b*c*d+!a*!b*d+!a*!b*c,11,suboptimal,15
P28394,pdn,a*b*c*d+!a*!c*!d+!a*!b,8,suboptimal,9
P28394,pun,a*b*c*d+!a*!c*!d+!a*!b,8,suboptimal,9
P28395,pdn,!a*b*!c*!d+a*b*c*d+!a*!b*d+!a*!b*c,9,suboptimal,12
P28395,pun,!a*b*!c*!d+a*b*c*d+!a*!b*d+!a*!b*c,9,suboptimal,10
P28398,pdn,a*b*c*d+!a*!b,6,suboptimal,8
P28399,pdn,a*b*c*d+!a*!b*d+!a*!b*c,7,suboptimal,9
P28399,pun,a*b*c*d+!a*!b*d+!a*!b*c,7,suboptimal,8
P28402,pdn,a*b*c*d+b*!c*!d+!a*!c*!d+!a*!b*d,8,suboptimal,9
P28403,pdn,a*b*c*d+b*!c*!d+!a*!b*d,8,suboptimal,13
P28403,pun,a*b*c*d+b*!c*!d+!a*!b*d,8,suboptimal,10
P28406,pdn,a*b*!c*!d+a*b*c*d+!a*!b*d+!a*!b*!c,8,suboptimal,12
P28407,pun,a*b*!c*!d+a*b*c*d+!a*!b*d,8,suboptimal,9
P28408,pdn,a*b*c*d+!b*!c*!d+!a*!c*!d+!a*!b*d,9,suboptimal,11
P28408,pun,a*b*c*d+!b*!c*!d+!a*!c*!d+!a*!b*d,9,suboptimal,15
P28409,pdn,a*!b*!c*!d+!a*b*!c*!d+a*b*c*d+!a*!b*d,9,suboptimal,10
P28409,pun,a*!b*!c*!d+!a*b*!c*!d+a*b*c*d+!a*!b*d,9,suboptimal,14
P28410,pun,a*b*c*d+!a*!c*!d+!a*!b*d,8,suboptimal,11
P28411,pdn,!a*b*!c*!d+a*b*c*d+!a*!b*d,8,suboptimal,9
P28411,pun,!a*b*!c*!d+a*b*c*d+!a*!b*d,8,suboptimal,12
P28414,pdn,a*b*c*d+!a*!b*d+!a*!b*!c,7,suboptimal,8
P28415,pdn,a*b*c*d+!a*!b*d,6,suboptimal,7
P28662,pdn,!a*!b*!c*!d+a*b*!c*!d+!a*!b*c*d+a*b*c*d,8,suboptimal,16
P28662,pun,!a*!b*!c*!d+a*b*!c*!d+!a*!b*c*d+a*b*c*d,8,suboptimal,13
P28664,pdn,!a*!b*c*d+a*b*c*d+!b*!c*!d+!a*!c*!d,9,suboptimal,10
P28665,pdn,a*!b*!c*!d+!a*b*!c*!d+!a*!b*c*d+a*b*c*d,8,suboptimal,11
P28665,pun,a*!b*!c*!d+!a*b*!c*!d+!a*!b*c*d+a*b*c*d,8,suboptimal,9
P28666,pun,!a*!b*c*d+a*b*c*d+!a*!c*!d,8,suboptimal,9
P28667,pdn,!a*b*!c*!d+!a*!b*c*d+a*b*c*d,9,suboptimal,12
P28667,pun,!a*b*!c*!d+!a*!b*c*d+a*b*c*d,9,suboptimal,14
P28670,pdn,!a*!b*!c*!d+!a*!b*c*d+a*b*c*d,9,suboptimal,11
P28670,pun,!a*!b*!c*!d+!a*!b*c*d+a*b*c*d,9,suboptimal,11
P28671,pdn,!a*!b*c*d+a*b*c*d,6,suboptimal,9
P32488,pdn,a*b*c*d+!b*!c*!d+!a*!c*!d+!a*!b*!d+!a*!b*!c,11,suboptimal,17
P32488,pun,a*b*c*d+!b*!c*!d+!a*!c*!d+!a*!b*!d+!a*!b*!c,11,suboptimal,17
P32489,pun,a*!b*!c*!d+!a*b*!c*!d+!a*!b*c*!d+!a*!b*!c*d+a*b*c*d,11,suboptimal,18
P32490,pdn,a*b*c*d+!a*!c*!d+!a*!b*!d+!a*!b*!c,9,suboptimal,10
P32490,pun,a*b*c*d+!a*!c*!d+!a*!b*!d+!a*!b*!c,9,suboptimal,10
P32491,pdn,!a*b*!c*!d+!a*!b*c*!d+!a*!b*!c*d+a*b*c*d,10,suboptimal,11
P32491,pun,!a*b*!c*!d+!a*!b*c*!d+!a*!b*!c*d+a*b*c*d,10,suboptimal,13
P32494,pdn,a*b*c*d+!a*!b*!d+!a*!b*!c,8,suboptimal,9
P32494,pun,a*b*c*d+!a*!b*!d+!a*!b*!c,8,suboptimal,11
P32495,pun,!a*!b*c*!d+!a*!b*!c*d+a*b*c*d,9,suboptimal,10
P32510,pdn,a*b*c*d+!a*!b*!c,7,suboptimal,9
P32511,pdn,!a*!b*!c*d+a*b*c*d,7,suboptimal,8
P32766,pdn,!a*!b*!c*!d+a*b*c*d,8,suboptimal,16
P32771,pdn,b*!d+!c*d+!a*d+!b*c,7,suboptimal,9
P32774,pdn,a*b*!d+c*!d+!c*d+!b*d+!a*d+!a*!b,9,suboptimal,13
P32774,pun,a*b*!d+c*!d+!c*d+!b*d+!a*d+!a*!b,9,suboptimal,15
P32775,pdn,a*b*!d+!c*d+!b*c+!a*c,8,suboptimal,9
P32775,pun,a*b*!d+!c*d+!b*c+!a*c,8,suboptimal,10
P32777,pdn,c*!d+!c*d+!b*d+a*!b+!a*b,9,suboptimal,10
P32778,pdn,c*!d+!c*d+!b*d+!a,6,suboptimal,7
P32779,pdn,c*!d+!c*d+!b*c+!a*b,7,suboptimal,9
P32779,pun,c*!d+!c*d+!b*c+!a*b,7,suboptimal,8
P32782,pdn,c*!d+!c*d+!b*d+!a*d+!a*!b,7,suboptimal,9
P32782,pun,c*!d+!c*d+!b*d+!a*d+!a*!b,7,suboptimal,9
P32783,pdn,c*!d+!c*d+!b*d+!a*d,6,suboptimal,7
P32790,pdn,a*b*!d+!a*!b*!c+a*!b*c+!a*b*c+!c*d+!b*d,10,suboptimal,16
P32790,pun,a*b*!d+!a*!b*!c+a*!b*c+!a*b*c+!c*d+!b*d,10,suboptimal,11
P32791,pdn,a*b*!d+a*!b*c+!a*b*c+!c*d+!b*d,9,suboptimal,17
P32791,pun,a*b*!d+a*!b*c+!a*b*c+!c*d+!b*d,9,suboptimal,10
P32792,pdn,a*c*!d+!c*d+!b*d+!b*!c+!a*b,9,suboptimal,10
P32793,pdn,b*c*!d+!c*d+!b*d+a*!b+!a*b,8,suboptimal,11
P32794,pdn,a*c*!d+!c*d+!b*d+!a*!c+!a*b,8,suboptimal,9
P32794,pun,a*c*!d+!c*d+!b*d+!a*!c+!a*b,8,suboptimal,9
P32795,pdn,a*c*!d+!c*d+!b*d+!a*b,8,suboptimal,9
P32798,pdn,a*c*!d+!a*!b*!c+!a*b*c+!c*d+!b*d,9,suboptimal,16
P32798,pun,a*c*!d+!a*!b*!c+!a*b*c+!c*d+!b*d,9,suboptimal,15
P32799,pdn,a*c*!d+!a*b*c+!c*d+!b*d,8,suboptimal,10
P32808,pdn,b*c*!d+!c*d+!b*d+!b*!c+!a,8,suboptimal,9
P32809,pdn,b*c*!d+a*!b*!c+!c*d+!b*d+!a*c+!a*b,10,suboptimal,16
P32809,pun,b*c*!d+a*!b*!c+!c*d+!b*d+!a*c+!a*b,10,suboptimal,11
P32812,pdn,b*c*!d+!c*d+!b*d+!b*!c+!a*c,8,suboptimal,10
P32812,pun,b*c*!d+!c*d+!b*d+!b*!c+!a*c,8,suboptimal,9
P32813,pdn,b*c*!d+a*!b*!c+!c*d+!b*d+!a*c,9,suboptimal,11
P32813,pun,b*c*!d+a*!b*!c+!c*d+!b*d+!a*c,9,suboptimal,12
P32814,pdn,b*c*!d+!c*d+!b*d+!a*d+!a*!b,7,suboptimal,9
P32814,pun,b*c*!d+!c*d+!b*d+!a*d+!a*!b,7,suboptimal,8
P32815,pdn,b*c*!d+!c*d+!b*d+!a*c,7,suboptimal,10
P32828,pdn,b*c*!d+!c*d+!b*d+!a*d+!b*!c,8,suboptimal,9
P32828,pun,b*c*!d+!c*d+!b*d+!a*d+!b*!c,8,suboptimal,12
P32829,pdn,b*c*!d+a*!b*!c+!c*d+!b*d+!a*d,9,suboptimal,12
P32829,pun,b*c*!d+a*!b*!c+!c*d+!b*d+!a*d,9,suboptimal,10
P32830,pdn,b*c*!d+!a*!b*!c+!c*d+!b*d+!a*d,8,suboptimal,10
P32830,pun,b*c*!d+!a*!b*!c+!c*d+!b*d+!a*d,8,suboptimal,10
P32872,pdn,a*b*c*!d+!c*d+!b*d+!a*d+!b*!c+!a*!c+!a*!b,10,suboptimal,15
P32872,pun,a*b*c*!d+!c*d+!b*d+!a*d+!b*!c+!a*!c+!a*!b,10,suboptimal,11
P32873,pdn,a*b*c*!d+a*!b*!c+!a*b*!c+!a*!b*c+!c*d+!b*d+!a*d,11,suboptimal,20
P32873,pun,a*b*c*!d+a*!b*!c+!a*b*!c+!a*!b*c+!c*d+!b*d+!a*d,11,suboptimal,12
P32874,pdn,a*b*c*!d+!c*d+!b*d+!a*d+!a*!c+!a*!b,9,suboptimal,18
P32874,pun,a*b*c*!d+!c*d+!b*d+!a*d+!a*!c+!a*!b,9,suboptimal,10
P32875,pdn,a*b*c*!d+!a*b*!c+!a*!b*c+!c*d+!b*d+!a*d,10,suboptimal,20
P32875,pun,a*b*c*!d+!a*b*!c+!a*!b*c+!c*d+!b*d+!a*d,10,suboptimal,13
P32878,pdn,a*b*c*!d+!c*d+!b*d+!a*d+!a*!b,9,suboptimal,14
P32879,pdn,a*b*c*!d+!a*!b*c+!c*d+!b*d+!a*d,9,suboptimal,13
P32894,pdn,a*b*c*!d+!a*!b*!c+!c*d+!b*d+!a*d,9,suboptimal,16
P32894,pun,a*b*c*!d+!a*!b*!c+!c*d+!b*d+!a*d,9,suboptimal,10
P32895,pdn,a*b*c*!d+!c*d+!b*d+!a*d,8,suboptimal,15
P32897,pdn,!c*d+a*!c+!b*c+!a*b,7,suboptimal,8
P32897,pun,!c*d+a*!c+!b*c+!a*b,7,suboptimal,9
P32898,pun,!c*d+b*!c+!b*c+!a,6,suboptimal,7
P32899,pdn,!c*d+b*!c+!b*c+!a*c,6,suboptimal,8
P32899,pun,!c*d+b*!c+!b*c+!a*c,6,suboptimal,7
P32902,pdn,a*b*!c+!c*d+!b*c+!a*c+!a*!b,8,suboptimal,9
P32902,pun,a*b*!c+!c*d+!b*c+!a*c+!a*!b,8,suboptimal,11
P32903,pdn,a*b*!c+!c*d+!b*c+!a*c,7,suboptimal,9
P32903,pun,a*b*!c+!c*d+!b*c+!a*c,7,suboptimal,9
P32904,pun,!c*d+!b+!a,4,suboptimal,6
P32905,pun,!c*d+!b*c+a*!b+!a*b,7,suboptimal,9
P32907,pdn,!c*d+!b*c+!a*b,6,suboptimal,7
P32907,pun,!c*d+!b*c+!a*b,6,suboptimal,7
P32910,pdn,!c*d+!b*c+!a*c+!a*!b,6,suboptimal,7
P32910,pun,!c*d+!b*c+!a*c+!a*!b,6,suboptimal,7
P32911,pun,!c*d+!b*c+!a*c,5,suboptimal,7
P32918,pdn,!a*!b*!c+a*b*!c+a*!b*c+!a*b*c+!c*d+!b*d,9,suboptimal,11
P32918,pun,!a*!b*!c+a*b*!c+a*!b*c+!a*b*c+!c*d+!b*d,9,suboptimal,13
P32919,pdn,a*b*!c+a*!b*c+!a*b*c+!c*d+!b*d,8,suboptimal,14
P32919,pun,a*b*!c+a*!b*c+!a*b*c+!c*d+!b*d,8,suboptimal,9
P32920,pdn,!c*d+!b*d+!b*!c+a*!b+!a*b,7,suboptimal,8
P32920,pun,!c*d+!b*d+!b*!c+a*!b+!a*b,7,suboptimal,9
P32922,pdn,a*!b*c+!c*d+!b*d+!a*!c+!a*b,7,suboptimal,8
P32922,pun,a*!b*c+!c*d+!b*d+!a*!c+!a*b,7,suboptimal,8
P32923,pdn,a*!b*c+!c*d+!b*d+!a*b,7,suboptimal,9
P32926,pdn,!a*!b*!c+a*!b*c+!a*b*c+!c*d+!b*d,9,suboptimal,11
P32926,pun,!a*!b*!c+a*!b*c+!a*b*c+!c*d+!b*d,9,suboptimal,12
P32927,pdn,a*!b*c+!a*b*c+!c*d+!b*d,7,suboptimal,9
P32927,pun,a*!b*c+!a*b*c+!c*d+!b*d,7,suboptimal,8
P32937,pdn,a*!b*!c+!c*d+!b*d+!a*c+!a*b,9,suboptimal,11
P32937,pun,a*!b*!c+!c*d+!b*d+!a*c+!a*b,9,suboptimal,10
P32940,pdn,!c*d+!b*d+!b*!c+!a*c,6,suboptimal,7
P32940,pun,!c*d+!b*d+!b*!c+!a*c,6,suboptimal,7
P32941,pdn,a*!b*!c+!c*d+!b*d+!a*c,7,suboptimal,10
P32941,pun,a*!b*!c+!c*d+!b*d+!a*c,7,suboptimal,9
P32942,pdn,!c*d+!b*d+!a*c+!a*!b,5,suboptimal,6
P32942,pun,!c*d+!b*d+!a*c+!a*!b,5,suboptimal,6
P32956,pdn,!a*b*c+!c*d+!b*d+!b*!c,7,suboptimal,9
P32956,pun,!a*b*c+!c*d+!b*d+!b*!c,7,suboptimal,9
P32957,pdn,a*!b*!c+!a*b*c+!c*d+!b*d,8,suboptimal,11
P32958,pdn,!a*!b*!c+!a*b*c+!c*d+!b*d,7,suboptimal,8
P32958,pun,!a*!b*!c+!a*b*c+!c*d+!b*d,7,suboptimal,8
P32959,pdn,!a*b*c+!c*d+!b*d,6,suboptimal,8
P32959,pun,!a*b*c+!c*d+!b*d,6,suboptimal,7
P33000,pdn,!c*d+!b*d+!a*d+!b*!c+!a*!c+!a*!b,8,suboptimal,12
P33000,pun,!c*d+!b*d+!a*d+!b*!c+!a*!c+!a*!b,8,suboptimal,11
P33001,pdn,a*!b*!c+!a*b*!c+!a*!b*c+!c*d+!b*d+!a*d,9,suboptimal,11
P33001,pun,a*!b*!c+!a*b*!c+!a*!b*c+!c*d+!b*d+!a*d,9,suboptimal,17
P33002,pdn,!c*d+!b*d+!a*d+!a*!c+!a*!b,6,suboptimal,8
P33002,pun,!c*d+!b*d+!a*d+!a*!c+!a*!b,6,suboptimal,7
P33003,pdn,!a*b*!c+!a*!b*c+!c*d+!b*d+!a*d,8,suboptimal,9
P33003,pun,!a*b*!c+!a*!b*c+!c*d+!b*d+!a*d,8,suboptimal,9
P33007,pdn,!a*!b*c+!c*d+!b*d+!a*d,7,suboptimal,8
P33046,pdn,!a*!b*!c*!d+a*b*!d+b*!c*d+a*!c*d+!b*c*d+a*!b*c+!a*b*c,11,failed,
P33047,pdn,a*b*!d+b*!c*d+a*!c*d+!b*c*d+a*!b*c+!a*b*c,11,suboptimal,18
P33047,pun,a*b*!d+b*!c*d+a*!c*d+!b*c*d+a*!b*c+!a*b*c,11,suboptimal,16
P33048,pdn,!b*!c*!d+b*c*!d+b*!c*d+!b*c*d+a*!b+!a*b,8,suboptimal,12
P33048,pun,!b*!c*!d+b*c*!d+b*!c*d+!b*c*d+a*!b+!a*b,8,suboptimal,10
P33049,pdn,b*c*!d+b*!c*d+!b*c*d+a*!b+!a*b,9,suboptimal,12
P33049,pun,b*c*!d+b*!c*d+!b*c*d+a*!b+!a*b,9,suboptimal,10
P33050,pdn,!a*!c*!d+a*c*!d+a*!c*d+!b*c*d+!a*b,9,suboptimal,10
P33050,pun,!a*!c*!d+a*c*!d+a*!c*d+!b*c*d+!a*b,9,suboptimal,11
P33051,pdn,a*c*!d+a*!c*d+!b*c*d+!a*b,9,suboptimal,16
P33051,pun,a*c*!d+a*!c*d+!b*c*d+!a*b,9,suboptimal,11
P33054,pdn,!a*!b*!c*!d+a*c*!d+b*!c*d+a*!c*d+!b*c*d+!a*b*c,11,suboptimal,17
P33054,pun,!a*!b*!c*!d+a*c*!d+b*!c*d+a*!c*d+!b*c*d+!a*b*c,11,suboptimal,18
P33055,pdn,a*c*!d+b*!c*d+a*!c*d+!b*c*d+!a*b*c,9,suboptimal,12
P33055,pun,a*c*!d+b*!c*d+a*!c*d+!b*c*d+!a*b*c,9,suboptimal,16
P33064,pdn,b*c*!d+b*!c*d+!b*c*d+a*!b*!c+!a*!d+!a*c,10,suboptimal,13
P33064,pun,b*c*!d+b*!c*d+!b*c*d+a*!b*!c+!a*!d+!a*c,10,suboptimal,11
P33065,pdn,b*c*!d+b*!c*d+!b*c*d+a*!b*!c+!a*c+!a*b,10,suboptimal,18
P33065,pun,b*c*!d+b*!c*d+!b*c*d+a*!b*!c+!a*c+!a*b,10,suboptimal,19
P33066,pdn,b*c*!d+a*!c*d+!b*c*d+!a*!d+!a*b,9,suboptimal,10
P33066,pun,b*c*!d+a*!c*d+!b*c*d+!a*!d+!a*b,9,suboptimal,10
P33067,pdn,b*c*!d+a*!c*d+!b*c*d+!a*c+!a*b,9,suboptimal,16
P33067,pun,b*c*!d+a*!c*d+!b*c*d+!a*c+!a*b,9,suboptimal,13
P33068,pdn,!b*!c*!d+b*c*!d+a*!c*d+!b*c*d+!a*b*d+!a*c,9,suboptimal,12
P33068,pun,!b*!c*!d+b*c*!d+a*!c*d+!b*c*d+!a*b*d+!a*c,9,failed,
P33069,pdn,b*c*!d+b*!c*d+!b*c*d+a*!b*!c+!a*c,9,suboptimal,15
P33069,pun,b*c*!d+b*!c*d+!b*c*d+a*!b*!c+!a*c,9,suboptimal,12
P33070,pdn,b*c*!d+!a*!b*!d+a*!c*d+!b*c*d+!a*b*d,9,suboptimal,12
P33070,pun,b*c*!d+!a*!b*!d+a*!c*d+!b*c*d+!a*b*d,9,suboptimal,12
P33071,pdn,b*c*!d+b*!c*d+a*!c*d+!b*c*d+!a*c,8,suboptimal,20
P33071,pun,b*c*!d+b*!c*d+a*!c*d+!b*c*d+!a*c,8,suboptimal,12
P33084,pdn,!b*!c*!d+b*c*!d+a*!c*d+!b*c*d+!a*b*d,9,suboptimal,17
P33084,pun,!b*!c*!d+b*c*!d+a*!c*d+!b*c*d+!a*b*d,10,failed,
P33085,pdn,b*c*!d+b*!c*d+!b*c*d+!a*c*d+a*!b*!c,10,suboptimal,16
P33085,pun,b*c*!d+b*!c*d+!b*c*d+!a*c*d+a*!b*!c,10,suboptimal,16
P33086,pdn,!a*!b*!c*!d+b*c*!d+a*!c*d+!b*c*d+!a*b*d,10,failed,
P33086,pun,!a*!b*!c*!d+b*c*!d+a*!c*d+!b*c*d+!a*b*d,10,suboptimal,18
P33087,pdn,b*c*!d+a*!c*d+!b*c*d+!a*b*d,9,suboptimal,10
P33087,pun,b*c*!d+a*!c*d+!b*c*d+!a*b*d,9,suboptimal,13
P33128,pdn,a*b*c*!d+!b*!c*!d+a*!c*d+!b*c*d+!a*c*d+!a*b*!c+!a*!b*c,11,suboptimal,17
P33129,pdn,a*b*c*!d+b*!c*d+!b*c*d+!a*c*d+a*!b*!c+!a*b*!c+!a*!b*c,11,failed,
P33129,pun,a*b*c*!d+b*!c*d+!b*c*d+!a*c*d+a*!b*!c+!a*b*!c+!a*!b*c,11,suboptimal,12
P33130,pdn,a*b*c*!d+!a*!c*!d+a*!c*d+!b*c*d+!a*b*d+!a*!b*c,11,suboptimal,16
P33130,pun,a*b*c*!d+!a*!c*!d+a*!c*d+!b*c*d+!a*b*d+!a*!b*c,11,suboptimal,12
P33131,pdn,a*b*c*!d+a*!c*d+!b*c*d+!a*c*d+!a*b*!c+!a*!b*c,10,failed,
P33131,pun,a*b*c*!d+a*!c*d+!b*c*d+!a*c*d+!a*b*!c+!a*!b*c,10,suboptimal,14
P33134,pdn,a*b*c*!d+!a*!b*!d+a*!c*d+!b*c*d+!a*b*d,10,suboptimal,11
P33134,pun,a*b*c*!d+!a*!b*!d+a*!c*d+!b*c*d+!a*b*d,10,suboptimal,12
P33135,pdn,a*b*c*!d+a*!c*d+!b*c*d+!a*b*d+!a*!b*c,9,suboptimal,10
P33135,pun,a*b*c*!d+a*!c*d+!b*c*d+!a*b*d+!a*!b*c,9,suboptimal,15
P33150,pdn,!a*!b*!c*!d+a*b*c*!d+a*!c*d+!b*c*d+!a*b*d,11,suboptimal,12
P33150,pun,!a*!b*!c*!d+a*b*c*!d+a*!c*d+!b*c*d+!a*b*d,11,suboptimal,20
P33151,pdn,a*b*c*!d+a*!c*d+!b*c*d+!a*b*d,9,suboptimal,10
P33151,pun,a*b*c*!d+a*!c*d+!b*c*d+!a*b*d,9,suboptimal,16
P33152,pdn,!c*!d+a*!c+!b*c+!a*b,7,suboptimal,8
P33152,pun,!c*!d+a*!c+!b*c+!a*b,7,suboptimal,8
P33153,pun,a*!c+!b*c+!a*b,6,suboptimal,7
P33154,pdn,a*!c*d+!a*!d+b*!c+!b*c+!a*c,8,suboptimal,10
P33154,pun,a*!c*d+!a*!d+b*!c+!b*c+!a*c,8,suboptimal,11
P33155,pdn,a*!c*d+b*!c+!b*c+!a*c,7,suboptimal,10
P33155,pun,a*!c*d+b*!c+!b*c+!a*c,7,suboptimal,9
P33158,pdn,!a*!b*!d+b*!c*d+a*!c*d+a*b*!c+!b*c+!a*c,10,suboptimal,19
P33158,pun,!a*!b*!d+b*!c*d+a*!c*d+a*b*!c+!b*c+!a*c,10,suboptimal,11
P33159,pdn,b*!c*d+a*!c*d+a*b*!c+!b*c+!a*c,9,suboptimal,14
P33159,pun,b*!c*d+a*!c*d+a*b*!c+!b*c+!a*c,9,suboptimal,12
P33160,pdn,a*!c*d+!b*!d+!b*c+!a*b,8,suboptimal,10
P33160,pun,a*!c*d+!b*!d+!b*c+!a*b,8,suboptimal,9
P33161,pdn,b*!c*d+!b*c+a*!b+!a*b,7,suboptimal,8
P33161,pun,b*!c*d+!b*c+a*!b+!a*b,7,suboptimal,10
P33162,pdn,a*!c*d+!a*!d+!b*c+!a*b,8,suboptimal,11
P33162,pun,a*!c*d+!a*!d+!b*c+!a*b,8,suboptimal,10
P33163,pun,a*!c*d+!b*c+!a*b,7,suboptimal,8
P33166,pdn,!a*!b*!d+b*!c*d+a*!c*d+!b*c+!a*c,9,suboptimal,11
P33166,pun,!a*!b*!d+b*!c*d+a*!c*d+!b*c+!a*c,9,suboptimal,11
P33167,pun,b*!c*d+a*!c*d+!b*c+!a*c,7,suboptimal,9
P33174,pdn,!a*!b*!c*!d+b*!c*d+a*!c*d+!b*c*d+a*b*!c+a*!b*c+!a*b*c,11,suboptimal,20
P33174,pun,!a*!b*!c*!d+b*!c*d+a*!c*d+!b*c*d+a*b*!c+a*!b*c+!a*b*c,11,suboptimal,18
P33175,pdn,b*!c*d+a*!c*d+!b*c*d+a*b*!c+a*!b*c+!a*b*c,10,suboptimal,18
P33175,pun,b*!c*d+a*!c*d+!b*c*d+a*b*!c+a*!b*c+!a*b*c,10,suboptimal,17
P33176,pun,!b*!c*!d+b*!c*d+!b*c*d+a*!b+!a*b,9,suboptimal,10
P33177,pdn,b*!c*d+!b*c*d+a*!b+!a*b,7,suboptimal,8
P33177,pun,b*!c*d+!b*c*d+a*!b+!a*b,7,suboptimal,11
P33178,pdn,!a*!c*!d+a*!c*d+!b*c*d+a*!b*c+!a*b,9,suboptimal,15
P33178,pun,!a*!c*!d+a*!c*d+!b*c*d+a*!b*c+!a*b,9,suboptimal,10
P33179,pdn,a*!c*d+!b*c*d+a*!b*c+!a*b,8,suboptimal,9
P33179,pun,a*!c*d+!b*c*d+a*!b*c+!a*b,8,suboptimal,13
P33182,pdn,!a*!b*!c*!d+b*!c*d+a*!c*d+!b*c*d+a*!b*c+!a*b*c,10,failed,
P33182,pun,!a*!b*!c*!d+b*!c*d+a*!c*d+!b*c*d+a*!b*c+!a*b*c,10,suboptimal,17
P33183,pdn,b*!c*d+a*!c*d+!b*c*d+a*!b*c+!a*b*c,8,suboptimal,9
P33183,pun,b*!c*d+a*!c*d+!b*c*d+a*!b*c+!a*b*c,8,suboptimal,12
P33192,pun,b*!c*d+!b*c*d+a*!b*!c+!a*!d+!a*c,9,suboptimal,10
P33193,pdn,b*!c*d+!b*c*d+a*!b*!c+!a*c+!a*b,9,suboptimal,10
P33193,pun,b*!c*d+!b*c*d+a*!b*!c+!a*c+!a*b,9,suboptimal,12
P33194,pun,a*!c*d+!b*c*d+!a*!d+!a*b,8,suboptimal,10
P33195,pdn,a*!c*d+!b*c*d+!a*c+!a*b,7,suboptimal,8
P33195,pun,a*!c*d+!b*c*d+!a*c+!a*b,7,suboptimal,10
P33196,pdn,!b*!c*!d+b*!c*d+a*!c*d+!b*c*d+!a*c,9,suboptimal,12
P33196,pun,!b*!c*!d+b*!c*d+a*!c*d+!b*c*d+!a*c,9,suboptimal,12
P33197,pdn,b*!c*d+!b*c*d+a*!b*!c+!a*c,8,suboptimal,12
P33197,pun,b*!c*d+!b*c*d+a*!b*!c+!a*c,8,suboptimal,12
P33198,pdn,!a*!b*!d+b*!c*d+a*!c*d+!b*c*d+!a*c,8,suboptimal,12
P33198,pun,!a*!b*!d+b*!c*d+a*!c*d+!b*c*d+!a*c,8,suboptimal,10
P33199,pdn,b*!c*d+a*!c*d+!b*c*d+!a*c,7,suboptimal,8
P33199,pun,b*!c*d+a*!c*d+!b*c*d+!a*c,7,suboptimal,9
P33212,pdn,!b*!c*!d+b*!c*d+a*!c*d+!b*c*d+!a*b*c,10,suboptimal,16
P33212,pun,!b*!c*!d+b*!c*d+a*!c*d+!b*c*d+!a*b*c,10,suboptimal,13
P33213,pdn,b*!c*d+!b*c*d+a*!b*!c+!a*b*c,9,suboptimal,11
P33213,pun,b*!c*d+!b*c*d+a*!b*!c+!a*b*c,9,suboptimal,11
P33214,pdn,!a*!b*!c*!d+b*!c*d+a*!c*d+!b*c*d+!a*b*c,9,suboptimal,16
P33214,pun,!a*!b*!c*!d+b*!c*d+a*!c*d+!b*c*d+!a*b*c,9,suboptimal,10
P33215,pdn,b*!c*d+a*!c*d+!b*c*d+!a*b*c,8,suboptimal,9
P33215,pun,b*!c*d+a*!c*d+!b*c*d+!a*b*c,8,suboptimal,11
P33256,pdn,!b*!c*!d+a*!c*d+!b*c*d+!a*c*d+!a*b*!c+!a*!b*c,11,suboptimal,19
P33256,pun,!b*!c*!d+a*!c*d+!b*c*d+!a*c*d+!a*b*!c+!a*!b*c,11,suboptimal,16
P33257,pdn,b*!c*d+!b*c*d+!a*c*d+a*!b*!c+!a*b*!c+!a*!b*c,10,suboptimal,19
P33257,pun,b*!c*d+!b*c*d+!a*c*d+a*!b*!c+!a*b*!c+!a*!b*c,10,failed,
P33258,pdn,!a*!c*!d+a*!c*d+!b*c*d+!a*b*d+!a*!b*c,9,suboptimal,14
P33258,pun,!a*!c*!d+a*!c*d+!b*c*d+!a*b*d+!a*!b*c,9,suboptimal,11
P33259,pdn,a*!c*d+!b*c*d+!a*c*d+!a*b*!c+!a*!b*c,8,suboptimal,11
P33259,pun,a*!c*d+!b*c*d+!a*c*d+!a*b*!c+!a*!b*c,8,suboptimal,11
P33262,pdn,!a*!b*!d+a*!c*d+!b*c*d+!a*b*d,9,suboptimal,15
P33262,pun,!a*!b*!d+a*!c*d+!b*c*d+!a*b*d,9,suboptimal,10
P33263,pdn,a*!c*d+!b*c*d+!a*b*d+!a*!b*c,8,suboptimal,10
P33263,pun,a*!c*d+!b*c*d+!a*b*d+!a*!b*c,8,suboptimal,10
P33278,pdn,!a*!b*!c*!d+a*!c*d+!b*c*d+!a*b*d,9,suboptimal,10
P33278,pun,!a*!b*!c*!d+a*!c*d+!b*c*d+!a*b*d,9,suboptimal,17
P33279,pdn,a*!c*d+!b*c*d+!a*b*d,7,suboptimal,11
P33320,pun,!b*!c*!d+b*c*!d+b*!c*d+!b*c*d+!a,9,suboptimal,11
P33321,pdn,a*!b*!c*!d+b*c*!d+b*!c*d+!b*c*d+!a*d+!a*c+!a*b,11,failed,
P33321,pun,a*!b*!c*!d+b*c*!d+b*!c*d+!b*c*d+!a*d+!a*c+!a*b,11,suboptimal,12
P33322,pun,b*c*!d+b*!c*d+!b*c*d+!a,8,suboptimal,13
P33323,pdn,b*c*!d+b*!c*d+!b*c*d+!a*d+!a*c+!a*b,9,suboptimal,13
P33323,pun,b*c*!d+b*!c*d+!b*c*d+!a*d+!a*c+!a*b,9,suboptimal,13
P33324,pdn,!b*!c*!d+b*c*!d+b*!c*d+!b*c*d+!a*d+!a*!b,9,suboptimal,11
P33324,pun,!b*!c*!d+b*c*!d+b*!c*d+!b*c*d+!a*d+!a*!b,9,suboptimal,10
P33325,pdn,a*!b*!c*!d+b*c*!d+b*!c*d+!b*c*d+!a*d+!a*c,10,failed,
P33325,pun,a*!b*!c*!d+b*c*!d+b*!c*d+!b*c*d+!a*d+!a*c,10,suboptimal,16
P33326,pun,b*c*!d+b*!c*d+!b*c*d+!a*d+!a*!b,9,suboptimal,14
P33327,pdn,b*c*!d+b*!c*d+!b*c*d+!a*d+!a*c,8,suboptimal,11
P33327,pun,b*c*!d+b*!c*d+!b*c*d+!a*d+!a*c,8,suboptimal,15
P33340,pun,!b*!c*!d+b*c*!d+b*!c*d+!b*c*d+!a*d,9,suboptimal,13
P33341,pdn,a*!b*!c*!d+b*c*!d+b*!c*d+!b*c*d+!a*d,10,failed,
P33341,pun,a*!b*!c*!d+b*c*!d+b*!c*d+!b*c*d+!a*d,10,suboptimal,13
P33342,pdn,b*c*!d+b*!c*d+!b*c*d+!a*!b*!c+!a*d,8,suboptimal,10
P33342,pun,b*c*!d+b*!c*d+!b*c*d+!a*!b*!c+!a*d,8,suboptimal,15
P33343,pun,b*c*!d+b*!c*d+!b*c*d+!a*d,8,suboptimal,13
P33344,pun,!c*!d+a*!d+!a*d+b*!c+!b*c,9,suboptimal,11
P33345,pun,a*!d+!a*d+b*!c+!b*c,8,suboptimal,17
P33346,pdn,a*c*!d+!a*d+b*!c+!a*!c+!b*c,8,suboptimal,10
P33346,pun,a*c*!d+!a*d+b*!c+!a*!c+!b*c,8,suboptimal,11
P33347,pun,a*c*!d+!a*d+b*!c+!b*c,8,suboptimal,15
P33350,pdn,a*b*!d+b*!c*d+!a*d+!b*c+!a*!b,8,suboptimal,9
P33350,pun,a*b*!d+b*!c*d+!a*d+!b*c+!a*!b,8,suboptimal,16
P33351,pdn,a*b*!d+b*!c*d+!a*d+!b*c,8,suboptimal,10
P33351,pun,a*b*!d+b*!c*d+!a*d+!b*c,8,suboptimal,13
P33352,pdn,a*c*!d+b*!c*d+!b*!d+!a*d+!a*!c+!b*c,10,suboptimal,19
P33352,pun,a*c*!d+b*!c*d+!b*!d+!a*d+!a*!c+!b*c,10,suboptimal,11
P33353,pdn,a*c*!d+a*!b*!d+b*!c*d+!a*b*!c+!a*d+!b*c,10,failed,
P33353,pun,a*c*!d+a*!b*!d+b*!c*d+!a*b*!c+!a*d+!b*c,10,failed,
P33354,pdn,a*c*!d+b*!c*d+!a*d+!a*!c+!b*c,9,suboptimal,15
P33354,pun,a*c*!d+b*!c*d+!a*d+!a*!c+!b*c,9,suboptimal,10
P33355,pdn,a*c*!d+b*!c*d+!a*b*!c+!a*d+!b*c,9,suboptimal,15
P33355,pun,a*c*!d+b*!c*d+!a*b*!c+!a*d+!b*c,9,suboptimal,19
P33358,pdn,a*c*!d+b*!c*d+!a*d+!b*c+!a*!b,8,suboptimal,11
P33358,pun,a*c*!d+b*!c*d+!a*d+!b*c+!a*!b,8,suboptimal,15
P33359,pdn,a*c*!d+b*!c*d+!a*d+!b*c,8,suboptimal,10
P33359,pun,a*c*!d+b*!c*d+!a*d+!b*c,8,suboptimal,10
P33364,pun,!b*!c*!d+b*!c*d+!b*c*d+a*!d+!a*d,9,suboptimal,12
P33365,pun,b*!c*d+!b*c*d+a*!d+!a*d,8,suboptimal,17
P33366,pdn,a*b*!d+b*!c*d+!a*!b*!c+a*!b*c+!a*d,9,suboptimal,10
P33366,pun,a*b*!d+b*!c*d+!a*!b*!c+a*!b*c+!a*d,9,failed,
P33367,pdn,a*b*!d+b*!c*d+a*!b*c+!a*d,8,suboptimal,15
P33367,pun,a*b*!d+b*!c*d+a*!b*c+!a*d,8,suboptimal,20
P33368,pdn,!b*!c*!d+a*c*!d+b*!c*d+!b*c*d+!a*d+!a*!c,10,suboptimal,16
P33368,pun,!b*!c*!d+a*c*!d+b*!c*d+!b*c*d+!a*d+!a*!c,10,suboptimal,18
P33369,pdn,a*c*!d+a*!b*!d+b*!c*d+!b*c*d+!a*b*!c+!a*d,10,failed,
P33369,pun,a*c*!d+a*!b*!d+b*!c*d+!b*c*d+!a*b*!c+!a*d,10,suboptimal,11
P33370,pdn,a*c*!d+b*!c*d+!b*c*d+!a*d+!a*!c,9,suboptimal,11
P33370,pun,a*c*!d+b*!c*d+!b*c*d+!a*d+!a*!c,9,suboptimal,10
P33371,pdn,a*c*!d+b*!c*d+!b*c*d+!a*b*!c+!a*d,9,suboptimal,20
P33371,pun,a*c*!d+b*!c*d+!b*c*d+!a*b*!c+!a*d,9,suboptimal,16
P33372,pdn,!b*!c*!d+a*c*!d+b*!c*d+!b*c*d+!a*d,9,suboptimal,10
P33372,pun,!b*!c*!d+a*c*!d+b*!c*d+!b*c*d+!a*d,9,suboptimal,11
P33373,pdn,a*c*!d+a*!b*!d+b*!c*d+!b*c*d+!a*d,9,suboptimal,15
P33373,pun,a*c*!d+a*!b*!d+b*!c*d+!b*c*d+!a*d,9,suboptimal,16
P33374,pdn,a*c*!d+b*!c*d+!b*c*d+!a*!b*!c+!a*d,9,suboptimal,12
P33374,pun,a*c*!d+b*!c*d+!b*c*d+!a*!b*!c+!a*d,9,suboptimal,14
P33375,pdn,a*c*!d+b*!c*d+!b*c*d+!a*d,8,suboptimal,9
P33375,pun,a*c*!d+b*!c*d+!b*c*d+!a*d,8,suboptimal,9
P33384,pdn,a*b*c*!d+!b*!c*!d+b*!c*d+!b*c*d+!a*d+!a*!c+!a*!b,11,suboptimal,13
P33384,pun,a*b*c*!d+!b*!c*!d+b*!c*d+!b*c*d+!a*d+!a*!c+!a*!b,11,suboptimal,18
P33385,pdn,a*!b*!c*!d+a*b*c*!d+b*!c*d+!b*c*d+!a*b*!c+!a*!b*c+!a*d,11,failed,
P33385,pun,a*!b*!c*!d+a*b*c*!d+b*!c*d+!b*c*d+!a*b*!c+!a*!b*c+!a*d,11,failed,
P33386,pdn,a*b*c*!d+b*!c*d+!b*c*d+!a*d+!a*!c+!a*!b,10,failed,
P33386,pun,a*b*c*!d+b*!c*d+!b*c*d+!a*d+!a*!c+!a*!b,10,suboptimal,12
P33387,pdn,a*b*c*!d+b*!c*d+!b*c*d+!a*b*!c+!a*!b*c+!a*d,10,suboptimal,20
P33387,pun,a*b*c*!d+b*!c*d+!b*c*d+!a*b*!c+!a*!b*c+!a*d,10,failed,
P33388,pdn,a*b*c*!d+!b*!c*!d+b*!c*d+!b*c*d+!a*d+!a*!b,10,suboptimal,14
P33388,pun,a*b*c*!d+!b*!c*!d+b*!c*d+!b*c*d+!a*d+!a*!b,10,suboptimal,17
P33389,pdn,a*!b*!c*!d+a*b*c*!d+b*!c*d+!b*c*d+!a*!b*c+!a*d,11,failed,
P33389,pun,a*!b*!c*!d+a*b*c*!d+b*!c*d+!b*c*d+!a*!b*c+!a*d,11,failed,
P33390,pdn,a*b*c*!d+b*!c*d+!b*c*d+!a*d+!a*!b,10,suboptimal,16
P33390,pun,a*b*c*!d+b*!c*d+!b*c*d+!a*d+!a*!b,10,suboptimal,14
P33391,pdn,a*b*c*!d+b*!c*d+!b*c*d+!a*!b*c+!a*d,9,suboptimal,15
P33391,pun,a*b*c*!d+b*!c*d+!b*c*d+!a*!b*c+!a*d,9,suboptimal,14
P33404,pdn,a*b*c*!d+!b*!c*!d+b*!c*d+!b*c*d+!a*d,10,suboptimal,13
P33404,pun,a*b*c*!d+!b*!c*!d+b*!c*d+!b*c*d+!a*d,10,suboptimal,13
P33405,pdn,a*!b*!c*!d+a*b*c*!d+b*!c*d+!b*c*d+!a*d,10,failed,
P33405,pun,a*!b*!c*!d+a*b*c*!d+b*!c*d+!b*c*d+!a*d,10,suboptimal,20
P33406,pdn,a*b*c*!d+b*!c*d+!b*c*d+!a*!b*!c+!a*d,9,suboptimal,10
P33406,pun,a*b*c*!d+b*!c*d+!b*c*d+!a*!b*!c+!a*d,9,suboptimal,16
P33407,pun,a*b*c*!d+b*!c*d+!b*c*d+!a*d,9,suboptimal,18
P33408,pun,!c*!d+b*!c+!b*c+!a,6,suboptimal,7
P33409,pdn,a*!c*!d+!a*d+b*!c+!b*c+!a*c,8,suboptimal,9
P33409,pun,a*!c*!d+!a*d+b*!c+!b*c+!a*c,8,suboptimal,11
P33410,pun,b*!c+!b*c+!a,5,suboptimal,6
P33411,pun,!a*d+b*!c+!b*c+!a*c,7,suboptimal,8
P33412,pun,a*b*!c+!b*!d+!a*d+!b*c+!a*c,8,suboptimal,11
P33413,pdn,a*!c*!d+b*!c*d+!a*d+!b*c+!a*c,8,suboptimal,11
P33413,pun,a*!c*!d+b*!c*d+!a*d+!b*c+!a*c,8,suboptimal,10
P33414,pdn,a*b*!c+!a*d+!b*c+!a*c+!a*!b,8,suboptimal,10
P33414,pun,a*b*!c+!a*d+!b*c+!a*c+!a*!b,8,suboptimal,14
P33415,pdn,a*b*!c+!a*d+!b*c+!a*c,7,suboptimal,12
P33415,pun,a*b*!c+!a*d+!b*c+!a*c,7,suboptimal,13
P33416,pun,b*!c*d+!b*!d+!b*c+!a,7,suboptimal,11
P33417,pdn,a*!b*!d+b*!c*d+!a*d+!b*c+!a*b,9,suboptimal,11
P33417,pun,a*!b*!d+b*!c*d+!a*d+!b*c+!a*b,9,suboptimal,10
P33418,pun,b*!c*d+!b*c+!a,6,suboptimal,9
P33419,pdn,b*!c*d+!a*d+!b*c+!a*b,7,suboptimal,12
P33419,pun,b*!c*d+!a*d+!b*c+!a*b,7,suboptimal,8
P33420,pdn,b*!c*d+!b*!d+!a*d+!b*c+!a*c,7,suboptimal,8
P33420,pun,b*!c*d+!b*!d+!a*d+!b*c+!a*c,7,suboptimal,11
P33421,pdn,a*!b*!d+b*!c*d+!a*d+!b*c+!a*c,8,suboptimal,10
P33421,pun,a*!b*!d+b*!c*d+!a*d+!b*c+!a*c,8,suboptimal,11
P33422,pdn,b*!c*d+!b*c+!a*c+!a*!b,7,suboptimal,8
P33422,pun,b*!c*d+!b*c+!a*c+!a*!b,7,suboptimal,9
P33423,pdn,b*!c*d+!a*d+!b*c+!a*c,6,suboptimal,7
P33428,pun,a*!c*!d+b*!c*d+!a*!b*!c+a*!b*c+!a*b*c+!a*d,9,suboptimal,15
P33429,pdn,a*!c*!d+b*!c*d+a*!b*c+!a*b*c+!a*d,9,suboptimal,16
P33429,pun,a*!c*!d+b*!c*d+a*!b*c+!a*b*c+!a*d,9,suboptimal,14
P33430,pdn,!a*!b*!c+a*b*!c+a*!b*c+!a*b*c+!a*d,9,suboptimal,12
P33430,pun,!a*!b*!c+a*b*!c+a*!b*c+!a*b*c+!a*d,9,suboptimal,15
P33431,pdn,a*b*!c+a*!b*c+!a*b*c+!a*d,8,suboptimal,9
P33431,pun,a*b*!c+a*!b*c+!a*b*c+!a*d,8,suboptimal,18
P33432,pdn,a*!b*!d+b*!c*d+!b*c*d+!a*!c+!a*b,9,suboptimal,10
P33432,pun,a*!b*!d+b*!c*d+!b*c*d+!a*!c+!a*b,9,suboptimal,13
P33433,pdn,a*!b*!d+b*!c*d+!b*c*d+!a*d+!a*b,9,suboptimal,10
P33433,pun,a*!b*!d+b*!c*d+!b*c*d+!a*d+!a*b,9,suboptimal,13
P33434,pdn,b*!c*d+a*!b*c+!a*d+!a*!c+!a*b,8,suboptimal,11
P33434,pun,b*!c*d+a*!b*c+!a*d+!a*!c+!a*b,8,suboptimal,10
P33435,pdn,b*!c*d+a*!b*c+!a*d+!a*b,8,suboptimal,12
P33435,pun,b*!c*d+a*!b*c+!a*d+!a*b,8,suboptimal,12
P33436,pdn,a*!b*!d+b*!c*d+!b*c*d+!a*!b*!c+!a*b*c,9,suboptimal,12
P33436,pun,a*!b*!d+b*!c*d+!b*c*d+!a*!b*!c+!a*b*c,9,suboptimal,15
P33437,pdn,a*!b*!d+b*!c*d+!b*c*d+!a*b*c+!a*d,9,suboptimal,10
P33437,pun,a*!b*!d+b*!c*d+!b*c*d+!a*b*c+!a*d,9,suboptimal,11
P33438,pun,b*!c*d+!a*!b*!c+a*!b*c+!a*b*c+!a*d,8,suboptimal,19
P33439,pdn,b*!c*d+a*!b*c+!a*b*c+!a*d,7,suboptimal,10
P33439,pun,b*!c*d+a*!b*c+!a*b*c+!a*d,7,suboptimal,11
P33448,pun,!b*!c*!d+b*!c*d+!b*c*d+!a,8,suboptimal,11
P33449,pdn,a*!b*!c*!d+b*!c*d+!b*c*d+!a*d+!a*c+!a*b,10,suboptimal,19
P33449,pun,a*!b*!c*!d+b*!c*d+!b*c*d+!a*d+!a*c+!a*b,10,suboptimal,12
P33451,pdn,b*!c*d+!b*c*d+!a*d+!a*c+!a*b,8,suboptimal,9
P33451,pun,b*!c*d+!b*c*d+!a*d+!a*c+!a*b,8,suboptimal,10
P33452,pdn,!b*!c*!d+b*!c*d+!b*c*d+!a*d+!a*c,9,suboptimal,10
P33452,pun,!b*!c*!d+b*!c*d+!b*c*d+!a*d+!a*c,9,suboptimal,11
P33453,pdn,a*!b*!c*!d+b*!c*d+!b*c*d+!a*d+!a*c,10,suboptimal,11
P33453,pun,a*!b*!c*!d+b*!c*d+!b*c*d+!a*d+!a*c,10,suboptimal,11
P33454,pdn,b*!c*d+!b*c*d+!a*c+!a*!b,7,suboptimal,8
P33455,pdn,b*!c*d+!b*c*d+!a*d+!a*c,7,suboptimal,8
P33455,pun,b*!c*d+!b*c*d+!a*d+!a*c,7,suboptimal,8
P33468,pdn,!b*!c*!d+b*!c*d+!b*c*d+!a*b*c+!a*d,8,suboptimal,9
P33468,pun,!b*!c*!d+b*!c*d+!b*c*d+!a*b*c+!a*d,8,suboptimal,17
P33469,pdn,a*!b*!c*!d+b*!c*d+!b*c*d+!a*b*c+!a*d,9,suboptimal,10
P33469,pun,a*!b*!c*!d+b*!c*d+!b*c*d+!a*b*c+!a*d,9,suboptimal,14
P33470,pdn,b*!c*d+!b*c*d+!a*!b*!c+!a*b*c,8,suboptimal,10
P33470,pun,b*!c*d+!b*c*d+!a*!b*!c+!a*b*c,8,suboptimal,14
P33471,pun,b*!c*d+!b*c*d+!a*b*c+!a*d,7,suboptimal,9
P33472,pdn,!c*!d+!a*d+b*!c+!b*c,7,suboptimal,8
P33472,pun,!c*!d+!a*d+b*!c+!b*c,7,suboptimal,9
P33473,pdn,a*!c*!d+!a*d+b*!c+!b*c,8,suboptimal,9
P33473,pun,a*!c*!d+!a*d+b*!c+!b*c,8,suboptimal,15
P33474,pun,!a*d+b*!c+!a*!c+!b*c,7,suboptimal,9
P33475,pdn,!a*d+b*!c+!b*c,6,suboptimal,8
P33475,pun,!a*d+b*!c+!b*c,6,suboptimal,11
P33476,pdn,a*b*!c+!b*!d+!a*d+!b*c,8,suboptimal,10
P33476,pun,a*b*!c+!b*!d+!a*d+!b*c,8,suboptimal,11
P33477,pdn,a*!c*!d+b*!c*d+!a*d+!b*c,8,suboptimal,12
P33477,pun,a*!c*!d+b*!c*d+!a*d+!b*c,8,suboptimal,16
P33478,pdn,a*b*!c+!a*d+!b*c+!a*!b,7,suboptimal,10
P33478,pun,a*b*!c+!a*d+!b*c+!a*!b,7,suboptimal,16
P33479,pdn,a*b*!c+!a*d+!b*c,7,suboptimal,12
P33479,pun,a*b*!c+!a*d+!b*c,7,suboptimal,11
P33480,pdn,b*!c*d+!b*!d+!a*d+!a*!c+!b*c,9,suboptimal,11
P33480,pun,b*!c*d+!b*!d+!a*d+!a*!c+!b*c,9,suboptimal,10
P33481,pdn,a*!b*!d+b*!c*d+!a*b*!c+!a*d+!b*c,9,suboptimal,16
P33481,pun,a*!b*!d+b*!c*d+!a*b*!c+!a*d+!b*c,9,failed,
P33482,pdn,b*!c*d+!a*d+!a*!c+!b*c,7,suboptimal,8
P33482,pun,b*!c*d+!a*d+!a*!c+!b*c,7,suboptimal,10
P33483,pdn,b*!c*d+!a*b*!c+!a*d+!b*c,8,suboptimal,9
P33483,pun,b*!c*d+!a*b*!c+!a*d+!b*c,8,suboptimal,17
P33484,pdn,b*!c*d+!b*!d+!a*d+!b*c,7,suboptimal,10
P33484,pun,b*!c*d+!b*!d+!a*d+!b*c,7,suboptimal,12
P33485,pdn,a*!b*!d+b*!c*d+!a*d+!b*c,8,suboptimal,13
P33485,pun,a*!b*!d+b*!c*d+!a*d+!b*c,8,suboptimal,20
P33486,pdn,b*!c*d+!a*d+!b*c+!a*!b,6,suboptimal,7
P33486,pun,b*!c*d+!a*d+!b*c+!a*!b,6,suboptimal,7
P33487,pdn,b*!c*d+!a*d+!b*c,6,suboptimal,9
P33487,pun,b*!c*d+!a*d+!b*c,6,suboptimal,8
P33492,pdn,!b*!c*!d+a*!c*!d+b*!c*d+a*!b*c+!a*d,9,suboptimal,14
P33492,pun,!b*!c*!d+a*!c*!d+b*!c*d+a*!b*c+!a*d,9,suboptimal,15
P33493,pdn,a*!c*!d+b*!c*d+a*!b*c+!a*d,8,suboptimal,10
P33493,pun,a*!c*!d+b*!c*d+a*!b*c+!a*d,8,suboptimal,14
P33494,pdn,!a*!b*!c+a*b*!c+a*!b*c+!a*d,8,suboptimal,17
P33494,pun,!a*!b*!c+a*b*!c+a*!b*c+!a*d,8,suboptimal,13
P33495,pdn,a*b*!c+a*!b*c+!a*d,7,suboptimal,13
P33496,pdn,a*!b*!d+b*!c*d+!b*c*d+!a*d+!a*!c,9,suboptimal,10
P33496,pun,a*!b*!d+b*!c*d+!b*c*d+!a*d+!a*!c,9,suboptimal,10
P33497,pdn,a*!b*!d+b*!c*d+!b*c*d+!a*b*!c+!a*d,9,suboptimal,15
P33497,pun,a*!b*!d+b*!c*d+!b*c*d+!a*b*!c+!a*d,9,suboptimal,16
P33498,pdn,b*!c*d+a*!b*c+!a*d+!a*!c,8,suboptimal,11
P33498,pun,b*!c*d+a*!b*c+!a*d+!a*!c,8,suboptimal,9
P33499,pdn,b*!c*d+!a*b*!c+a*!b*c+!a*d,8,suboptimal,11
P33499,pun,b*!c*d+!a*b*!c+a*!b*c+!a*d,8,suboptimal,14
P33500,pdn,!b*!c*!d+a*!b*!d+b*!c*d+!b*c*d+!a*d,8,suboptimal,12
P33500,pun,!b*!c*!d+a*!b*!d+b*!c*d+!b*c*d+!a*d,8,suboptimal,10
P33501,pdn,a*!b*!d+b*!c*d+!b*c*d+!a*d,8,suboptimal,14
P33501,pun,a*!b*!d+b*!c*d+!b*c*d+!a*d,8,suboptimal,10
P33502,pdn,b*!c*d+!a*!b*!c+a*!b*c+!a*d,7,suboptimal,12
P33502,pun,b*!c*d+!a*!b*!c+a*!b*c+!a*d,7,suboptimal,12
P33503,pdn,b*!c*d+a*!b*c+!a*d,7,suboptimal,11
P33503,pun,b*!c*d+a*!b*c+!a*d,7,suboptimal,13
P33512,pdn,!b*!c*!d+b*!c*d+!b*c*d+!a*d+!a*!c+!a*!b,9,suboptimal,11
P33512,pun,!b*!c*!d+b*!c*d+!b*c*d+!a*d+!a*!c+!a*!b,9,suboptimal,17
P33513,pdn,a*!b*!c*!d+b*!c*d+!b*c*d+!a*b*!c+!a*!b*c+!a*d,10,suboptimal,20
P33513,pun,a*!b*!c*!d+b*!c*d+!b*c*d+!a*b*!c+!a*!b*c+!a*d,10,failed,
P33514,pdn,b*!c*d+!b*c*d+!a*d+!a*!c+!a*!b,8,suboptimal,9
P33514,pun,b*!c*d+!b*c*d+!a*d+!a*!c+!a*!b,8,suboptimal,10
P33515,pdn,b*!c*d+!b*c*d+!a*b*!c+!a*!b*c+!a*d,8,suboptimal,16
P33515,pun,b*!c*d+!b*c*d+!a*b*!c+!a*!b*c+!a*d,8,suboptimal,14
P33516,pdn,!b*!c*!d+b*!c*d+!b*c*d+!a*d+!a*!b,8,suboptimal,10
P33516,pun,!b*!c*!d+b*!c*d+!b*c*d+!a*d+!a*!b,8,suboptimal,12
P33517,pdn,a*!b*!c*!d+b*!c*d+!b*c*d+!a*!b*c+!a*d,9,suboptimal,18
P33517,pun,a*!b*!c*!d+b*!c*d+!b*c*d+!a*!b*c+!a*d,9,suboptimal,20
P33518,pdn,b*!c*d+!b*c*d+!a*d+!a*!b,7,suboptimal,8
P33518,pun,b*!c*d+!b*c*d+!a*d+!a*!b,7,suboptimal,8
P33519,pdn,b*!c*d+!b*c*d+!a*!b*c+!a*d,8,suboptimal,14
P33519,pun,b*!c*d+!b*c*d+!a*!b*c+!a*d,8,suboptimal,9
P33532,pun,!b*!c*!d+b*!c*d+!b*c*d+!a*d,8,suboptimal,15
P33533,pun,a*!b*!c*!d+b*!c*d+!b*c*d+!a*d,9,suboptimal,10
P33534,pun,b*!c*d+!b*c*d+!a*!b*!c+!a*d,7,suboptimal,14
P33535,pdn,b*!c*d+!b*c*d+!a*d,6,suboptimal,8
P33535,pun,b*!c*d+!b*c*d+!a*d,6,suboptimal,9
P33596,pdn,!b*!c*!d+b*c*!d+b*!c*d+!b*c*d+!a*c*d,9,suboptimal,14
P33596,pun,!b*!c*!d+b*c*!d+b*!c*d+!b*c*d+!a*c*d,9,suboptimal,14
P33597,pdn,a*!b*!c*!d+b*c*!d+b*!c*d+!b*c*d+!a*c*d,10,suboptimal,16
P33597,pun,a*!b*!c*!d+b*c*!d+b*!c*d+!b*c*d+!a*c*d,10,suboptimal,15
P33598,pdn,!a*!b*!c*!d+b*c*!d+b*!c*d+!b*c*d+!a*c*d,10,suboptimal,19
P33598,pun,!a*!b*!c*!d+b*c*!d+b*!c*d+!b*c*d+!a*c*d,10,suboptimal,16
P33599,pdn,b*c*!d+b*!c*d+!b*c*d+!a*c*d,8,suboptimal,11
P33599,pun,b*c*!d+b*!c*d+!b*c*d+!a*c*d,8,suboptimal,9
P33622,pdn,!a*!b*!c*!d+a*b*!d+b*!c*d+!a*c*d+a*!b*c,10,suboptimal,18
P33622,pun,!a*!b*!c*!d+a*b*!d+b*!c*d+!a*c*d+a*!b*c,10,suboptimal,20
P33623,pdn,a*b*!d+b*!c*d+!a*c*d+a*!b*c,8,suboptimal,19
P33623,pun,a*b*!d+b*!c*d+!a*c*d+a*!b*c,8,suboptimal,13
P33624,pdn,!b*!c*!d+a*c*!d+b*!c*d+!b*c*d+!a*c*d+!a*b*!c,10,suboptimal,15
P33624,pun,!b*!c*!d+a*c*!d+b*!c*d+!b*c*d+!a*c*d+!a*b*!c,10,suboptimal,11
P33625,pdn,a*c*!d+a*!b*!d+b*!c*d+!b*c*d+!a*c*d+!a*b*!c,10,suboptimal,18
P33625,pun,a*c*!d+a*!b*!d+b*!c*d+!b*c*d+!a*c*d+!a*b*!c,10,suboptimal,13
P33626,pdn,!a*!c*!d+a*c*!d+b*!c*d+!b*c*d+!a*c*d,9,suboptimal,11
P33626,pun,!a*!c*!d+a*c*!d+b*!c*d+!b*c*d+!a*c*d,9,suboptimal,14
P33627,pdn,a*c*!d+b*!c*d+!b*c*d+!a*c*d+!a*b*!c,9,suboptimal,13
P33627,pun,a*c*!d+b*!c*d+!b*c*d+!a*c*d+!a*b*!c,9,suboptimal,10
P33630,pdn,!a*!b*!c*!d+a*c*!d+b*!c*d+!b*c*d+!a*c*d,10,suboptimal,12
P33630,pun,!a*!b*!c*!d+a*c*!d+b*!c*d+!b*c*d+!a*c*d,10,suboptimal,19
P33631,pdn,a*c*!d+b*!c*d+!b*c*d+!a*c*d,8,suboptimal,13
P33631,pun,a*c*!d+b*!c*d+!b*c*d+!a*c*d,8,suboptimal,9
P33640,pdn,a*b*c*!d+!b*!c*!d+!a*!c*!d+!a*!b*!d+b*!c*d+!b*c*d+!a*c*d,11,suboptimal,15
P33640,pun,a*b*c*!d+!b*!c*!d+!a*!c*!d+!a*!b*!d+b*!c*d+!b*c*d+!a*c*d,11,suboptimal,13
P33641,pdn,a*!b*!c*!d+a*b*c*!d+b*!c*d+!b*c*d+!a*c*d+!a*b*!c+!a*!b*c,12,suboptimal,16
P33641,pun,a*!b*!c*!d+a*b*c*!d+b*!c*d+!b*c*d+!a*c*d+!a*b*!c+!a*!b*c,12,failed,
P33642,pdn,a*b*c*!d+!a*!c*!d+!a*!b*!d+b*!c*d+!b*c*d+!a*c*d,10,suboptimal,15
P33642,pun,a*b*c*!d+!a*!c*!d+!a*!b*!d+b*!c*d+!b*c*d+!a*c*d,10,failed,
P33643,pdn,a*b*c*!d+b*!c*d+!b*c*d+!a*c*d+!a*b*!c+!a*!b*c,10,failed,
P33643,pun,a*b*c*!d+b*!c*d+!b*c*d+!a*c*d+!a*b*!c+!a*!b*c,10,suboptimal,18
P33644,pdn,a*b*c*!d+!b*!c*!d+b*!c*d+!b*c*d+!a*c*d+!a*!b*c,10,failed,
P33644,pun,a*b*c*!d+!b*!c*!d+b*!c*d+!b*c*d+!a*c*d+!a*!b*c,10,suboptimal,19
P33645,pdn,a*!b*!c*!d+a*b*c*!d+b*!c*d+!b*c*d+!a*c*d+!a*!b*c,11,failed,
P33645,pun,a*!b*!c*!d+a*b*c*!d+b*!c*d+!b*c*d+!a*c*d+!a*!b*c,11,failed,
P33646,pdn,a*b*c*!d+!a*!b*!d+b*!c*d+!b*c*d+!a*c*d,10,suboptimal,17
P33646,pun,a*b*c*!d+!a*!b*!d+b*!c*d+!b*c*d+!a*c*d,10,suboptimal,14
P33647,pdn,a*b*c*!d+b*!c*d+!b*c*d+!a*c*d+!a*!b*c,10,suboptimal,12
P33647,pun,a*b*c*!d+b*!c*d+!b*c*d+!a*c*d+!a*!b*c,10,suboptimal,15
P33660,pdn,a*b*c*!d+!b*!c*!d+b*!c*d+!b*c*d+!a*c*d,10,suboptimal,16
P33660,pun,a*b*c*!d+!b*!c*!d+b*!c*d+!b*c*d+!a*c*d,10,suboptimal,17
P33661,pdn,a*!b*!c*!d+a*b*c*!d+b*!c*d+!b*c*d+!a*c*d,10,suboptimal,19
P33661,pun,a*!b*!c*!d+a*b*c*!d+b*!c*d+!b*c*d+!a*c*d,10,suboptimal,14
P33662,pdn,!a*!b*!c*!d+a*b*c*!d+b*!c*d+!b*c*d+!a*c*d,10,failed,
P33662,pun,!a*!b*!c*!d+a*b*c*!d+b*!c*d+!b*c*d+!a*c*d,10,suboptimal,20
P33663,pdn,a*b*c*!d+b*!c*d+!b*c*d+!a*c*d,9,suboptimal,10
P33663,pun,a*b*c*!d+b*!c*d+!b*c*d+!a*c*d,9,suboptimal,19
P33664,pdn,!c*!d+b*!c+!b*c+!a*c,6,suboptimal,7
P33664,pun,!c*!d+b*!c+!b*c+!a*c,6,suboptimal,7
P33665,pdn,a*!c*!d+b*!c+!b*c+!a*c,7,suboptimal,9
P33665,pun,a*!c*!d+b*!c+!b*c+!a*c,7,suboptimal,11
P33666,pun,!a*!d+b*!c+!b*c+!a*c,7,suboptimal,10
P33668,pdn,!a*b*d+a*b*!c+!b*!d+!b*c+!a*c,8,suboptimal,11
P33668,pun,!a*b*d+a*b*!c+!b*!d+!b*c+!a*c,8,suboptimal,12
P33669,pdn,a*!c*!d+b*!c*d+!b*c+!a*c,8,suboptimal,12
P33669,pun,a*!c*!d+b*!c*d+!b*c+!a*c,8,suboptimal,10
P33670,pdn,!a*!b*!d+!a*b*d+a*b*!c+!b*c+!a*c,9,suboptimal,15
P33670,pun,!a*!b*!d+!a*b*d+a*b*!c+!b*c+!a*c,9,suboptimal,11
P33671,pdn,!a*b*d+a*b*!c+!b*c+!a*c,7,suboptimal,11
P33671,pun,!a*b*d+a*b*!c+!b*c+!a*c,7,suboptimal,11
P33672,pdn,b*!c*d+!b*!d+!b*c+!a*b,7,suboptimal,10
P33672,pun,b*!c*d+!b*!d+!b*c+!a*b,7,suboptimal,8
P33673,pun,a*!b*!d+b*!c*d+!b*c+!a*b,8,suboptimal,11
P33674,pdn,b*!c*d+!a*!d+!b*c+!a*c,7,suboptimal,8
P33674,pun,b*!c*d+!a*!d+!b*c+!a*c,7,suboptimal,9
P33675,pdn,b*!c*d+!b*c+!a*b,6,suboptimal,11
P33675,pun,b*!c*d+!b*c+!a*b,6,suboptimal,7
P33676,pdn,b*!c*d+!b*!d+!b*c+!a*c,7,suboptimal,10
P33676,pun,b*!c*d+!b*!d+!b*c+!a*c,7,suboptimal,15
P33677,pdn,a*!b*!d+b*!c*d+!b*c+!a*c,8,suboptimal,11
P33677,pun,a*!b*!d+b*!c*d+!b*c+!a*c,8,suboptimal,11
P33678,pdn,!a*!b*!d+b*!c*d+!b*c+!a*c,8,suboptimal,9
P33678,pun,!a*!b*!d+b*!c*d+!b*c+!a*c,8,suboptimal,10
P33679,pdn,b*!c*d+!b*c+!a*c,6,suboptimal,9
P33679,pun,b*!c*d+!b*c+!a*c,6,suboptimal,9
P33684,pdn,!b*!c*!d+b*!c*d+!b*c*d+a*b*!c+a*!b*c+!a*b*c,10,suboptimal,14
P33684,pun,!b*!c*!d+b*!c*d+!b*c*d+a*b*!c+a*!b*c+!a*b*c,10,suboptimal,19
P33685,pdn,a*!c*!d+b*!c*d+!b*c*d+a*!b*c+!a*b*c,9,suboptimal,13
P33685,pun,a*!c*!d+b*!c*d+!b*c*d+a*!b*c+!a*b*c,9,suboptimal,16
P33686,pdn,!a*!b*!c*!d+b*!c*d+!b*c*d+a*b*!c+a*!b*c+!a*b*c,10,failed,
P33686,pun,!a*!b*!c*!d+b*!c*d+!b*c*d+a*b*!c+a*!b*c+!a*b*c,10,suboptimal,19
P33687,pdn,b*!c*d+!b*c*d+a*b*!c+a*!b*c+!a*b*c,8,suboptimal,16
P33687,pun,b*!c*d+!b*c*d+a*b*!c+a*!b*c+!a*b*c,8,suboptimal,11
P33688,pdn,!a*!c*!d+a*!b*!d+b*!c*d+!b*c*d+!a*b,9,suboptimal,11
P33688,pun,!a*!c*!d+a*!b*!d+b*!c*d+!b*c*d+!a*b,9,suboptimal,12
P33689,pun,a*!b*!d+b*!c*d+!b*c*d+!a*b,8,suboptimal,9
P33690,pdn,!a*!c*!d+b*!c*d+!b*c*d+a*!b*c+!a*b,9,suboptimal,13
P33690,pun,!a*!c*!d+b*!c*d+!b*c*d+a*!b*c+!a*b,9,suboptimal,12
P33691,pdn,b*!c*d+!b*c*d+a*!b*c+!a*b,7,suboptimal,11
P33691,pun,b*!c*d+!b*c*d+a*!b*c+!a*b,7,suboptimal,9
P33692,pdn,!b*!c*!d+b*!c*d+!b*c*d+a*!b*c+!a*b*c,9,suboptimal,13
P33692,pun,!b*!c*!d+b*!c*d+!b*c*d+a*!b*c+!a*b*c,9,suboptimal,16
P33693,pdn,a*!b*!d+b*!c*d+!b*c*d+!a*b*c,9,suboptimal,17
P33693,pun,a*!b*!d+b*!c*d+!b*c*d+!a*b*c,9,suboptimal,11
P33694,pdn,!a*!b*!c*!d+b*!c*d+!b*c*d+a*!b*c+!a*b*c,10,suboptimal,17
P33694,pun,!a*!b*!c*!d+b*!c*d+!b*c*d+a*!b*c+!a*b*c,10,suboptimal,16
P33695,pdn,b*!c*d+!b*c*d+a*!b*c+!a*b*c,8,suboptimal,14
P33695,pun,b*!c*d+!b*c*d+a*!b*c+!a*b*c,8,suboptimal,11
P33704,pdn,!b*!c*!d+b*!c*d+!b*c*d+!a*!d+!a*c,8,suboptimal,10
P33704,pun,!b*!c*!d+b*!c*d+!b*c*d+!a*!d+!a*c,8,suboptimal,9
P33705,pdn,a*!b*!c*!d+b*!c*d+!b*c*d+!a*c+!a*b,9,suboptimal,11
P33705,pun,a*!b*!c*!d+b*!c*d+!b*c*d+!a*c+!a*b,9,suboptimal,12
P33706,pdn,b*!c*d+!b*c*d+!a*!d+!a*c,7,suboptimal,8
P33706,pun,b*!c*d+!b*c*d+!a*!d+!a*c,7,suboptimal,8
P33707,pdn,b*!c*d+!b*c*d+!a*c+!a*b,6,suboptimal,8
P33708,pdn,!b*!c*!d+b*!c*d+!b*c*d+!a*c,8,suboptimal,10
P33708,pun,!b*!c*!d+b*!c*d+!b*c*d+!a*c,8,suboptimal,11
P33709,pdn,a*!b*!c*!d+b*!c*d+!b*c*d+!a*c,9,suboptimal,10
P33709,pun,a*!b*!c*!d+b*!c*d+!b*c*d+!a*c,9,suboptimal,13
P33710,pdn,!a*!b*!d+b*!c*d+!b*c*d+!a*c,7,suboptimal,9
P33711,pdn,b*!c*d+!b*c*d+!a*c,6,suboptimal,7
P33711,pun,b*!c*d+!b*c*d+!a*c,6,suboptimal,7
P33724,pdn,!b*!c*!d+b*!c*d+!b*c*d+!a*b*c,9,suboptimal,15
P33724,pun,!b*!c*!d+b*!c*d+!b*c*d+!a*b*c,9,suboptimal,11
P33725,pdn,a*!b*!c*!d+b*!c*d+!b*c*d+!a*b*c,10,suboptimal,14
P33725,pun,a*!b*!c*!d+b*!c*d+!b*c*d+!a*b*c,10,suboptimal,15
P33726,pdn,!a*!b*!c*!d+b*!c*d+!b*c*d+!a*b*c,8,suboptimal,14
P33726,pun,!a*!b*!c*!d+b*!c*d+!b*c*d+!a*b*c,8,suboptimal,10
P33727,pdn,b*!c*d+!b*c*d+!a*b*c,7,suboptimal,9
P33727,pun,b*!c*d+!b*c*d+!a*b*c,7,suboptimal,9
P33728,pdn,!a*c*d+!c*!d+b*!c+!b*c,7,suboptimal,9
P33728,pun,!a*c*d+!c*!d+b*!c+!b*c,7,suboptimal,9
P33729,pdn,a*!c*!d+!a*c*d+b*!c+!b*c,8,suboptimal,12
P33729,pun,a*!c*!d+!a*c*d+b*!c+!b*c,8,suboptimal,13
P33730,pdn,!a*!c*!d+!a*c*d+b*!c+!b*c,7,suboptimal,10
P33730,pun,!a*!c*!d+!a*c*d+b*!c+!b*c,7,suboptimal,11
P33731,pdn,!a*c*d+b*!c+!b*c,6,suboptimal,9
P33731,pun,!a*c*d+b*!c+!b*c,6,suboptimal,9
P33732,pdn,!a*b*d+a*b*!c+!b*!d+!b*c,8,suboptimal,11
P33732,pun,!a*b*d+a*b*!c+!b*!d+!b*c,8,suboptimal,11
P33733,pdn,a*!c*!d+b*!c*d+!a*c*d+!b*c,8,suboptimal,18
P33733,pun,a*!c*!d+b*!c*d+!a*c*d+!b*c,8,suboptimal,14
P33734,pdn,!a*!b*!d+!a*b*d+a*b*!c+!b*c,8,suboptimal,11
P33734,pun,!a*!b*!d+!a*b*d+a*b*!c+!b*c,8,suboptimal,12
P33735,pdn,!a*b*d+a*b*!c+!b*c,7,suboptimal,11
P33735,pun,!a*b*d+a*b*!c+!b*c,7,suboptimal,9
P33736,pdn,!a*!c*!d+b*!c*d+!a*c*d+!b*!d+!b*c,9,suboptimal,15
P33736,pun,!a*!c*!d+b*!c*d+!a*c*d+!b*!d+!b*c,9,suboptimal,11
P33737,pdn,a*!b*!d+b*!c*d+!a*c*d+!a*b*!c+!b*c,10,suboptimal,14
P33737,pun,a*!b*!d+b*!c*d+!a*c*d+!a*b*!c+!b*c,10,suboptimal,18
P33738,pdn,!a*!c*!d+b*!c*d+!a*c*d+!b*c,8,suboptimal,9
P33738,pun,!a*!c*!d+b*!c*d+!a*c*d+!b*c,8,suboptimal,13
P33739,pdn,b*!c*d+!a*c*d+!a*b*!c+!b*c,7,suboptimal,13
P33739,pun,b*!c*d+!a*c*d+!a*b*!c+!b*c,7,suboptimal,12
P33740,pdn,b*!c*d+!a*c*d+!b*!d+!b*c,7,suboptimal,11
P33740,pun,b*!c*d+!a*c*d+!b*!d+!b*c,7,suboptimal,12
P33741,pdn,a*!b*!d+b*!c*d+!a*c*d+!b*c,8,suboptimal,12
P33741,pun,a*!b*!d+b*!c*d+!a*c*d+!b*c,8,suboptimal,13
P33742,pdn,!a*!b*!d+b*!c*d+!a*c*d+!b*c,7,suboptimal,11
P33742,pun,!a*!b*!d+b*!c*d+!a*c*d+!b*c,7,suboptimal,14
P33743,pdn,b*!c*d+!a*c*d+!b*c,6,suboptimal,9
P33743,pun,b*!c*d+!a*c*d+!b*c,6,suboptimal,8
P33748,pdn,!b*!c*!d+!b*c*d+!a*b*d+a*b*!c+a*!b*c,9,suboptimal,15
P33748,pun,!b*!c*!d+!b*c*d+!a*b*d+a*b*!c+a*!b*c,9,suboptimal,13
P33749,pdn,a*!c*!d+b*!c*d+!b*c*d+!a*b*d+a*!b*c,8,suboptimal,11
P33749,pun,a*!c*!d+b*!c*d+!b*c*d+!a*b*d+a*!b*c,8,suboptimal,15
P33750,pdn,!a*!b*!c*!d+!b*c*d+!a*b*d+a*b*!c+a*!b*c,10,suboptimal,18
P33750,pun,!a*!b*!c*!d+!b*c*d+!a*b*d+a*b*!c+a*!b*c,10,suboptimal,15
P33751,pdn,!b*c*d+!a*b*d+a*b*!c+a*!b*c,7,suboptimal,11
P33751,pun,!b*c*d+!a*b*d+a*b*!c+a*!b*c,7,suboptimal,10
P33752,pdn,!a*!c*!d+a*!b*!d+b*!c*d+!b*c*d+!a*c*d,9,suboptimal,12
P33752,pun,!a*!c*!d+a*!b*!d+b*!c*d+!b*c*d+!a*c*d,9,suboptimal,15
P33753,pdn,a*!b*!d+b*!c*d+!b*c*d+!a*c*d+!a*b*!c,9,suboptimal,10
P33753,pun,a*!b*!d+b*!c*d+!b*c*d+!a*c*d+!a*b*!c,9,suboptimal,13
P33754,pdn,!a*!c*!d+b*!c*d+!a*c*d+a*!b*c,9,suboptimal,14
P33754,pun,!a*!c*!d+b*!c*d+!a*c*d+a*!b*c,9,suboptimal,10
P33755,pdn,b*!c*d+!a*c*d+!a*b*!c+a*!b*c,8,suboptimal,9
P33755,pun,b*!c*d+!a*c*d+!a*b*!c+a*!b*c,8,suboptimal,9
P33756,pdn,!b*!c*!d+b*!c*d+!a*c*d+a*!b*c,8,suboptimal,11
P33756,pun,!b*!c*!d+b*!c*d+!a*c*d+a*!b*c,8,suboptimal,13
P33757,pdn,a*!b*!d+b*!c*d+!b*c*d+!a*c*d,8,suboptimal,13
P33757,pun,a*!b*!d+b*!c*d+!b*c*d+!a*c*d,8,suboptimal,12
P33758,pdn,!a*!b*!c*!d+b*!c*d+!a*c*d+a*!b*c,9,suboptimal,11
P33758,pun,!a*!b*!c*!d+b*!c*d+!a*c*d+a*!b*c,9,suboptimal,16
P33759,pdn,b*!c*d+!a*c*d+a*!b*c,7,suboptimal,9
P33759,pun,b*!c*d+!a*c*d+a*!b*c,7,suboptimal,10
P33768,pdn,!b*!c*!d+!a*!c*!d+!a*!b*!d+b*!c*d+!b*c*d+!a*c*d,10,suboptimal,14
P33768,pun,!b*!c*!d+!a*!c*!d+!a*!b*!d+b*!c*d+!b*c*d+!a*c*d,10,suboptimal,13
P33769,pdn,a*!b*!c*!d+b*!c*d+!b*c*d+!a*c*d+!a*b*!c+!a*!b*c,11,suboptimal,15
P33769,pun,a*!b*!c*!d+b*!c*d+!b*c*d+!a*c*d+!a*b*!c+!a*!b*c,11,suboptimal,16
P33770,pdn,!a*!c*!d+!a*!b*!d+b*!c*d+!b*c*d+!a*c*d,8,suboptimal,11
P33770,pun,!a*!c*!d+!a*!b*!d+b*!c*d+!b*c*d+!a*c*d,8,suboptimal,10
P33771,pdn,b*!c*d+!b*c*d+!a*c*d+!a*b*!c+!a*!b*c,8,suboptimal,15
P33771,pun,b*!c*d+!b*c*d+!a*c*d+!a*b*!c+!a*!b*c,8,suboptimal,11
P33772,pdn,!b*!c*!d+b*!c*d+!b*c*d+!a*c*d+!a*!b*c,8,suboptimal,11
P33772,pun,!b*!c*!d+b*!c*d+!b*c*d+!a*c*d+!a*!b*c,8,suboptimal,14
P33773,pdn,a*!b*!c*!d+b*!c*d+!b*c*d+!a*c*d+!a*!b*c,9,suboptimal,15
P33773,pun,a*!b*!c*!d+b*!c*d+!b*c*d+!a*c*d+!a*!b*c,9,suboptimal,15
P33774,pdn,!a*!b*!d+b*!c*d+!b*c*d+!a*c*d,8,suboptimal,10
P33774,pun,!a*!b*!d+b*!c*d+!b*c*d+!a*c*d,8,suboptimal,11
P33775,pdn,b*!c*d+!b*c*d+!a*c*d+!a*!b*c,7,suboptimal,9
P33775,pun,b*!c*d+!b*c*d+!a*c*d+!a*!b*c,7,suboptimal,8
P33788,pdn,!b*!c*!d+b*!c*d+!b*c*d+!a*c*d,8,suboptimal,11
P33788,pun,!b*!c*!d+b*!c*d+!b*c*d+!a*c*d,8,suboptimal,12
P33789,pdn,a*!b*!c*!d+b*!c*d+!b*c*d+!a*c*d,9,suboptimal,15
P33789,pun,a*!b*!c*!d+b*!c*d+!b*c*d+!a*c*d,9,suboptimal,15
P33790,pdn,!a*!b*!c*!d+b*!c*d+!b*c*d+!a*c*d,8,suboptimal,10
P33790,pun,!a*!b*!c*!d+b*!c*d+!b*c*d+!a*c*d,8,suboptimal,11
P33791,pdn,b*!c*d+!b*c*d+!a*c*d,6,suboptimal,13
P33791,pun,b*!c*d+!b*c*d+!a*c*d,6,suboptimal,8
P34400,pdn,a*b*!d+!b*c*d+!a*c*d+a*b*!c+!c*!d+!a*!b,10,failed,
P34400,pun,a*b*!d+!b*c*d+!a*c*d+a*b*!c+!c*!d+!a*!b,10,suboptimal,17
P34401,pdn,b*!c*!d+a*!c*!d+a*b*!d+!b*c*d+!a*c*d+!a*!b*d+a*b*!c+!a*!b*c,12,failed,
P34401,pun,b*!c*!d+a*!c*!d+a*b*!d+!b*c*d+!a*c*d+!a*!b*d+a*b*!c+!a*!b*c,12,failed,
P34402,pdn,b*!c*!d+a*b*!d+!b*c*d+!a*c*d+a*b*!c+!a*!b,10,suboptimal,15
P34402,pun,b*!c*!d+a*b*!d+!b*c*d+!a*c*d+a*b*!c+!a*!b,10,suboptimal,18
P34403,pdn,b*!c*!d+a*b*!d+!b*c*d+!a*c*d+!a*!b*d+a*b*!c+!a*!b*c,11,failed,
P34403,pun,b*!c*!d+a*b*!d+!b*c*d+!a*c*d+!a*!b*d+a*b*!c+!a*!b*c,11,suboptimal,14
P34406,pdn,a*b*!d+!b*c*d+!a*c*d+a*b*!c+!a*!b,9,failed,
P34406,pun,a*b*!d+!b*c*d+!a*c*d+a*b*!c+!a*!b,9,suboptimal,19
P34407,pdn,a*b*!d+!b*c*d+!a*c*d+!a*!b*d+a*b*!c+!a*!b*c,11,suboptimal,20
P34407,pun,a*b*!d+!b*c*d+!a*c*d+!a*!b*d+a*b*!c+!a*!b*c,11,suboptimal,17
P34408,pdn,a*b*c*!d+a*b*!c*d+!b*!c*!d+!a*!c*!d+!b*c*d+!a*c*d+!a*!b,11,failed,
P34408,pun,a*b*c*!d+a*b*!c*d+!b*!c*!d+!a*!c*!d+!b*c*d+!a*c*d+!a*!b,11,failed,
P34409,pdn,a*!b*!c*!d+!a*b*!c*!d+a*b*c*!d+a*b*!c*d+!b*c*d+!a*c*d+!a*!b*d+!a*!b*c,14,failed,
P34409,pun,a*!b*!c*!d+!a*b*!c*!d+a*b*c*!d+a*b*!c*d+!b*c*d+!a*c*d+!a*!b*d+!a*!b*c,12,failed,
P34410,pdn,a*b*c*!d+a*b*!c*d+!a*!c*!d+!b*c*d+!a*c*d+!a*!b,11,failed,
P34410,pun,a*b*c*!d+a*b*!c*d+!a*!c*!d+!b*c*d+!a*c*d+!a*!b,11,suboptimal,18
P34411,pdn,!a*b*!c*!d+a*b*c*!d+a*b*!c*d+!b*c*d+!a*c*d+!a*!b*d+!a*!b*c,12,failed,
P34411,pun,!a*b*!c*!d+a*b*c*!d+a*b*!c*d+!b*c*d+!a*c*d+!a*!b*d+!a*!b*c,12,failed,
P34414,pdn,a*b*c*!d+a*b*!c*d+!b*c*d+!a*c*d+!a*!b,10,suboptimal,16
P34414,pun,a*b*c*!d+a*b*!c*d+!b*c*d+!a*c*d+!a*!b,10,suboptimal,14
P34415,pdn,a*b*c*!d+a*b*!c*d+!b*c*d+!a*c*d+!a*!b*d+!a*!b*c,10,failed,
P34415,pun,a*b*c*!d+a*b*!c*d+!b*c*d+!a*c*d+!a*!b*d+!a*!b*c,10,suboptimal,20
P34418,pdn,!a*!c*!d+a*b*!d+!b*c*d+!a*c*d+!a*!b*d+a*b*!c,10,suboptimal,18
P34418,pun,!a*!c*!d+a*b*!d+!b*c*d+!a*c*d+!a*!b*d+a*b*!c,10,suboptimal,16
P34419,pdn,b*!c*!d+a*b*!d+!b*c*d+!a*c*d+!a*!b*d+a*b*!c,10,suboptimal,15
P34419,pun,b*!c*!d+a*b*!d+!b*c*d+!a*c*d+!a*!b*d+a*b*!c,10,suboptimal,20
P34422,pdn,a*b*!d+!b*c*d+!a*c*d+!a*!b*!c+a*b*!c,10,suboptimal,16
P34422,pun,a*b*!d+!b*c*d+!a*c*d+!a*!b*!c+a*b*!c,10,suboptimal,18
P34423,pdn,a*b*!d+!b*c*d+!a*c*d+!a*!b*d+a*b*!c,9,failed,
P34423,pun,a*b*!d+!b*c*d+!a*c*d+!a*!b*d+a*b*!c,9,suboptimal,12
P34424,pdn,a*b*c*!d+a*b*!c*d+!b*!c*!d+!a*!c*!d+!b*c*d+!a*c*d+!a*!b*d,12,failed,
P34424,pun,a*b*c*!d+a*b*!c*d+!b*!c*!d+!a*!c*!d+!b*c*d+!a*c*d+!a*!b*d,12,failed,
P34425,pdn,a*!b*!c*!d+!a*b*!c*!d+a*b*c*!d+a*b*!c*d+!b*c*d+!a*c*d+!a*!b*d,12,failed,
P34425,pun,a*!b*!c*!d+!a*b*!c*!d+a*b*c*!d+a*b*!c*d+!b*c*d+!a*c*d+!a*!b*d,12,failed,
P34426,pdn,a*b*c*!d+a*b*!c*d+!a*!c*!d+!b*c*d+!a*c*d+!a*!b*d,11,suboptimal,13
P34426,pun,a*b*c*!d+a*b*!c*d+!a*!c*!d+!b*c*d+!a*c*d+!a*!b*d,11,suboptimal,16
P34427,pdn,!a*b*!c*!d+a*b*c*!d+a*b*!c*d+!b*c*d+!a*c*d+!a*!b*d,11,failed,
P34427,pun,!a*b*!c*!d+a*b*c*!d+a*b*!c*d+!b*c*d+!a*c*d+!a*!b*d,11,suboptimal,20
P34430,pdn,a*b*c*!d+a*b*!c*d+!b*c*d+!a*c*d+!a*!b*!c,10,failed,
P34430,pun,a*b*c*!d+a*b*!c*d+!b*c*d+!a*c*d+!a*!b*!c,10,suboptimal,17
P34431,pdn,a*b*c*!d+a*b*!c*d+!b*c*d+!a*c*d+!a*!b*d,10,suboptimal,17
P34431,pun,a*b*c*!d+a*b*!c*d+!b*c*d+!a*c*d+!a*!b*d,10,suboptimal,19
P34432,pdn,a*b*!c+!c*!d+!b*c+!a*c+!a*!b,8,suboptimal,10
P34432,pun,a*b*!c+!c*!d+!b*c+!a*c+!a*!b,8,suboptimal,10
P34433,pdn,a*!b*!d+!a*b*!d+!a*!b*d+a*b*!c+!b*c+!a*c,10,suboptimal,17
P34433,pun,a*!b*!d+!a*b*!d+!a*!b*d+a*b*!c+!b*c+!a*c,10,suboptimal,12
P34434,pdn,a*b*!c+!a*!d+!b*c+!a*c+!a*!b,8,suboptimal,20
P34434,pun,a*b*!c+!a*!d+!b*c+!a*c+!a*!b,8,suboptimal,12
P34435,pdn,!a*b*!d+!a*!b*d+a*b*!c+!b*c+!a*c,9,suboptimal,15
P34435,pun,!a*b*!d+!a*!b*d+a*b*!c+!b*c+!a*c,9,failed,
P34438,pdn,a*b*!c+!b*c+!a*c+!a*!b,7,suboptimal,9
P34439,pdn,!a*!b*d+a*b*!c+!b*c+!a*c,8,suboptimal,9
P34439,pun,!a*!b*d+a*b*!c+!b*c+!a*c,8,suboptimal,12
P34440,pdn,a*b*!c*d+!b*!d+!a*!d+!b*c+!a*c+!a*!b,9,suboptimal,14
P34440,pun,a*b*!c*d+!b*!d+!a*!d+!b*c+!a*c+!a*!b,9,suboptimal,14
P34441,pdn,a*b*!c*d+a*!b*!d+!a*b*!d+!a*!b*d+!b*c+!a*c,10,suboptimal,12
P34441,pun,a*b*!c*d+a*!b*!d+!a*b*!d+!a*!b*d+!b*c+!a*c,10,failed,
P34442,pdn,a*b*!c*d+!a*!d+!b*c+!a*c+!a*!b,9,suboptimal,15
P34442,pun,a*b*!c*d+!a*!d+!b*c+!a*c+!a*!b,9,suboptimal,12
P34443,pdn,a*b*!c*d+!a*b*!d+!a*!b*d+!b*c+!a*c,10,suboptimal,13
P34443,pun,a*b*!c*d+!a*b*!d+!a*!b*d+!b*c+!a*c,10,failed,
P34446,pdn,a*b*!c*d+!b*c+!a*c+!a*!b,8,suboptimal,12
P34446,pun,a*b*!c*d+!b*c+!a*c+!a*!b,8,suboptimal,9
P34447,pdn,a*b*!c*d+!a*!b*d+!b*c+!a*c,8,suboptimal,9
P34447,pun,a*b*!c*d+!a*!b*d+!b*c+!a*c,8,suboptimal,11
P34448,pdn,!a*!b*d+a*b*!c+a*!b*c+!a*b*c+!c*!d,9,suboptimal,13
P34448,pun,!a*!b*d+a*b*!c+a*!b*c+!a*b*c+!c*!d,9,suboptimal,11
P34449,pdn,a*!c*!d+!a*b*!d+!a*c*d+!a*!b*d+a*b*!c+a*!b*c,10,suboptimal,13
P34449,pun,a*!c*!d+!a*b*!d+!a*c*d+!a*!b*d+a*b*!c+a*!b*c,10,suboptimal,17
P34450,pdn,!a*!c*!d+!a*!b*d+a*b*!c+a*!b*c+!a*b*c,9,suboptimal,19
P34450,pun,!a*!c*!d+!a*!b*d+a*b*!c+a*!b*c+!a*b*c,10,suboptimal,12
P34451,pdn,b*!c*!d+!a*!b*d+a*b*!c+a*!b*c+!a*b*c,9,failed,
P34451,pun,b*!c*!d+!a*!b*d+a*b*!c+a*!b*c+!a*b*c,9,suboptimal,18
P34454,pdn,!b*c*d+!a*!b*!c+a*b*!c+a*!b*c+!a*b*c,9,suboptimal,13
P34454,pun,!b*c*d+!a*!b*!c+a*b*!c+a*!b*c+!a*b*c,9,suboptimal,15
P34455,pdn,!a*!b*d+a*b*!c+a*!b*c+!a*b*c,9,suboptimal,14
P34455,pun,!a*!b*d+a*b*!c+a*!b*c+!a*b*c,9,suboptimal,13
P34456,pdn,a*b*!c*d+a*!b*!d+!a*b*!d+!b*c*d+!a*c*d+!a*!b*!c,11,suboptimal,14
P34456,pun,a*b*!c*d+a*!b*!d+!a*b*!d+!b*c*d+!a*c*d+!a*!b*!c,11,suboptimal,12
P34457,pdn,a*b*!c*d+a*!b*!d+!a*b*!d+!b*c*d+!a*c*d+!a*!b*d,10,suboptimal,12
P34457,pun,a*b*!c*d+a*!b*!d+!a*b*!d+!b*c*d+!a*c*d+!a*!b*d,10,suboptimal,16
P34458,pdn,a*b*!c*d+!a*!c*!d+!a*!b*d+a*!b*c+!a*b*c,10,suboptimal,15
P34458,pun,a*b*!c*d+!a*!c*!d+!a*!b*d+a*!b*c+!a*b*c,10,suboptimal,12
P34459,pdn,a*b*!c*d+!a*b*!d+!a*c*d+!a*!b*d+a*!b*c,10,suboptimal,18
P34459,pun,a*b*!c*d+!a*b*!d+!a*c*d+!a*!b*d+a*!b*c,10,suboptimal,17
P34462,pdn,a*b*!c*d+!b*c*d+!a*!b*!c+a*!b*c+!a*b*c,10,suboptimal,18
P34462,pun,a*b*!c*d+!b*c*d+!a*!b*!c+a*!b*c+!a*b*c,10,suboptimal,19
P34463,pdn,a*b*!c*d+!a*!b*d+a*!b*c+!a*b*c,8,suboptimal,9
P34463,pun,a*b*!c*d+!a*!b*d+a*!b*c+!a*b*c,8,suboptimal,17
P34464,pdn,!b*c*d+a*b*!c+!c*!d+!a*c+!a*!b,9,suboptimal,11
P34464,pun,!b*c*d+a*b*!c+!c*!d+!a*c+!a*!b,9,suboptimal,11
P34465,pdn,a*!c*!d+!a*b*!d+!b*c*d+!a*!b*d+a*b*!c+!a*c,10,suboptimal,14
P34465,pun,a*!c*!d+!a*b*!d+!b*c*d+!a*!b*d+a*b*!c+!a*c,10,suboptimal,20
P34466,pdn,!b*c*d+a*b*!c+!a*!d+!a*c+!a*!b,9,suboptimal,10
P34466,pun,!b*c*d+a*b*!c+!a*!d+!a*c+!a*!b,9,suboptimal,11
P34467,pdn,!a*b*!d+!b*c*d+!a*!b*d+a*b*!c+!a*c,9,suboptimal,16
P34467,pun,!a*b*!d+!b*c*d+!a*!b*d+a*b*!c+!a*c,9,suboptimal,13
P34468,pdn,!b*!c*!d+!b*c*d+a*b*!c+!a*c+!a*!b,9,suboptimal,13
P34468,pun,!b*!c*!d+!b*c*d+a*b*!c+!a*c+!a*!b,9,suboptimal,15
P34469,pdn,a*!c*!d+!b*c*d+!a*!b*d+a*b*!c+!a*c,9,suboptimal,14
P34469,pun,a*!c*!d+!b*c*d+!a*!b*d+a*b*!c+!a*c,9,suboptimal,15
P34470,pdn,!b*c*d+a*b*!c+!a*c+!a*!b,8,suboptimal,11
P34471,pdn,!b*c*d+!a*!b*d+a*b*!c+!a*c,8,suboptimal,14
P34471,pun,!b*c*d+!a*!b*d+a*b*!c+!a*c,8,suboptimal,11
P34472,pdn,a*b*!c*d+!b*!c*!d+!b*c*d+!a*!d+!a*c+!a*!b,10,suboptimal,12
P34472,pun,a*b*!c*d+!b*!c*!d+!b*c*d+!a*!d+!a*c+!a*!b,10,suboptimal,12
P34473,pdn,a*!b*!c*!d+a*b*!c*d+!a*b*!d+!b*c*d+!a*!b*d+!a*c,11,failed,
P34473,pun,a*!b*!c*!d+a*b*!c*d+!a*b*!d+!b*c*d+!a*!b*d+!a*c,11,failed,
P34474,pdn,a*b*!c*d+!b*c*d+!a*!d+!a*c+!a*!b,9,suboptimal,19
P34475,pdn,a*b*!c*d+!a*b*!d+!b*c*d+!a*!b*d+!a*c,9,suboptimal,15
P34475,pun,a*b*!c*d+!a*b*!d+!b*c*d+!a*!b*d+!a*c,9,suboptimal,16
P34476,pdn,a*b*!c*d+!b*!c*!d+!b*c*d+!a*c+!a*!b,10,suboptimal,14
P34476,pun,a*b*!c*d+!b*!c*!d+!b*c*d+!a*c+!a*!b,10,suboptimal,17
P34477,pdn,a*!b*!c*!d+a*b*!c*d+!b*c*d+!a*!b*d+!a*c,10,suboptimal,20
P34477,pun,a*!b*!c*!d+a*b*!c*d+!b*c*d+!a*!b*d+!a*c,10,failed,
P34478,pdn,a*b*!c*d+!b*c*d+!a*c+!a*!b,8,suboptimal,15
P34478,pun,a*b*!c*d+!b*c*d+!a*c+!a*!b,8,suboptimal,11
P34479,pdn,a*b*!c*d+!b*c*d+!a*!b*d+!a*c,8,suboptimal,11
P34479,pun,a*b*!c*d+!b*c*d+!a*!b*d+!a*c,8,suboptimal,10
P34480,pdn,!b*c*d+!a*!b*d+a*b*!c+!a*b*c+!c*!d,9,suboptimal,18
P34480,pun,!b*c*d+!a*!b*d+a*b*!c+!a*b*c+!c*!d,9,suboptimal,13
P34481,pdn,a*!c*!d+!a*b*!d+!b*c*d+!a*c*d+!a*!b*d+a*b*!c,10,suboptimal,18
P34481,pun,a*!c*!d+!a*b*!d+!b*c*d+!a*c*d+!a*!b*d+a*b*!c,10,failed,
P34482,pdn,!a*!c*!d+!b*c*d+!a*!b*d+a*b*!c+!a*b*c,10,suboptimal,17
P34482,pun,!a*!c*!d+!b*c*d+!a*!b*d+a*b*!c+!a*b*c,10,suboptimal,15
P34483,pdn,b*!c*!d+!b*c*d+!a*!b*d+a*b*!c+!a*b*c,9,suboptimal,15
P34483,pun,b*!c*!d+!b*c*d+!a*!b*d+a*b*!c+!a*b*c,9,suboptimal,15
P34484,pdn,a*!c*!d+!b*c*d+!a*!b*!c+a*b*!c+!a*b*c,9,suboptimal,13
P34484,pun,a*!c*!d+!b*c*d+!a*!b*!c+a*b*!c+!a*b*c,9,suboptimal,19
P34485,pdn,a*!c*!d+!b*c*d+!a*!b*d+a*b*!c+!a*b*c,10,suboptimal,18
P34485,pun,a*!c*!d+!b*c*d+!a*!b*d+a*b*!c+!a*b*c,10,suboptimal,19
P34486,pdn,!b*c*d+!a*!b*!c+a*b*!c+!a*b*c,9,suboptimal,17
P34486,pun,!b*c*d+!a*!b*!c+a*b*!c+!a*b*c,9,suboptimal,12
P34487,pdn,!b*c*d+!a*!b*d+a*b*!c+!a*b*c,8,suboptimal,11
P34487,pun,!b*c*d+!a*!b*d+a*b*!c+!a*b*c,8,suboptimal,16
P34488,pdn,a*b*!c*d+!b*!c*!d+!a*b*!d+!b*c*d+!a*c*d+!a*!b*d,10,suboptimal,19
P34488,pun,a*b*!c*d+!b*!c*!d+!a*b*!d+!b*c*d+!a*c*d+!a*!b*d,10,suboptimal,18
P34489,pdn,a*!b*!c*!d+a*b*!c*d+!a*b*!d+!b*c*d+!a*c*d+!a*!b*d,11,suboptimal,18
P34489,pun,a*!b*!c*!d+a*b*!c*d+!a*b*!d+!b*c*d+!a*c*d+!a*!b*d,11,suboptimal,12
P34490,pdn,a*b*!c*d+!a*!c*!d+!b*c*d+!a*!b*d+!a*b*c,9,suboptimal,13
P34490,pun,a*b*!c*d+!a*!c*!d+!b*c*d+!a*!b*d+!a*b*c,9,suboptimal,10
P34491,pdn,a*b*!c*d+!a*b*!d+!b*c*d+!a*c*d+!a*!b*d,10,suboptimal,11
P34491,pun,a*b*!c*d+!a*b*!d+!b*c*d+!a*c*d+!a*!b*d,10,suboptimal,13
P34492,pdn,a*b*!c*d+!b*!c*!d+!b*c*d+!a*!b*d+!a*b*c,10,failed,
P34492,pun,a*b*!c*d+!b*!c*!d+!b*c*d+!a*!b*d+!a*b*c,10,failed,
P34493,pdn,a*!b*!c*!d+a*b*!c*d+!b*c*d+!a*!b*d+!a*b*c,10,suboptimal,17
P34493,pun,a*!b*!c*!d+a*b*!c*d+!b*c*d+!a*!b*d+!a*b*c,10,failed,
P34494,pdn,a*b*!c*d+!b*c*d+!a*!b*!c+!a*b*c,8,suboptimal,19
P34494,pun,a*b*!c*d+!b*c*d+!a*!b*!c+!a*b*c,8,suboptimal,9
P34495,pdn,a*b*!c*d+!b*c*d+!a*!b*d+!a*b*c,9,suboptimal,14
P34495,pun,a*b*!c*d+!b*c*d+!a*!b*d+!a*b*c,9,suboptimal,11
P34528,pdn,!b*c*d+!a*c*d+a*b*!c+!c*!d+!a*!b,9,suboptimal,14
P34528,pun,!b*c*d+!a*c*d+a*b*!c+!c*!d+!a*!b,9,suboptimal,11
P34529,pdn,b*!c*!d+a*!c*!d+!b*c*d+!a*c*d+!a*!b*d+a*b*!c+!a*!b*c,11,failed,
P34529,pun,b*!c*!d+a*!c*!d+!b*c*d+!a*c*d+!a*!b*d+a*b*!c+!a*!b*c,11,failed,
P34530,pdn,!a*!c*!d+!b*c*d+!a*c*d+a*b*!c+!a*!b,9,suboptimal,13
P34530,pun,!a*!c*!d+!b*c*d+!a*c*d+a*b*!c+!a*!b,9,suboptimal,17
P34531,pdn,b*!c*!d+!b*c*d+!a*c*d+!a*!b*d+a*b*!c+!a*!b*c,11,suboptimal,20
P34531,pun,b*!c*!d+!b*c*d+!a*c*d+!a*!b*d+a*b*!c+!a*!b*c,11,failed,
P34534,pdn,!b*c*d+!a*c*d+a*b*!c+!a*!b,8,suboptimal,13
P34534,pun,!b*c*d+!a*c*d+a*b*!c+!a*!b,8,suboptimal,14
P34535,pdn,!b*c*d+!a*c*d+!a*!b*d+a*b*!c+!a*!b*c,10,suboptimal,20
P34535,pun,!b*c*d+!a*c*d+!a*!b*d+a*b*!c+!a*!b*c,10,suboptimal,13
P34536,pdn,a*b*!c*d+!b*!c*!d+!a*!c*!d+!b*c*d+!a*c*d+!a*!b,10,suboptimal,19
P34536,pun,a*b*!c*d+!b*!c*!d+!a*!c*!d+!b*c*d+!a*c*d+!a*!b,10,suboptimal,16
P34537,pdn,a*!b*!c*!d+!a*b*!c*!d+a*b*!c*d+!b*c*d+!a*c*d+!a*!b*d+!a*!b*c,12,failed,
P34537,pun,a*!b*!c*!d+!a*b*!c*!d+a*b*!c*d+!b*c*d+!a*c*d+!a*!b*d+!a*!b*c,12,failed,
P34538,pdn,a*b*!c*d+!a*!c*!d+!b*c*d+!a*c*d+!a*!b,9,suboptimal,14
P34538,pun,a*b*!c*d+!a*!c*!d+!b*c*d+!a*c*d+!a*!b,9,suboptimal,14
P34539,pdn,!a*b*!c*!d+a*b*!c*d+!b*c*d+!a*c*d+!a*!b*d+!a*!b*c,10,failed,
P34539,pun,!a*b*!c*!d+a*b*!c*d+!b*c*d+!a*c*d+!a*!b*d+!a*!b*c,10,suboptimal,19
P34542,pdn,a*b*!c*d+!b*c*d+!a*c*d+!a*!b,8,suboptimal,12
P34542,pun,a*b*!c*d+!b*c*d+!a*c*d+!a*!b,8,suboptimal,9
P34543,pdn,a*b*!c*d+!b*c*d+!a*c*d+!a*!b*d+!a*!b*c,9,suboptimal,16
P34543,pun,a*b*!c*d+!b*c*d+!a*c*d+!a*!b*d+!a*!b*c,9,suboptimal,16
P34544,pdn,!b*c*d+!a*c*d+!a*!b*d+a*b*!c+!c*!d,9,suboptimal,16
P34544,pun,!b*c*d+!a*c*d+!a*!b*d+a*b*!c+!c*!d,9,suboptimal,16
P34545,pdn,b*!c*!d+a*!c*!d+!b*c*d+!a*c*d+!a*!b*d+a*b*!c,10,suboptimal,20
P34545,pun,b*!c*!d+a*!c*!d+!b*c*d+!a*c*d+!a*!b*d+a*b*!c,10,failed,
P34546,pdn,b*!c*!d+!b*c*d+!a*c*d+!a*!b*!c+a*b*!c,9,suboptimal,15
P34546,pun,b*!c*!d+!b*c*d+!a*c*d+!a*!b*!c+a*b*!c,9,suboptimal,10
P34547,pdn,b*!c*!d+!b*c*d+!a*c*d+!a*!b*d+a*b*!c,9,suboptimal,17
P34547,pun,b*!c*!d+!b*c*d+!a*c*d+!a*!b*d+a*b*!c,9,suboptimal,15
P34550,pdn,!b*c*d+!a*c*d+!a*!b*!c+a*b*!c,8,suboptimal,13
P34550,pun,!b*c*d+!a*c*d+!a*!b*!c+a*b*!c,8,suboptimal,9
P34551,pdn,!b*c*d+!a*c*d+!a*!b*d+a*b*!c,8,suboptimal,12
P34551,pun,!b*c*d+!a*c*d+!a*!b*d+a*b*!c,8,suboptimal,14
P34552,pdn,a*b*!c*d+!b*!c*!d+!a*!c*!d+!b*c*d+!a*c*d+!a*!b*d,10,suboptimal,17
P34552,pun,a*b*!c*d+!b*!c*!d+!a*!c*!d+!b*c*d+!a*c*d+!a*!b*d,10,failed,
P34553,pdn,a*!b*!c*!d+!a*b*!c*!d+a*b*!c*d+!b*c*d+!a*c*d+!a*!b*d,11,suboptimal,20
P34553,pun,a*!b*!c*!d+!a*b*!c*!d+a*b*!c*d+!b*c*d+!a*c*d+!a*!b*d,11,suboptimal,12
P34554,pdn,a*b*!c*d+!a*!c*!d+!b*c*d+!a*c*d+!a*!b*d,10,suboptimal,13
P34554,pun,a*b*!c*d+!a*!c*!d+!b*c*d+!a*c*d+!a*!b*d,10,suboptimal,12
P34555,pdn,!a*b*!c*!d+a*b*!c*d+!b*c*d+!a*c*d+!a*!b*d,10,failed,
P34555,pun,!a*b*!c*!d+a*b*!c*d+!b*c*d+!a*c*d+!a*!b*d,10,suboptimal,14
P34558,pdn,a*b*!c*d+!b*c*d+!a*c*d+!a*!b*!c,9,suboptimal,13
P34558,pun,a*b*!c*d+!b*c*d+!a*c*d+!a*!b*!c,9,suboptimal,11
P34559,pdn,a*b*!c*d+!b*c*d+!a*c*d+!a*!b*d,8,failed,
P34678,pdn,!a*!b*!c*!d+a*b*!d+!b*c*d+!a*c*d+a*b*!c,10,failed,
P34678,pun,!a*!b*!c*!d+a*b*!d+!b*c*d+!a*c*d+a*b*!c,10,suboptimal,12
P34679,pdn,a*b*!d+!b*c*d+!a*c*d+a*b*!c,8,suboptimal,11
P34679,pun,a*b*!d+!b*c*d+!a*c*d+a*b*!c,8,suboptimal,11
P34680,pdn,a*b*c*!d+a*b*!c*d+!b*!c*!d+!a*!c*!d+!b*c*d+!a*c*d,10,suboptimal,14
P34680,pun,a*b*c*!d+a*b*!c*d+!b*!c*!d+!a*!c*!d+!b*c*d+!a*c*d,10,suboptimal,14
P34681,pdn,a*!b*!c*!d+!a*b*!c*!d+a*b*c*!d+a*b*!c*d+!b*c*d+!a*c*d,12,failed,
P34681,pun,a*!b*!c*!d+!a*b*!c*!d+a*b*c*!d+a*b*!c*d+!b*c*d+!a*c*d,12,suboptimal,17
P34682,pdn,a*b*c*!d+a*b*!c*d+!a*!c*!d+!b*c*d+!a*c*d,10,suboptimal,13
P34683,pdn,!a*b*!c*!d+a*b*c*!d+a*b*!c*d+!b*c*d+!a*c*d,10,failed,
P34683,pun,!a*b*!c*!d+a*b*c*!d+a*b*!c*d+!b*c*d+!a*c*d,10,suboptimal,18
P34686,pdn,!a*!b*!c*!d+a*b*c*!d+a*b*!c*d+!b*c*d+!a*c*d,11,suboptimal,14
P34686,pun,!a*!b*!c*!d+a*b*c*!d+a*b*!c*d+!b*c*d+!a*c*d,11,suboptimal,12
P34687,pdn,a*b*c*!d+a*b*!c*d+!b*c*d+!a*c*d,9,suboptimal,12
P34687,pun,a*b*c*!d+a*b*!c*d+!b*c*d+!a*c*d,9,suboptimal,18
P34688,pdn,a*b*!c+!c*!d+!b*c+!a*c,7,suboptimal,10
P34688,pun,a*b*!c+!c*!d+!b*c+!a*c,7,suboptimal,8
P34689,pdn,a*!b*!d+!a*b*!d+a*b*!c+!b*c+!a*c,9,suboptimal,12
P34689,pun,a*!b*!d+!a*b*!d+a*b*!c+!b*c+!a*c,9,suboptimal,14
P34690,pdn,a*b*!c+!a*!d+!b*c+!a*c,7,suboptimal,10
P34691,pdn,!a*b*!d+a*b*!c+!b*c+!a*c,7,suboptimal,10
P34691,pun,!a*b*!d+a*b*!c+!b*c+!a*c,7,suboptimal,9
P34694,pdn,!a*!b*!d+a*b*!c+!b*c+!a*c,8,suboptimal,15
P34694,pun,!a*!b*!d+a*b*!c+!b*c+!a*c,8,suboptimal,13
P34695,pdn,a*b*!c+!b*c+!a*c,6,suboptimal,7
P34695,pun,a*b*!c+!b*c+!a*c,6,suboptimal,7
P34696,pdn,a*b*!c*d+!b*!d+!a*!d+!b*c+!a*c,8,suboptimal,11
P34696,pun,a*b*!c*d+!b*!d+!a*!d+!b*c+!a*c,8,suboptimal,12
P34697,pdn,a*b*!c*d+a*!b*!d+!a*b*!d+!b*c+!a*c,9,suboptimal,10
P34697,pun,a*b*!c*d+a*!b*!d+!a*b*!d+!b*c+!a*c,9,suboptimal,19
P34698,pdn,a*b*!c*d+!a*!d+!b*c+!a*c,8,suboptimal,13
P34698,pun,a*b*!c*d+!a*!d+!b*c+!a*c,8,suboptimal,16
P34699,pdn,a*b*!c*d+!a*b*!d+!b*c+!a*c,8,suboptimal,11
P34699,pun,a*b*!c*d+!a*b*!d+!b*c+!a*c,8,suboptimal,10
P34702,pdn,a*b*!c*d+!a*!b*!d+!b*c+!a*c,9,suboptimal,11
P34702,pun,a*b*!c*d+!a*!b*!d+!b*c+!a*c,9,suboptimal,17
P34703,pdn,a*b*!c*d+!b*c+!a*c,7,suboptimal,8
P34703,pun,a*b*!c*d+!b*c+!a*c,7,suboptimal,10
P34704,pdn,a*!b*!d+!b*c*d+a*b*!c+!a*b*c+!c*!d,9,suboptimal,13
P34704,pun,a*!b*!d+!b*c*d+a*b*!c+!a*b*c+!c*!d,9,suboptimal,11
P34705,pdn,a*!b*!d+!a*b*!d+!b*c*d+!a*c*d+a*b*!c,9,suboptimal,10
P34705,pun,a*!b*!d+!a*b*!d+!b*c*d+!a*c*d+a*b*!c,9,suboptimal,14
P34706,pdn,!a*!c*!d+!a*b*!d+!a*c*d+a*b*!c+a*!b*c,9,suboptimal,15
P34706,pun,!a*!c*!d+!a*b*!d+!a*c*d+a*b*!c+a*!b*c,9,failed,
P34707,pdn,!a*b*!d+!a*c*d+a*b*!c+a*!b*c,8,suboptimal,14
P34707,pun,!a*b*!d+!a*c*d+a*b*!c+a*!b*c,8,suboptimal,13
P34710,pdn,!a*!b*!c*!d+!b*c*d+a*b*!c+a*!b*c+!a*b*c,10,failed,
P34710,pun,!a*!b*!c*!d+!b*c*d+a*b*!c+a*!b*c+!a*b*c,10,failed,
P34711,pdn,!b*c*d+a*b*!c+a*!b*c+!a*b*c,8,suboptimal,11
P34711,pun,!b*c*d+a*b*!c+a*!b*c+!a*b*c,8,suboptimal,11
P34712,pdn,a*b*!c*d+!b*!c*!d+!a*b*!d+!a*c*d+a*!b*c,10,suboptimal,12
P34712,pun,a*b*!c*d+!b*!c*!d+!a*b*!d+!a*c*d+a*!b*c,10,suboptimal,12
P34713,pun,a*b*!c*d+a*!b*!d+!a*b*!d+!b*c*d+!a*c*d,10,suboptimal,16
P34714,pdn,a*b*!c*d+!a*!c*!d+!b*c*d+a*!b*c+!a*b*c,10,suboptimal,19
P34714,pun,a*b*!c*d+!a*!c*!d+!b*c*d+a*!b*c+!a*b*c,10,suboptimal,17
P34715,pdn,a*b*!c*d+!a*b*!d+!a*c*d+a*!b*c,9,suboptimal,11
P34715,pun,a*b*!c*d+!a*b*!d+!a*c*d+a*!b*c,9,suboptimal,12
P34718,pdn,!a*!b*!c*!d+a*b*!c*d+!b*c*d+a*!b*c+!a*b*c,10,suboptimal,18
P34718,pun,!a*!b*!c*!d+a*b*!c*d+!b*c*d+a*!b*c+!a*b*c,10,suboptimal,18
P34719,pdn,a*b*!c*d+!b*c*d+a*!b*c+!a*b*c,8,suboptimal,10
P34719,pun,a*b*!c*d+!b*c*d+a*!b*c+!a*b*c,8,suboptimal,9
P34720,pdn,!b*c*d+a*b*!c+!c*!d+!a*c,8,suboptimal,12
P34720,pun,!b*c*d+a*b*!c+!c*!d+!a*c,8,suboptimal,9
P34721,pdn,a*!c*!d+!a*b*!d+!b*c*d+a*b*!c+!a*c,10,suboptimal,15
P34721,pun,a*!c*!d+!a*b*!d+!b*c*d+a*b*!c+!a*c,10,suboptimal,14
P34722,pdn,!b*c*d+a*b*!c+!a*!d+!a*c,8,suboptimal,10
P34722,pun,!b*c*d+a*b*!c+!a*!d+!a*c,8,suboptimal,14
P34723,pdn,!a*b*!d+!b*c*d+a*b*!c+!a*c,8,suboptimal,13
P34723,pun,!a*b*!d+!b*c*d+a*b*!c+!a*c,8,suboptimal,10
P34724,pun,!b*!c*!d+!b*c*d+a*b*!c+!a*c,8,suboptimal,11
P34725,pdn,a*!c*!d+!b*c*d+a*b*!c+!a*c,8,suboptimal,12
P34725,pun,a*!c*!d+!b*c*d+a*b*!c+!a*c,8,suboptimal,13
P34726,pdn,!a*!b*!d+!b*c*d+a*b*!c+!a*c,8,suboptimal,13
P34726,pun,!a*!b*!d+!b*c*d+a*b*!c+!a*c,8,suboptimal,16
P34727,pdn,!b*c*d+a*b*!c+!a*c,7,suboptimal,17
P34727,pun,!b*c*d+a*b*!c+!a*c,7,suboptimal,13
P34728,pdn,a*b*!c*d+!b*!c*!d+!b*c*d+!a*!d+!a*c,9,suboptimal,11
P34728,pun,a*b*!c*d+!b*!c*!d+!b*c*d+!a*!d+!a*c,9,suboptimal,17
P34729,pdn,a*!b*!c*!d+a*b*!c*d+!a*b*!d+!b*c*d+!a*c,10,suboptimal,16
P34729,pun,a*!b*!c*!d+a*b*!c*d+!a*b*!d+!b*c*d+!a*c,10,failed,
P34730,pdn,a*b*!c*d+!b*c*d+!a*!d+!a*c,8,suboptimal,9
P34730,pun,a*b*!c*d+!b*c*d+!a*!d+!a*c,8,suboptimal,10
P34731,pdn,a*b*!c*d+!a*b*!d+!b*c*d+!a*c,8,suboptimal,10
P34731,pun,a*b*!c*d+!a*b*!d+!b*c*d+!a*c,8,suboptimal,9
P34732,pdn,a*b*!c*d+!b*!c*!d+!b*c*d+!a*c,9,suboptimal,10
P34732,pun,a*b*!c*d+!b*!c*!d+!b*c*d+!a*c,9,suboptimal,17
P34733,pdn,a*!b*!c*!d+a*b*!c*d+!b*c*d+!a*c,9,suboptimal,13
P34733,pun,a*!b*!c*!d+a*b*!c*d+!b*c*d+!a*c,9,suboptimal,19
P34734,pdn,a*b*!c*d+!a*!b*!d+!b*c*d+!a*c,8,suboptimal,14
P34734,pun,a*b*!c*d+!a*!b*!d+!b*c*d+!a*c,8,suboptimal,14
P34735,pdn,a*b*!c*d+!b*c*d+!a*c,7,suboptimal,14
P34735,pun,a*b*!c*d+!b*c*d+!a*c,7,suboptimal,10
P34736,pdn,!b*c*d+a*b*!c+!a*b*c+!c*!d,8,suboptimal,12
P34736,pun,!b*c*d+a*b*!c+!a*b*c+!c*!d,8,suboptimal,13
P34737,pdn,a*!c*!d+!a*b*!d+!b*c*d+!a*c*d+a*b*!c,9,suboptimal,15
P34737,pun,a*!c*!d+!a*b*!d+!b*c*d+!a*c*d+a*b*!c,9,suboptimal,11
P34738,pdn,!a*!c*!d+!b*c*d+a*b*!c+!a*b*c,9,suboptimal,14
P34738,pun,!a*!c*!d+!b*c*d+a*b*!c+!a*b*c,9,suboptimal,11
P34739,pdn,b*!c*!d+!b*c*d+a*b*!c+!a*b*c,8,suboptimal,13
P34739,pun,b*!c*!d+!b*c*d+a*b*!c+!a*b*c,8,suboptimal,11
P34740,pdn,!b*!c*!d+!b*c*d+a*b*!c+!a*b*c,8,suboptimal,13
P34740,pun,!b*!c*!d+!b*c*d+a*b*!c+!a*b*c,8,suboptimal,14
P34741,pdn,a*!c*!d+!b*c*d+a*b*!c+!a*b*c,8,suboptimal,11
P34741,pun,a*!c*!d+!b*c*d+a*b*!c+!a*b*c,8,suboptimal,11
P34742,pdn,!a*!b*!c*!d+!b*c*d+a*b*!c+!a*b*c,9,suboptimal,18
P34742,pun,!a*!b*!c*!d+!b*c*d+a*b*!c+!a*b*c,9,suboptimal,16
P34743,pdn,!b*c*d+a*b*!c+!a*b*c,7,suboptimal,13
P34743,pun,!b*c*d+a*b*!c+!a*b*c,7,suboptimal,11
P34744,pdn,a*b*!c*d+!b*!c*!d+!a*b*!d+!b*c*d+!a*c*d,10,suboptimal,15
P34744,pun,a*b*!c*d+!b*!c*!d+!a*b*!d+!b*c*d+!a*c*d,10,suboptimal,19
P34745,pdn,a*!b*!c*!d+a*b*!c*d+!a*b*!d+!b*c*d+!a*c*d,10,suboptimal,17
P34745,pun,a*!b*!c*!d+a*b*!c*d+!a*b*!d+!b*c*d+!a*c*d,10,failed,
P34746,pdn,a*b*!c*d+!a*!c*!d+!b*c*d+!a*b*c,9,suboptimal,13
P34746,pun,a*b*!c*d+!a*!c*!d+!b*c*d+!a*b*c,9,suboptimal,16
P34747,pdn,a*b*!c*d+!a*b*!d+!b*c*d+!a*c*d,8,suboptimal,9
P34747,pun,a*b*!c*d+!a*b*!d+!b*c*d+!a*c*d,8,suboptimal,11
P34748,pdn,a*b*!c*d+!b*!c*!d+!b*c*d+!a*b*c,9,suboptimal,15
P34748,pun,a*b*!c*d+!b*!c*!d+!b*c*d+!a*b*c,9,suboptimal,16
P34749,pdn,a*!b*!c*!d+a*b*!c*d+!b*c*d+!a*b*c,9,suboptimal,16
P34749,pun,a*!b*!c*!d+a*b*!c*d+!b*c*d+!a*b*c,9,suboptimal,19
P34750,pdn,!a*!b*!c*!d+a*b*!c*d+!b*c*d+!a*b*c,9,suboptimal,18
P34750,pun,!a*!b*!c*!d+a*b*!c*d+!b*c*d+!a*b*c,9,suboptimal,15
P34751,pdn,a*b*!c*d+!b*c*d+!a*b*c,7,suboptimal,10
P34751,pun,a*b*!c*d+!b*c*d+!a*b*c,7,suboptimal,11
P34784,pdn,!a*!b*!d+!b*c*d+!a*c*d+a*b*!c+!c*!d,10,suboptimal,16
P34784,pun,!a*!b*!d+!b*c*d+!a*c*d+a*b*!c+!c*!d,10,suboptimal,12
P34785,pdn,b*!c*!d+a*!c*!d+!b*c*d+!a*c*d+a*b*!c+!a*!b*c,10,suboptimal,19
P34785,pun,b*!c*!d+a*!c*!d+!b*c*d+!a*c*d+a*b*!c+!a*!b*c,10,failed,
P34786,pdn,!a*!c*!d+!a*!b*!d+!b*c*d+!a*c*d+a*b*!c,9,suboptimal,14
P34786,pun,!a*!c*!d+!a*!b*!d+!b*c*d+!a*c*d+a*b*!c,9,failed,
P34787,pdn,b*!c*!d+!b*c*d+!a*c*d+a*b*!c+!a*!b*c,10,suboptimal,17
P34787,pun,b*!c*!d+!b*c*d+!a*c*d+a*b*!c+!a*!b*c,10,suboptimal,17
P34790,pdn,!a*!b*!d+!b*c*d+!a*c*d+a*b*!c,9,suboptimal,14
P34790,pun,!a*!b*!d+!b*c*d+!a*c*d+a*b*!c,9,suboptimal,10
P34791,pdn,!b*c*d+!a*c*d+a*b*!c+!a*!b*c,9,suboptimal,12
P34791,pun,!b*c*d+!a*c*d+a*b*!c+!a*!b*c,9,suboptimal,12
P34792,pdn,a*b*!c*d+!b*!c*!d+!a*!c*!d+!a*!b*!d+!b*c*d+!a*c*d,11,suboptimal,20
P34792,pun,a*b*!c*d+!b*!c*!d+!a*!c*!d+!a*!b*!d+!b*c*d+!a*c*d,11,suboptimal,16
P34793,pdn,a*!b*!c*!d+!a*b*!c*!d+a*b*!c*d+!b*c*d+!a*c*d+!a*!b*c,11,failed,
P34793,pun,a*!b*!c*!d+!a*b*!c*!d+a*b*!c*d+!b*c*d+!a*c*d+!a*!b*c,11,failed,
P34794,pdn,a*b*!c*d+!a*!c*!d+!a*!b*!d+!b*c*d+!a*c*d,9,suboptimal,13
P34794,pun,a*b*!c*d+!a*!c*!d+!a*!b*!d+!b*c*d+!a*c*d,9,suboptimal,17
P34795,pdn,!a*b*!c*!d+a*b*!c*d+!b*c*d+!a*c*d+!a*!b*c,9,suboptimal,15
P34795,pun,!a*b*!c*!d+a*b*!c*d+!b*c*d+!a*c*d+!a*!b*c,9,suboptimal,18
P34798,pdn,a*b*!c*d+!a*!b*!d+!b*c*d+!a*c*d,9,suboptimal,14
P34798,pun,a*b*!c*d+!a*!b*!d+!b*c*d+!a*c*d,9,suboptimal,11
P34799,pdn,a*b*!c*d+!b*c*d+!a*c*d+!a*!b*c,9,suboptimal,12
P34799,pun,a*b*!c*d+!b*c*d+!a*c*d+!a*!b*c,9,suboptimal,12
P34800,pdn,!b*c*d+!a*c*d+a*b*!c+!c*!d,8,suboptimal,11
P34800,pun,!b*c*d+!a*c*d+a*b*!c+!c*!d,8,suboptimal,14
P34801,pdn,b*!c*!d+a*!c*!d+!b*c*d+!a*c*d+a*b*!c,10,suboptimal,19
P34801,pun,b*!c*!d+a*!c*!d+!b*c*d+!a*c*d+a*b*!c,10,suboptimal,15
P34802,pdn,!a*!c*!d+!b*c*d+!a*c*d+a*b*!c,8,suboptimal,11
P34803,pdn,b*!c*!d+!b*c*d+!a*c*d+a*b*!c,8,suboptimal,13
P34803,pun,b*!c*!d+!b*c*d+!a*c*d+a*b*!c,8,suboptimal,10
P34806,pdn,!a*!b*!c*!d+!b*c*d+!a*c*d+a*b*!c,9,suboptimal,11
P34806,pun,!a*!b*!c*!d+!b*c*d+!a*c*d+a*b*!c,9,suboptimal,11
P34807,pdn,!b*c*d+!a*c*d+a*b*!c,7,suboptimal,8
P34807,pun,!b*c*d+!a*c*d+a*b*!c,7,suboptimal,10
P34808,pun,a*b*!c*d+!b*!c*!d+!a*!c*!d+!b*c*d+!a*c*d,9,suboptimal,18
P34809,pdn,a*!b*!c*!d+!a*b*!c*!d+a*b*!c*d+!b*c*d+!a*c*d,10,suboptimal,12
P34809,pun,a*!b*!c*!d+!a*b*!c*!d+a*b*!c*d+!b*c*d+!a*c*d,10,failed,
P34810,pdn,a*b*!c*d+!a*!c*!d+!b*c*d+!a*c*d,9,suboptimal,12
P34810,pun,a*b*!c*d+!a*!c*!d+!b*c*d+!a*c*d,9,suboptimal,17
P34811,pdn,!a*b*!c*!d+a*b*!c*d+!b*c*d+!a*c*d,9,suboptimal,12
P34811,pun,!a*b*!c*!d+a*b*!c*d+!b*c*d+!a*c*d,9,suboptimal,11
P34814,pdn,!a*!b*!c*!d+a*b*!c*d+!b*c*d+!a*c*d,9,suboptimal,14
P34814,pun,!a*!b*!c*!d+a*b*!c*d+!b*c*d+!a*c*d,9,suboptimal,15
P34815,pdn,a*b*!c*d+!b*c*d+!a*c*d,7,suboptimal,10
P34945,pdn,a*!c*!d+!b*d+!b*c+!a*b,8,suboptimal,11
P34945,pun,a*!c*!d+!b*d+!b*c+!a*b,8,suboptimal,9
P34947,pdn,b*!c*!d+!b*d+!b*c+!a*b,7,suboptimal,9
P34947,pun,b*!c*!d+!b*d+!b*c+!a*b,7,suboptimal,9
P34950,pdn,a*b*!c*!d+!b*d+!a*d+!b*c+!a*c+!a*!b,9,failed,
P34950,pun,a*b*!c*!d+!b*d+!a*d+!b*c+!a*c+!a*!b,9,suboptimal,16
P34951,pdn,a*b*!c*!d+!b*d+!a*d+!b*c+!a*c,8,suboptimal,12
P34951,pun,a*b*!c*!d+!b*d+!a*d+!b*c+!a*c,8,suboptimal,13
P34953,pun,!b*d+!b*c+a*!b+!a*b,6,suboptimal,8
P34958,pdn,!b*d+!a*d+!b*c+!a*c+!a*!b,6,suboptimal,7
P34958,pun,!b*d+!a*d+!b*c+!a*c+!a*!b,6,suboptimal,10
P34961,pun,a*!c*!d+!b*d+a*!b+!a*b,7,suboptimal,10
P34962,pdn,b*!c*!d+a*!b*c+!b*d+!a*!c+!a*b,9,suboptimal,13
P34962,pun,b*!c*!d+a*!b*c+!b*d+!a*!c+!a*b,9,suboptimal,13
P34963,pun,b*!c*!d+a*!b*c+!b*d+!a*b,8,suboptimal,9
P34966,pdn,a*b*!c*!d+!a*!b*!c+a*!b*c+!a*b*c+!b*d+!a*d,10,suboptimal,20
P34966,pun,a*b*!c*!d+!a*!b*!c+a*!b*c+!a*b*c+!b*d+!a*d,10,failed,
P34967,pdn,a*b*!c*!d+a*!b*c+!a*b*c+!b*d+!a*d,9,suboptimal,18
P34967,pun,a*b*!c*!d+a*!b*c+!a*b*c+!b*d+!a*d,9,suboptimal,14
P34968,pun,!b*d+!b*!c+a*!b+!a*b,6,suboptimal,8
P34969,pun,!b*d+a*!b+!a*b,5,suboptimal,6
P34971,pdn,a*!b*c+!b*d+!a*b,6,suboptimal,7
P34974,pdn,!a*!b*!c+a*!b*c+!a*b*c+!b*d+!a*d,8,suboptimal,9
P34974,pun,!a*!b*!c+a*!b*c+!a*b*c+!b*d+!a*d,8,suboptimal,12
P34975,pdn,a*!b*c+!a*b*c+!b*d+!a*d,6,suboptimal,8
P34975,pun,a*!b*c+!a*b*c+!b*d+!a*d,6,suboptimal,8
P34979,pdn,b*!c*!d+!b*d+!a*d+!a*c,7,suboptimal,8
P34980,pdn,a*!c*!d+!b*d+!a*d+!b*!c+!a*c,7,suboptimal,9
P34980,pun,a*!c*!d+!b*d+!a*d+!b*!c+!a*c,7,suboptimal,8
P34981,pdn,a*!c*!d+!b*d+!a*d+!a*c,7,suboptimal,8
P34982,pdn,a*b*!c*!d+!b*d+!a*d+!a*c+!a*!b,9,suboptimal,15
P34983,pdn,a*b*!c*!d+!b*d+!a*d+!a*c,8,suboptimal,11
P34985,pdn,a*!b*!c+!b*d+!a*c+!a*b,7,suboptimal,8
P34988,pdn,!b*d+!a*d+!b*!c+!a*c,5,suboptimal,6
P34988,pun,!b*d+!a*d+!b*!c+!a*c,5,suboptimal,6
P34989,pdn,a*!b*!c+!b*d+!a*d+!a*c,6,suboptimal,7
P34992,pun,!c*!d+!b*d+!a*b,6,suboptimal,7
P34994,pdn,b*!c*!d+!b*d+!a*!c+!a*b,7,suboptimal,8
P34994,pun,b*!c*!d+!b*d+!a*!c+!a*b,7,suboptimal,8
P34995,pdn,b*!c*!d+!b*d+!a*b,6,suboptimal,7
P34996,pdn,a*!c*!d+!a*b*c+!b*d+!a*d+!b*!c,8,suboptimal,9
P34996,pun,a*!c*!d+!a*b*c+!b*d+!a*d+!b*!c,8,suboptimal,13
P34997,pdn,a*!c*!d+!a*b*c+!b*d+!a*d,8,suboptimal,9
P34997,pun,a*!c*!d+!a*b*c+!b*d+!a*d,8,suboptimal,12
P34998,pdn,a*b*!c*!d+!a*!b*!c+!a*b*c+!b*d+!a*d,10,suboptimal,15
P34998,pun,a*b*!c*!d+!a*!b*!c+!a*b*c+!b*d+!a*d,10,suboptimal,18
P34999,pdn,a*b*!c*!d+!a*b*c+!b*d+!a*d,8,suboptimal,11
P34999,pun,a*b*!c*!d+!a*b*c+!b*d+!a*d,8,suboptimal,12
P35001,pdn,a*!b*!c+!b*d+!a*b,6,suboptimal,7
P35004,pdn,!a*b*c+!b*d+!a*d+!b*!c,6,suboptimal,7
P35004,pun,!a*b*c+!b*d+!a*d+!b*!c,6,suboptimal,8
P35006,pdn,!a*!b*!c+!a*b*c+!b*d+!a*d,7,suboptimal,8
P35006,pun,!a*!b*!c+!a*b*c+!b*d+!a*d,7,suboptimal,8
P35040,pdn,!c*!d+!b*d+!a*d+!a*!b,6,suboptimal,7
P35040,pun,!c*!d+!b*d+!a*d+!a*!b,6,suboptimal,10
P35041,pdn,a*!c*!d+!a*b*!c+!a*!b*c+!b*d+!a*d,9,suboptimal,15
P35041,pun,a*!c*!d+!a*b*!c+!a*!b*c+!b*d+!a*d,9,suboptimal,12
P35042,pdn,b*!c*!d+!b*d+!a*d+!a*!b,7,suboptimal,10
P35043,pdn,b*!c*!d+!a*!b*c+!b*d+!a*d,8,suboptimal,9
P35043,pun,b*!c*!d+!a*!b*c+!b*d+!a*d,8,suboptimal,9
P35046,pdn,a*b*!c*!d+!b*d+!a*d+!a*!b,8,suboptimal,9
P35047,pdn,a*b*!c*!d+!a*!b*c+!b*d+!a*d,9,suboptimal,10
P35047,pun,a*b*!c*!d+!a*!b*c+!b*d+!a*d,9,suboptimal,11
P35048,pdn,!b*d+!a*d+!b*!c+!a*!c+!a*!b,6,suboptimal,8
P35048,pun,!b*d+!a*d+!b*!c+!a*!c+!a*!b,6,suboptimal,7
P35049,pdn,a*!b*!c+!a*b*!c+!a*!b*c+!b*d+!a*d,8,suboptimal,11
P35049,pun,a*!b*!c+!a*b*!c+!a*!b*c+!b*d+!a*d,8,suboptimal,13
P35051,pdn,!a*b*!c+!a*!b*c+!b*d+!a*d,7,suboptimal,8
P35051,pun,!a*b*!c+!a*!b*c+!b*d+!a*d,7,suboptimal,8
P35054,pdn,!b*d+!a*d+!a*!b,5,suboptimal,8
P35056,pdn,!c*!d+!b*d+!a*d,5,suboptimal,8
P35056,pun,!c*!d+!b*d+!a*d,5,suboptimal,10
P35057,pdn,a*!c*!d+!a*b*!c+!b*d+!a*d,7,suboptimal,9
P35057,pun,a*!c*!d+!a*b*!c+!b*d+!a*d,7,suboptimal,8
P35058,pdn,b*!c*!d+!b*d+!a*d+!a*!c,6,suboptimal,8
P35062,pdn,a*b*!c*!d+!a*!b*!c+!b*d+!a*d,8,suboptimal,9
P35063,pun,a*b*!c*!d+!b*d+!a*d,7,suboptimal,9
P35065,pdn,a*!b*!c+!a*b*!c+!b*d+!a*d,6,suboptimal,7
P35065,pun,a*!b*!c+!a*b*!c+!b*d+!a*d,6,suboptimal,8
P35071,pdn,!b*d+!a*d,3,suboptimal,4
P35071,pun,!b*d+!a*d,3,suboptimal,5
P35216,pun,!b*c*d+!c*!d+a*!b+!a*b,8,suboptimal,9
P35217,pun,b*!c*!d+!b*c*d+a*!b+!a*b,8,suboptimal,9
P35218,pdn,b*!c*!d+!a*!c*!d+!b*c*d+a*!b*d+a*!b*c+!a*b,10,suboptimal,18
P35218,pun,b*!c*!d+!a*!c*!d+!b*c*d+a*!b*d+a*!b*c+!a*b,10,suboptimal,16
P35219,pdn,b*!c*!d+!b*c*d+a*!b*d+a*!b*c+!a*b,10,suboptimal,18
P35219,pun,b*!c*!d+!b*c*d+a*!b*d+a*!b*c+!a*b,10,suboptimal,14
P35222,pdn,!a*!b*!c*!d+a*b*!c*!d+!b*c*d+a*!b*d+!a*b*d+a*!b*c+!a*b*c,12,failed,
P35222,pun,!a*!b*!c*!d+a*b*!c*!d+!b*c*d+a*!b*d+!a*b*d+a*!b*c+!a*b*c,12,failed,
P35223,pdn,a*b*!c*!d+!b*c*d+a*!b*d+!a*b*d+a*!b*c+!a*b*c,11,suboptimal,14
P35223,pun,a*b*!c*!d+!b*c*d+a*!b*d+!a*b*d+a*!b*c+!a*b*c,11,suboptimal,17
P35224,pun,!b*!c*!d+!b*c*d+a*!b+!a*b,8,suboptimal,10
P35225,pdn,!b*c*d+a*!b+!a*b,6,suboptimal,8
P35225,pun,!b*c*d+a*!b+!a*b,6,suboptimal,9
P35226,pdn,!a*!c*!d+!b*c*d+a*!b*d+a*!b*c+!a*b,9,suboptimal,13
P35227,pdn,!b*c*d+a*!b*d+a*!b*c+!a*b,7,suboptimal,11
P35227,pun,!b*c*d+a*!b*d+a*!b*c+!a*b,7,suboptimal,13
P35230,pdn,!a*!b*!c*!d+!b*c*d+a*!b*d+!a*b*d+a*!b*c+!a*b*c,10,suboptimal,20
P35230,pun,!a*!b*!c*!d+!b*c*d+a*!b*d+!a*b*d+a*!b*c+!a*b*c,10,failed,
P35231,pdn,!b*c*d+a*!b*d+!a*b*d+a*!b*c+!a*b*c,8,suboptimal,14
P35231,pun,!b*c*d+a*!b*d+!a*b*d+a*!b*c+!a*b*c,8,suboptimal,15
P35232,pdn,a*!b*d+!c*!d+!a*c+!a*b,8,suboptimal,12
P35233,pdn,a*!c*!d+a*!b*d+!a*c+!a*b,8,suboptimal,15
P35233,pun,a*!c*!d+a*!b*d+!a*c+!a*b,8,suboptimal,10
P35234,pdn,b*!c*!d+a*!b*d+!a*!d+!a*c+!a*b,9,suboptimal,11
P35235,pdn,b*!c*!d+a*!b*d+!a*c+!a*b,8,suboptimal,9
P35235,pun,b*!c*!d+a*!b*d+!a*c+!a*b,8,suboptimal,11
P35236,pdn,!b*!c*!d+a*!c*!d+a*!b*d+!a*b*d+!a*c,9,suboptimal,11
P35236,pun,!b*!c*!d+a*!c*!d+a*!b*d+!a*b*d+!a*c,9,suboptimal,10
P35237,pdn,a*!c*!d+a*!b*d+!a*b*d+!a*c,8,suboptimal,10
P35237,pun,a*!c*!d+a*!b*d+!a*b*d+!a*c,8,suboptimal,9
P35238,pdn,a*b*!c*!d+!a*!b*!d+a*!b*d+!a*b*d+!a*c,10,suboptimal,12
P35238,pun,a*b*!c*!d+!a*!b*!d+a*!b*d+!a*b*d+!a*c,10,suboptimal,11
P35239,pun,a*b*!c*!d+a*!b*d+!a*b*d+!a*c,9,suboptimal,14
P35240,pdn,!b*c*d+a*!b*!c+!a*!d+!a*b,8,suboptimal,9
P35240,pun,!b*c*d+a*!b*!c+!a*!d+!a*b,8,suboptimal,9
P35241,pdn,!b*c*d+a*!b*!c+!a*c+!a*b,7,suboptimal,10
P35241,pun,!b*c*d+a*!b*!c+!a*c+!a*b,7,suboptimal,8
P35242,pdn,a*!b*d+!a*!d+!a*c+!a*b,7,suboptimal,10
P35242,pun,a*!b*d+!a*!d+!a*c+!a*b,7,suboptimal,9
P35243,pdn,a*!b*d+!a*c+!a*b,6,suboptimal,8
P35244,pun,!b*!c*!d+!b*c*d+!a*b*d+a*!b*!c+!a*c,8,suboptimal,10
P35245,pdn,!b*c*d+!a*b*d+a*!b*!c+!a*c,7,suboptimal,9
P35245,pun,!b*c*d+!a*b*d+a*!b*!c+!a*c,7,suboptimal,11
P35246,pun,!a*!b*!d+a*!b*d+!a*b*d+!a*c,8,suboptimal,15
P35247,pun,a*!b*d+!a*b*d+!a*c,6,suboptimal,11
P35248,pdn,!b*c*d+a*!b*d+!c*!d+!a*b,8,suboptimal,11
P35248,pun,!b*c*d+a*!b*d+!c*!d+!a*b,8,suboptimal,9
P35249,pdn,a*!c*!d+!b*c*d+a*!b*d+!a*b,8,suboptimal,10
P35249,pun,a*!c*!d+!b*c*d+a*!b*d+!a*b,8,suboptimal,9
P35250,pdn,b*!c*!d+!a*!c*!d+!b*c*d+a*!b*d+!a*b,9,suboptimal,16
P35250,pun,b*!c*!d+!a*!c*!d+!b*c*d+a*!b*d+!a*b,9,suboptimal,11
P35251,pdn,b*!c*!d+!b*c*d+a*!b*d+!a*b,8,suboptimal,10
P35251,pun,b*!c*!d+!b*c*d+a*!b*d+!a*b,8,suboptimal,12
P35252,pdn,!b*!c*!d+a*!c*!d+!b*c*d+a*!b*d+!a*b*d+!a*b*c,10,suboptimal,15
P35252,pun,!b*!c*!d+a*!c*!d+!b*c*d+a*!b*d+!a*b*d+!a*b*c,10,suboptimal,13
P35253,pdn,a*!c*!d+!b*c*d+a*!b*d+!a*b*d+!a*b*c,9,suboptimal,11
P35253,pun,a*!c*!d+!b*c*d+a*!b*d+!a*b*d+!a*b*c,9,suboptimal,10
P35254,pdn,!a*!b*!c*!d+a*b*!c*!d+!b*c*d+a*!b*d+!a*b*d+!a*b*c,11,suboptimal,19
P35254,pun,!a*!b*!c*!d+a*b*!c*!d+!b*c*d+a*!b*d+!a*b*d+!a*b*c,11,suboptimal,16
P35255,pdn,a*b*!c*!d+!b*c*d+a*!b*d+!a*b*d+!a*b*c,9,suboptimal,12
P35255,pun,a*b*!c*!d+!b*c*d+a*!b*d+!a*b*d+!a*b*c,9,suboptimal,13
P35256,pdn,!b*!c*!d+!b*c*d+a*!b*!c+!a*b,8,suboptimal,11
P35256,pun,!b*!c*!d+!b*c*d+a*!b*!c+!a*b,8,suboptimal,10
P35257,pdn,!b*c*d+a*!b*!c+!a*b,7,suboptimal,12
P35257,pun,!b*c*d+a*!b*!c+!a*b,7,suboptimal,10
P35258,pdn,!a*!c*!d+!b*c*d+a*!b*d+!a*b,8,suboptimal,11
P35259,pun,!b*c*d+a*!b*d+!a*b,6,suboptimal,8
P35260,pdn,!b*!c*!d+!b*c*d+a*!b*d+!a*b*d+!a*b*c,9,suboptimal,11
P35260,pun,!b*!c*!d+!b*c*d+a*!b*d+!a*b*d+!a*b*c,9,suboptimal,12
P35261,pdn,!b*c*d+!a*b*d+a*!b*!c+!a*b*c,8,suboptimal,11
P35261,pun,!b*c*d+!a*b*d+a*!b*!c+!a*b*c,8,suboptimal,13
P35262,pdn,!a*!b*!c*!d+!b*c*d+a*!b*d+!a*b*d+!a*b*c,10,suboptimal,14
P35262,pun,!a*!b*!c*!d+!b*c*d+a*!b*d+!a*b*d+!a*b*c,10,suboptimal,14
P35263,pdn,!b*c*d+a*!b*d+!a*b*d+!a*b*c,7,suboptimal,9
P35263,pun,!b*c*d+a*!b*d+!a*b*d+!a*b*c,7,suboptimal,10
P35296,pdn,a*!b*d+!a*b*d+!a*!b*c+!c*!d,9,suboptimal,11
P35296,pun,a*!b*d+!a*b*d+!a*!b*c+!c*!d,9,suboptimal,11
P35297,pdn,a*!c*!d+!a*c*d+a*!b*d+!a*b*!c+!a*!b*c,9,suboptimal,13
P35297,pun,a*!c*!d+!a*c*d+a*!b*d+!a*b*!c+!a*!b*c,9,suboptimal,17
P35298,pdn,b*!c*!d+!a*!b*!d+!b*c*d+a*!b*d+!a*b*d,10,suboptimal,12
P35299,pdn,b*!c*!d+a*!b*d+!a*b*d+!a*!b*c,9,suboptimal,13
P35299,pun,b*!c*!d+a*!b*d+!a*b*d+!a*!b*c,9,suboptimal,10
P35302,pdn,a*b*!c*!d+!a*!b*!d+!b*c*d+a*!b*d+!a*b*d,10,suboptimal,11
P35302,pun,a*b*!c*!d+!a*!b*!d+!b*c*d+a*!b*d+!a*b*d,10,suboptimal,11
P35303,pun,a*b*!c*!d+a*!b*d+!a*b*d+!a*!b*c,10,suboptimal,14
P35304,pdn,!a*!b*!d+!b*c*d+!a*c*d+a*!b*!c+!a*b*!c,9,suboptimal,12
P35304,pun,!a*!b*!d+!b*c*d+!a*c*d+a*!b*!c+!a*b*!c,9,suboptimal,13
P35305,pdn,!b*c*d+!a*c*d+a*!b*!c+!a*b*!c+!a*!b*c,8,suboptimal,17
P35305,pun,!b*c*d+!a*c*d+a*!b*!c+!a*b*!c+!a*!b*c,8,suboptimal,13
P35306,pun,!a*!c*!d+a*!b*d+!a*b*d+!a*!b*c,9,suboptimal,12
P35307,pdn,!a*c*d+a*!b*d+!a*b*!c+!a*!b*c,8,suboptimal,12
P35307,pun,!a*c*d+a*!b*d+!a*b*!c+!a*!b*c,8,suboptimal,9
P35310,pdn,!a*!b*!d+!b*c*d+a*!b*d+!a*b*d,8,suboptimal,9
P35310,pun,!a*!b*!d+!b*c*d+a*!b*d+!a*b*d,8,suboptimal,9
P35311,pun,a*!b*d+!a*b*d+!a*!b*c,7,suboptimal,8
P35312,pun,!b*c*d+a*!b*d+!a*b*d+!c*!d,8,suboptimal,11
P35313,pdn,a*!c*!d+!a*c*d+a*!b*d+!a*b*!c,8,suboptimal,9
P35313,pun,a*!c*!d+!a*c*d+a*!b*d+!a*b*!c,8,suboptimal,9
P35314,pdn,b*!c*!d+!a*!c*!d+!a*c*d+a*!b*d+!a*b*d,9,suboptimal,11
P35315,pun,b*!c*!d+!a*c*d+a*!b*d+!a*b*d,8,suboptimal,9
P35318,pdn,!a*!b*!c*!d+a*b*!c*!d+!b*c*d+a*!b*d+!a*b*d,10,suboptimal,13
P35319,pdn,a*b*!c*!d+!b*c*d+a*!b*d+!a*b*d,9,suboptimal,10
P35319,pun,a*b*!c*!d+!b*c*d+a*!b*d+!a*b*d,9,suboptimal,11
P35320,pdn,!b*!c*!d+!a*c*d+a*!b*d+!a*b*!c,8,suboptimal,9
P35320,pun,!b*!c*!d+!a*c*d+a*!b*d+!a*b*!c,8,suboptimal,13
P35321,pdn,!b*c*d+!a*c*d+a*!b*!c+!a*b*!c,7,suboptimal,8
P35321,pun,!b*c*d+!a*c*d+a*!b*!c+!a*b*!c,7,suboptimal,9
P35322,pun,!a*!c*!d+!b*c*d+a*!b*d+!a*b*d,8,suboptimal,9
P35323,pun,!a*c*d+a*!b*d+!a*b*!c,7,suboptimal,8
P35326,pun,!a*!b*!c*!d+!b*c*d+a*!b*d+!a*b*d,9,suboptimal,10
P35327,pdn,!b*c*d+a*!b*d+!a*b*d,6,suboptimal,9
P35489,pdn,a*!c*!d+!b*c*d+!a*d+!a*c+!a*b,9,suboptimal,11
P35491,pdn,b*!c*!d+!b*c*d+!a*d+!a*c,8,suboptimal,9
P35492,pdn,a*!c*!d+!b*c*d+!a*d+!a*c+!a*!b,8,suboptimal,14
P35492,pun,a*!c*!d+!b*c*d+!a*d+!a*c+!a*!b,8,suboptimal,9
P35493,pdn,a*!c*!d+!b*c*d+!a*d+!a*c,8,suboptimal,12
P35494,pdn,a*b*!c*!d+!b*c*d+!a*d+!a*c+!a*!b,9,suboptimal,11
P35494,pun,a*b*!c*!d+!b*c*d+!a*d+!a*c+!a*!b,9,suboptimal,12
P35495,pdn,a*b*!c*!d+!b*c*d+!a*d+!a*c,9,suboptimal,15
P35495,pun,a*b*!c*!d+!b*c*d+!a*d+!a*c,9,suboptimal,12
P35497,pdn,a*!b*!c*!d+!b*c*d+!a*d+!a*c+!a*b,9,suboptimal,16
P35500,pdn,!b*!c*!d+!b*c*d+!a*d+!a*c,7,suboptimal,8
P35500,pun,!b*!c*!d+!b*c*d+!a*d+!a*c,7,suboptimal,8
P35501,pdn,a*!b*!c*!d+!b*c*d+!a*d+!a*c,8,suboptimal,9
P35502,pdn,!b*c*d+!a*d+!a*c+!a*!b,5,suboptimal,7
P35502,pun,!b*c*d+!a*d+!a*c+!a*!b,5,suboptimal,7
P35505,pdn,a*!c*!d+!b*c*d+!a*d+!a*b,8,suboptimal,10
P35506,pdn,b*!c*!d+!b*c*d+!a*!c+!a*b,8,suboptimal,9
P35506,pun,b*!c*!d+!b*c*d+!a*!c+!a*b,8,suboptimal,9
P35507,pdn,b*!c*!d+!b*c*d+!a*d+!a*b,7,suboptimal,11
P35507,pun,b*!c*!d+!b*c*d+!a*d+!a*b,7,suboptimal,10
P35508,pdn,a*!c*!d+!b*c*d+!a*!b*!c+!a*b*c+!a*d,9,suboptimal,10
P35508,pun,a*!c*!d+!b*c*d+!a*!b*!c+!a*b*c+!a*d,9,suboptimal,13
P35509,pdn,a*!c*!d+!b*c*d+!a*b*c+!a*d,8,suboptimal,9
P35509,pun,a*!c*!d+!b*c*d+!a*b*c+!a*d,8,suboptimal,11
P35510,pdn,a*b*!c*!d+!b*c*d+!a*!b*!c+!a*b*c+!a*d,9,suboptimal,17
P35510,pun,a*b*!c*!d+!b*c*d+!a*!b*!c+!a*b*c+!a*d,9,suboptimal,12
P35511,pdn,a*b*!c*!d+!b*c*d+!a*b*c+!a*d,8,suboptimal,11
P35511,pun,a*b*!c*!d+!b*c*d+!a*b*c+!a*d,8,suboptimal,11
P35512,pun,!b*!c*!d+!b*c*d+!a*d+!a*b,7,suboptimal,8
P35514,pun,!b*c*d+!a*!c+!a*b,6,suboptimal,7
P35516,pun,!b*!c*!d+!b*c*d+!a*b*c+!a*d,7,suboptimal,9
P35517,pun,a*!b*!c*!d+!b*c*d+!a*b*c+!a*d,8,suboptimal,9
P35518,pdn,!b*c*d+!a*!b*!c+!a*b*c+!a*d,7,suboptimal,9
P35518,pun,!b*c*d+!a*!b*!c+!a*b*c+!a*d,7,suboptimal,8
P35519,pdn,!b*c*d+!a*b*c+!a*d,5,suboptimal,6
P35519,pun,!b*c*d+!a*b*c+!a*d,5,suboptimal,6
P35520,pun,!c*!d+!a*d+!b*c,6,suboptimal,8
P35521,pdn,a*!c*!d+!a*b*!c+!a*d+!b*c,8,suboptimal,9
P35521,pun,a*!c*!d+!a*b*!c+!a*d+!b*c,8,suboptimal,14
P35522,pdn,b*!c*!d+!a*d+!a*!c+!b*c,7,suboptimal,8
P35522,pun,b*!c*!d+!a*d+!a*!c+!b*c,7,suboptimal,9
P35523,pun,b*!c*!d+!a*d+!b*c,7,suboptimal,16
P35526,pdn,a*b*!c*!d+!a*d+!b*c+!a*!b,8,suboptimal,10
P35526,pun,a*b*!c*!d+!a*d+!b*c+!a*!b,8,suboptimal,9
P35527,pdn,a*b*!c*!d+!a*d+!b*c,8,suboptimal,12
P35527,pun,a*b*!c*!d+!a*d+!b*c,8,suboptimal,14
P35528,pun,!b*!d+!a*d+!a*!c+!b*c,6,suboptimal,9
P35529,pun,a*!b*!d+!a*b*!c+!a*d+!b*c,8,suboptimal,10
P35531,pun,!a*b*!c+!a*d+!b*c,6,suboptimal,8
P35535,pun,!a*d+!b*c,4,suboptimal,6
P35536,pdn,a*!b*c+!c*!d+!a*d,7,suboptimal,8
P35536,pun,a*!b*c+!c*!d+!a*d,7,suboptimal,15
P35537,pdn,a*!c*!d+!a*b*!c+a*!b*c+!a*d,8,suboptimal,11
P35537,pun,a*!c*!d+!a*b*!c+a*!b*c+!a*d,8,suboptimal,10
P35538,pdn,b*!c*!d+a*!b*c+!a*d+!a*!c,8,suboptimal,13
P35538,pun,b*!c*!d+a*!b*c+!a*d+!a*!c,8,suboptimal,13
P35539,pdn,b*!c*!d+a*!b*c+!a*d,8,suboptimal,13
P35539,pun,b*!c*!d+a*!b*c+!a*d,8,suboptimal,12
P35540,pdn,!b*!c*!d+a*!c*!d+a*!b*c+!a*d,8,suboptimal,11
P35540,pun,!b*!c*!d+a*!c*!d+a*!b*c+!a*d,8,suboptimal,12
P35541,pdn,a*!c*!d+a*!b*c+!a*d,7,suboptimal,8
P35541,pun,a*!c*!d+a*!b*c+!a*d,7,suboptimal,8
P35542,pdn,a*b*!c*!d+!a*!b*!c+a*!b*c+!a*d,9,suboptimal,13
P35542,pun,a*b*!c*!d+!a*!b*!c+a*!b*c+!a*d,9,suboptimal,13
P35543,pdn,a*b*!c*!d+a*!b*c+!a*d,8,suboptimal,12
P35543,pun,a*b*!c*!d+a*!b*c+!a*d,8,suboptimal,11
P35544,pun,a*!b*!d+!b*c*d+!a*d+!a*!c,7,suboptimal,8
P35545,pun,a*!b*!d+!b*c*d+!a*b*!c+!a*d,8,suboptimal,11
P35546,pdn,a*!b*c+!a*d+!a*!c,6,suboptimal,8
P35547,pdn,!a*b*!c+a*!b*c+!a*d,7,suboptimal,8
P35547,pun,!a*b*!c+a*!b*c+!a*d,7,suboptimal,8
P35548,pdn,!b*!c*!d+a*!b*!d+!b*c*d+!a*d,7,suboptimal,8
P35548,pun,!b*!c*!d+a*!b*!d+!b*c*d+!a*d,7,suboptimal,12
P35549,pdn,a*!b*!d+!b*c*d+!a*d,6,suboptimal,7
P35550,pdn,!a*!b*!c+a*!b*c+!a*d,6,suboptimal,9
P35550,pun,!a*!b*!c+a*!b*c+!a*d,6,suboptimal,7
P35552,pdn,!b*c*d+!c*!d+!a*d+!a*!b,7,suboptimal,9
P35552,pun,!b*c*d+!c*!d+!a*d+!a*!b,7,suboptimal,9
P35553,pdn,a*!c*!d+!b*c*d+!a*b*!c+!a*!b*c+!a*d,9,suboptimal,20
P35553,pun,a*!c*!d+!b*c*d+!a*b*!c+!a*!b*c+!a*d,9,suboptimal,15
P35554,pdn,b*!c*!d+!b*c*d+!a*d+!a*!b,8,suboptimal,9
P35555,pdn,b*!c*!d+!b*c*d+!a*!b*c+!a*d,8,suboptimal,13
P35555,pun,b*!c*!d+!b*c*d+!a*!b*c+!a*d,8,suboptimal,12
P35556,pdn,a*!c*!d+!b*c*d+!a*d+!a*!b,8,suboptimal,13
P35556,pun,a*!c*!d+!b*c*d+!a*d+!a*!b,8,suboptimal,12
P35557,pdn,a*!c*!d+!b*c*d+!a*!b*c+!a*d,8,suboptimal,14
P35557,pun,a*!c*!d+!b*c*d+!a*!b*c+!a*d,8,suboptimal,12
P35558,pdn,a*b*!c*!d+!b*c*d+!a*d+!a*!b,9,suboptimal,18
P35558,pun,a*b*!c*!d+!b*c*d+!a*d+!a*!b,9,suboptimal,15
P35559,pdn,a*b*!c*!d+!b*c*d+!a*!b*c+!a*d,9,suboptimal,11
P35559,pun,a*b*!c*!d+!b*c*d+!a*!b*c+!a*d,9,suboptimal,18
P35560,pdn,!b*!c*!d+!b*c*d+!a*d+!a*!c+!a*!b,8,suboptimal,9
P35560,pun,!b*!c*!d+!b*c*d+!a*d+!a*!c+!a*!b,8,suboptimal,10
P35561,pdn,a*!b*!c*!d+!b*c*d+!a*b*!c+!a*!b*c+!a*d,9,suboptimal,18
P35561,pun,a*!b*!c*!d+!b*c*d+!a*b*!c+!a*!b*c+!a*d,9,suboptimal,14
P35563,pdn,!b*c*d+!a*b*!c+!a*!b*c+!a*d,8,suboptimal,9
P35563,pun,!b*c*d+!a*b*!c+!a*!b*c+!a*d,8,suboptimal,9
P35564,pdn,!b*!c*!d+!b*c*d+!a*d+!a*!b,7,suboptimal,8
P35564,pun,!b*!c*!d+!b*c*d+!a*d+!a*!b,7,suboptimal,8
P35565,pdn,a*!b*!c*!d+!b*c*d+!a*!b*c+!a*d,8,suboptimal,11
P35565,pun,a*!b*!c*!d+!b*c*d+!a*!b*c+!a*d,8,suboptimal,10
P35567,pdn,!b*c*d+!a*!b*c+!a*d,6,suboptimal,8
P35567,pun,!b*c*d+!a*!b*c+!a*d,6,suboptimal,8
P35568,pdn,!b*c*d+!c*!d+!a*d,6,suboptimal,7
P35568,pun,!b*c*d+!c*!d+!a*d,6,suboptimal,8
P35569,pdn,a*!c*!d+!b*c*d+!a*b*!c+!a*d,8,suboptimal,10
P35569,pun,a*!c*!d+!b*c*d+!a*b*!c+!a*d,8,suboptimal,12
P35570,pun,b*!c*!d+!b*c*d+!a*d+!a*!c,7,suboptimal,10
P35571,pdn,b*!c*!d+!b*c*d+!a*d,7,suboptimal,8
P35572,pdn,!b*!c*!d+a*!c*!d+!b*c*d+!a*d,7,suboptimal,8
P35572,pun,!b*!c*!d+a*!c*!d+!b*c*d+!a*d,7,suboptimal,8
P35573,pdn,a*!c*!d+!b*c*d+!a*d,7,suboptimal,9
P35573,pun,a*!c*!d+!b*c*d+!a*d,7,suboptimal,9
P35574,pdn,a*b*!c*!d+!b*c*d+!a*!b*!c+!a*d,8,suboptimal,9
P35574,pun,a*b*!c*!d+!b*c*d+!a*!b*!c+!a*d,8,suboptimal,18
P35575,pdn,a*b*!c*!d+!b*c*d+!a*d,8,suboptimal,10
P35575,pun,a*b*!c*!d+!b*c*d+!a*d,8,suboptimal,12
P35576,pdn,!b*!c*!d+!b*c*d+!a*d+!a*!c,6,suboptimal,7
P35580,pun,!b*!c*!d+!b*c*d+!a*d,6,suboptimal,8
P35581,pun,a*!b*!c*!d+!b*c*d+!a*d,7,suboptimal,9
P35582,pdn,!b*c*d+!a*!b*!c+!a*d,5,suboptimal,6
P35582,pun,!b*c*d+!a*!b*!c+!a*d,5,suboptimal,6
P35760,pun,!b*c*d+!c*!d+!a*b,7,suboptimal,8
P35761,pdn,a*!c*!d+!b*c*d+!a*b,8,suboptimal,9
P35761,pun,a*!c*!d+!b*c*d+!a*b,8,suboptimal,9
P35762,pdn,b*!c*!d+!a*!c*!d+!b*c*d+!a*b,8,suboptimal,10
P35762,pun,b*!c*!d+!a*!c*!d+!b*c*d+!a*b,8,suboptimal,9
P35763,pdn,b*!c*!d+!b*c*d+!a*b,7,suboptimal,11
P35763,pun,b*!c*!d+!b*c*d+!a*b,7,suboptimal,9
P35764,pdn,!b*!c*!d+a*!c*!d+!b*c*d+!a*b*d+!a*b*c,10,suboptimal,16
P35764,pun,!b*!c*!d+a*!c*!d+!b*c*d+!a*b*d+!a*b*c,10,suboptimal,16
P35765,pdn,a*!c*!d+!b*c*d+!a*b*d+!a*b*c,9,suboptimal,13
P35765,pun,a*!c*!d+!b*c*d+!a*b*d+!a*b*c,9,suboptimal,12
P35766,pdn,!a*!b*!c*!d+a*b*!c*!d+!b*c*d+!a*b*d+!a*b*c,10,failed,
P35766,pun,!a*!b*!c*!d+a*b*!c*!d+!b*c*d+!a*b*d+!a*b*c,10,failed,
P35767,pdn,a*b*!c*!d+!b*c*d+!a*b*d+!a*b*c,9,suboptimal,12
P35767,pun,a*b*!c*!d+!b*c*d+!a*b*d+!a*b*c,9,suboptimal,12
P35768,pdn,!b*!c*!d+!b*c*d+!a*b,7,suboptimal,8
P35769,pdn,a*!b*!c*!d+!b*c*d+!a*b,8,suboptimal,10
P35769,pun,a*!b*!c*!d+!b*c*d+!a*b,8,suboptimal,9
P35771,pun,!b*c*d+!a*b,5,suboptimal,6
P35772,pdn,!b*!c*!d+!b*c*d+!a*b*d+!a*b*c,8,suboptimal,15
P35772,pun,!b*!c*!d+!b*c*d+!a*b*d+!a*b*c,8,suboptimal,16
P35773,pdn,a*!b*!c*!d+!b*c*d+!a*b*d+!a*b*c,9,suboptimal,12
P35773,pun,a*!b*!c*!d+!b*c*d+!a*b*d+!a*b*c,9,suboptimal,12
P35774,pdn,!a*!b*!c*!d+!b*c*d+!a*b*d+!a*b*c,9,suboptimal,12
P35775,pdn,!b*c*d+!a*b*d+!a*b*c,6,suboptimal,7
P35775,pun,!b*c*d+!a*b*d+!a*b*c,6,suboptimal,10
P35792,pdn,!b*c*d+!a*b*d+a*!b*c+!c*!d,8,suboptimal,11
P35792,pun,!b*c*d+!a*b*d+a*!b*c+!c*!d,8,suboptimal,10
P35793,pdn,a*!c*!d+!a*c*d+!a*b*!c+a*!b*c,8,suboptimal,9
P35793,pun,a*!c*!d+!a*c*d+!a*b*!c+a*!b*c,8,suboptimal,9
P35794,pdn,b*!c*!d+!a*!c*!d+!b*c*d+!a*b*d+a*!b*c,9,suboptimal,12
P35794,pun,b*!c*!d+!a*!c*!d+!b*c*d+!a*b*d+a*!b*c,9,suboptimal,14
P35795,pdn,b*!c*!d+!b*c*d+!a*b*d+a*!b*c,8,suboptimal,9
P35795,pun,b*!c*!d+!b*c*d+!a*b*d+a*!b*c,8,suboptimal,9
P35798,pdn,!a*!b*!c*!d+a*b*!c*!d+!b*c*d+!a*b*d+a*!b*c,10,suboptimal,16
P35798,pun,!a*!b*!c*!d+a*b*!c*!d+!b*c*d+!a*b*d+a*!b*c,10,suboptimal,13
P35799,pdn,a*b*!c*!d+!b*c*d+!a*b*d+a*!b*c,8,suboptimal,13
P35799,pun,a*b*!c*!d+!b*c*d+!a*b*d+a*!b*c,8,suboptimal,13
P35800,pdn,!b*!c*!d+a*!b*!d+!b*c*d+!a*c*d+!a*b*!c,8,suboptimal,10
P35800,pun,!b*!c*!d+a*!b*!d+!b*c*d+!a*c*d+!a*b*!c,8,suboptimal,12
P35801,pun,a*!b*!d+!b*c*d+!a*c*d+!a*b*!c,8,suboptimal,9
P35802,pdn,!a*!c*!d+!b*c*d+!a*b*d+a*!b*c,8,suboptimal,10
P35802,pun,!a*!c*!d+!b*c*d+!a*b*d+a*!b*c,8,suboptimal,9
P35806,pdn,!a*!b*!c*!d+!b*c*d+!a*b*d+a*!b*c,8,suboptimal,11
P35806,pun,!a*!b*!c*!d+!b*c*d+!a*b*d+a*!b*c,8,suboptimal,11
P35807,pdn,!b*c*d+!a*b*d+a*!b*c,6,suboptimal,7
P35808,pdn,!a*!b*!d+!b*c*d+!a*b*d+!c*!d,8,suboptimal,14
P35808,pun,!a*!b*!d+!b*c*d+!a*b*d+!c*!d,8,suboptimal,10
P35809,pdn,a*!c*!d+!b*c*d+!a*c*d+!a*b*!c+!a*!b*c,9,suboptimal,13
P35809,pun,a*!c*!d+!b*c*d+!a*c*d+!a*b*!c+!a*!b*c,9,suboptimal,12
P35811,pdn,b*!c*!d+!b*c*d+!a*b*d+!a*!b*c,8,suboptimal,13
P35811,pun,b*!c*!d+!b*c*d+!a*b*d+!a*!b*c,8,suboptimal,14
P35812,pun,a*!c*!d+!a*!b*!d+!b*c*d+!a*b*d,9,suboptimal,13
P35813,pdn,a*!c*!d+!b*c*d+!a*b*d+!a*!b*c,9,suboptimal,15
P35813,pun,a*!c*!d+!b*c*d+!a*b*d+!a*!b*c,9,suboptimal,16
P35814,pun,a*b*!c*!d+!a*!b*!d+!b*c*d+!a*b*d,10,suboptimal,16
P35815,pdn,a*b*!c*!d+!b*c*d+!a*b*d+!a*!b*c,9,suboptimal,15
P35815,pun,a*b*!c*!d+!b*c*d+!a*b*d+!a*!b*c,9,suboptimal,14
P35816,pdn,!b*!c*!d+!a*!b*!d+!b*c*d+!a*c*d+!a*b*!c,8,suboptimal,9
P35816,pun,!b*!c*!d+!a*!b*!d+!b*c*d+!a*c*d+!a*b*!c,8,suboptimal,14
P35817,pdn,a*!b*!c*!d+!b*c*d+!a*c*d+!a*b*!c+!a*!b*c,9,failed,
P35817,pun,a*!b*!c*!d+!b*c*d+!a*c*d+!a*b*!c+!a*!b*c,9,suboptimal,13
P35818,pun,!a*!c*!d+!a*!b*!d+!b*c*d+!a*b*d,8,suboptimal,9
P35819,pdn,!b*c*d+!a*c*d+!a*b*!c+!a*!b*c,7,suboptimal,13
P35819,pun,!b*c*d+!a*c*d+!a*b*!c+!a*!b*c,7,suboptimal,8
P35820,pun,!b*!c*!d+!a*!b*!d+!b*c*d+!a*b*d,8,suboptimal,11
P35821,pdn,a*!b*!c*!d+!b*c*d+!a*b*d+!a*!b*c,9,suboptimal,10
P35821,pun,a*!b*!c*!d+!b*c*d+!a*b*d+!a*!b*c,9,suboptimal,12
P35822,pun,!a*!b*!d+!b*c*d+!a*b*d,7,suboptimal,8
P35823,pdn,!b*c*d+!a*b*d+!a*!b*c,6,suboptimal,7
P35823,pun,!b*c*d+!a*b*d+!a*!b*c,6,suboptimal,11
P35824,pdn,!b*c*d+!a*b*d+!c*!d,7,suboptimal,11
P35824,pun,!b*c*d+!a*b*d+!c*!d,7,suboptimal,11
P35825,pdn,a*!c*!d+!b*c*d+!a*c*d+!a*b*!c,8,suboptimal,9
P35825,pun,a*!c*!d+!b*c*d+!a*c*d+!a*b*!c,8,suboptimal,12
P35826,pdn,b*!c*!d+!a*!c*!d+!b*c*d+!a*b*d,8,suboptimal,12
P35826,pun,b*!c*!d+!a*!c*!d+!b*c*d+!a*b*d,8,suboptimal,20
P35827,pdn,b*!c*!d+!b*c*d+!a*b*d,7,suboptimal,11
P35827,pun,b*!c*!d+!b*c*d+!a*b*d,7,suboptimal,12
P35828,pdn,!b*!c*!d+a*!c*!d+!b*c*d+!a*b*d,8,suboptimal,12
P35828,pun,!b*!c*!d+a*!c*!d+!b*c*d+!a*b*d,8,suboptimal,10
P35829,pdn,a*!c*!d+!b*c*d+!a*b*d,8,suboptimal,11
P35829,pun,a*!c*!d+!b*c*d+!a*b*d,8,suboptimal,10
P35830,pdn,!a*!b*!c*!d+a*b*!c*!d+!b*c*d+!a*b*d,9,suboptimal,10
P35830,pun,!a*!b*!c*!d+a*b*!c*!d+!b*c*d+!a*b*d,9,suboptimal,14
P35831,pdn,a*b*!c*!d+!b*c*d+!a*b*d,8,suboptimal,9
P35831,pun,a*b*!c*!d+!b*c*d+!a*b*d,8,suboptimal,10
P35832,pdn,!b*!c*!d+!b*c*d+!a*c*d+!a*b*!c,7,suboptimal,8
P35833,pdn,a*!b*!c*!d+!b*c*d+!a*c*d+!a*b*!c,8,suboptimal,10
P35833,pun,a*!b*!c*!d+!b*c*d+!a*c*d+!a*b*!c,8,suboptimal,12
P35834,pun,!a*!c*!d+!b*c*d+!a*b*d,7,suboptimal,8
P35835,pdn,!b*c*d+!a*c*d+!a*b*!c,6,suboptimal,7
P35836,pdn,!b*!c*!d+!b*c*d+!a*b*d,7,suboptimal,9
P35836,pun,!b*!c*!d+!b*c*d+!a*b*d,7,suboptimal,8
P35837,pdn,a*!b*!c*!d+!b*c*d+!a*b*d,8,suboptimal,9
P35837,pun,a*!b*!c*!d+!b*c*d+!a*b*d,8,suboptimal,9
P35838,pdn,!a*!b*!c*!d+!b*c*d+!a*b*d,7,suboptimal,8
P35838,pun,!a*!b*!c*!d+!b*c*d+!a*b*d,7,suboptimal,9
P35839,pdn,!b*c*d+!a*b*d,5,suboptimal,8
P36576,pdn,!b*c*d+!a*c*d+!c*!d+!a*!b,8,suboptimal,16
P36576,pun,!b*c*d+!a*c*d+!c*!d+!a*!b,8,suboptimal,13
P36577,pdn,b*!c*!d+a*!c*!d+!b*c*d+!a*c*d+!a*!b*d+!a*!b*c,11,failed,
P36577,pun,b*!c*!d+a*!c*!d+!b*c*d+!a*c*d+!a*!b*d+!a*!b*c,11,suboptimal,15
P36578,pdn,b*!c*!d+!b*c*d+!a*c*d+!a*!b,8,suboptimal,10
P36578,pun,b*!c*!d+!b*c*d+!a*c*d+!a*!b,8,suboptimal,9
P36579,pdn,b*!c*!d+!b*c*d+!a*c*d+!a*!b*d+!a*!b*c,10,suboptimal,16
P36579,pun,b*!c*!d+!b*c*d+!a*c*d+!a*!b*d+!a*!b*c,10,failed,
P36582,pdn,a*b*!c*!d+!b*c*d+!a*c*d+!a*!b,9,suboptimal,14
P36582,pun,a*b*!c*!d+!b*c*d+!a*c*d+!a*!b,9,suboptimal,14
P36583,pdn,a*b*!c*!d+!b*c*d+!a*c*d+!a*!b*d+!a*!b*c,11,suboptimal,20
P36583,pun,a*b*!c*!d+!b*c*d+!a*c*d+!a*!b*d+!a*!b*c,11,failed,
P36584,pdn,!b*!c*!d+!a*!c*!d+!b*c*d+!a*c*d+!a*!b,8,suboptimal,10
P36584,pun,!b*!c*!d+!a*!c*!d+!b*c*d+!a*c*d+!a*!b,8,suboptimal,12
P36585,pdn,a*!b*!c*!d+!a*b*!c*!d+!b*c*d+!a*c*d+!a*!b*d+!a*!b*c,10,suboptimal,12
P36585,pun,a*!b*!c*!d+!a*b*!c*!d+!b*c*d+!a*c*d+!a*!b*d+!a*!b*c,10,suboptimal,19
P36586,pdn,!a*!c*!d+!b*c*d+!a*c*d+!a*!b,8,suboptimal,11
P36586,pun,!a*!c*!d+!b*c*d+!a*c*d+!a*!b,8,suboptimal,10
P36587,pdn,!a*b*!c*!d+!b*c*d+!a*c*d+!a*!b*d+!a*!b*c,9,suboptimal,16
P36587,pun,!a*b*!c*!d+!b*c*d+!a*c*d+!a*!b*d+!a*!b*c,9,suboptimal,14
P36590,pdn,!b*c*d+!a*c*d+!a*!b,6,suboptimal,10
P36590,pun,!b*c*d+!a*c*d+!a*!b,6,suboptimal,7
P36591,pdn,!b*c*d+!a*c*d+!a*!b*d+!a*!b*c,8,suboptimal,11
P36591,pun,!b*c*d+!a*c*d+!a*!b*d+!a*!b*c,8,suboptimal,10
P36592,pdn,!b*c*d+!a*c*d+!a*!b*d+!c*!d,7,suboptimal,13
P36592,pun,!b*c*d+!a*c*d+!a*!b*d+!c*!d,7,suboptimal,15
P36593,pdn,b*!c*!d+a*!c*!d+!b*c*d+!a*c*d+!a*!b*d,10,failed,
P36593,pun,b*!c*!d+a*!c*!d+!b*c*d+!a*c*d+!a*!b*d,10,suboptimal,13
P36594,pdn,b*!c*!d+!b*c*d+!a*c*d+!a*!b*!c,8,suboptimal,13
P36594,pun,b*!c*!d+!b*c*d+!a*c*d+!a*!b*!c,8,suboptimal,12
P36595,pdn,b*!c*!d+!b*c*d+!a*c*d+!a*!b*d,9,suboptimal,12
P36595,pun,b*!c*!d+!b*c*d+!a*c*d+!a*!b*d,9,suboptimal,16
P36598,pdn,a*b*!c*!d+!b*c*d+!a*c*d+!a*!b*!c,9,suboptimal,11
P36598,pun,a*b*!c*!d+!b*c*d+!a*c*d+!a*!b*!c,9,suboptimal,12
P36599,pdn,a*b*!c*!d+!b*c*d+!a*c*d+!a*!b*d,9,suboptimal,12
P36599,pun,a*b*!c*!d+!b*c*d+!a*c*d+!a*!b*d,9,suboptimal,10
P36600,pdn,!b*!c*!d+!a*!c*!d+!b*c*d+!a*c*d+!a*!b*d,8,suboptimal,13
P36600,pun,!b*!c*!d+!a*!c*!d+!b*c*d+!a*c*d+!a*!b*d,8,suboptimal,9
P36601,pdn,a*!b*!c*!d+!a*b*!c*!d+!b*c*d+!a*c*d+!a*!b*d,9,suboptimal,11
P36601,pun,a*!b*!c*!d+!a*b*!c*!d+!b*c*d+!a*c*d+!a*!b*d,9,suboptimal,14
P36602,pdn,!a*!c*!d+!b*c*d+!a*c*d+!a*!b*d,7,suboptimal,8
P36602,pun,!a*!c*!d+!b*c*d+!a*c*d+!a*!b*d,7,suboptimal,10
P36603,pun,!a*b*!c*!d+!b*c*d+!a*c*d+!a*!b*d,9,suboptimal,11
P36606,pdn,!b*c*d+!a*c*d+!a*!b*!c,6,suboptimal,7
P36606,pun,!b*c*d+!a*c*d+!a*!b*!c,6,suboptimal,7
P36607,pdn,!b*c*d+!a*c*d+!a*!b*d,6,suboptimal,9
P36848,pdn,!b*c*d+!a*c*d+!c*!d,6,suboptimal,8
P36849,pdn,b*!c*!d+a*!c*!d+!b*c*d+!a*c*d,8,suboptimal,10
P36850,pdn,b*!c*!d+!a*!c*!d+!b*c*d+!a*c*d,7,suboptimal,10
P36851,pdn,b*!c*!d+!b*c*d+!a*c*d,7,suboptimal,8
P36851,pun,b*!c*!d+!b*c*d+!a*c*d,7,suboptimal,9
P36854,pdn,!a*!b*!c*!d+a*b*!c*!d+!b*c*d+!a*c*d,9,suboptimal,10
P36855,pdn,a*b*!c*!d+!b*c*d+!a*c*d,8,suboptimal,9
P36855,pun,a*b*!c*!d+!b*c*d+!a*c*d,8,suboptimal,10
P36856,pdn,!b*!c*!d+!a*!c*!d+!b*c*d+!a*c*d,6,suboptimal,7
P36857,pdn,a*!b*!c*!d+!a*b*!c*!d+!b*c*d+!a*c*d,8,suboptimal,10
P36859,pdn,!a*b*!c*!d+!b*c*d+!a*c*d,7,suboptimal,8
P36859,pun,!a*b*!c*!d+!b*c*d+!a*c*d,7,suboptimal,8
P36862,pdn,!a*!b*!c*!d+!b*c*d+!a*c*d,7,suboptimal,8
P36862,pun,!a*!b*!c*!d+!b*c*d+!a*c*d,7,suboptimal,8
P36863,pdn,!b*c*d+!a*c*d,4,suboptimal,6
P38504,pdn,a*b*c*!d+a*b*!c*d+a*!b*c*d+!a*b*c*d+!b*!c*!d+!a*!c*!d+!a*!b*!d+!a*!b*!c,13,failed,
P38504,pun,a*b*c*!d+a*b*!c*d+a*!b*c*d+!a*b*c*d+!b*!c*!d+!a*!c*!d+!a*!b*!d+!a*!b*!c,13,failed,
P38505,pdn,a*!b*!c*!d+!a*b*!c*!d+!a*!b*c*!d+a*b*c*!d+!a*!b*!c*d+a*b*!c*d+a*!b*c*d+!a*b*c*d,12,failed,
P38505,pun,a*!b*!c*!d+!a*b*!c*!d+!a*!b*c*!d+a*b*c*!d+!a*!b*!c*d+a*b*!c*d+a*!b*c*d+!a*b*c*d,12,failed,
P38506,pdn,a*b*c*!d+a*b*!c*d+a*!b*c*d+!a*b*c*d+!a*!c*!d+!a*!b*!d+!a*!b*!c,12,failed,
P38506,pun,a*b*c*!d+a*b*!c*d+a*!b*c*d+!a*b*c*d+!a*!c*!d+!a*!b*!d+!a*!b*!c,12,failed,
P38507,pdn,!a*b*!c*!d+!a*!b*c*!d+a*b*c*!d+!a*!b*!c*d+a*b*!c*d+a*!b*c*d+!a*b*c*d,13,failed,
P38507,pun,!a*b*!c*!d+!a*!b*c*!d+a*b*c*!d+!a*!b*!c*d+a*b*!c*d+a*!b*c*d+!a*b*c*d,15,failed,
P38510,pdn,a*b*c*!d+a*b*!c*d+a*!b*c*d+!a*b*c*d+!a*!b*!d+!a*!b*!c,12,failed,
P38510,pun,a*b*c*!d+a*b*!c*d+a*!b*c*d+!a*b*c*d+!a*!b*!d+!a*!b*!c,12,failed,
P38511,pdn,!a*!b*c*!d+a*b*c*!d+!a*!b*!c*d+a*b*!c*d+a*!b*c*d+!a*b*c*d,11,suboptimal,14
P38511,pun,!a*!b*c*!d+a*b*c*!d+!a*!b*!c*d+a*b*!c*d+a*!b*c*d+!a*b*c*d,11,failed,
P38526,pdn,a*b*c*!d+a*b*!c*d+a*!b*c*d+!a*b*c*d+!a*!b*!c,11,suboptimal,12
P38526,pun,a*b*c*!d+a*b*!c*d+a*!b*c*d+!a*b*c*d+!a*!b*!c,11,failed,
P38527,pdn,a*b*c*!d+!a*!b*!c*d+a*b*!c*d+a*!b*c*d+!a*b*c*d,11,suboptimal,12
P38527,pun,a*b*c*!d+!a*!b*!c*d+a*b*!c*d+a*!b*c*d+!a*b*c*d,11,failed,
P38528,pdn,!a*!b*!c+a*b*!c+a*!b*c+!a*b*c+!c*!d+!b*!d,9,suboptimal,12
P38528,pun,!a*!b*!c+a*b*!c+a*!b*c+!a*b*c+!c*!d+!b*!d,9,suboptimal,13
P38529,pdn,!a*!b*!c*d+b*!c*!d+a*!c*!d+!b*c*!d+a*b*!c+a*!b*c+!a*b*c,11,failed,
P38529,pun,!a*!b*!c*d+b*!c*!d+a*!c*!d+!b*c*!d+a*b*!c+a*!b*c+!a*b*c,11,suboptimal,18
P38530,pdn,!a*!b*!c+a*b*!c+a*!b*c+!a*b*c+!a*!d,9,suboptimal,12
P38530,pun,!a*!b*!c+a*b*!c+a*!b*c+!a*b*c+!a*!d,9,suboptimal,11
P38531,pdn,!a*!b*!c*d+!b*c*!d+!a*b*!d+a*b*!c+a*!b*c+!a*b*c,10,suboptimal,19
P38531,pun,!a*!b*!c*d+!b*c*!d+!a*b*!d+a*b*!c+a*!b*c+!a*b*c,10,failed,
P38534,pdn,!b*c*!d+!a*!b*!c+a*b*!c+a*!b*c+!a*b*c,9,suboptimal,13
P38534,pun,!b*c*!d+!a*!b*!c+a*b*!c+a*!b*c+!a*b*c,9,suboptimal,12
P38535,pdn,!a*!b*!c*d+!b*c*!d+a*b*!c+a*!b*c+!a*b*c,10,suboptimal,20
P38535,pun,!a*!b*!c*d+!b*c*!d+a*b*!c+a*!b*c+!a*b*c,10,suboptimal,18
P38536,pdn,a*b*!c*d+!a*!b*!c+a*!b*c+!a*b*c+!b*!d+!a*!d,10,failed,
P38536,pun,a*b*!c*d+!a*!b*!c+a*!b*c+!a*b*c+!b*!d+!a*!d,10,suboptimal,14
P38537,pdn,!a*!b*!c*d+a*b*!c*d+!b*c*!d+a*!b*!d+!a*b*!d+a*!b*c+!a*b*c,12,failed,
P38537,pun,!a*!b*!c*d+a*b*!c*d+!b*c*!d+a*!b*!d+!a*b*!d+a*!b*c+!a*b*c,12,failed,
P38538,pdn,a*b*!c*d+!a*!b*!c+a*!b*c+!a*b*c+!a*!d,10,suboptimal,12
P38538,pun,a*b*!c*d+!a*!b*!c+a*!b*c+!a*b*c+!a*!d,10,suboptimal,12
P38539,pdn,!a*!b*!c*d+a*b*!c*d+!b*c*!d+!a*b*!d+a*!b*c+!a*b*c,11,suboptimal,18
P38539,pun,!a*!b*!c*d+a*b*!c*d+!b*c*!d+!a*b*!d+a*!b*c+!a*b*c,11,suboptimal,16
P38542,pdn,a*b*!c*d+!b*c*!d+!a*!b*!c+a*!b*c+!a*b*c,10,suboptimal,15
P38542,pun,a*b*!c*d+!b*c*!d+!a*!b*!c+a*!b*c+!a*b*c,10,suboptimal,14
P38543,pdn,!a*!b*!c*d+a*b*!c*d+!b*c*!d+a*!b*c+!a*b*c,10,suboptimal,15
P38543,pun,!a*!b*!c*d+a*b*!c*d+!b*c*!d+a*!b*c+!a*b*c,10,failed,
P38550,pdn,!a*!b*!c+a*b*!c+a*!b*c+!a*b*c,8,suboptimal,9
P38551,pdn,!a*!b*!c*d+a*b*!c+a*!b*c+!a*b*c,9,suboptimal,16
P38551,pun,!a*!b*!c*d+a*b*!c+a*!b*c+!a*b*c,9,suboptimal,16
P38552,pdn,a*b*!c*d+!b*!c*!d+!a*!c*!d+!a*!b*!c+a*!b*c+!a*b*c,10,suboptimal,19
P38552,pun,a*b*!c*d+!b*!c*!d+!a*!c*!d+!a*!b*!c+a*!b*c+!a*b*c,10,failed,
P38553,pdn,!a*!b*!c*d+a*b*!c*d+a*!b*!d+!a*b*!d+a*!b*c+!a*b*c,10,failed,
P38553,pun,!a*!b*!c*d+a*b*!c*d+a*!b*!d+!a*b*!d+a*!b*c+!a*b*c,10,failed,
P38554,pdn,a*b*!c*d+!a*!c*!d+!a*!b*!c+a*!b*c+!a*b*c,10,failed,
P38554,pun,a*b*!c*d+!a*!c*!d+!a*!b*!c+a*!b*c+!a*b*c,10,suboptimal,17
P38555,pdn,!a*!b*!c*d+a*b*!c*d+!a*b*!d+a*!b*c+!a*b*c,10,suboptimal,12
P38555,pun,!a*!b*!c*d+a*b*!c*d+!a*b*!d+a*!b*c+!a*b*c,10,suboptimal,14
P38558,pdn,a*b*!c*d+!a*!b*!c+a*!b*c+!a*b*c,9,suboptimal,17
P38558,pun,a*b*!c*d+!a*!b*!c+a*!b*c+!a*b*c,9,suboptimal,10
P38559,pun,!a*!b*!c*d+a*b*!c*d+a*!b*c+!a*b*c,9,suboptimal,10
P38568,pdn,a*b*!c*d+a*!b*c*d+!b*!c*!d+!a*!b*!c+!a*b*c+!a*!d,11,failed,
P38568,pun,a*b*!c*d+a*!b*c*d+!b*!c*!d+!a*!b*!c+!a*b*c+!a*!d,11,failed,
P38569,pdn,a*!b*!c*!d+!a*!b*!c*d+a*b*!c*d+a*!b*c*d+!a*c*!d+!a*b*!d+!a*b*c,12,suboptimal,16
P38569,pun,a*!b*!c*!d+!a*!b*!c*d+a*b*!c*d+a*!b*c*d+!a*c*!d+!a*b*!d+!a*b*c,12,failed,
P38570,pdn,a*b*!c*d+a*!b*c*d+!a*!b*!c+!a*b*c+!a*!d,10,suboptimal,20
P38570,pun,a*b*!c*d+a*!b*c*d+!a*!b*!c+!a*b*c+!a*!d,10,failed,
P38571,pdn,!a*!b*!c*d+a*b*!c*d+a*!b*c*d+!a*c*!d+!a*b*!d+!a*b*c,11,failed,
P38571,pun,!a*!b*!c*d+a*b*!c*d+a*!b*c*d+!a*c*!d+!a*b*!d+!a*b*c,11,failed,
P38572,pdn,a*b*!c*d+a*!b*c*d+!b*!c*!d+!a*c*!d+!a*!b*!c+!a*b*c,11,failed,
P38572,pun,a*b*!c*d+a*!b*c*d+!b*!c*!d+!a*c*!d+!a*!b*!c+!a*b*c,11,failed,
P38573,pdn,a*!b*!c*!d+!a*!b*!c*d+a*b*!c*d+a*!b*c*d+!a*c*!d+!a*b*c,12,suboptimal,19
P38573,pun,a*!b*!c*!d+!a*!b*!c*d+a*b*!c*d+a*!b*c*d+!a*c*!d+!a*b*c,12,failed,
P38574,pdn,a*b*!c*d+a*!b*c*d+!a*c*!d+!a*!b*!c+!a*b*c,10,suboptimal,14
P38574,pun,a*b*!c*d+a*!b*c*d+!a*c*!d+!a*!b*!c+!a*b*c,10,suboptimal,18
P38575,pdn,!a*!b*!c*d+a*b*!c*d+a*!b*c*d+!a*c*!d+!a*b*c,10,failed,
P38575,pun,!a*!b*!c*d+a*b*!c*d+a*!b*c*d+!a*c*!d+!a*b*c,10,suboptimal,20
P38588,pdn,a*b*!c*d+a*!b*c*d+!b*!c*!d+!a*!b*!c+!a*b*c,10,suboptimal,19
P38588,pun,a*b*!c*d+a*!b*c*d+!b*!c*!d+!a*!b*!c+!a*b*c,10,failed,
P38589,pdn,a*!b*!c*!d+!a*!b*!c*d+a*b*!c*d+a*!b*c*d+!a*b*c,11,suboptimal,13
P38589,pun,a*!b*!c*!d+!a*!b*!c*d+a*b*!c*d+a*!b*c*d+!a*b*c,11,failed,
P38590,pdn,a*b*!c*d+a*!b*c*d+!a*!b*!c+!a*b*c,9,suboptimal,17
P38591,pdn,!a*!b*!c*d+a*b*!c*d+a*!b*c*d+!a*b*c,9,suboptimal,11
P38591,pun,!a*!b*!c*d+a*b*!c*d+a*!b*c*d+!a*b*c,9,suboptimal,14
P38632,pdn,a*b*!c*d+a*!b*c*d+!a*b*c*d+!b*!c*!d+!a*!c*!d+!a*!b*!d+!a*!b*!c,12,failed,
P38632,pun,a*b*!c*d+a*!b*c*d+!a*b*c*d+!b*!c*!d+!a*!c*!d+!a*!b*!d+!a*!b*!c,12,failed,
P38633,pdn,a*!b*!c*!d+!a*b*!c*!d+!a*!b*c*!d+!a*!b*!c*d+a*b*!c*d+a*!b*c*d+!a*b*c*d,13,failed,
P38633,pun,a*!b*!c*!d+!a*b*!c*!d+!a*!b*c*!d+!a*!b*!c*d+a*b*!c*d+a*!b*c*d+!a*b*c*d,13,failed,
P38634,pdn,a*b*!c*d+a*!b*c*d+!a*b*c*d+!a*!c*!d+!a*!b*!d+!a*!b*!c,11,suboptimal,13
P38634,pun,a*b*!c*d+a*!b*c*d+!a*b*c*d+!a*!c*!d+!a*!b*!d+!a*!b*!c,11,failed,
P38635,pdn,!a*b*!c*!d+!a*!b*c*!d+!a*!b*!c*d+a*b*!c*d+a*!b*c*d+!a*b*c*d,11,failed,
P38635,pun,!a*b*!c*!d+!a*!b*c*!d+!a*!b*!c*d+a*b*!c*d+a*!b*c*d+!a*b*c*d,11,failed,
P38638,pdn,a*b*!c*d+a*!b*c*d+!a*b*c*d+!a*!b*!d+!a*!b*!c,10,suboptimal,17
P38638,pun,a*b*!c*d+a*!b*c*d+!a*b*c*d+!a*!b*!d+!a*!b*!c,10,failed,
P38639,pdn,!a*!b*c*!d+!a*!b*!c*d+a*b*!c*d+a*!b*c*d+!a*b*c*d,11,suboptimal,17
P38639,pun,!a*!b*c*!d+!a*!b*!c*d+a*b*!c*d+a*!b*c*d+!a*b*c*d,11,failed,
P38654,pdn,a*b*!c*d+a*!b*c*d+!a*b*c*d+!a*!b*!c,9,suboptimal,12
P38654,pun,a*b*!c*d+a*!b*c*d+!a*b*c*d+!a*!b*!c,9,suboptimal,11
P38655,pdn,!a*!b*!c*d+a*b*!c*d+a*!b*c*d+!a*b*c*d,9,failed,
P38782,pdn,!a*!b*!c*!d+a*b*c*!d+a*b*!c*d+a*!b*c*d+!a*b*c*d,12,suboptimal,20
P38782,pun,!a*!b*!c*!d+a*b*c*!d+a*b*!c*d+a*!b*c*d+!a*b*c*d,11,suboptimal,19
P38783,pdn,a*b*c*!d+a*b*!c*d+a*!b*c*d+!a*b*c*d,10,suboptimal,16
P38783,pun,a*b*c*!d+a*b*!c*d+a*!b*c*d+!a*b*c*d,10,failed,
P38784,pdn,a*b*!c+a*!b*c+!a*b*c+!c*!d+!b*!d,8,suboptimal,14
P38784,pun,a*b*!c+a*!b*c+!a*b*c+!c*!d+!b*!d,8,suboptimal,11
P38785,pdn,b*!c*!d+a*!c*!d+!b*c*!d+a*b*!c+a*!b*c+!a*b*c,10,suboptimal,17
P38785,pun,b*!c*!d+a*!c*!d+!b*c*!d+a*b*!c+a*!b*c+!a*b*c,10,suboptimal,12
P38786,pdn,a*b*!c+a*!b*c+!a*b*c+!a*!d,8,suboptimal,11
P38786,pun,a*b*!c+a*!b*c+!a*b*c+!a*!d,8,suboptimal,10
P38787,pdn,!b*c*!d+!a*b*!d+a*b*!c+a*!b*c+!a*b*c,8,suboptimal,12
P38787,pun,!b*c*!d+!a*b*!d+a*b*!c+a*!b*c+!a*b*c,8,suboptimal,12
P38790,pdn,!a*!b*!d+a*b*!c+a*!b*c+!a*b*c,9,suboptimal,13
P38790,pun,!a*!b*!d+a*b*!c+a*!b*c+!a*b*c,9,suboptimal,16
P38791,pdn,!b*c*!d+a*b*!c+a*!b*c+!a*b*c,8,suboptimal,12
P38791,pun,!b*c*!d+a*b*!c+a*!b*c+!a*b*c,8,suboptimal,12
P38792,pdn,a*b*!c*d+a*!b*c+!a*b*c+!b*!d+!a*!d,9,suboptimal,13
P38792,pun,a*b*!c*d+a*!b*c+!a*b*c+!b*!d+!a*!d,9,suboptimal,15
P38793,pdn,a*b*!c*d+!b*c*!d+a*!b*!d+!a*b*!d+a*!b*c+!a*b*c,11,suboptimal,15
P38793,pun,a*b*!c*d+!b*c*!d+a*!b*!d+!a*b*!d+a*!b*c+!a*b*c,11,suboptimal,19
P38794,pdn,a*b*!c*d+a*!b*c+!a*b*c+!a*!d,9,suboptimal,13
P38794,pun,a*b*!c*d+a*!b*c+!a*b*c+!a*!d,9,suboptimal,15
P38795,pdn,a*b*!c*d+!b*c*!d+!a*b*!d+a*!b*c+!a*b*c,9,suboptimal,12
P38795,pun,a*b*!c*d+!b*c*!d+!a*b*!d+a*!b*c+!a*b*c,9,suboptimal,16
P38798,pdn,a*b*!c*d+!a*!b*!d+a*!b*c+!a*b*c,10,suboptimal,14
P38798,pun,a*b*!c*d+!a*!b*!d+a*!b*c+!a*b*c,10,suboptimal,17
P38799,pdn,a*b*!c*d+!b*c*!d+a*!b*c+!a*b*c,9,suboptimal,11
P38799,pun,a*b*!c*d+!b*c*!d+a*!b*c+!a*b*c,9,suboptimal,12
P38806,pdn,!a*!b*!c*!d+a*b*!c+a*!b*c+!a*b*c,9,suboptimal,15
P38806,pun,!a*!b*!c*!d+a*b*!c+a*!b*c+!a*b*c,9,suboptimal,15
P38807,pdn,a*b*!c+a*!b*c+!a*b*c,7,suboptimal,9
P38807,pun,a*b*!c+a*!b*c+!a*b*c,7,suboptimal,9
P38808,pdn,a*b*!c*d+!b*!c*!d+!a*!c*!d+a*!b*c+!a*b*c,10,suboptimal,19
P38808,pun,a*b*!c*d+!b*!c*!d+!a*!c*!d+a*!b*c+!a*b*c,10,suboptimal,14
P38809,pdn,a*b*!c*d+a*!b*!d+!a*b*!d+a*!b*c+!a*b*c,9,suboptimal,16
P38809,pun,a*b*!c*d+a*!b*!d+!a*b*!d+a*!b*c+!a*b*c,9,suboptimal,15
P38810,pdn,a*b*!c*d+!a*!c*!d+a*!b*c+!a*b*c,9,suboptimal,11
P38810,pun,a*b*!c*d+!a*!c*!d+a*!b*c+!a*b*c,9,suboptimal,11
P38811,pdn,a*b*!c*d+!a*b*!d+a*!b*c+!a*b*c,9,suboptimal,13
P38811,pun,a*b*!c*d+!a*b*!d+a*!b*c+!a*b*c,9,suboptimal,13
P38814,pdn,!a*!b*!c*!d+a*b*!c*d+a*!b*c+!a*b*c,10,suboptimal,18
P38814,pun,!a*!b*!c*!d+a*b*!c*d+a*!b*c+!a*b*c,9,suboptimal,19
P38815,pun,a*b*!c*d+a*!b*c+!a*b*c,8,suboptimal,13
P38824,pdn,a*b*!c*d+a*!b*c*d+!b*!c*!d+!a*b*c+!a*!d,10,failed,
P38824,pun,a*b*!c*d+a*!b*c*d+!b*!c*!d+!a*b*c+!a*!d,10,suboptimal,20
P38825,pdn,a*!b*!c*!d+a*b*!c*d+a*!b*c*d+!a*c*!d+!a*b*!d+!a*b*c,11,failed,
P38825,pun,a*!b*!c*!d+a*b*!c*d+a*!b*c*d+!a*c*!d+!a*b*!d+!a*b*c,11,failed,
P38826,pdn,a*b*!c*d+a*!b*c*d+!a*b*c+!a*!d,9,suboptimal,14
P38826,pun,a*b*!c*d+a*!b*c*d+!a*b*c+!a*!d,9,suboptimal,15
P38827,pdn,a*b*!c*d+a*!b*c*d+!a*c*!d+!a*b*!d+!a*b*c,9,failed,
P38827,pun,a*b*!c*d+a*!b*c*d+!a*c*!d+!a*b*!d+!a*b*c,9,suboptimal,12
P38828,pdn,a*b*!c*d+a*!b*c*d+!b*!c*!d+!a*c*!d+!a*b*c,10,failed,
P38828,pun,a*b*!c*d+a*!b*c*d+!b*!c*!d+!a*c*!d+!a*b*c,10,suboptimal,16
P38829,pdn,a*!b*!c*!d+a*b*!c*d+a*!b*c*d+!a*c*!d+!a*b*c,10,suboptimal,15
P38829,pun,a*!b*!c*!d+a*b*!c*d+a*!b*c*d+!a*c*!d+!a*b*c,10,suboptimal,18
P38830,pdn,a*b*!c*d+a*!b*c*d+!a*!b*!d+!a*b*c,9,suboptimal,12
P38830,pun,a*b*!c*d+a*!b*c*d+!a*!b*!d+!a*b*c,9,suboptimal,17
P38831,pdn,a*b*!c*d+a*!b*c*d+!a*c*!d+!a*b*c,9,suboptimal,10
P38831,pun,a*b*!c*d+a*!b*c*d+!a*c*!d+!a*b*c,9,suboptimal,10
P38844,pdn,a*b*!c*d+a*!b*c*d+!b*!c*!d+!a*b*c,10,suboptimal,16
P38844,pun,a*b*!c*d+a*!b*c*d+!b*!c*!d+!a*b*c,10,suboptimal,17
P38845,pdn,a*!b*!c*!d+a*b*!c*d+a*!b*c*d+!a*b*c,10,suboptimal,12
P38845,pun,a*!b*!c*!d+a*b*!c*d+a*!b*c*d+!a*b*c,10,suboptimal,14
P38846,pdn,!a*!b*!c*!d+a*b*!c*d+a*!b*c*d+!a*b*c,9,suboptimal,14
P38847,pdn,a*b*!c*d+a*!b*c*d+!a*b*c,8,suboptimal,11
P38847,pun,a*b*!c*d+a*!b*c*d+!a*b*c,8,suboptimal,9
P38888,pdn,a*b*!c*d+a*!b*c*d+!a*b*c*d+!b*!c*!d+!a*!c*!d+!a*!b*!d,11,suboptimal,19
P38888,pun,a*b*!c*d+a*!b*c*d+!a*b*c*d+!b*!c*!d+!a*!c*!d+!a*!b*!d,11,failed,
P38889,pdn,a*!b*!c*!d+!a*b*!c*!d+!a*!b*c*!d+a*b*!c*d+a*!b*c*d+!a*b*c*d,12,failed,
P38889,pun,a*!b*!c*!d+!a*b*!c*!d+!a*!b*c*!d+a*b*!c*d+a*!b*c*d+!a*b*c*d,12,suboptimal,20
P38890,pdn,a*b*!c*d+a*!b*c*d+!a*b*c*d+!a*!c*!d+!a*!b*!d,10,suboptimal,11
P38890,pun,a*b*!c*d+a*!b*c*d+!a*b*c*d+!a*!c*!d+!a*!b*!d,10,suboptimal,19
P38891,pdn,!a*b*!c*!d+!a*!b*c*!d+a*b*!c*d+a*!b*c*d+!a*b*c*d,10,suboptimal,20
P38891,pun,!a*b*!c*!d+!a*!b*c*!d+a*b*!c*d+a*!b*c*d+!a*b*c*d,10,failed,
P38894,pun,a*b*!c*d+a*!b*c*d+!a*b*c*d+!a*!b*!d,10,suboptimal,12
P38895,pdn,!a*!b*c*!d+a*b*!c*d+a*!b*c*d+!a*b*c*d,10,suboptimal,11
P38895,pun,!a*!b*c*!d+a*b*!c*d+a*!b*c*d+!a*b*c*d,10,suboptimal,15
P38910,pdn,!a*!b*!c*!d+a*b*!c*d+a*!b*c*d+!a*b*c*d,10,suboptimal,11
P38910,pun,!a*!b*!c*!d+a*b*!c*d+a*!b*c*d+!a*b*c*d,10,suboptimal,13
P38911,pdn,a*b*!c*d+a*!b*c*d+!a*b*c*d,8,suboptimal,11
P38911,pun,a*b*!c*d+a*!b*c*d+!a*b*c*d,8,suboptimal,9
P39040,pdn,!c*!d+!b*!d+!b*!c+a*!b+!a*b,7,suboptimal,8
P39040,pun,!c*!d+!b*!d+!b*!c+a*!b+!a*b,7,suboptimal,8
P39041,pdn,b*!c*!d+!b*c*!d+!b*!c*d+a*!b+!a*b,9,suboptimal,10
P39041,pun,b*!c*!d+!b*c*!d+!b*!c*d+a*!b+!a*b,9,suboptimal,10
P39042,pdn,b*!c*!d+!b*!c*d+a*!b*c+!a*!d+!a*b,9,suboptimal,12
P39042,pun,b*!c*!d+!b*!c*d+a*!b*c+!a*!d+!a*b,9,suboptimal,15
P39043,pdn,b*!c*!d+!a*c*!d+!b*!c*d+a*!b*c+!a*b,9,suboptimal,12
P39043,pun,b*!c*!d+!a*c*!d+!b*!c*d+a*!b*c+!a*b,9,suboptimal,13
P39046,pdn,a*b*!c*!d+!a*!b*!d+!b*!c*d+!a*!c*d+a*!b*c+!a*b*c,11,suboptimal,19
P39046,pun,a*b*!c*!d+!a*!b*!d+!b*!c*d+!a*!c*d+a*!b*c+!a*b*c,11,suboptimal,14
P39047,pdn,a*b*!c*!d+!b*c*!d+!a*!c*d+a*!b*d+!a*b*c,10,suboptimal,13
P39047,pun,a*b*!c*!d+!b*c*!d+!a*!c*d+a*!b*d+!a*b*c,10,suboptimal,14
P39048,pun,!b*!d+!b*!c+a*!b+!a*b,6,suboptimal,8
P39049,pun,!b*c*!d+!b*!c*d+a*!b+!a*b,8,suboptimal,10
P39050,pdn,!b*!c*d+a*!b*c+!a*!d+!a*b,8,suboptimal,9
P39050,pun,!b*!c*d+a*!b*c+!a*!d+!a*b,8,suboptimal,9
P39051,pdn,!b*c*!d+!b*!c*d+a*!b*c+!a*b,8,suboptimal,9
P39051,pun,!b*c*!d+!b*!c*d+a*!b*c+!a*b,8,suboptimal,10
P39054,pdn,!a*!b*!d+!b*!c*d+!a*!c*d+a*!b*c+!a*b*c,9,suboptimal,14
P39054,pun,!a*!b*!d+!b*!c*d+!a*!c*d+a*!b*c+!a*b*c,9,suboptimal,19
P39055,pdn,!b*c*!d+!a*!c*d+a*!b*d+!a*b*c,8,suboptimal,12
P39055,pun,!b*c*!d+!a*!c*d+a*!b*d+!a*b*c,8,suboptimal,11
P39056,pun,!c*!d+!b*!c+a*!b+!a*b,7,suboptimal,8
P39057,pdn,b*!c*!d+!b*!c*d+a*!b+!a*b,7,suboptimal,8
P39057,pun,b*!c*!d+!b*!c*d+a*!b+!a*b,7,suboptimal,8
P39058,pdn,b*!c*!d+!b*!c*d+a*!b*c+!a*!c+!a*b,9,suboptimal,17
P39058,pun,b*!c*!d+!b*!c*d+a*!b*c+!a*!c+!a*b,9,suboptimal,13
P39059,pdn,b*!c*!d+!b*!c*d+a*!b*c+!a*b,8,suboptimal,14
P39059,pun,b*!c*!d+!b*!c*d+a*!b*c+!a*b,8,suboptimal,13
P39062,pdn,a*b*!c*!d+!b*!c*d+!a*!c*d+!a*!b*!c+a*!b*c+!a*b*c,10,failed,
P39062,pun,a*b*!c*!d+!b*!c*d+!a*!c*d+!a*!b*!c+a*!b*c+!a*b*c,10,suboptimal,18
P39063,pdn,a*b*!c*!d+!b*!c*d+!a*!c*d+a*!b*c+!a*b*c,10,suboptimal,14
P39063,pun,a*b*!c*!d+!b*!c*d+!a*!c*d+a*!b*c+!a*b*c,10,suboptimal,18
P39065,pdn,!b*!c*d+a*!b+!a*b,6,suboptimal,7
P39065,pun,!b*!c*d+a*!b+!a*b,6,suboptimal,8
P39066,pdn,!b*!c*d+a*!b*c+!a*!c+!a*b,7,suboptimal,9
P39066,pun,!b*!c*d+a*!b*c+!a*!c+!a*b,7,suboptimal,9
P39067,pdn,!b*!c*d+a*!b*c+!a*b,7,suboptimal,12
P39067,pun,!b*!c*d+a*!b*c+!a*b,7,suboptimal,10
P39070,pdn,!b*!c*d+!a*!c*d+!a*!b*!c+a*!b*c+!a*b*c,8,suboptimal,12
P39070,pun,!b*!c*d+!a*!c*d+!a*!b*!c+a*!b*c+!a*b*c,8,suboptimal,13
P39071,pdn,!b*!c*d+!a*!c*d+a*!b*c+!a*b*c,7,suboptimal,8
P39071,pun,!b*!c*d+!a*!c*d+a*!b*c+!a*b*c,7,suboptimal,13
P39072,pdn,a*!b*d+!c*!d+!a*!d+!b*!c+!a*b,7,suboptimal,10
P39072,pun,a*!b*d+!c*!d+!a*!d+!b*!c+!a*b,7,suboptimal,8
P39073,pdn,a*!c*!d+!a*c*!d+!b*!c*d+a*!b*d+!a*b,9,suboptimal,13
P39074,pdn,b*!c*!d+a*!b*d+!a*!d+!a*!c+!a*b,8,suboptimal,10
P39074,pun,b*!c*!d+a*!b*d+!a*!d+!a*!c+!a*b,8,suboptimal,9
P39075,pdn,b*!c*!d+!a*c*!d+!a*!c*d+a*!b*d+!a*b,9,suboptimal,10
P39075,pun,b*!c*!d+!a*c*!d+!a*!c*d+a*!b*d+!a*b,9,suboptimal,10
P39076,pdn,a*!c*!d+!a*!b*!d+!a*!c*d+a*!b*d+!a*b*c,9,suboptimal,11
P39076,pun,a*!c*!d+!a*!b*!d+!a*!c*d+a*!b*d+!a*b*c,9,suboptimal,10
P39077,pdn,a*!c*!d+!a*c*!d+!b*!c*d+a*!b*d+!a*b*d,9,suboptimal,10
P39078,pdn,a*b*!c*!d+!a*c*!d+a*!b*d+!a*b*d+!a*!b*!c,10,suboptimal,14
P39078,pun,a*b*!c*!d+!a*c*!d+a*!b*d+!a*b*d+!a*!b*!c,10,suboptimal,11
P39079,pdn,a*b*!c*!d+!a*c*!d+!a*!c*d+a*!b*d+!a*b*d,10,suboptimal,11
P39079,pun,a*b*!c*!d+!a*c*!d+!a*!c*d+a*!b*d+!a*b*d,10,suboptimal,11
P39080,pun,a*!b*d+!a*!d+!b*!c+!a*b,7,suboptimal,8
P39081,pdn,!a*c*!d+!b*!c*d+a*!b*d+a*!b*!c+!a*b,9,suboptimal,17
P39082,pun,a*!b*d+!a*!d+!a*!c+!a*b,7,suboptimal,9
P39083,pdn,!a*c*!d+!b*!c*d+a*!b*d+!a*b,8,suboptimal,12
P39084,pun,!a*c*!d+!a*!c*d+a*!b*d+!a*b*c+!b*!c,8,suboptimal,10
P39085,pdn,!a*c*!d+!b*!c*d+a*!b*d+!a*b*d+a*!b*!c,9,suboptimal,14
P39086,pdn,!a*c*!d+a*!b*d+!a*b*d+!a*!b*!c,9,suboptimal,16
P39086,pun,!a*c*!d+a*!b*d+!a*b*d+!a*!b*!c,9,suboptimal,10
P39087,pun,!a*c*!d+!a*!c*d+a*!b*d+!a*b*d,8,suboptimal,9
P39088,pdn,a*!b*d+!c*!d+!b*!c+!a*b,7,suboptimal,8
P39088,pun,a*!b*d+!c*!d+!b*!c+!a*b,7,suboptimal,11
P39089,pdn,a*!c*!d+!b*!c*d+a*!b*d+!a*b,8,suboptimal,10
P39089,pun,a*!c*!d+!b*!c*d+a*!b*d+!a*b,8,suboptimal,9
P39090,pdn,b*!c*!d+a*!b*d+!a*!c+!a*b,8,suboptimal,14
P39090,pun,b*!c*!d+a*!b*d+!a*!c+!a*b,8,suboptimal,12
P39091,pdn,b*!c*!d+!b*!c*d+a*!b*d+!a*b,7,suboptimal,9
P39091,pun,b*!c*!d+!b*!c*d+a*!b*d+!a*b,7,suboptimal,9
P39092,pdn,a*!c*!d+!a*!c*d+a*!b*d+!a*b*c+!b*!c,9,suboptimal,12
P39092,pun,a*!c*!d+!a*!c*d+a*!b*d+!a*b*c+!b*!c,9,suboptimal,10
P39093,pdn,a*!c*!d+!a*!c*d+a*!b*d+!a*b*c,9,suboptimal,14
P39094,pdn,a*b*!c*!d+!a*!c*d+a*!b*d+!a*!b*!c+!a*b*c,10,suboptimal,14
P39094,pun,a*b*!c*!d+!a*!c*d+a*!b*d+!a*!b*!c+!a*b*c,10,suboptimal,11
P39095,pdn,a*b*!c*!d+!a*!c*d+a*!b*d+!a*b*c,9,suboptimal,13
P39095,pun,a*b*!c*!d+!a*!c*d+a*!b*d+!a*b*c,9,suboptimal,10
P39096,pun,a*!b*d+!b*!c+!a*b,6,suboptimal,10
P39097,pdn,!b*!c*d+a*!b*d+a*!b*!c+!a*b,7,suboptimal,10
P39097,pun,!b*!c*d+a*!b*d+a*!b*!c+!a*b,7,suboptimal,12
P39098,pdn,a*!b*d+!a*!c+!a*b,6,suboptimal,7
P39098,pun,a*!b*d+!a*!c+!a*b,6,suboptimal,7
P39100,pdn,!a*!c*d+a*!b*d+!a*b*c+!b*!c,7,suboptimal,12
P39100,pun,!a*!c*d+a*!b*d+!a*b*c+!b*!c,7,suboptimal,8
P39101,pdn,!a*!c*d+a*!b*d+a*!b*!c+!a*b*c,8,suboptimal,15
P39101,pun,!a*!c*d+a*!b*d+a*!b*!c+!a*b*c,8,suboptimal,11
P39102,pdn,!a*!c*d+a*!b*d+!a*!b*!c+!a*b*c,8,suboptimal,12
P39102,pun,!a*!c*d+a*!b*d+!a*!b*!c+!a*b*c,8,suboptimal,14
P39103,pun,!a*!c*d+a*!b*d+!a*b*c,7,suboptimal,9
P39136,pdn,!a*!b*!d+a*!b*d+!a*b*d+!c*!d+!b*!c,9,suboptimal,12
P39136,pun,!a*!b*!d+a*!b*d+!a*b*d+!c*!d+!b*!c,9,suboptimal,11
P39137,pdn,!a*!b*c*!d+b*!c*!d+a*!c*!d+!b*!c*d+a*!b*d+!a*b*d,10,suboptimal,18
P39137,pun,!a*!b*c*!d+b*!c*!d+a*!c*!d+!b*!c*d+a*!b*d+!a*b*d,10,failed,
P39138,pdn,b*!c*!d+!a*!b*!d+a*!b*d+!a*b*d+!a*!c,8,suboptimal,10
P39138,pun,b*!c*!d+!a*!b*!d+a*!b*d+!a*b*d+!a*!c,8,suboptimal,10
P39139,pdn,!a*!b*c*!d+b*!c*!d+!b*!c*d+a*!b*d+!a*b*d,10,suboptimal,11
P39139,pun,!a*!b*c*!d+b*!c*!d+!b*!c*d+a*!b*d+!a*b*d,10,suboptimal,14
P39142,pdn,a*b*!c*!d+!a*!b*!d+!b*!c*d+a*!b*d+!a*b*d,10,suboptimal,19
P39142,pun,a*b*!c*!d+!a*!b*!d+!b*!c*d+a*!b*d+!a*b*d,10,suboptimal,14
P39143,pdn,a*b*!c*!d+!a*!b*c*!d+!b*!c*d+a*!b*d+!a*b*d,10,suboptimal,12
P39143,pun,a*b*!c*!d+!a*!b*c*!d+!b*!c*d+a*!b*d+!a*b*d,10,suboptimal,11
P39144,pdn,!a*!b*!d+a*!b*d+!a*b*d+!b*!c+!a*!c,8,suboptimal,9
P39144,pun,!a*!b*!d+a*!b*d+!a*b*d+!b*!c+!a*!c,8,suboptimal,16
P39145,pdn,!a*!b*c*!d+!b*!c*d+a*!b*d+!a*b*d+a*!b*!c+!a*b*!c,10,suboptimal,20
P39145,pun,!a*!b*c*!d+!b*!c*d+a*!b*d+!a*b*d+a*!b*!c+!a*b*!c,10,suboptimal,18
P39146,pdn,!a*!b*!d+a*!b*d+!a*b*d+!a*!c,8,suboptimal,11
P39146,pun,!a*!b*!d+a*!b*d+!a*b*d+!a*!c,8,suboptimal,13
P39147,pdn,!a*!b*c*!d+!b*!c*d+a*!b*d+!a*b*d+!a*b*!c,10,suboptimal,13
P39147,pun,!a*!b*c*!d+!b*!c*d+a*!b*d+!a*b*d+!a*b*!c,10,suboptimal,16
P39150,pdn,!a*!b*!d+!b*!c*d+a*!b*d+!a*b*d,8,suboptimal,10
P39150,pun,!a*!b*!d+!b*!c*d+a*!b*d+!a*b*d,8,suboptimal,11
P39151,pun,!a*!b*c*!d+!b*!c*d+a*!b*d+!a*b*d,9,suboptimal,17
P39152,pdn,a*!b*d+!a*b*d+!c*!d+!b*!c,7,suboptimal,8
P39152,pun,a*!b*d+!a*b*d+!c*!d+!b*!c,7,suboptimal,12
P39153,pdn,b*!c*!d+a*!c*!d+!b*!c*d+a*!b*d+!a*b*d,8,suboptimal,15
P39153,pun,b*!c*!d+a*!c*!d+!b*!c*d+a*!b*d+!a*b*d,8,suboptimal,11
P39155,pdn,b*!c*!d+!b*!c*d+a*!b*d+!a*b*d,8,suboptimal,17
P39155,pun,b*!c*!d+!b*!c*d+a*!b*d+!a*b*d,8,suboptimal,11
P39158,pdn,a*b*!c*!d+a*!b*d+!a*b*d+!a*!b*!c,8,suboptimal,10
P39158,pun,a*b*!c*!d+a*!b*d+!a*b*d+!a*!b*!c,8,suboptimal,10
P39159,pdn,a*b*!c*!d+!b*!c*d+a*!b*d+!a*b*d,8,suboptimal,13
P39159,pun,a*b*!c*!d+!b*!c*d+a*!b*d+!a*b*d,8,suboptimal,9
P39160,pdn,a*!b*d+!a*b*d+!b*!c+!a*!c,6,suboptimal,7
P39161,pdn,!b*!c*d+a*!b*d+!a*b*d+a*!b*!c+!a*b*!c,8,suboptimal,12
P39161,pun,!b*!c*d+a*!b*d+!a*b*d+a*!b*!c+!a*b*!c,8,suboptimal,12
P39162,pun,a*!b*d+!a*b*d+!a*!c,6,suboptimal,8
P39163,pdn,!b*!c*d+a*!b*d+!a*b*d+!a*b*!c,7,suboptimal,9
P39163,pun,!b*!c*d+a*!b*d+!a*b*d+!a*b*!c,7,suboptimal,8
P39166,pun,a*!b*d+!a*b*d+!a*!b*!c,7,suboptimal,9
P39167,pdn,!b*!c*d+a*!b*d+!a*b*d,6,suboptimal,7
P39312,pdn,!c*!d+a*!b+!a*b,6,suboptimal,7
P39312,pun,!c*!d+a*!b+!a*b,6,suboptimal,9
P39313,pdn,b*!c*!d+a*!b+!a*b,6,suboptimal,7
P39313,pun,b*!c*!d+a*!b+!a*b,6,suboptimal,9
P39314,pdn,b*!c*!d+!a*!c*!d+a*!b*d+a*!b*c+!a*b,9,suboptimal,13
P39314,pun,b*!c*!d+!a*!c*!d+a*!b*d+a*!b*c+!a*b,9,suboptimal,14
P39315,pdn,b*!c*!d+a*!b*d+a*!b*c+!a*b,8,suboptimal,12
P39315,pun,b*!c*!d+a*!b*d+a*!b*c+!a*b,8,suboptimal,10
P39318,pdn,!a*!b*!c*!d+a*b*!c*!d+a*!b*d+!a*b*d+a*!b*c+!a*b*c,10,failed,
P39318,pun,!a*!b*!c*!d+a*b*!c*!d+a*!b*d+!a*b*d+a*!b*c+!a*b*c,10,suboptimal,17
P39319,pun,a*b*!c*!d+a*!b*d+!a*b*d+a*!b*c+!a*b*c,9,suboptimal,15
P39320,pdn,!b*!c*!d+a*!b+!a*b,6,suboptimal,8
P39320,pun,!b*!c*!d+a*!b+!a*b,6,suboptimal,9
P39321,pdn,a*!b+!a*b,4,suboptimal,10
P39321,pun,a*!b+!a*b,4,suboptimal,11
P39322,pdn,!a*!c*!d+a*!b*d+a*!b*c+!a*b,8,suboptimal,10
P39322,pun,!a*!c*!d+a*!b*d+a*!b*c+!a*b,8,suboptimal,9
P39323,pdn,a*!b*d+a*!b*c+!a*b,6,suboptimal,9
P39323,pun,a*!b*d+a*!b*c+!a*b,6,suboptimal,7
P39326,pdn,!a*!b*!c*!d+a*!b*d+!a*b*d+a*!b*c+!a*b*c,9,suboptimal,12
P39326,pun,!a*!b*!c*!d+a*!b*d+!a*b*d+a*!b*c+!a*b*c,9,suboptimal,12
P39327,pdn,a*!b*d+!a*b*d+a*!b*c+!a*b*c,6,suboptimal,9
P39328,pdn,a*!b*d+!c*!d+!a*!d+!a*b,7,suboptimal,10
P39329,pun,a*!c*!d+!a*c*!d+a*!b*d+!a*b,8,suboptimal,9
P39330,pdn,b*!c*!d+a*!b*d+!a*!d+!a*b,8,suboptimal,11
P39331,pdn,b*!c*!d+!a*c*!d+a*!b*d+!a*b,8,suboptimal,9
P39331,pun,b*!c*!d+!a*c*!d+a*!b*d+!a*b,8,suboptimal,10
P39332,pdn,a*!c*!d+!a*!b*!d+a*!b*d+!a*b*d+!a*b*c,9,suboptimal,10
P39335,pun,a*b*!c*!d+!a*c*!d+a*!b*d+!a*b*d,9,suboptimal,12
P39336,pun,!b*!c*!d+a*!b*d+!a*!d+!a*b,7,suboptimal,8
P39337,pdn,!a*c*!d+a*!b*d+a*!b*!c+!a*b,8,suboptimal,11
P39337,pun,!a*c*!d+a*!b*d+a*!b*!c+!a*b,8,suboptimal,10
P39338,pdn,a*!b*d+!a*!d+!a*b,6,suboptimal,7
P39339,pdn,!a*c*!d+a*!b*d+!a*b,7,suboptimal,8
P39340,pun,!a*!b*!d+a*!b*d+!a*b*d+a*!b*!c+!a*b*c,8,suboptimal,9
P39341,pdn,!a*c*!d+a*!b*d+!a*b*d+a*!b*!c,8,suboptimal,9
P39342,pdn,!a*!b*!d+a*!b*d+!a*b*d+!a*b*c,8,suboptimal,9
P39342,pun,!a*!b*!d+a*!b*d+!a*b*d+!a*b*c,8,suboptimal,9
P39343,pun,!a*c*!d+a*!b*d+!a*b*d,7,suboptimal,10
P39344,pun,a*!b*d+!c*!d+!a*b,7,suboptimal,8
P39345,pdn,a*!c*!d+a*!b*d+!a*b,7,suboptimal,8
P39345,pun,a*!c*!d+a*!b*d+!a*b,7,suboptimal,8
P39346,pdn,b*!c*!d+!a*!c*!d+a*!b*d+!a*b,8,suboptimal,11
P39346,pun,b*!c*!d+!a*!c*!d+a*!b*d+!a*b,8,suboptimal,12
P39347,pdn,b*!c*!d+a*!b*d+!a*b,7,suboptimal,9
P39348,pdn,!b*!c*!d+a*!c*!d+a*!b*d+!a*b*d+!a*b*c,10,suboptimal,18
P39349,pdn,a*!c*!d+a*!b*d+!a*b*d+!a*b*c,8,suboptimal,9
P39349,pun,a*!c*!d+a*!b*d+!a*b*d+!a*b*c,8,suboptimal,10
P39350,pdn,!a*!b*!c*!d+a*b*!c*!d+a*!b*d+!a*b*d+!a*b*c,10,suboptimal,16
P39350,pun,!a*!b*!c*!d+a*b*!c*!d+a*!b*d+!a*b*d+!a*b*c,10,suboptimal,12
P39351,pdn,a*b*!c*!d+a*!b*d+!a*b*d+!a*b*c,9,suboptimal,10
P39351,pun,a*b*!c*!d+a*!b*d+!a*b*d+!a*b*c,9,suboptimal,10
P39352,pdn,!b*!c*!d+a*!b*d+!a*b,7,suboptimal,8
P39353,pdn,a*!b*d+a*!b*!c+!a*b,6,suboptimal,9
P39354,pdn,!a*!c*!d+a*!b*d+!a*b,7,suboptimal,8
P39356,pdn,!b*!c*!d+a*!b*d+!a*b*d+!a*b*c,8,suboptimal,9
P39357,pdn,a*!b*d+!a*b*d+a*!b*!c+!a*b*c,7,suboptimal,12
P39358,pdn,!a*!b*!c*!d+a*!b*d+!a*b*d+!a*b*c,9,suboptimal,13
P39358,pun,!a*!b*!c*!d+a*!b*d+!a*b*d+!a*b*c,9,suboptimal,10
P39359,pdn,a*!b*d+!a*b*d+!a*b*c,7,suboptimal,8
P39392,pun,!a*!b*!d+a*!b*d+!a*b*d+!c*!d,8,suboptimal,10
P39393,pun,!a*!b*c*!d+b*!c*!d+a*!c*!d+a*!b*d+!a*b*d,10,suboptimal,16
P39395,pdn,!a*!b*c*!d+b*!c*!d+a*!b*d+!a*b*d,9,suboptimal,12
P39395,pun,!a*!b*c*!d+b*!c*!d+a*!b*d+!a*b*d,9,suboptimal,14
P39398,pun,a*b*!c*!d+!a*!b*!d+a*!b*d+!a*b*d,9,suboptimal,10
P39399,pun,a*b*!c*!d+!a*!b*c*!d+a*!b*d+!a*b*d,9,suboptimal,16
P39400,pdn,!b*!c*!d+!a*!c*!d+!a*!b*!d+a*!b*d+!a*b*d,8,suboptimal,10
P39400,pun,!b*!c*!d+!a*!c*!d+!a*!b*!d+a*!b*d+!a*b*d,8,suboptimal,10
P39401,pdn,!a*!b*c*!d+a*!b*d+!a*b*d+a*!b*!c+!a*b*!c,9,suboptimal,16
P39401,pun,!a*!b*c*!d+a*!b*d+!a*b*d+a*!b*!c+!a*b*!c,9,suboptimal,15
P39402,pun,!a*!c*!d+!a*!b*!d+a*!b*d+!a*b*d,8,suboptimal,11
P39403,pdn,!a*!b*c*!d+a*!b*d+!a*b*d+!a*b*!c,9,suboptimal,12
P39403,pun,!a*!b*c*!d+a*!b*d+!a*b*d+!a*b*!c,9,suboptimal,10
P39406,pun,!a*!b*!d+a*!b*d+!a*b*d,7,suboptimal,8
P39407,pun,!a*!b*c*!d+a*!b*d+!a*b*d,8,suboptimal,10
P39408,pdn,a*!b*d+!a*b*d+!c*!d,7,suboptimal,8
P39410,pdn,b*!c*!d+!a*!c*!d+a*!b*d+!a*b*d,8,suboptimal,10
P39411,pun,b*!c*!d+a*!b*d+!a*b*d,7,suboptimal,8
P39414,pdn,!a*!b*!c*!d+a*b*!c*!d+a*!b*d+!a*b*d,9,suboptimal,10
P39415,pun,a*b*!c*!d+a*!b*d+!a*b*d,8,suboptimal,9
P39416,pdn,!b*!c*!d+!a*!c*!d+a*!b*d+!a*b*d,7,suboptimal,8
P39416,pun,!b*!c*!d+!a*!c*!d+a*!b*d+!a*b*d,7,suboptimal,9
P39417,pdn,a*!b*d+!a*b*d+a*!b*!c+!a*b*!c,6,suboptimal,9
P39418,pun,!a*!c*!d+a*!b*d+!a*b*d,7,suboptimal,10
P39422,pun,!a*!b*!c*!d+a*!b*d+!a*b*d,8,suboptimal,9
P39423,pdn,a*!b*d+!a*b*d,5,suboptimal,6
P39423,pun,a*!b*d+!a*b*d,5,suboptimal,7
P39584,pdn,a*!b*c*d+!c*!d+!a*!d+!a*!c+!a*b,9,suboptimal,10
P39586,pdn,a*!b*c*d+b*!c*!d+!a*!d+!a*!c+!a*b,9,suboptimal,13
P39586,pun,a*!b*c*d+b*!c*!d+!a*!d+!a*!c+!a*b,9,suboptimal,12
P39587,pdn,a*!b*c*d+b*!c*!d+!a*c*!d+!a*!c*d+!a*b,9,suboptimal,11
P39587,pun,a*!b*c*d+b*!c*!d+!a*c*!d+!a*!c*d+!a*b,9,suboptimal,15
P39588,pdn,a*!b*c*d+a*!c*!d+!a*!b*!d+!a*!c*d+!a*b*c,10,suboptimal,12
P39588,pun,a*!b*c*d+a*!c*!d+!a*!b*!d+!a*!c*d+!a*b*c,10,suboptimal,11
P39589,pun,a*!b*c*d+a*!c*!d+!a*c*!d+!a*!c*d+!a*b*d,10,suboptimal,16
P39590,pdn,a*b*!c*!d+a*!b*c*d+!a*!b*!d+!a*!c*d+!a*b*c,11,suboptimal,20
P39590,pun,a*b*!c*!d+a*!b*c*d+!a*!b*!d+!a*!c*d+!a*b*c,11,suboptimal,12
P39591,pdn,a*b*!c*!d+a*!b*c*d+!a*c*!d+!a*!c*d+!a*b*d,10,suboptimal,11
P39591,pun,a*b*!c*!d+a*!b*c*d+!a*c*!d+!a*!c*d+!a*b*d,10,suboptimal,14
P39592,pdn,a*!b*c*d+!b*!c*!d+!a*!d+!a*!c+!a*b,9,suboptimal,10
P39594,pdn,a*!b*c*d+!a*!d+!a*!c+!a*b,8,suboptimal,12
P39595,pun,a*!b*c*d+!a*c*!d+!a*!c*d+!a*b,9,suboptimal,10
P39596,pdn,a*!b*c*d+!b*!c*!d+!a*c*!d+!a*!c*d+!a*b*c,9,suboptimal,10
P39596,pun,a*!b*c*d+!b*!c*!d+!a*c*!d+!a*!c*d+!a*b*c,9,suboptimal,11
P39598,pdn,a*!b*c*d+!a*!b*!d+!a*!c*d+!a*b*c,9,suboptimal,12
P39598,pun,a*!b*c*d+!a*!b*!d+!a*!c*d+!a*b*c,9,suboptimal,15
P39599,pun,a*!b*c*d+!a*c*!d+!a*!c*d+!a*b*d,9,suboptimal,15
P39600,pdn,a*!b*c*d+!c*!d+!a*!c+!a*b,8,suboptimal,11
P39600,pun,a*!b*c*d+!c*!d+!a*!c+!a*b,8,suboptimal,9
P39601,pdn,a*!b*c*d+a*!c*!d+!a*!c*d+!a*b,9,suboptimal,11
P39601,pun,a*!b*c*d+a*!c*!d+!a*!c*d+!a*b,9,suboptimal,14
P39602,pdn,a*!b*c*d+b*!c*!d+!a*!c+!a*b,9,suboptimal,15
P39602,pun,a*!b*c*d+b*!c*!d+!a*!c+!a*b,9,suboptimal,12
P39603,pdn,a*!b*c*d+b*!c*!d+!a*!c*d+!a*b,8,suboptimal,10
P39603,pun,a*!b*c*d+b*!c*!d+!a*!c*d+!a*b,8,suboptimal,11
P39604,pdn,a*!b*c*d+a*!c*!d+!a*!c*d+!a*!b*!c+!a*b*c,10,suboptimal,16
P39604,pun,a*!b*c*d+a*!c*!d+!a*!c*d+!a*!b*!c+!a*b*c,10,suboptimal,11
P39605,pdn,a*!b*c*d+a*!c*!d+!a*!c*d+!a*b*c,9,suboptimal,16
P39605,pun,a*!b*c*d+a*!c*!d+!a*!c*d+!a*b*c,9,suboptimal,12
P39606,pdn,a*b*!c*!d+a*!b*c*d+!a*!c*d+!a*!b*!c+!a*b*c,10,suboptimal,16
P39606,pun,a*b*!c*!d+a*!b*c*d+!a*!c*d+!a*!b*!c+!a*b*c,10,suboptimal,16
P39607,pdn,a*b*!c*!d+a*!b*c*d+!a*!c*d+!a*b*c,9,suboptimal,11
P39607,pun,a*b*!c*!d+a*!b*c*d+!a*!c*d+!a*b*c,9,suboptimal,16
P39608,pun,a*!b*c*d+!b*!c*!d+!a*!c+!a*b,8,suboptimal,9
P39609,pun,a*!b*!c*!d+a*!b*c*d+!a*!c*d+!a*b,9,suboptimal,12
P39610,pdn,a*!b*c*d+!a*!c+!a*b,7,suboptimal,9
P39610,pun,a*!b*c*d+!a*!c+!a*b,7,suboptimal,9
P39611,pun,a*!b*c*d+!a*!c*d+!a*b,7,suboptimal,8
P39612,pdn,a*!b*c*d+!b*!c*!d+!a*!c*d+!a*b*c,9,suboptimal,12
P39612,pun,a*!b*c*d+!b*!c*!d+!a*!c*d+!a*b*c,9,suboptimal,13
P39613,pdn,a*!b*!c*!d+a*!b*c*d+!a*!c*d+!a*b*c,9,suboptimal,11
P39613,pun,a*!b*!c*!d+a*!b*c*d+!a*!c*d+!a*b*c,9,suboptimal,12
P39614,pdn,a*!b*c*d+!a*!c*d+!a*!b*!c+!a*b*c,8,suboptimal,10
P39614,pun,a*!b*c*d+!a*!c*d+!a*!b*!c+!a*b*c,8,suboptimal,10
P39615,pdn,a*!b*c*d+!a*!c*d+!a*b*c,7,suboptimal,8
P39615,pun,a*!b*c*d+!a*!c*d+!a*b*c,7,suboptimal,9
P39616,pdn,!a*b*d+a*!b*c+!c*!d+!b*!d+!a*!c,8,suboptimal,10
P39616,pun,!a*b*d+a*!b*c+!c*!d+!b*!d+!a*!c,8,suboptimal,13
P39617,pdn,b*!c*!d+a*!c*!d+!b*c*!d+!a*!c*d+!a*b*d+a*!b*c,10,suboptimal,19
P39617,pun,b*!c*!d+a*!c*!d+!b*c*!d+!a*!c*d+!a*b*d+a*!b*c,10,suboptimal,20
P39618,pdn,b*!c*!d+!a*!b*!d+!a*b*d+a*!b*c+!a*!c,9,suboptimal,10
P39618,pun,b*!c*!d+!a*!b*!d+!a*b*d+a*!b*c+!a*!c,9,suboptimal,13
P39619,pdn,b*!c*!d+!b*c*!d+!a*!c*d+!a*b*d+a*!b*c,10,suboptimal,18
P39619,pun,b*!c*!d+!b*c*!d+!a*!c*d+!a*b*d+a*!b*c,10,suboptimal,11
P39622,pdn,a*b*!c*!d+!a*!b*!d+!a*!c*d+!a*b*d+a*!b*c,10,suboptimal,17
P39622,pun,a*b*!c*!d+!a*!b*!d+!a*!c*d+!a*b*d+a*!b*c,10,suboptimal,20
P39623,pdn,a*b*!c*!d+!b*c*!d+!a*!c*d+!a*b*d+a*!b*c,10,failed,
P39623,pun,a*b*!c*!d+!b*c*!d+!a*!c*d+!a*b*d+a*!b*c,10,suboptimal,12
P39624,pdn,!a*b*d+a*!b*c+!b*!d+!a*!c,8,suboptimal,11
P39624,pun,!a*b*d+a*!b*c+!b*!d+!a*!c,8,suboptimal,10
P39625,pdn,!b*c*!d+a*!b*!d+!a*!c*d+!a*b*d+!a*b*!c+a*!b*c,10,suboptimal,16
P39625,pun,!b*c*!d+a*!b*!d+!a*!c*d+!a*b*d+!a*b*!c+a*!b*c,10,failed,
P39626,pdn,!b*c*!d+!a*b*d+a*!b*c+!a*!c,8,suboptimal,11
P39626,pun,!b*c*!d+!a*b*d+a*!b*c+!a*!c,8,suboptimal,11
P39627,pdn,!b*c*!d+!a*!c*d+!a*b*d+!a*b*!c+a*!b*c,9,suboptimal,14
P39627,pun,!b*c*!d+!a*!c*d+!a*b*d+!a*b*!c+a*!b*c,9,suboptimal,14
P39630,pdn,!a*!b*!d+!a*!c*d+!a*b*d+a*!b*c,8,suboptimal,10
P39630,pun,!a*!b*!d+!a*!c*d+!a*b*d+a*!b*c,8,suboptimal,9
P39631,pdn,!b*c*!d+!a*!c*d+!a*b*d+a*!b*c,8,suboptimal,9
P39631,pun,!b*c*!d+!a*!c*d+!a*b*d+a*!b*c,8,suboptimal,12
P39632,pdn,!a*b*d+a*!b*c+!c*!d+!a*!c,8,suboptimal,10
P39632,pun,!a*b*d+a*!b*c+!c*!d+!a*!c,8,suboptimal,15
P39633,pdn,b*!c*!d+a*!c*!d+!a*!c*d+!a*b*d+a*!b*c,9,suboptimal,17
P39633,pun,b*!c*!d+a*!c*!d+!a*!c*d+!a*b*d+a*!b*c,9,suboptimal,12
P39634,pdn,b*!c*!d+!a*b*d+a*!b*c+!a*!c,8,suboptimal,10
P39634,pun,b*!c*!d+!a*b*d+a*!b*c+!a*!c,8,suboptimal,19
P39635,pdn,b*!c*!d+!a*!c*d+!a*b*d+a*!b*c,9,suboptimal,17
P39635,pun,b*!c*!d+!a*!c*d+!a*b*d+a*!b*c,9,suboptimal,15
P39636,pdn,a*!c*!d+!a*b*d+!a*!b*!c+a*!b*c,9,suboptimal,12
P39636,pun,a*!c*!d+!a*b*d+!a*!b*!c+a*!b*c,9,suboptimal,13
P39637,pdn,a*!c*!d+!a*!c*d+!a*b*d+a*!b*c,8,suboptimal,10
P39638,pdn,a*b*!c*!d+!a*b*d+!a*!b*!c+a*!b*c,9,suboptimal,13
P39638,pun,a*b*!c*!d+!a*b*d+!a*!b*!c+a*!b*c,9,suboptimal,12
P39639,pdn,a*b*!c*!d+!a*!c*d+!a*b*d+a*!b*c,9,suboptimal,17
P39639,pun,a*b*!c*!d+!a*!c*d+!a*b*d+a*!b*c,9,suboptimal,13
P39640,pdn,!b*!c*!d+!a*b*d+a*!b*c+!a*!c,8,suboptimal,9
P39640,pun,!b*!c*!d+!a*b*d+a*!b*c+!a*!c,8,suboptimal,9
P39641,pdn,a*!b*!d+!a*!c*d+!a*b*d+!a*b*!c+a*!b*c,10,suboptimal,18
P39641,pun,a*!b*!d+!a*!c*d+!a*b*d+!a*b*!c+a*!b*c,10,suboptimal,12
P39642,pdn,!a*b*d+a*!b*c+!a*!c,7,suboptimal,12
P39642,pun,!a*b*d+a*!b*c+!a*!c,7,suboptimal,9
P39643,pdn,!a*!c*d+!a*b*d+!a*b*!c+a*!b*c,9,suboptimal,14
P39643,pun,!a*!c*d+!a*b*d+!a*b*!c+a*!b*c,9,suboptimal,11
P39644,pdn,a*!b*!d+!a*b*d+!a*!b*!c+a*!b*c,8,suboptimal,13
P39644,pun,a*!b*!d+!a*b*d+!a*!b*!c+a*!b*c,8,suboptimal,9
P39645,pdn,a*!b*!d+!a*!c*d+!a*b*d+a*!b*c,8,suboptimal,13
P39646,pdn,!a*b*d+!a*!b*!c+a*!b*c,7,suboptimal,12
P39646,pun,!a*b*d+!a*!b*!c+a*!b*c,7,suboptimal,8
P39647,pun,!a*!c*d+!a*b*d+a*!b*c,7,suboptimal,9
P39648,pdn,a*!b*c*d+!a*!b*!d+!a*b*d+!c*!d+!a*!c,10,suboptimal,13
P39648,pun,a*!b*c*d+!a*!b*!d+!a*b*d+!c*!d+!a*!c,10,suboptimal,13
P39649,pdn,!a*!b*c*!d+a*!b*c*d+b*!c*!d+a*!c*!d+!a*!c*d+!a*b*d,11,failed,
P39649,pun,!a*!b*c*!d+a*!b*c*d+b*!c*!d+a*!c*!d+!a*!c*d+!a*b*d,11,suboptimal,20
P39650,pdn,a*!b*c*d+b*!c*!d+!a*!b*!d+!a*b*d+!a*!c,9,suboptimal,11
P39650,pun,a*!b*c*d+b*!c*!d+!a*!b*!d+!a*b*d+!a*!c,9,suboptimal,11
P39651,pdn,!a*!b*c*!d+a*!b*c*d+b*!c*!d+!a*!c*d+!a*b*d,10,suboptimal,12
P39651,pun,!a*!b*c*!d+a*!b*c*d+b*!c*!d+!a*!c*d+!a*b*d,10,suboptimal,18
P39652,pdn,a*!b*c*d+a*!c*!d+!a*!b*!d+!a*!c*d+!a*b*d,10,failed,
P39652,pun,a*!b*c*d+a*!c*!d+!a*!b*!d+!a*!c*d+!a*b*d,10,failed,
P39653,pdn,!a*!b*c*!d+a*!b*c*d+a*!c*!d+!a*!c*d+!a*b*d,10,suboptimal,11
P39653,pun,!a*!b*c*!d+a*!b*c*d+a*!c*!d+!a*!c*d+!a*b*d,10,suboptimal,13
P39654,pdn,a*b*!c*!d+a*!b*c*d+!a*!b*!d+!a*!c*d+!a*b*d,10,suboptimal,11
P39654,pun,a*b*!c*!d+a*!b*c*d+!a*!b*!d+!a*!c*d+!a*b*d,10,suboptimal,13
P39655,pdn,a*b*!c*!d+!a*!b*c*!d+a*!b*c*d+!a*!c*d+!a*b*d,11,suboptimal,12
P39655,pun,a*b*!c*!d+!a*!b*c*!d+a*!b*c*d+!a*!c*d+!a*b*d,11,suboptimal,16
P39656,pdn,a*!b*c*d+!b*!c*!d+!a*!b*!d+!a*b*d+!a*!c,9,suboptimal,12
P39656,pun,a*!b*c*d+!b*!c*!d+!a*!b*!d+!a*b*d+!a*!c,9,suboptimal,13
P39657,pdn,a*!b*!c*!d+!a*!b*c*!d+a*!b*c*d+!a*!c*d+!a*b*d+!a*b*!c,11,suboptimal,17
P39657,pun,a*!b*!c*!d+!a*!b*c*!d+a*!b*c*d+!a*!c*d+!a*b*d+!a*b*!c,11,suboptimal,18
P39658,pun,a*!b*c*d+!a*!b*!d+!a*b*d+!a*!c,9,suboptimal,11
P39659,pdn,!a*!b*c*!d+a*!b*c*d+!a*!c*d+!a*b*d+!a*b*!c,10,suboptimal,14
P39659,pun,!a*!b*c*!d+a*!b*c*d+!a*!c*d+!a*b*d+!a*b*!c,10,failed,
P39660,pdn,a*!b*c*d+!b*!c*!d+!a*!b*!d+!a*!c*d+!a*b*d,10,suboptimal,13
P39660,pun,a*!b*c*d+!b*!c*!d+!a*!b*!d+!a*!c*d+!a*b*d,10,suboptimal,14
P39661,pdn,a*!b*!c*!d+!a*!b*c*!d+a*!b*c*d+!a*!c*d+!a*b*d,10,suboptimal,11
P39661,pun,a*!b*!c*!d+!a*!b*c*!d+a*!b*c*d+!a*!c*d+!a*b*d,10,failed,
P39662,pun,a*!b*c*d+!a*!b*!d+!a*!c*d+!a*b*d,9,suboptimal,11
P39663,pdn,!a*!b*c*!d+a*!b*c*d+!a*!c*d+!a*b*d,9,suboptimal,10
P39663,pun,!a*!b*c*!d+a*!b*c*d+!a*!c*d+!a*b*d,9,suboptimal,18
P39664,pdn,a*!b*c*d+!a*b*d+!c*!d+!a*!c,8,suboptimal,9
P39664,pun,a*!b*c*d+!a*b*d+!c*!d+!a*!c,8,suboptimal,10
P39665,pdn,a*!b*c*d+b*!c*!d+a*!c*!d+!a*!c*d+!a*b*d,9,suboptimal,15
P39665,pun,a*!b*c*d+b*!c*!d+a*!c*!d+!a*!c*d+!a*b*d,9,suboptimal,16
P39666,pdn,a*!b*c*d+b*!c*!d+!a*b*d+!a*!c,8,suboptimal,10
P39666,pun,a*!b*c*d+b*!c*!d+!a*b*d+!a*!c,8,suboptimal,9
P39667,pdn,a*!b*c*d+b*!c*!d+!a*!c*d+!a*b*d,9,suboptimal,12
P39667,pun,a*!b*c*d+b*!c*!d+!a*!c*d+!a*b*d,9,suboptimal,13
P39668,pdn,a*!b*c*d+a*!c*!d+!a*b*d+!a*!b*!c,9,suboptimal,13
P39668,pun,a*!b*c*d+a*!c*!d+!a*b*d+!a*!b*!c,9,suboptimal,12
P39669,pdn,a*!b*c*d+a*!c*!d+!a*!c*d+!a*b*d,9,suboptimal,10
P39669,pun,a*!b*c*d+a*!c*!d+!a*!c*d+!a*b*d,9,suboptimal,13
P39670,pdn,a*b*!c*!d+a*!b*c*d+!a*b*d+!a*!b*!c,9,suboptimal,11
P39670,pun,a*b*!c*!d+a*!b*c*d+!a*b*d+!a*!b*!c,9,suboptimal,14
P39671,pdn,a*b*!c*!d+a*!b*c*d+!a*!c*d+!a*b*d,9,suboptimal,10
P39671,pun,a*b*!c*!d+a*!b*c*d+!a*!c*d+!a*b*d,9,suboptimal,11
P39672,pdn,a*!b*c*d+!b*!c*!d+!a*b*d+!a*!c,8,suboptimal,11
P39672,pun,a*!b*c*d+!b*!c*!d+!a*b*d+!a*!c,8,suboptimal,10
P39673,pdn,a*!b*!c*!d+a*!b*c*d+!a*!c*d+!a*b*d+!a*b*!c,9,suboptimal,11
P39673,pun,a*!b*!c*!d+a*!b*c*d+!a*!c*d+!a*b*d+!a*b*!c,9,suboptimal,15
P39676,pdn,a*!b*c*d+!b*!c*!d+!a*!c*d+!a*b*d,8,suboptimal,11
P39676,pun,a*!b*c*d+!b*!c*!d+!a*!c*d+!a*b*d,8,suboptimal,10
P39677,pdn,a*!b*!c*!d+a*!b*c*d+!a*!c*d+!a*b*d,9,suboptimal,13
P39677,pun,a*!b*!c*!d+a*!b*c*d+!a*!c*d+!a*b*d,9,suboptimal,10
P39678,pdn,a*!b*c*d+!a*b*d+!a*!b*!c,7,suboptimal,9
P39678,pun,a*!b*c*d+!a*b*d+!a*!b*!c,7,suboptimal,9
P39679,pdn,a*!b*c*d+!a*!c*d+!a*b*d,7,suboptimal,12
P39856,pdn,a*!b*c*d+!c*!d+!a*b,8,suboptimal,15
P39856,pun,a*!b*c*d+!c*!d+!a*b,8,suboptimal,11
P39857,pdn,a*!b*c*d+a*!c*!d+!a*b,8,suboptimal,11
P39858,pdn,a*!b*c*d+b*!c*!d+!a*!c*!d+!a*b,9,suboptimal,13
P39858,pun,a*!b*c*d+b*!c*!d+!a*!c*!d+!a*b,9,suboptimal,14
P39859,pdn,a*!b*c*d+b*!c*!d+!a*b,8,suboptimal,12
P39859,pun,a*!b*c*d+b*!c*!d+!a*b,8,suboptimal,11
P39860,pdn,a*!b*c*d+!b*!c*!d+a*!c*!d+!a*b*d+!a*b*c,10,suboptimal,18
P39860,pun,a*!b*c*d+!b*!c*!d+a*!c*!d+!a*b*d+!a*b*c,10,suboptimal,15
P39861,pdn,a*!b*c*d+a*!c*!d+!a*b*d+!a*b*c,9,suboptimal,14
P39861,pun,a*!b*c*d+a*!c*!d+!a*b*d+!a*b*c,9,suboptimal,13
P39862,pdn,!a*!b*!c*!d+a*b*!c*!d+a*!b*c*d+!a*b*d+!a*b*c,11,suboptimal,18
P39862,pun,!a*!b*!c*!d+a*b*!c*!d+a*!b*c*d+!a*b*d+!a*b*c,11,suboptimal,18
P39863,pdn,a*b*!c*!d+a*!b*c*d+!a*b*d+!a*b*c,9,suboptimal,10
P39864,pdn,a*!b*c*d+!b*!c*!d+!a*b,8,suboptimal,10
P39864,pun,a*!b*c*d+!b*!c*!d+!a*b,8,suboptimal,9
P39865,pdn,a*!b*!c*!d+a*!b*c*d+!a*b,8,suboptimal,9
P39866,pdn,a*!b*c*d+!a*!c*!d+!a*b,8,suboptimal,9
P39866,pun,a*!b*c*d+!a*!c*!d+!a*b,8,suboptimal,11
P39867,pdn,a*!b*c*d+!a*b,6,suboptimal,8
P39868,pdn,a*!b*c*d+!b*!c*!d+!a*b*d+!a*b*c,9,suboptimal,11
P39868,pun,a*!b*c*d+!b*!c*!d+!a*b*d+!a*b*c,9,suboptimal,16
P39869,pdn,a*!b*!c*!d+a*!b*c*d+!a*b*d+!a*b*c,9,suboptimal,10
P39870,pdn,!a*!b*!c*!d+a*!b*c*d+!a*b*d+!a*b*c,9,suboptimal,11
P39870,pun,!a*!b*!c*!d+a*!b*c*d+!a*b*d+!a*b*c,9,suboptimal,14
P39871,pdn,a*!b*c*d+!a*b*d+!a*b*c,7,suboptimal,8
P39871,pun,a*!b*c*d+!a*b*d+!a*b*c,7,suboptimal,9
P39888,pdn,!a*b*d+a*!b*c+!c*!d,8,suboptimal,10
P39888,pun,!a*b*d+a*!b*c+!c*!d,8,suboptimal,9
P39889,pdn,b*!c*!d+a*!c*!d+!a*b*d+a*!b*c,8,suboptimal,9
P39890,pdn,b*!c*!d+!a*!c*!d+!a*b*d+a*!b*c,9,suboptimal,14
P39890,pun,b*!c*!d+!a*!c*!d+!a*b*d+a*!b*c,9,suboptimal,11
P39891,pdn,b*!c*!d+!a*b*d+a*!b*c,8,suboptimal,12
P39891,pun,b*!c*!d+!a*b*d+a*!b*c,8,suboptimal,11
P39894,pdn,!a*!b*!c*!d+a*b*!c*!d+!a*b*d+a*!b*c,10,failed,
P39894,pun,!a*!b*!c*!d+a*b*!c*!d+!a*b*d+a*!b*c,10,suboptimal,19
P39895,pdn,a*b*!c*!d+!a*b*d+a*!b*c,8,suboptimal,14
P39895,pun,a*b*!c*!d+!a*b*d+a*!b*c,8,suboptimal,9
P39896,pdn,!b*!c*!d+!a*!c*!d+!a*b*d+a*!b*c,8,suboptimal,9
P39896,pun,!b*!c*!d+!a*!c*!d+!a*b*d+a*!b*c,8,suboptimal,10
P39897,pdn,a*!b*!d+!a*b*d+!a*b*!c+a*!b*c,8,suboptimal,14
P39898,pun,!a*!c*!d+!a*b*d+a*!b*c,8,suboptimal,12
P39899,pdn,!a*b*d+!a*b*!c+a*!b*c,7,suboptimal,10
P39902,pdn,!a*!b*!c*!d+!a*b*d+a*!b*c,8,suboptimal,9
P39902,pun,!a*!b*!c*!d+!a*b*d+a*!b*c,8,suboptimal,9
P39903,pun,!a*b*d+a*!b*c,6,suboptimal,7
P39904,pdn,a*!b*c*d+!a*!b*!d+!a*b*d+!c*!d,9,suboptimal,14
P39904,pun,a*!b*c*d+!a*!b*!d+!a*b*d+!c*!d,9,suboptimal,13
P39905,pdn,!a*!b*c*!d+a*!b*c*d+b*!c*!d+a*!c*!d+!a*b*d,10,suboptimal,14
P39905,pun,!a*!b*c*!d+a*!b*c*d+b*!c*!d+a*!c*!d+!a*b*d,10,suboptimal,17
P39906,pun,a*!b*c*d+b*!c*!d+!a*!b*!d+!a*b*d,10,suboptimal,12
P39907,pdn,!a*!b*c*!d+a*!b*c*d+b*!c*!d+!a*b*d,9,suboptimal,11
P39907,pun,!a*!b*c*!d+a*!b*c*d+b*!c*!d+!a*b*d,9,suboptimal,10
P39908,pun,a*!b*c*d+a*!c*!d+!a*!b*!d+!a*b*d,9,suboptimal,10
P39909,pun,!a*!b*c*!d+a*!b*c*d+a*!c*!d+!a*b*d,10,suboptimal,12
P39910,pun,a*b*!c*!d+a*!b*c*d+!a*!b*!d+!a*b*d,9,suboptimal,11
P39911,pdn,a*b*!c*!d+!a*!b*c*!d+a*!b*c*d+!a*b*d,9,suboptimal,11
P39911,pun,a*b*!c*!d+!a*!b*c*!d+a*!b*c*d+!a*b*d,9,suboptimal,12
P39912,pdn,a*!b*c*d+!b*!c*!d+!a*!c*!d+!a*!b*!d+!a*b*d,9,suboptimal,16
P39912,pun,a*!b*c*d+!b*!c*!d+!a*!c*!d+!a*!b*!d+!a*b*d,9,suboptimal,12
P39913,pdn,a*!b*!c*!d+!a*!b*c*!d+a*!b*c*d+!a*b*d+!a*b*!c,10,suboptimal,19
P39913,pun,a*!b*!c*!d+!a*!b*c*!d+a*!b*c*d+!a*b*d+!a*b*!c,10,suboptimal,15
P39914,pun,a*!b*c*d+!a*!c*!d+!a*!b*!d+!a*b*d,9,suboptimal,12
P39915,pdn,!a*!b*c*!d+a*!b*c*d+!a*b*d+!a*b*!c,9,suboptimal,15
P39915,pun,!a*!b*c*!d+a*!b*c*d+!a*b*d+!a*b*!c,9,suboptimal,12
P39916,pun,a*!b*c*d+!b*!c*!d+!a*!b*!d+!a*b*d,9,suboptimal,11
P39917,pun,a*!b*!c*!d+!a*!b*c*!d+a*!b*c*d+!a*b*d,10,suboptimal,14
P39918,pun,a*!b*c*d+!a*!b*!d+!a*b*d,8,suboptimal,9
P39919,pdn,!a*!b*c*!d+a*!b*c*d+!a*b*d,8,suboptimal,9
P39919,pun,!a*!b*c*!d+a*!b*c*d+!a*b*d,8,suboptimal,15
P39920,pdn,a*!b*c*d+!a*b*d+!c*!d,8,suboptimal,10
P39920,pun,a*!b*c*d+!a*b*d+!c*!d,8,suboptimal,13
P39921,pun,a*!b*c*d+b*!c*!d+a*!c*!d+!a*b*d,8,suboptimal,10
P39922,pdn,a*!b*c*d+b*!c*!d+!a*!c*!d+!a*b*d,9,suboptimal,11
P39922,pun,a*!b*c*d+b*!c*!d+!a*!c*!d+!a*b*d,9,suboptimal,13
P39923,pun,a*!b*c*d+b*!c*!d+!a*b*d,8,suboptimal,12
P39924,pdn,a*!b*c*d+!b*!c*!d+a*!c*!d+!a*b*d,9,suboptimal,10
P39925,pun,a*!b*c*d+a*!c*!d+!a*b*d,8,suboptimal,13
P39926,pdn,!a*!b*!c*!d+a*b*!c*!d+a*!b*c*d+!a*b*d,9,suboptimal,11
P39926,pun,!a*!b*!c*!d+a*b*!c*!d+a*!b*c*d+!a*b*d,9,suboptimal,12
P39927,pdn,a*b*!c*!d+a*!b*c*d+!a*b*d,8,suboptimal,9
P39927,pun,a*b*!c*!d+a*!b*c*d+!a*b*d,8,suboptimal,11
P39928,pdn,a*!b*c*d+!b*!c*!d+!a*!c*!d+!a*b*d,8,suboptimal,9
P39928,pun,a*!b*c*d+!b*!c*!d+!a*!c*!d+!a*b*d,8,suboptimal,12
P39929,pdn,a*!b*!c*!d+a*!b*c*d+!a*b*d+!a*b*!c,8,suboptimal,10
P39929,pun,a*!b*!c*!d+a*!b*c*d+!a*b*d+!a*b*!c,8,suboptimal,9
P39930,pun,a*!b*c*d+!a*!c*!d+!a*b*d,8,suboptimal,11
P39931,pdn,a*!b*c*d+!a*b*d+!a*b*!c,7,suboptimal,9
P39931,pun,a*!b*c*d+!a*b*d+!a*b*!c,7,suboptimal,9
P39932,pun,a*!b*c*d+!b*!c*!d+!a*b*d,8,suboptimal,11
P39933,pun,a*!b*!c*!d+a*!b*c*d+!a*b*d,8,suboptimal,9
P39934,pdn,!a*!b*!c*!d+a*!b*c*d+!a*b*d,8,suboptimal,9
P39934,pun,!a*!b*!c*!d+a*!b*c*d+!a*b*d,8,suboptimal,10
P39935,pdn,a*!b*c*d+!a*b*d,6,suboptimal,7
P40672,pdn,a*!b*c*d+!a*b*c*d+!a*!b*!d+!a*!b*!c+!c*!d,10,failed,
P40672,pun,a*!b*c*d+!a*b*c*d+!a*!b*!d+!a*!b*!c+!c*!d,10,failed,
P40673,pdn,!a*!b*c*!d+!a*!b*!c*d+a*!b*c*d+!a*b*c*d+b*!c*!d+a*!c*!d,12,suboptimal,20
P40673,pun,!a*!b*c*!d+!a*!b*!c*d+a*!b*c*d+!a*b*c*d+b*!c*!d+a*!c*!d,12,failed,
P40674,pdn,a*!b*c*d+!a*b*c*d+b*!c*!d+!a*!b*!d+!a*!b*!c,10,failed,
P40674,pun,a*!b*c*d+!a*b*c*d+b*!c*!d+!a*!b*!d+!a*!b*!c,10,suboptimal,16
P40675,pdn,!a*!b*c*!d+!a*!b*!c*d+a*!b*c*d+!a*b*c*d+b*!c*!d,11,failed,
P40675,pun,!a*!b*c*!d+!a*!b*!c*d+a*!b*c*d+!a*b*c*d+b*!c*!d,11,suboptimal,20
P40678,pdn,a*b*!c*!d+a*!b*c*d+!a*b*c*d+!a*!b*!d+!a*!b*!c,11,failed,
P40678,pun,a*b*!c*!d+a*!b*c*d+!a*b*c*d+!a*!b*!d+!a*!b*!c,11,failed,
P40679,pun,a*b*!c*!d+!a*!b*c*!d+!a*!b*!c*d+a*!b*c*d+!a*b*c*d,11,failed,
P40680,pdn,a*!b*c*d+!a*b*c*d+!b*!c*!d+!a*!c*!d+!a*!b*!d+!a*!b*!c,10,failed,
P40680,pun,a*!b*c*d+!a*b*c*d+!b*!c*!d+!a*!c*!d+!a*!b*!d+!a*!b*!c,10,suboptimal,14
P40681,pdn,a*!b*!c*!d+!a*b*!c*!d+!a*!b*c*!d+!a*!b*!c*d+a*!b*c*d+!a*b*c*d,11,failed,
P40681,pun,a*!b*!c*!d+!a*b*!c*!d+!a*!b*c*!d+!a*!b*!c*d+a*!b*c*d+!a*b*c*d,11,failed,
P40682,pdn,a*!b*c*d+!a*b*c*d+!a*!c*!d+!a*!b*!d+!a*!b*!c,10,suboptimal,12
P40682,pun,a*!b*c*d+!a*b*c*d+!a*!c*!d+!a*!b*!d+!a*!b*!c,10,suboptimal,16
P40683,pdn,!a*b*!c*!d+!a*!b*c*!d+!a*!b*!c*d+a*!b*c*d+!a*b*c*d,11,suboptimal,12
P40683,pun,!a*b*!c*!d+!a*!b*c*!d+!a*!b*!c*d+a*!b*c*d+!a*b*c*d,11,suboptimal,13
P40686,pdn,a*!b*c*d+!a*b*c*d+!a*!b*!d+!a*!b*!c,9,suboptimal,12
P40686,pun,a*!b*c*d+!a*b*c*d+!a*!b*!d+!a*!b*!c,9,suboptimal,16
P40687,pdn,!a*!b*c*!d+!a*!b*!c*d+a*!b*c*d+!a*b*c*d,10,suboptimal,15
P40687,pun,!a*!b*c*!d+!a*!b*!c*d+a*!b*c*d+!a*b*c*d,10,failed,
P40688,pdn,a*!b*c*d+!a*b*c*d+!a*!b*!c+!c*!d,9,suboptimal,18
P40688,pun,a*!b*c*d+!a*b*c*d+!a*!b*!c+!c*!d,9,suboptimal,14
P40689,pdn,!a*!b*!c*d+a*!b*c*d+!a*b*c*d+b*!c*!d+a*!c*!d,10,suboptimal,19
P40689,pun,!a*!b*!c*d+a*!b*c*d+!a*b*c*d+b*!c*!d+a*!c*!d,10,suboptimal,16
P40690,pdn,a*!b*c*d+!a*b*c*d+b*!c*!d+!a*!b*!c,9,suboptimal,12
P40690,pun,a*!b*c*d+!a*b*c*d+b*!c*!d+!a*!b*!c,9,suboptimal,16
P40691,pdn,!a*!b*!c*d+a*!b*c*d+!a*b*c*d+b*!c*!d,10,suboptimal,19
P40691,pun,!a*!b*!c*d+a*!b*c*d+!a*b*c*d+b*!c*!d,10,suboptimal,17
P40694,pdn,a*b*!c*!d+a*!b*c*d+!a*b*c*d+!a*!b*!c,9,suboptimal,13
P40694,pun,a*b*!c*!d+a*!b*c*d+!a*b*c*d+!a*!b*!c,9,suboptimal,15
P40695,pdn,a*b*!c*!d+!a*!b*!c*d+a*!b*c*d+!a*b*c*d,10,suboptimal,11
P40695,pun,a*b*!c*!d+!a*!b*!c*d+a*!b*c*d+!a*b*c*d,10,suboptimal,16
P40696,pdn,a*!b*c*d+!a*b*c*d+!b*!c*!d+!a*!c*!d+!a*!b*!c,9,suboptimal,15
P40696,pun,a*!b*c*d+!a*b*c*d+!b*!c*!d+!a*!c*!d+!a*!b*!c,9,suboptimal,20
P40697,pdn,a*!b*!c*!d+!a*b*!c*!d+!a*!b*!c*d+a*!b*c*d+!a*b*c*d,10,suboptimal,15
P40697,pun,a*!b*!c*!d+!a*b*!c*!d+!a*!b*!c*d+a*!b*c*d+!a*b*c*d,10,failed,
P40698,pun,a*!b*c*d+!a*b*c*d+!a*!c*!d+!a*!b*!c,9,suboptimal,12
P40699,pdn,!a*b*!c*!d+!a*!b*!c*d+a*!b*c*d+!a*b*c*d,10,suboptimal,11
P40699,pun,!a*b*!c*!d+!a*!b*!c*d+a*!b*c*d+!a*b*c*d,10,suboptimal,18
P40702,pdn,a*!b*c*d+!a*b*c*d+!a*!b*!c,8,suboptimal,11
P40702,pun,a*!b*c*d+!a*b*c*d+!a*!b*!c,8,suboptimal,11
P40703,pdn,!a*!b*!c*d+a*!b*c*d+!a*b*c*d,8,suboptimal,11
P40703,pun,!a*!b*!c*d+a*!b*c*d+!a*b*c*d,8,suboptimal,9
P40944,pdn,a*!b*c*d+!a*b*c*d+!c*!d,8,suboptimal,9
P40944,pun,a*!b*c*d+!a*b*c*d+!c*!d,8,suboptimal,12
P40945,pdn,a*!b*c*d+!a*b*c*d+b*!c*!d+a*!c*!d,8,suboptimal,17
P40945,pun,a*!b*c*d+!a*b*c*d+b*!c*!d+a*!c*!d,8,suboptimal,12
P40946,pdn,a*!b*c*d+!a*b*c*d+b*!c*!d+!a*!c*!d,9,suboptimal,10
P40946,pun,a*!b*c*d+!a*b*c*d+b*!c*!d+!a*!c*!d,9,suboptimal,10
P40947,pdn,a*!b*c*d+!a*b*c*d+b*!c*!d,8,suboptimal,11
P40947,pun,a*!b*c*d+!a*b*c*d+b*!c*!d,8,suboptimal,10
P40950,pdn,!a*!b*!c*!d+a*b*!c*!d+a*!b*c*d+!a*b*c*d,8,suboptimal,11
P40950,pun,!a*!b*!c*!d+a*b*!c*!d+a*!b*c*d+!a*b*c*d,8,suboptimal,11
P40951,pun,a*b*!c*!d+a*!b*c*d+!a*b*c*d,9,suboptimal,12
P40952,pdn,a*!b*c*d+!a*b*c*d+!b*!c*!d+!a*!c*!d,8,suboptimal,9
P40953,pdn,a*!b*!c*!d+!a*b*!c*!d+a*!b*c*d+!a*b*c*d,8,suboptimal,10
P40954,pun,a*!b*c*d+!a*b*c*d+!a*!c*!d,8,suboptimal,9
P40958,pdn,!a*!b*!c*!d+a*!b*c*d+!a*b*c*d,9,suboptimal,11
P40958,pun,!a*!b*!c*!d+a*!b*c*d+!a*b*c*d,9,suboptimal,13
P40959,pdn,a*!b*c*d+!a*b*c*d,6,suboptimal,7
P43137,pun,a*!c*!d+!b*c*!d+!b*!c*d+!a*d+!a*b,9,suboptimal,10
P43138,pun,b*!c*!d+!b*c*!d+!b*!c*d+!a,8,suboptimal,9
P43139,pdn,b*!c*!d+!b*c*!d+!b*!c*d+!a*d+!a*b,8,suboptimal,9
P43139,pun,b*!c*!d+!b*c*!d+!b*!c*d+!a*d+!a*b,8,suboptimal,9
P43140,pun,a*!c*!d+!b*!d+!a*d+!b*!c+!a*c,9,suboptimal,10
P43141,pun,a*!c*!d+!b*c*!d+!b*!c*d+!a*d+!a*c,9,suboptimal,11
P43142,pdn,a*b*!c*!d+!b*c*!d+!b*!c*d+!a*d+!a*c+!a*!b,10,suboptimal,12
P43142,pun,a*b*!c*!d+!b*c*!d+!b*!c*d+!a*d+!a*c+!a*!b,10,suboptimal,20
P43143,pdn,a*b*!c*!d+!b*c*!d+!b*!c*d+!a*d+!a*c,9,suboptimal,10
P43143,pun,a*b*!c*!d+!b*c*!d+!b*!c*d+!a*d+!a*c,9,suboptimal,16
P43145,pdn,a*!b*!d+!b*!c*d+!a*c+!a*b,8,suboptimal,9
P43145,pun,a*!b*!d+!b*!c*d+!a*c+!a*b,8,suboptimal,9
P43147,pun,!b*c*!d+!b*!c*d+!a*d+!a*b,7,suboptimal,8
P43148,pun,!b*!d+!a*d+!b*!c+!a*c,6,suboptimal,9
P43149,pun,a*!b*!d+!b*!c*d+!a*d+!a*c,7,suboptimal,12
P43150,pdn,!b*c*!d+!b*!c*d+!a*d+!a*c+!a*!b,8,suboptimal,9
P43150,pun,!b*c*!d+!b*!c*d+!a*d+!a*c+!a*!b,8,suboptimal,11
P43151,pdn,!b*c*!d+!b*!c*d+!a*d+!a*c,6,suboptimal,7
P43156,pdn,a*!c*!d+a*!b*!d+!a*b*c+!a*d+!b*!c,9,suboptimal,18
P43156,pun,a*!c*!d+a*!b*!d+!a*b*c+!a*d+!b*!c,9,suboptimal,16
P43157,pdn,a*!c*!d+a*!b*!d+!b*!c*d+!a*b*c+!a*d,10,suboptimal,12
P43157,pun,a*!c*!d+a*!b*!d+!b*!c*d+!a*b*c+!a*d,10,suboptimal,15
P43158,pdn,a*b*!c*!d+a*!b*c*!d+!b*!c*d+!a*!b*!c+!a*b*c+!a*d,11,failed,
P43158,pun,a*b*!c*!d+a*!b*c*!d+!b*!c*d+!a*!b*!c+!a*b*c+!a*d,11,suboptimal,17
P43159,pdn,a*b*!c*!d+a*!b*c*!d+!b*!c*d+!a*b*c+!a*d,10,failed,
P43159,pun,a*b*!c*!d+a*!b*c*!d+!b*!c*d+!a*b*c+!a*d,10,suboptimal,15
P43160,pun,a*!b*!d+!a*d+!b*!c+!a*b,7,suboptimal,9
P43161,pun,a*!b*!d+!b*!c*d+!a*d+!a*b,7,suboptimal,8
P43162,pdn,a*!b*c*!d+!b*!c*d+!a*d+!a*!c+!a*b,9,suboptimal,10
P43164,pdn,a*!b*!d+!a*b*c+!a*d+!b*!c,8,suboptimal,9
P43164,pun,a*!b*!d+!a*b*c+!a*d+!b*!c,8,suboptimal,11
P43165,pun,a*!b*!d+!b*!c*d+!a*b*c+!a*d,8,suboptimal,13
P43166,pdn,a*!b*c*!d+!b*!c*d+!a*!b*!c+!a*b*c+!a*d,9,suboptimal,14
P43166,pun,a*!b*c*!d+!b*!c*d+!a*!b*!c+!a*b*c+!a*d,9,suboptimal,13
P43167,pdn,a*!b*c*!d+!b*!c*d+!a*b*c+!a*d,8,suboptimal,9
P43177,pun,a*!b*!c+!a*d+!a*c+!a*b,7,suboptimal,9
P43178,pdn,!b*!c*d+!a,4,suboptimal,5
P43179,pun,!b*!c*d+!a*c+!a*b,6,suboptimal,7
P43196,pun,!a*b*c+!a*d+!b*!c,6,suboptimal,8
P43197,pdn,a*!b*!c+!a*b*c+!a*d,7,suboptimal,8
P43197,pun,a*!b*!c+!a*b*c+!a*d,7,suboptimal,8
P43198,pdn,!b*!c*d+!a*!b*!c+!a*b*c+!a*d,8,suboptimal,10
P43198,pun,!b*!c*d+!a*!b*!c+!a*b*c+!a*d,8,suboptimal,9
P43200,pdn,!c*!d+!b*!d+!a*d+!b*!c,6,suboptimal,7
P43200,pun,!c*!d+!b*!d+!a*d+!b*!c,6,suboptimal,7
P43201,pdn,b*!c*!d+a*!c*!d+!b*c*!d+!b*!c*d+!a*d,9,suboptimal,10
P43201,pun,b*!c*!d+a*!c*!d+!b*c*!d+!b*!c*d+!a*d,9,suboptimal,12
P43202,pdn,b*!c*!d+!b*c*!d+!b*!c*d+!a*d+!a*!c,9,suboptimal,10
P43202,pun,b*!c*!d+!b*c*!d+!b*!c*d+!a*d+!a*!c,9,suboptimal,12
P43203,pun,b*!c*!d+!b*c*!d+!b*!c*d+!a*d,8,suboptimal,13
P43204,pdn,a*!c*!d+!b*!d+!a*d+!b*!c,7,suboptimal,8
P43204,pun,a*!c*!d+!b*!d+!a*d+!b*!c,7,suboptimal,11
P43205,pun,a*!c*!d+!b*c*!d+!b*!c*d+!a*d,8,suboptimal,10
P43206,pdn,a*b*!c*!d+!b*c*!d+!b*!c*d+!a*d+!a*!b,10,suboptimal,11
P43207,pun,a*b*!c*!d+!b*c*!d+!b*!c*d+!a*d,9,suboptimal,16
P43208,pdn,!b*!d+!a*d+!b*!c+!a*!c,5,suboptimal,6
P43208,pun,!b*!d+!a*d+!b*!c+!a*!c,5,suboptimal,8
P43209,pdn,!b*c*!d+a*!b*!d+!b*!c*d+!a*b*!c+!a*d,8,suboptimal,10
P43209,pun,!b*c*!d+a*!b*!d+!b*!c*d+!a*b*!c+!a*d,8,suboptimal,13
P43210,pdn,!b*c*!d+!b*!c*d+!a*d+!a*!c,7,suboptimal,8
P43210,pun,!b*c*!d+!b*!c*d+!a*d+!a*!c,7,suboptimal,8
P43211,pdn,!b*c*!d+!b*!c*d+!a*b*!c+!a*d,7,suboptimal,9
P43211,pun,!b*c*!d+!b*!c*d+!a*b*!c+!a*d,7,suboptimal,11
P43212,pun,!b*!d+!a*d+!b*!c,5,suboptimal,6
P43213,pdn,!b*c*!d+a*!b*!d+!b*!c*d+!a*d,7,suboptimal,8
P43213,pun,!b*c*!d+a*!b*!d+!b*!c*d+!a*d,7,suboptimal,9
P43214,pdn,!b*c*!d+!b*!c*d+!a*d+!a*!b,7,suboptimal,9
P43214,pun,!b*c*!d+!b*!c*d+!a*d+!a*!b,7,suboptimal,8
P43215,pun,!b*c*!d+!b*!c*d+!a*d,6,suboptimal,9
P43220,pdn,a*!c*!d+a*!b*!d+!a*d+!b*!c,8,suboptimal,14
P43220,pun,a*!c*!d+a*!b*!d+!a*d+!b*!c,8,suboptimal,12
P43221,pdn,a*!c*!d+a*!b*!d+!b*!c*d+!a*d,7,suboptimal,8
P43221,pun,a*!c*!d+a*!b*!d+!b*!c*d+!a*d,7,suboptimal,8
P43222,pdn,a*b*!c*!d+a*!b*c*!d+!b*!c*d+!a*!b*!c+!a*d,10,suboptimal,16
P43222,pun,a*b*!c*!d+a*!b*c*!d+!b*!c*d+!a*!b*!c+!a*d,10,failed,
P43223,pdn,a*b*!c*!d+a*!b*c*!d+!b*!c*d+!a*d,9,suboptimal,15
P43223,pun,a*b*!c*!d+a*!b*c*!d+!b*!c*d+!a*d,9,suboptimal,18
P43224,pdn,a*!b*!d+!a*d+!b*!c+!a*!c,6,suboptimal,7
P43224,pun,a*!b*!d+!a*d+!b*!c+!a*!c,6,suboptimal,9
P43225,pdn,a*!b*!d+!b*!c*d+!a*b*!c+!a*d,7,suboptimal,8
P43225,pun,a*!b*!d+!b*!c*d+!a*b*!c+!a*d,7,suboptimal,9
P43226,pdn,a*!b*c*!d+!b*!c*d+!a*d+!a*!c,8,suboptimal,9
P43227,pun,a*!b*c*!d+!b*!c*d+!a*b*!c+!a*d,8,suboptimal,10
P43228,pun,a*!b*!d+!a*d+!b*!c,6,suboptimal,9
P43229,pdn,a*!b*!d+!b*!c*d+!a*d,6,suboptimal,10
P43229,pun,a*!b*!d+!b*!c*d+!a*d,6,suboptimal,8
P43230,pdn,a*!b*c*!d+!b*!c*d+!a*!b*!c+!a*d,8,suboptimal,10
P43230,pun,a*!b*c*!d+!b*!c*d+!a*!b*!c+!a*d,8,suboptimal,10
P43231,pun,a*!b*c*!d+!b*!c*d+!a*d,7,suboptimal,11
P43241,pdn,a*!b*!c+!a*b*!c+!a*!b*c+!a*d,8,suboptimal,12
P43241,pun,a*!b*!c+!a*b*!c+!a*!b*c+!a*d,8,suboptimal,14
P43243,pun,!b*!c*d+!a*b*!c+!a*!b*c+!a*d,7,suboptimal,8
P43245,pdn,a*!b*!c+!a*!b*c+!a*d,6,suboptimal,9
P43245,pun,a*!b*!c+!a*!b*c+!a*d,6,suboptimal,7
P43247,pdn,!b*!c*d+!a*!b*c+!a*d,5,suboptimal,6
P43247,pun,!b*!c*d+!a*!b*c+!a*d,5,suboptimal,6
P43260,pun,!a*d+!b*!c,4,suboptimal,5
P43262,pdn,!b*!c*d+!a*!b*!c+!a*d,6,suboptimal,8
P43262,pun,!b*!c*d+!a*!b*!c+!a*d,6,suboptimal,8
P43412,pdn,!b*!c*!d+a*!c*!d+a*!b*!d+!a*c*d+!a*b*d+a*!b*!c+!a*b*c,11,failed,
P43412,pun,!b*!c*!d+a*!c*!d+a*!b*!d+!a*c*d+!a*b*d+a*!b*!c+!a*b*c,11,suboptimal,18
P43413,pdn,a*!c*!d+a*!b*!d+!a*c*d+!a*b*d+a*!b*!c+!a*b*c,10,suboptimal,16
P43413,pun,a*!c*!d+a*!b*!d+!a*c*d+!a*b*d+a*!b*!c+!a*b*c,10,failed,
P43414,pdn,!a*!b*!c*!d+a*b*!c*!d+a*!b*c*!d+a*!b*!c*d+!a*c*d+!a*b*d+!a*b*c,12,failed,
P43414,pun,!a*!b*!c*!d+a*b*!c*!d+a*!b*c*!d+a*!b*!c*d+!a*c*d+!a*b*d+!a*b*c,12,failed,
P43415,pdn,a*b*!c*!d+a*!b*c*!d+a*!b*!c*d+!a*c*d+!a*b*d+!a*b*c,11,failed,
P43415,pun,a*b*!c*!d+a*!b*c*!d+a*!b*!c*d+!a*c*d+!a*b*d+!a*b*c,11,failed,
P43416,pdn,!b*!c*!d+a*!b*!d+!a*c*d+a*!b*!c+!a*b,9,suboptimal,13
P43416,pun,!b*!c*!d+a*!b*!d+!a*c*d+a*!b*!c+!a*b,9,suboptimal,10
P43417,pdn,a*!b*!d+!a*c*d+a*!b*!c+!a*b,8,suboptimal,9
P43419,pdn,a*!b*c*!d+a*!b*!c*d+!a*c*d+!a*b,9,suboptimal,11
P43419,pun,a*!b*c*!d+a*!b*!c*d+!a*c*d+!a*b,9,suboptimal,12
P43420,pdn,!b*!c*!d+a*!b*!d+!a*c*d+!a*b*d+a*!b*!c+!a*b*c,10,suboptimal,20
P43420,pun,!b*!c*!d+a*!b*!d+!a*c*d+!a*b*d+a*!b*!c+!a*b*c,10,suboptimal,16
P43421,pdn,a*!b*!d+!a*c*d+!a*b*d+a*!b*!c+!a*b*c,10,suboptimal,11
P43421,pun,a*!b*!d+!a*c*d+!a*b*d+a*!b*!c+!a*b*c,10,suboptimal,14
P43422,pdn,!a*!b*!c*!d+a*!b*c*!d+a*!b*!c*d+!a*c*d+!a*b*d+!a*b*c,11,failed,
P43422,pun,!a*!b*!c*!d+a*!b*c*!d+a*!b*!c*d+!a*c*d+!a*b*d+!a*b*c,11,suboptimal,13
P43423,pdn,a*!b*c*!d+a*!b*!c*d+!a*c*d+!a*b*d+!a*b*c,9,suboptimal,12
P43423,pun,a*!b*c*!d+a*!b*!c*d+!a*c*d+!a*b*d+!a*b*c,9,suboptimal,12
P43432,pun,a*!b*!c+!a*!d+!a*c+!a*b,7,suboptimal,9
P43433,pun,a*!b*!c+!a*c+!a*b,6,suboptimal,7
P43434,pdn,a*!b*!c*d+!a*!d+!a*c+!a*b,8,suboptimal,10
P43434,pun,a*!b*!c*d+!a*!d+!a*c+!a*b,8,suboptimal,9
P43435,pdn,a*!b*!c*d+!a*c+!a*b,7,suboptimal,9
P43436,pdn,!b*!c*!d+!a*b*d+a*!b*!c+!a*c,8,suboptimal,11
P43436,pun,!b*!c*!d+!a*b*d+a*!b*!c+!a*c,8,suboptimal,10
P43437,pdn,!a*b*d+a*!b*!c+!a*c,7,suboptimal,9
P43437,pun,!a*b*d+a*!b*!c+!a*c,7,suboptimal,12
P43438,pun,a*!b*!c*d+!a*!b*!d+!a*b*d+!a*c,9,suboptimal,20
P43439,pun,a*!b*!c*d+!a*b*d+!a*c,7,suboptimal,8
P43452,pdn,!b*!c*!d+!a*c*d+!a*b*d+a*!b*!c+!a*b*c,9,suboptimal,12
P43452,pun,!b*!c*!d+!a*c*d+!a*b*d+a*!b*!c+!a*b*c,9,suboptimal,12
P43453,pdn,!a*c*d+!a*b*d+a*!b*!c+!a*b*c,9,suboptimal,12
P43453,pun,!a*c*d+!a*b*d+a*!b*!c+!a*b*c,9,suboptimal,11
P43454,pdn,!a*!b*!c*!d+a*!b*!c*d+!a*c*d+!a*b*d+!a*b*c,10,suboptimal,12
P43454,pun,!a*!b*!c*!d+a*!b*!c*d+!a*c*d+!a*b*d+!a*b*c,10,failed,
P43455,pdn,a*!b*!c*d+!a*c*d+!a*b*d+!a*b*c,9,suboptimal,10
P43456,pdn,!a*c*d+!a*b*d+a*!b*!c+!c*!d+!b*!d,9,suboptimal,14
P43456,pun,!a*c*d+!a*b*d+a*!b*!c+!c*!d+!b*!d,9,suboptimal,15
P43457,pdn,b*!c*!d+!b*c*!d+!a*c*d+!a*b*d+a*!b*!c,9,suboptimal,14
P43457,pun,b*!c*!d+!b*c*!d+!a*c*d+!a*b*d+a*!b*!c,9,suboptimal,13
P43458,pdn,a*!b*!c*d+b*!c*!d+!a*!c*!d+!b*c*!d+!a*c*d+!a*b*d,10,failed,
P43458,pun,a*!b*!c*d+b*!c*!d+!a*!c*!d+!b*c*!d+!a*c*d+!a*b*d,10,suboptimal,12
P43459,pdn,a*!b*!c*d+b*!c*!d+!b*c*!d+!a*c*d+!a*b*d,10,suboptimal,20
P43459,pun,a*!b*!c*d+b*!c*!d+!b*c*!d+!a*c*d+!a*b*d,10,suboptimal,18
P43460,pdn,a*!c*!d+!a*c*d+!a*b*d+a*!b*!c+!b*!d,9,suboptimal,11
P43460,pun,a*!c*!d+!a*c*d+!a*b*d+a*!b*!c+!b*!d,9,suboptimal,15
P43461,pdn,a*!c*!d+!b*c*!d+!a*c*d+!a*b*d+a*!b*!c,9,suboptimal,18
P43461,pun,a*!c*!d+!b*c*!d+!a*c*d+!a*b*d+a*!b*!c,9,suboptimal,18
P43462,pdn,a*b*!c*!d+a*!b*!c*d+!b*c*!d+!a*!b*!d+!a*c*d+!a*b*d,11,suboptimal,16
P43462,pun,a*b*!c*!d+a*!b*!c*d+!b*c*!d+!a*!b*!d+!a*c*d+!a*b*d,11,suboptimal,13
P43463,pdn,a*b*!c*!d+a*!b*!c*d+!b*c*!d+!a*c*d+!a*b*d,10,suboptimal,20
P43463,pun,a*b*!c*!d+a*!b*!c*d+!b*c*!d+!a*c*d+!a*b*d,10,failed,
P43464,pdn,!a*!c*!d+!a*c*d+!a*b*d+a*!b*!c+!b*!d,8,suboptimal,9
P43464,pun,!a*!c*!d+!a*c*d+!a*b*d+a*!b*!c+!b*!d,8,suboptimal,10
P43465,pdn,!b*c*!d+!a*c*d+a*!b*!c+!a*b*!c,8,suboptimal,13
P43465,pun,!b*c*!d+!a*c*d+a*!b*!c+!a*b*!c,8,suboptimal,10
P43466,pdn,a*!b*!c*d+!a*!c*!d+!b*c*!d+!a*c*d+!a*b*!c,9,suboptimal,11
P43466,pun,a*!b*!c*d+!a*!c*!d+!b*c*!d+!a*c*d+!a*b*!c,9,suboptimal,11
P43467,pdn,a*!b*!c*d+!b*c*!d+!a*c*d+!a*b*!c,9,suboptimal,11
P43467,pun,a*!b*!c*d+!b*c*!d+!a*c*d+!a*b*!c,9,suboptimal,13
P43468,pdn,!a*c*d+!a*b*d+a*!b*!c+!b*!d,8,suboptimal,11
P43468,pun,!a*c*d+!a*b*d+a*!b*!c+!b*!d,8,suboptimal,9
P43469,pdn,a*!b*!d+!a*b*d+a*!b*!c+!a*!b*c,8,suboptimal,14
P43469,pun,a*!b*!d+!a*b*d+a*!b*!c+!a*!b*c,8,suboptimal,10
P43470,pdn,a*!b*!c*d+!b*c*!d+!a*!b*!d+!a*c*d+!a*b*d,10,suboptimal,12
P43470,pun,a*!b*!c*d+!b*c*!d+!a*!b*!d+!a*c*d+!a*b*d,10,suboptimal,11
P43471,pdn,a*!b*!c*d+!b*c*!d+!a*c*d+!a*b*d,8,suboptimal,13
P43471,pun,a*!b*!c*d+!b*c*!d+!a*c*d+!a*b*d,8,suboptimal,11
P43476,pdn,!b*!c*!d+a*!c*!d+a*!b*!d+!a*c*d+!a*b*d+a*!b*!c,11,failed,
P43476,pun,!b*!c*!d+a*!c*!d+a*!b*!d+!a*c*d+!a*b*d+a*!b*!c,11,suboptimal,13
P43477,pdn,a*!c*!d+a*!b*!d+!a*c*d+!a*b*d+a*!b*!c,10,suboptimal,17
P43477,pun,a*!c*!d+a*!b*!d+!a*c*d+!a*b*d+a*!b*!c,10,suboptimal,14
P43478,pdn,!a*!b*!c*!d+a*b*!c*!d+a*!b*c*!d+a*!b*!c*d+!a*c*d+!a*b*d,12,failed,
P43478,pun,!a*!b*!c*!d+a*b*!c*!d+a*!b*c*!d+a*!b*!c*d+!a*c*d+!a*b*d,12,failed,
P43479,pdn,a*b*!c*!d+a*!b*c*!d+a*!b*!c*d+!a*c*d+!a*b*d,10,suboptimal,17
P43479,pun,a*b*!c*!d+a*!b*c*!d+a*!b*!c*d+!a*c*d+!a*b*d,10,suboptimal,15
P43480,pdn,!a*!c*!d+a*!b*!d+!a*c*d+!a*b*d+a*!b*!c,9,suboptimal,13
P43481,pdn,a*!b*!d+!a*c*d+a*!b*!c+!a*b*!c,8,suboptimal,13
P43481,pun,a*!b*!d+!a*c*d+a*!b*!c+!a*b*!c,8,suboptimal,10
P43482,pdn,a*!b*c*!d+a*!b*!c*d+!a*!c*!d+!a*c*d+!a*b*d,10,suboptimal,11
P43483,pdn,a*!b*c*!d+a*!b*!c*d+!a*c*d+!a*b*!c,9,suboptimal,10
P43483,pun,a*!b*c*!d+a*!b*!c*d+!a*c*d+!a*b*!c,9,suboptimal,10
P43484,pdn,!b*!c*!d+a*!b*!d+!a*c*d+!a*b*d+a*!b*!c,9,suboptimal,15
P43484,pun,!b*!c*!d+a*!b*!d+!a*c*d+!a*b*d+a*!b*!c,9,failed,
P43485,pdn,a*!b*!d+!a*c*d+!a*b*d+a*!b*!c,8,suboptimal,13
P43485,pun,a*!b*!d+!a*c*d+!a*b*d+a*!b*!c,8,suboptimal,9
P43486,pdn,!a*!b*!c*!d+a*!b*c*!d+a*!b*!c*d+!a*c*d+!a*b*d,10,suboptimal,12
P43486,pun,!a*!b*!c*!d+a*!b*c*!d+a*!b*!c*d+!a*c*d+!a*b*d,10,suboptimal,12
P43487,pun,a*!b*c*!d+a*!b*!c*d+!a*c*d+!a*b*d,9,suboptimal,11
P43496,pdn,!a*!c*!d+!a*b*d+a*!b*!c+!a*!b*c,9,suboptimal,12
P43496,pun,!a*!c*!d+!a*b*d+a*!b*!c+!a*!b*c,9,suboptimal,12
P43497,pdn,!a*c*d+a*!b*!c+!a*b*!c+!a*!b*c,8,suboptimal,15
P43497,pun,!a*c*d+a*!b*!c+!a*b*!c+!a*!b*c,8,suboptimal,9
P43498,pdn,a*!b*!c*d+!a*!c*!d+!a*b*d+!a*!b*c,9,suboptimal,14
P43498,pun,a*!b*!c*d+!a*!c*!d+!a*b*d+!a*!b*c,9,suboptimal,13
P43499,pdn,a*!b*!c*d+!a*c*d+!a*b*!c+!a*!b*c,8,suboptimal,10
P43499,pun,a*!b*!c*d+!a*c*d+!a*b*!c+!a*!b*c,8,suboptimal,11
P43500,pdn,!a*!b*!d+!a*c*d+!a*b*d+a*!b*!c,8,suboptimal,11
P43500,pun,!a*!b*!d+!a*c*d+!a*b*d+a*!b*!c,8,suboptimal,11
P43501,pdn,!a*b*d+a*!b*!c+!a*!b*c,7,suboptimal,10
P43501,pun,!a*b*d+a*!b*!c+!a*!b*c,7,suboptimal,8
P43502,pun,a*!b*!c*d+!a*!b*!d+!a*c*d+!a*b*d,9,suboptimal,13
P43503,pdn,a*!b*!c*d+!a*b*d+!a*!b*c,7,suboptimal,9
P43503,pun,a*!b*!c*d+!a*b*d+!a*!b*c,7,suboptimal,9
P43516,pdn,!b*!c*!d+!a*c*d+!a*b*d+a*!b*!c,8,suboptimal,12
P43516,pun,!b*!c*!d+!a*c*d+!a*b*d+a*!b*!c,8,suboptimal,10
P43517,pdn,!a*c*d+!a*b*d+a*!b*!c,7,suboptimal,10
P43518,pdn,!a*!b*!c*!d+a*!b*!c*d+!a*c*d+!a*b*d,9,suboptimal,10
P43518,pun,!a*!b*!c*!d+a*!b*!c*d+!a*c*d+!a*b*d,9,suboptimal,19
P43519,pdn,a*!b*!c*d+!a*c*d+!a*b*d,7,suboptimal,9
P43690,pdn,!a,1,suboptimal,11
P43690,pun,!a,1,suboptimal,15
P43693,pdn,a*!b*!c*!d+!a*d+!a*c,7,suboptimal,10
P43693,pun,a*!b*!c*!d+!a*d+!a*c,7,suboptimal,9
P43708,pdn,!b*!c*!d+!a*b*c+!a*d,7,suboptimal,8
P43708,pun,!b*!c*!d+!a*b*c+!a*d,7,suboptimal,8
P43709,pun,a*!b*!c*!d+!a*b*c+!a*d,8,suboptimal,11
P43713,pdn,b*!c*!d+a*!c*!d+!b*c*!d+!a*d,8,suboptimal,9
P43714,pdn,b*!c*!d+!b*c*!d+!a*d+!a*!c,7,suboptimal,8
P43714,pun,b*!c*!d+!b*c*!d+!a*d+!a*!c,7,suboptimal,8
P43715,pdn,b*!c*!d+!b*c*!d+!a*d,7,suboptimal,8
P43716,pun,a*!c*!d+!b*!d+!a*d,6,suboptimal,8
P43718,pdn,a*b*!c*!d+!b*c*!d+!a*d+!a*!b,8,suboptimal,9
P43718,pun,a*b*!c*!d+!b*c*!d+!a*d+!a*!b,8,suboptimal,11
P43719,pun,a*b*!c*!d+!b*c*!d+!a*d,8,suboptimal,9
P43721,pdn,!b*c*!d+a*!b*!d+!a*b*!c+!a*d,8,suboptimal,9
P43721,pun,!b*c*!d+a*!b*!d+!a*b*!c+!a*d,8,suboptimal,9
P43723,pun,!b*c*!d+!a*b*!c+!a*d,7,suboptimal,8
P43727,pun,!b*c*!d+!a*d,5,suboptimal,7
P43732,pdn,!b*!c*!d+a*!c*!d+a*!b*!d+!a*d,7,suboptimal,15
P43732,pun,!b*!c*!d+a*!c*!d+a*!b*!d+!a*d,7,suboptimal,10
P43733,pdn,a*!c*!d+a*!b*!d+!a*d,6,suboptimal,11
P43734,pdn,a*b*!c*!d+a*!b*c*!d+!a*!b*!c+!a*d,9,suboptimal,16
P43734,pun,a*b*!c*!d+a*!b*c*!d+!a*!b*!c+!a*d,9,suboptimal,10
P43735,pdn,a*b*!c*!d+a*!b*c*!d+!a*d,8,suboptimal,16
P43736,pun,a*!b*!d+!a*d+!a*!c,6,suboptimal,8
P43737,pdn,a*!b*!d+!a*b*!c+!a*d,7,suboptimal,8
P43737,pun,a*!b*!d+!a*b*!c+!a*d,7,suboptimal,11
P43738,pdn,a*!b*c*!d+!a*d+!a*!c,7,suboptimal,11
P43738,pun,a*!b*c*!d+!a*d+!a*!c,7,suboptimal,9
P43739,pun,a*!b*c*!d+!a*b*!c+!a*d,8,suboptimal,11
P43740,pdn,!b*!c*!d+a*!b*!d+!a*d,6,suboptimal,9
P43741,pun,a*!b*!d+!a*d,5,suboptimal,7
P43742,pdn,a*!b*c*!d+!a*!b*!c+!a*d,7,suboptimal,10
P43742,pun,a*!b*c*!d+!a*!b*!c+!a*d,7,suboptimal,9
P43753,pun,a*!b*!c*!d+!a*b*!c+!a*!b*c+!a*d,9,suboptimal,10
P43757,pdn,a*!b*!c*!d+!a*!b*c+!a*d,7,suboptimal,8
P43772,pun,!b*!c*!d+!a*d,5,suboptimal,6
P43775,pdn,!a*d,2,suboptimal,5
P43775,pun,!a*d,2,suboptimal,8
P43964,pdn,!b*!c*!d+!a*c*d+!a*b*d+!a*b*c,8,suboptimal,13
P43964,pun,!b*!c*!d+!a*c*d+!a*b*d+!a*b*c,8,suboptimal,9
P43965,pdn,a*!b*!c*!d+!a*c*d+!a*b*d+!a*b*c,9,suboptimal,10
P43965,pun,a*!b*!c*!d+!a*c*d+!a*b*d+!a*b*c,9,suboptimal,13
P43966,pdn,!a*!b*!c*!d+!a*c*d+!a*b*d+!a*b*c,8,suboptimal,9
P43968,pdn,!a*c*d+!a*b*d+!c*!d+!b*!d,7,suboptimal,10
P43968,pun,!a*c*d+!a*b*d+!c*!d+!b*!d,7,suboptimal,9
P43969,pdn,b*!c*!d+a*!c*!d+!b*c*!d+!a*c*d+!a*b*d,8,suboptimal,15
P43969,pun,b*!c*!d+a*!c*!d+!b*c*!d+!a*c*d+!a*b*d,8,suboptimal,11
P43970,pdn,b*!c*!d+!a*!c*!d+!b*c*!d+!a*c*d+!a*b*d,8,suboptimal,11
P43970,pun,b*!c*!d+!a*!c*!d+!b*c*!d+!a*c*d+!a*b*d,8,suboptimal,10
P43971,pdn,b*!c*!d+!b*c*!d+!a*c*d+!a*b*d,7,suboptimal,15
P43971,pun,b*!c*!d+!b*c*!d+!a*c*d+!a*b*d,7,suboptimal,9
P43972,pdn,a*!c*!d+!a*c*d+!a*b*d+!b*!d,8,suboptimal,14
P43972,pun,a*!c*!d+!a*c*d+!a*b*d+!b*!d,8,suboptimal,9
P43973,pdn,a*!c*!d+!b*c*!d+!a*c*d+!a*b*d,8,suboptimal,12
P43973,pun,a*!c*!d+!b*c*!d+!a*c*d+!a*b*d,8,suboptimal,13
P43974,pdn,a*b*!c*!d+!b*c*!d+!a*!b*!d+!a*c*d+!a*b*d,9,failed,
P43974,pun,a*b*!c*!d+!b*c*!d+!a*!b*!d+!a*c*d+!a*b*d,9,suboptimal,13
P43975,pdn,a*b*!c*!d+!b*c*!d+!a*c*d+!a*b*d,8,suboptimal,15
P43975,pun,a*b*!c*!d+!b*c*!d+!a*c*d+!a*b*d,8,suboptimal,11
P43976,pdn,!a*!c*!d+!a*c*d+!a*b*d+!b*!d,7,suboptimal,11
P43976,pun,!a*!c*!d+!a*c*d+!a*b*d+!b*!d,7,suboptimal,9
P43977,pdn,!b*c*!d+a*!b*!d+!a*c*d+!a*b*!c,8,suboptimal,12
P43977,pun,!b*c*!d+a*!b*!d+!a*c*d+!a*b*!c,8,suboptimal,10
P43978,pun,!a*!c*!d+!b*c*!d+!a*c*d+!a*b*!c,8,suboptimal,10
P43979,pdn,!b*c*!d+!a*c*d+!a*b*!c,7,suboptimal,11
P43979,pun,!b*c*!d+!a*c*d+!a*b*!c,7,suboptimal,8
P43980,pdn,!a*c*d+!a*b*d+!b*!d,6,suboptimal,7
P43980,pun,!a*c*d+!a*b*d+!b*!d,6,suboptimal,9
P43981,pdn,a*!b*!d+!a*b*d+!a*!b*c,7,suboptimal,10
P43981,pun,a*!b*!d+!a*b*d+!a*!b*c,7,suboptimal,8
P43982,pdn,!b*c*!d+!a*!b*!d+!a*c*d+!a*b*d,7,suboptimal,9
P43982,pun,!b*c*!d+!a*!b*!d+!a*c*d+!a*b*d,7,suboptimal,8
P43983,pdn,!b*c*!d+!a*c*d+!a*b*d,6,suboptimal,8
P43983,pun,!b*c*!d+!a*c*d+!a*b*d,6,suboptimal,7
P43988,pdn,!b*!c*!d+a*!c*!d+a*!b*!d+!a*c*d+!a*b*d,10,suboptimal,14
P43988,pun,!b*!c*!d+a*!c*!d+a*!b*!d+!a*c*d+!a*b*d,10,suboptimal,17
P43989,pdn,a*!c*!d+a*!b*!d+!a*c*d+!a*b*d,8,suboptimal,14
P43989,pun,a*!c*!d+a*!b*!d+!a*c*d+!a*b*d,8,suboptimal,12
P43990,pdn,!a*!b*!c*!d+a*b*!c*!d+a*!b*c*!d+!a*c*d+!a*b*d,10,suboptimal,19
P43990,pun,!a*!b*!c*!d+a*b*!c*!d+a*!b*c*!d+!a*c*d+!a*b*d,10,suboptimal,19
P43991,pdn,a*b*!c*!d+a*!b*c*!d+!a*c*d+!a*b*d,8,suboptimal,12
P43991,pun,a*b*!c*!d+a*!b*c*!d+!a*c*d+!a*b*d,8,suboptimal,9
P43992,pun,!a*!c*!d+a*!b*!d+!a*c*d+!a*b*d,8,suboptimal,10
P43993,pdn,a*!b*!d+!a*c*d+!a*b*!c,8,suboptimal,9
P43993,pun,a*!b*!d+!a*c*d+!a*b*!c,8,suboptimal,10
P43994,pun,a*!b*c*!d+!a*!c*!d+!a*c*d+!a*b*d,9,suboptimal,11
P43995,pdn,a*!b*c*!d+!a*c*d+!a*b*!c,8,suboptimal,9
P43995,pun,a*!b*c*!d+!a*c*d+!a*b*!c,8,suboptimal,10
P43996,pdn,!b*!c*!d+a*!b*!d+!a*c*d+!a*b*d,8,suboptimal,9
P43997,pdn,a*!b*!d+!a*c*d+!a*b*d,7,suboptimal,12
P43998,pdn,!a*!b*!c*!d+a*!b*c*!d+!a*c*d+!a*b*d,9,suboptimal,10
P43998,pun,!a*!b*!c*!d+a*!b*c*!d+!a*c*d+!a*b*d,9,suboptimal,12
P43999,pdn,a*!b*c*!d+!a*c*d+!a*b*d,7,suboptimal,9
P43999,pun,a*!b*c*!d+!a*c*d+!a*b*d,7,suboptimal,9
P44008,pdn,!b*!c*!d+!a*!c*!d+!a*b*d+!a*!b*c,8,suboptimal,9
P44008,pun,!b*!c*!d+!a*!c*!d+!a*b*d+!a*!b*c,8,suboptimal,9
P44009,pdn,a*!b*!c*!d+!a*c*d+!a*b*!c+!a*!b*c,9,suboptimal,12
P44009,pun,a*!b*!c*!d+!a*c*d+!a*b*!c+!a*!b*c,9,suboptimal,12
P44011,pdn,!a*c*d+!a*b*!c+!a*!b*c,6,suboptimal,8
P44012,pdn,!b*!c*!d+!a*b*d+!a*!b*c,7,suboptimal,8
P44012,pun,!b*!c*!d+!a*b*d+!a*!b*c,7,suboptimal,8
P44013,pdn,a*!b*!c*!d+!a*b*d+!a*!b*c,8,suboptimal,10
P44013,pun,a*!b*!c*!d+!a*b*d+!a*!b*c,8,suboptimal,10
P44028,pdn,!b*!c*!d+!a*c*d+!a*b*d,7,suboptimal,9
P44028,pun,!b*!c*!d+!a*c*d+!a*b*d,7,suboptimal,9
P44029,pdn,a*!b*!c*!d+!a*c*d+!a*b*d,8,suboptimal,11
P44029,pun,a*!b*!c*!d+!a*c*d+!a*b*d,8,suboptimal,10
P44224,pdn,!a*c*d+!c*!d+!b*!d+!b*!c,7,suboptimal,9
P44225,pdn,b*!c*!d+!b*c*!d+a*!b*!d+!b*!c*d+!a*c*d,10,suboptimal,11
P44226,pdn,b*!c*!d+!b*c*!d+!b*!c*d+!a*c*d+!a*!b,8,suboptimal,10
P44226,pun,b*!c*!d+!b*c*!d+!b*!c*d+!a*c*d+!a*!b,8,suboptimal,9
P44227,pun,b*!c*!d+!b*c*!d+!b*!c*d+!a*c*d,9,suboptimal,10
P44228,pdn,a*!c*!d+!a*c*d+!b*!d+!b*!c,8,suboptimal,10
P44230,pdn,a*b*!c*!d+!b*c*!d+!b*!c*d+!a*c*d+!a*!b,9,suboptimal,12
P44230,pun,a*b*!c*!d+!b*c*!d+!b*!c*d+!a*c*d+!a*!b,9,suboptimal,11
P44231,pun,a*b*!c*!d+!b*c*!d+!b*!c*d+!a*c*d,10,suboptimal,11
P44232,pdn,!a*!c*!d+!a*c*d+!b*!d+!b*!c,7,suboptimal,8
P44232,pun,!a*!c*!d+!a*c*d+!b*!d+!b*!c,7,suboptimal,8
P44233,pdn,!a*b*!c*!d+!b*c*!d+a*!b*!d+!b*!c*d+!a*c*d,9,suboptimal,11
P44233,pun,!a*b*!c*!d+!b*c*!d+a*!b*!d+!b*!c*d+!a*c*d,9,suboptimal,11
P44234,pdn,!a*!c*!d+!b*c*!d+!b*!c*d+!a*c*d,8,suboptimal,9
P44234,pun,!a*!c*!d+!b*c*!d+!b*!c*d+!a*c*d,8,suboptimal,9
P44235,pdn,!a*b*!c*!d+!b*c*!d+!b*!c*d+!a*c*d,8,suboptimal,9
P44235,pun,!a*b*!c*!d+!b*c*!d+!b*!c*d+!a*c*d,8,suboptimal,10
P44236,pdn,!a*c*d+!b*!d+!b*!c,6,suboptimal,7
P44236,pun,!a*c*d+!b*!d+!b*!c,6,suboptimal,7
P44237,pun,!b*c*!d+a*!b*!d+!b*!c*d+!a*c*d,8,suboptimal,10
P44238,pdn,!b*c*!d+!b*!c*d+!a*c*d+!a*!b,7,suboptimal,8
P44238,pun,!b*c*!d+!b*!c*d+!a*c*d+!a*!b,7,suboptimal,8
P44239,pun,!b*c*!d+!b*!c*d+!a*c*d,7,suboptimal,12
P44240,pdn,a*!b*!d+!a*c*d+!c*!d+!b*!c,8,suboptimal,9
P44240,pun,a*!b*!d+!a*c*d+!c*!d+!b*!c,8,suboptimal,10
P44241,pdn,b*!c*!d+a*!b*!d+!b*!c*d+!a*c*d,9,suboptimal,11
P44242,pdn,a*!b*c*!d+b*!c*!d+!a*!c*!d+!b*!c*d+!a*c*d,10,suboptimal,11
P44242,pun,a*!b*c*!d+b*!c*!d+!a*!c*!d+!b*!c*d+!a*c*d,10,suboptimal,16
P44243,pdn,a*!b*c*!d+b*!c*!d+!b*!c*d+!a*c*d,9,suboptimal,10
P44243,pun,a*!b*c*!d+b*!c*!d+!b*!c*d+!a*c*d,9,suboptimal,17
P44244,pdn,a*!c*!d+a*!b*!d+!a*c*d+!b*!c,8,suboptimal,12
P44244,pun,a*!c*!d+a*!b*!d+!a*c*d+!b*!c,8,suboptimal,11
P44245,pdn,a*!c*!d+a*!b*!d+!b*!c*d+!a*c*d,8,suboptimal,19
P44246,pdn,a*b*!c*!d+a*!b*c*!d+!b*!c*d+!a*c*d+!a*!b*!c,10,failed,
P44246,pun,a*b*!c*!d+a*!b*c*!d+!b*!c*d+!a*c*d+!a*!b*!c,10,suboptimal,17
P44247,pdn,a*b*!c*!d+a*!b*c*!d+!b*!c*d+!a*c*d,9,suboptimal,12
P44247,pun,a*b*!c*!d+a*!b*c*!d+!b*!c*d+!a*c*d,9,suboptimal,14
P44248,pdn,!a*!c*!d+a*!b*!d+!a*c*d+!b*!c,7,suboptimal,8
P44248,pun,!a*!c*!d+a*!b*!d+!a*c*d+!b*!c,7,suboptimal,11
P44249,pun,!a*b*!c*!d+a*!b*!d+!b*!c*d+!a*c*d,9,suboptimal,10
P44250,pdn,a*!b*c*!d+!a*!c*!d+!b*!c*d+!a*c*d,8,suboptimal,10
P44250,pun,a*!b*c*!d+!a*!c*!d+!b*!c*d+!a*c*d,8,suboptimal,10
P44251,pdn,!a*b*!c*!d+a*!b*c*!d+!b*!c*d+!a*c*d,9,suboptimal,11
P44251,pun,!a*b*!c*!d+a*!b*c*!d+!b*!c*d+!a*c*d,9,suboptimal,15
P44252,pdn,a*!b*!d+!a*c*d+!b*!c,7,suboptimal,8
P44252,pun,a*!b*!d+!a*c*d+!b*!c,7,suboptimal,11
P44253,pun,a*!b*!d+!b*!c*d+!a*c*d,7,suboptimal,8
P44254,pdn,a*!b*c*!d+!b*!c*d+!a*c*d+!a*!b*!c,9,suboptimal,10
P44254,pun,a*!b*c*!d+!b*!c*d+!a*c*d+!a*!b*!c,9,suboptimal,10
P44255,pdn,a*!b*c*!d+!b*!c*d+!a*c*d,7,suboptimal,8
P44255,pun,a*!b*c*!d+!b*!c*d+!a*c*d,7,suboptimal,10
P44256,pdn,!a*c*d+!c*!d+!b*!c+!a*!b,6,suboptimal,7
P44256,pun,!a*c*d+!c*!d+!b*!c+!a*!b,6,suboptimal,7
P44257,pdn,b*!c*!d+a*!c*!d+!b*!c*d+!a*c*d+!a*!b*c,9,suboptimal,13
P44257,pun,b*!c*!d+a*!c*!d+!b*!c*d+!a*c*d+!a*!b*c,9,suboptimal,16
P44258,pdn,b*!c*!d+!b*!c*d+!a*c*d+!a*!b,7,suboptimal,11
P44258,pun,b*!c*!d+!b*!c*d+!a*c*d+!a*!b,7,suboptimal,8
P44259,pdn,b*!c*!d+!b*!c*d+!a*c*d+!a*!b*c,8,suboptimal,11
P44259,pun,b*!c*!d+!b*!c*d+!a*c*d+!a*!b*c,8,suboptimal,16
P44260,pun,a*!c*!d+!a*c*d+!b*!c+!a*!b,7,suboptimal,8
P44261,pdn,a*!c*!d+!b*!c*d+!a*c*d+!a*!b*c,8,suboptimal,11
P44261,pun,a*!c*!d+!b*!c*d+!a*c*d+!a*!b*c,8,suboptimal,10
P44262,pdn,a*b*!c*!d+!b*!c*d+!a*c*d+!a*!b,8,suboptimal,10
P44263,pdn,a*b*!c*!d+!b*!c*d+!a*c*d+!a*!b*c,9,suboptimal,11
P44263,pun,a*b*!c*!d+!b*!c*d+!a*c*d+!a*!b*c,9,suboptimal,11
P44264,pdn,!a*!c*!d+!a*c*d+!b*!c+!a*!b,7,suboptimal,8
P44264,pun,!a*!c*!d+!a*c*d+!b*!c+!a*!b,7,suboptimal,8
P44265,pdn,!a*b*!c*!d+!b*!c*d+!a*c*d+a*!b*!c+!a*!b*c,10,suboptimal,17
P44265,pun,!a*b*!c*!d+!b*!c*d+!a*c*d+a*!b*!c+!a*!b*c,10,suboptimal,12
P44266,pdn,!a*!c*!d+!b*!c*d+!a*c*d+!a*!b,7,suboptimal,8
P44266,pun,!a*!c*!d+!b*!c*d+!a*c*d+!a*!b,7,suboptimal,8
P44267,pdn,!a*b*!c*!d+!b*!c*d+!a*c*d+!a*!b*c,9,suboptimal,12
P44267,pun,!a*b*!c*!d+!b*!c*d+!a*c*d+!a*!b*c,9,suboptimal,11
P44268,pdn,!a*c*d+!b*!c+!a*!b,5,suboptimal,6
P44269,pdn,!b*!c*d+!a*c*d+a*!b*!c+!a*!b*c,7,suboptimal,10
P44269,pun,!b*!c*d+!a*c*d+a*!b*!c+!a*!b*c,7,suboptimal,10
P44270,pdn,!b*!c*d+!a*c*d+!a*!b,5,suboptimal,6
P44270,pun,!b*!c*d+!a*c*d+!a*!b,5,suboptimal,6
P44271,pdn,!b*!c*d+!a*c*d+!a*!b*c,6,suboptimal,7
P44271,pun,!b*!c*d+!a*c*d+!a*!b*c,6,suboptimal,8
P44272,pdn,!a*c*d+!c*!d+!b*!c,6,suboptimal,7
P44272,pun,!a*c*d+!c*!d+!b*!c,6,suboptimal,7
P44273,pdn,b*!c*!d+a*!c*!d+!b*!c*d+!a*c*d,8,suboptimal,11
P44273,pun,b*!c*!d+a*!c*!d+!b*!c*d+!a*c*d,8,suboptimal,11
P44274,pdn,b*!c*!d+!a*!c*!d+!b*!c*d+!a*c*d,8,suboptimal,11
P44274,pun,b*!c*!d+!a*!c*!d+!b*!c*d+!a*c*d,8,suboptimal,9
P44275,pdn,b*!c*!d+!b*!c*d+!a*c*d,7,suboptimal,9
P44275,pun,b*!c*!d+!b*!c*d+!a*c*d,7,suboptimal,8
P44276,pdn,a*!c*!d+!a*c*d+!b*!c,7,suboptimal,10
P44276,pun,a*!c*!d+!a*c*d+!b*!c,7,suboptimal,9
P44277,pdn,a*!c*!d+!b*!c*d+!a*c*d,7,suboptimal,10
P44278,pdn,a*b*!c*!d+!b*!c*d+!a*c*d+!a*!b*!c,9,suboptimal,11
P44278,pun,a*b*!c*!d+!b*!c*d+!a*c*d+!a*!b*!c,9,suboptimal,14
P44279,pdn,a*b*!c*!d+!b*!c*d+!a*c*d,8,suboptimal,10
P44279,pun,a*b*!c*!d+!b*!c*d+!a*c*d,8,suboptimal,9
P44280,pun,!a*!c*!d+!a*c*d+!b*!c,6,suboptimal,8
P44281,pdn,!a*b*!c*!d+!b*!c*d+!a*c*d+a*!b*!c,8,suboptimal,12
P44281,pun,!a*b*!c*!d+!b*!c*d+!a*c*d+a*!b*!c,8,suboptimal,9
P44282,pun,!a*!c*!d+!b*!c*d+!a*c*d,7,suboptimal,9
P44283,pdn,!a*b*!c*!d+!b*!c*d+!a*c*d,7,suboptimal,8
P44283,pun,!a*b*!c*!d+!b*!c*d+!a*c*d,7,suboptimal,9
P44284,pdn,!a*c*d+!b*!c,5,suboptimal,6
P44284,pun,!a*c*d+!b*!c,5,suboptimal,6
P44285,pdn,!b*!c*d+!a*c*d+a*!b*!c,6,suboptimal,10
P44286,pdn,!b*!c*d+!a*c*d+!a*!b*!c,6,suboptimal,7
P44286,pun,!b*!c*d+!a*c*d+!a*!b*!c,6,suboptimal,7
P44496,pdn,a*!b*!d+!a*c*d+a*!b*!c+!c*!d,8,suboptimal,13
P44496,pun,a*!b*!d+!a*c*d+a*!b*!c+!c*!d,8,suboptimal,11
P44497,pdn,b*!c*!d+a*!b*!d+!a*c*d+a*!b*!c,9,suboptimal,15
P44497,pun,b*!c*!d+a*!b*!d+!a*c*d+a*!b*!c,9,suboptimal,13
P44498,pdn,a*!b*c*!d+a*!b*!c*d+b*!c*!d+!a*!c*!d+!a*c*d,10,suboptimal,17
P44498,pun,a*!b*c*!d+a*!b*!c*d+b*!c*!d+!a*!c*!d+!a*c*d,10,failed,
P44499,pdn,a*!b*c*!d+a*!b*!c*d+b*!c*!d+!a*c*d,10,suboptimal,18
P44499,pun,a*!b*c*!d+a*!b*!c*d+b*!c*!d+!a*c*d,10,suboptimal,17
P44500,pdn,!b*!c*!d+a*!c*!d+a*!b*!d+!a*c*d+a*!b*!c,10,suboptimal,15
P44500,pun,!b*!c*!d+a*!c*!d+a*!b*!d+!a*c*d+a*!b*!c,10,suboptimal,17
P44501,pdn,a*!c*!d+a*!b*!d+!a*c*d+a*!b*!c,9,suboptimal,11
P44502,pdn,!a*!b*!c*!d+a*b*!c*!d+a*!b*c*!d+a*!b*!c*d+!a*c*d,11,suboptimal,20
P44502,pun,!a*!b*!c*!d+a*b*!c*!d+a*!b*c*!d+a*!b*!c*d+!a*c*d,11,suboptimal,20
P44503,pun,a*b*!c*!d+a*!b*c*!d+a*!b*!c*d+!a*c*d,10,suboptimal,12
P44504,pdn,!a*!c*!d+a*!b*!d+!a*c*d+a*!b*!c,8,suboptimal,11
P44504,pun,!a*!c*!d+a*!b*!d+!a*c*d+a*!b*!c,8,suboptimal,12
P44505,pdn,!a*b*!c*!d+a*!b*!d+!a*c*d+a*!b*!c,9,suboptimal,20
P44505,pun,!a*b*!c*!d+a*!b*!d+!a*c*d+a*!b*!c,9,suboptimal,14
P44506,pun,a*!b*c*!d+a*!b*!c*d+!a*!c*!d+!a*c*d,9,suboptimal,12
P44507,pdn,!a*b*!c*!d+a*!b*c*!d+a*!b*!c*d+!a*c*d,9,suboptimal,10
P44507,pun,!a*b*!c*!d+a*!b*c*!d+a*!b*!c*d+!a*c*d,9,suboptimal,14
P44508,pdn,!b*!c*!d+a*!b*!d+!a*c*d+a*!b*!c,8,suboptimal,15
P44508,pun,!b*!c*!d+a*!b*!d+!a*c*d+a*!b*!c,8,suboptimal,9
P44509,pdn,a*!b*!d+!a*c*d+a*!b*!c,7,suboptimal,8
P44509,pun,a*!b*!d+!a*c*d+a*!b*!c,7,suboptimal,10
P44510,pdn,!a*!b*!c*!d+a*!b*c*!d+a*!b*!c*d+!a*c*d,9,suboptimal,11
P44510,pun,!a*!b*!c*!d+a*!b*c*!d+a*!b*!c*d+!a*c*d,9,suboptimal,11
P44511,pdn,a*!b*c*!d+a*!b*!c*d+!a*c*d,8,suboptimal,9
P44511,pun,a*!b*c*!d+a*!b*!c*d+!a*c*d,8,suboptimal,9
P44512,pun,!a*!b*!d+!a*c*d+a*!b*!c+!c*!d,7,suboptimal,9
P44513,pdn,b*!c*!d+!a*c*d+a*!b*!c+!a*!b*c,8,suboptimal,14
P44513,pun,b*!c*!d+!a*c*d+a*!b*!c+!a*!b*c,8,suboptimal,15
P44514,pdn,a*!b*!c*d+b*!c*!d+!a*!b*!d+!a*c*d,9,suboptimal,10
P44514,pun,a*!b*!c*d+b*!c*!d+!a*!b*!d+!a*c*d,9,suboptimal,10
P44515,pdn,a*!b*!c*d+b*!c*!d+!a*c*d+!a*!b*c,9,suboptimal,13
P44515,pun,a*!b*!c*d+b*!c*!d+!a*c*d+!a*!b*c,9,suboptimal,11
P44516,pdn,a*!c*!d+!a*!b*!d+!a*c*d+a*!b*!c,8,suboptimal,10
P44516,pun,a*!c*!d+!a*!b*!d+!a*c*d+a*!b*!c,8,suboptimal,15
P44517,pdn,a*!c*!d+!a*c*d+a*!b*!c+!a*!b*c,7,suboptimal,10
P44517,pun,a*!c*!d+!a*c*d+a*!b*!c+!a*!b*c,7,suboptimal,9
P44518,pdn,a*b*!c*!d+a*!b*!c*d+!a*!b*!d+!a*c*d,9,suboptimal,11
P44518,pun,a*b*!c*!d+a*!b*!c*d+!a*!b*!d+!a*c*d,9,suboptimal,14
P44519,pdn,a*b*!c*!d+a*!b*!c*d+!a*c*d+!a*!b*c,9,suboptimal,11
P44519,pun,a*b*!c*!d+a*!b*!c*d+!a*c*d+!a*!b*c,9,suboptimal,11
P44520,pdn,!a*!c*!d+!a*!b*!d+!a*c*d+a*!b*!c,8,suboptimal,11
P44520,pun,!a*!c*!d+!a*!b*!d+!a*c*d+a*!b*!c,8,suboptimal,10
P44521,pdn,!a*b*!c*!d+!a*c*d+a*!b*!c+!a*!b*c,9,suboptimal,13
P44521,pun,!a*b*!c*!d+!a*c*d+a*!b*!c+!a*!b*c,9,suboptimal,15
P44522,pdn,a*!b*!c*d+!a*!c*!d+!a*!b*!d+!a*c*d,8,suboptimal,9
P44522,pun,a*!b*!c*d+!a*!c*!d+!a*!b*!d+!a*c*d,8,suboptimal,11
P44523,pdn,!a*b*!c*!d+a*!b*!c*d+!a*c*d+!a*!b*c,9,suboptimal,11
P44523,pun,!a*b*!c*!d+a*!b*!c*d+!a*c*d+!a*!b*c,9,suboptimal,11
P44524,pdn,!a*!b*!d+!a*c*d+a*!b*!c,7,suboptimal,9
P44524,pun,!a*!b*!d+!a*c*d+a*!b*!c,7,suboptimal,8
P44525,pdn,!a*c*d+a*!b*!c+!a*!b*c,7,suboptimal,9
P44526,pdn,a*!b*!c*d+!a*!b*!d+!a*c*d,7,suboptimal,8
P44526,pun,a*!b*!c*d+!a*!b*!d+!a*c*d,7,suboptimal,9
P44527,pdn,a*!b*!c*d+!a*c*d+!a*!b*c,7,suboptimal,8
P44527,pun,a*!b*!c*d+!a*c*d+!a*!b*c,7,suboptimal,8
P44528,pun,!a*c*d+a*!b*!c+!c*!d,7,suboptimal,8
P44529,pdn,b*!c*!d+!a*c*d+a*!b*!c,8,suboptimal,9
P44529,pun,b*!c*!d+!a*c*d+a*!b*!c,8,suboptimal,10
P44530,pdn,a*!b*!c*d+b*!c*!d+!a*!c*!d+!a*c*d,9,suboptimal,10
P44530,pun,a*!b*!c*d+b*!c*!d+!a*!c*!d+!a*c*d,9,suboptimal,11
P44531,pdn,a*!b*!c*d+b*!c*!d+!a*c*d,8,suboptimal,14
P44531,pun,a*!b*!c*d+b*!c*!d+!a*c*d,8,suboptimal,11
P44532,pdn,!b*!c*!d+a*!c*!d+!a*c*d+a*!b*!c,9,suboptimal,10
P44532,pun,!b*!c*!d+a*!c*!d+!a*c*d+a*!b*!c,9,suboptimal,12
P44533,pdn,a*!c*!d+!a*c*d+a*!b*!c,7,suboptimal,8
P44533,pun,a*!c*!d+!a*c*d+a*!b*!c,7,suboptimal,8
P44534,pun,!a*!b*!c*!d+a*b*!c*!d+a*!b*!c*d+!a*c*d,10,suboptimal,12
P44535,pdn,a*b*!c*!d+a*!b*!c*d+!a*c*d,8,suboptimal,9
P44535,pun,a*b*!c*!d+a*!b*!c*d+!a*c*d,8,suboptimal,10
P44536,pun,!a*!c*!d+!a*c*d+a*!b*!c,7,suboptimal,12
P44537,pdn,!a*b*!c*!d+!a*c*d+a*!b*!c,8,suboptimal,11
P44537,pun,!a*b*!c*!d+!a*c*d+a*!b*!c,8,suboptimal,9
P44538,pun,a*!b*!c*d+!a*!c*!d+!a*c*d,8,suboptimal,14
P44539,pdn,!a*b*!c*!d+a*!b*!c*d+!a*c*d,8,suboptimal,9
P44539,pun,!a*b*!c*!d+a*!b*!c*d+!a*c*d,8,suboptimal,11
P44540,pdn,!b*!c*!d+!a*c*d+a*!b*!c,7,suboptimal,8
P44540,pun,!b*!c*!d+!a*c*d+a*!b*!c,7,suboptimal,9
P44541,pdn,!a*c*d+a*!b*!c,6,suboptimal,8
P44541,pun,!a*c*d+a*!b*!c,6,suboptimal,7
P44542,pdn,!a*!b*!c*!d+a*!b*!c*d+!a*c*d,8,suboptimal,9
P44542,pun,!a*!b*!c*!d+a*!b*!c*d+!a*c*d,8,suboptimal,10
P44543,pdn,a*!b*!c*d+!a*c*d,6,suboptimal,11
P44768,pun,!a*c*d+!c*!d+!a*!b,6,suboptimal,7
P44769,pdn,b*!c*!d+a*!c*!d+!a*c*d+!a*!b*d+!a*!b*c,9,suboptimal,17
P44769,pun,b*!c*!d+a*!c*!d+!a*c*d+!a*!b*d+!a*!b*c,9,suboptimal,10
P44770,pdn,b*!c*!d+!a*c*d+!a*!b,7,suboptimal,8
P44771,pdn,b*!c*!d+!a*c*d+!a*!b*d+!a*!b*c,8,suboptimal,10
P44771,pun,b*!c*!d+!a*c*d+!a*!b*d+!a*!b*c,8,suboptimal,9
P44772,pdn,a*!c*!d+!a*c*d+!a*!b,7,suboptimal,10
P44773,pdn,a*!c*!d+!a*c*d+!a*!b*d+!a*!b*c,9,suboptimal,14
P44774,pdn,a*b*!c*!d+!a*c*d+!a*!b,8,suboptimal,9
P44774,pun,a*b*!c*!d+!a*c*d+!a*!b,8,suboptimal,9
P44775,pdn,a*b*!c*!d+!a*c*d+!a*!b*d+!a*!b*c,9,suboptimal,10
P44775,pun,a*b*!c*!d+!a*c*d+!a*!b*d+!a*!b*c,9,suboptimal,11
P44776,pdn,!b*!c*!d+!a*!c*!d+!a*c*d+!a*!b,8,suboptimal,11
P44776,pun,!b*!c*!d+!a*!c*!d+!a*c*d+!a*!b,8,suboptimal,9
P44777,pdn,a*!b*!c*!d+!a*b*!c*!d+!a*c*d+!a*!b*d+!a*!b*c,10,suboptimal,12
P44777,pun,a*!b*!c*!d+!a*b*!c*!d+!a*c*d+!a*!b*d+!a*!b*c,10,suboptimal,12
P44779,pdn,!a*b*!c*!d+!a*c*d+!a*!b*d+!a*!b*c,8,suboptimal,9
P44780,pdn,!b*!c*!d+!a*c*d+!a*!b,6,suboptimal,7
P44781,pdn,a*!b*!c*!d+!a*c*d+!a*!b*d+!a*!b*c,9,suboptimal,10
P44781,pun,a*!b*!c*!d+!a*c*d+!a*!b*d+!a*!b*c,9,suboptimal,15
P44784,pdn,!a*c*d+!a*!b*d+!c*!d,6,suboptimal,8
P44785,pdn,b*!c*!d+a*!c*!d+!a*c*d+!a*!b*d,8,suboptimal,9
P44787,pdn,b*!c*!d+!a*c*d+!a*!b*d,7,suboptimal,9
P44787,pun,b*!c*!d+!a*c*d+!a*!b*d,7,suboptimal,11
P44789,pdn,a*!c*!d+!a*c*d+!a*!b*d,7,suboptimal,8
P44790,pdn,a*b*!c*!d+!a*c*d+!a*!b*!c,8,suboptimal,9
P44790,pun,a*b*!c*!d+!a*c*d+!a*!b*!c,8,suboptimal,10
P44791,pdn,a*b*!c*!d+!a*c*d+!a*!b*d,8,suboptimal,12
P44791,pun,a*b*!c*!d+!a*c*d+!a*!b*d,8,suboptimal,10
P44792,pdn,!b*!c*!d+!a*!c*!d+!a*c*d+!a*!b*d,7,suboptimal,9
P44792,pun,!b*!c*!d+!a*!c*!d+!a*c*d+!a*!b*d,7,suboptimal,10
P44793,pun,a*!b*!c*!d+!a*b*!c*!d+!a*c*d+!a*!b*d,9,suboptimal,14
P44796,pdn,!b*!c*!d+!a*c*d+!a*!b*d,6,suboptimal,9
P44797,pdn,a*!b*!c*!d+!a*c*d+!a*!b*d,7,suboptimal,8
P45041,pdn,b*!c*!d+a*!c*!d+!a*c*d,7,suboptimal,11
P45041,pun,b*!c*!d+a*!c*!d+!a*c*d,7,suboptimal,10
P45043,pdn,b*!c*!d+!a*c*d,6,suboptimal,8
P45043,pun,b*!c*!d+!a*c*d,6,suboptimal,9
P45044,pdn,!b*!c*!d+a*!c*!d+!a*c*d,7,suboptimal,10
P45045,pun,a*!c*!d+!a*c*d,6,suboptimal,10
P45046,pun,!a*!b*!c*!d+a*b*!c*!d+!a*c*d,8,suboptimal,9
P45047,pdn,a*b*!c*!d+!a*c*d,7,suboptimal,15
P45049,pun,a*!b*!c*!d+!a*b*!c*!d+!a*c*d,8,suboptimal,9
P45050,pun,!a*!c*!d+!a*c*d,5,suboptimal,13
P45052,pdn,!b*!c*!d+!a*c*d,6,suboptimal,7
P45053,pdn,a*!b*!c*!d+!a*c*d,7,suboptimal,9
P45055,pun,!a*c*d,3,suboptimal,5
P48320,pdn,!a*b*c*d+!c*!d+!b*!d+!b*!c,8,suboptimal,15
P48320,pun,!a*b*c*d+!c*!d+!b*!d+!b*!c,8,suboptimal,9
P48321,pdn,!a*b*c*d+b*!c*!d+a*!c*!d+!b*c*!d+!b*!c*d,10,failed,
P48321,pun,!a*b*c*d+b*!c*!d+a*!c*!d+!b*c*!d+!b*!c*d,10,suboptimal,18
P48322,pdn,!a*b*c*d+b*!c*!d+!b*c*!d+!a*!b*!d+!b*!c*d,10,suboptimal,17
P48322,pun,!a*b*c*d+b*!c*!d+!b*c*!d+!a*!b*!d+!b*!c*d,10,suboptimal,18
P48323,pdn,!a*b*c*d+b*!c*!d+!b*c*!d+!b*!c*d,9,suboptimal,14
P48323,pun,!a*b*c*d+b*!c*!d+!b*c*!d+!b*!c*d,9,suboptimal,17
P48324,pdn,!a*b*c*d+a*!c*!d+!b*!d+!b*!c,9,suboptimal,12
P48324,pun,!a*b*c*d+a*!c*!d+!b*!d+!b*!c,9,suboptimal,12
P48325,pun,!a*b*c*d+a*!c*!d+!b*c*!d+!b*!c*d,10,suboptimal,12
P48326,pdn,a*b*!c*!d+!a*b*c*d+!b*c*!d+!a*!b*!d+!b*!c*d,10,suboptimal,12
P48326,pun,a*b*!c*!d+!a*b*c*d+!b*c*!d+!a*!b*!d+!b*!c*d,10,suboptimal,17
P48327,pdn,a*b*!c*!d+!a*b*c*d+!b*c*!d+!b*!c*d,10,suboptimal,18
P48327,pun,a*b*!c*!d+!a*b*c*d+!b*c*!d+!b*!c*d,9,suboptimal,15
P48328,pdn,!a*b*c*d+!a*!c*!d+!b*!d+!b*!c,8,suboptimal,9
P48329,pdn,!a*b*!c*!d+!a*b*c*d+!b*c*!d+a*!b*!d+!b*!c*d,10,suboptimal,16
P48330,pdn,!a*b*c*d+!a*!c*!d+!b*c*!d+!b*!c*d,8,suboptimal,9
P48330,pun,!a*b*c*d+!a*!c*!d+!b*c*!d+!b*!c*d,8,suboptimal,10
P48331,pun,!a*b*!c*!d+!a*b*c*d+!b*c*!d+!b*!c*d,9,suboptimal,10
P48332,pdn,!a*b*c*d+!b*!d+!b*!c,7,suboptimal,10
P48333,pun,!a*b*c*d+!b*c*!d+a*!b*!d+!b*!c*d,9,suboptimal,12
P48334,pdn,!a*b*c*d+!b*c*!d+!a*!b*!d+!b*!c*d,8,suboptimal,9
P48334,pun,!a*b*c*d+!b*c*!d+!a*!b*!d+!b*!c*d,8,suboptimal,15
P48335,pun,!a*b*c*d+!b*c*!d+!b*!c*d,8,suboptimal,9
P48340,pdn,!a*b*c*d+a*!c*!d+a*!b*!d+!b*!c,9,suboptimal,11
P48340,pun,!a*b*c*d+a*!c*!d+a*!b*!d+!b*!c,9,suboptimal,17
P48341,pdn,!a*b*c*d+a*!c*!d+a*!b*!d+!b*!c*d,9,suboptimal,11
P48341,pun,!a*b*c*d+a*!c*!d+a*!b*!d+!b*!c*d,9,suboptimal,10
P48342,pdn,a*b*!c*!d+a*!b*c*!d+!a*b*c*d+!b*!c*d+!a*!b*!c,11,suboptimal,17
P48342,pun,a*b*!c*!d+a*!b*c*!d+!a*b*c*d+!b*!c*d+!a*!b*!c,11,failed,
P48343,pdn,a*b*!c*!d+a*!b*c*!d+!a*b*c*d+!b*!c*d,9,suboptimal,13
P48343,pun,a*b*!c*!d+a*!b*c*!d+!a*b*c*d+!b*!c*d,9,suboptimal,11
P48344,pdn,!a*b*c*d+!a*!c*!d+a*!b*!d+!b*!c,8,suboptimal,10
P48344,pun,!a*b*c*d+!a*!c*!d+a*!b*!d+!b*!c,8,suboptimal,13
P48345,pun,!a*b*!c*!d+!a*b*c*d+a*!b*!d+!b*!c*d,9,suboptimal,10
P48346,pdn,a*!b*c*!d+!a*b*c*d+!a*!c*!d+!b*!c*d,9,suboptimal,17
P48346,pun,a*!b*c*!d+!a*b*c*d+!a*!c*!d+!b*!c*d,9,suboptimal,15
P48347,pdn,!a*b*!c*!d+a*!b*c*!d+!a*b*c*d+!b*!c*d,9,suboptimal,14
P48347,pun,!a*b*!c*!d+a*!b*c*!d+!a*b*c*d+!b*!c*d,9,suboptimal,12
P48348,pdn,!a*b*c*d+a*!b*!d+!b*!c,8,suboptimal,9
P48348,pun,!a*b*c*d+a*!b*!d+!b*!c,8,suboptimal,13
P48349,pdn,!a*b*c*d+a*!b*!d+!b*!c*d,8,suboptimal,15
P48349,pun,!a*b*c*d+a*!b*!d+!b*!c*d,8,suboptimal,10
P48350,pdn,a*!b*c*!d+!a*b*c*d+!b*!c*d+!a*!b*!c,9,failed,
P48350,pun,a*!b*c*!d+!a*b*c*d+!b*!c*d+!a*!b*!c,9,suboptimal,12
P48351,pdn,a*!b*c*!d+!a*b*c*d+!b*!c*d,8,suboptimal,9
P48351,pun,a*!b*c*!d+!a*b*c*d+!b*!c*d,8,suboptimal,11
P48360,pdn,!a*b*c*d+!a*!c*!d+!a*!b*!d+!b*!c,8,suboptimal,10
P48360,pun,!a*b*c*d+!a*!c*!d+!a*!b*!d+!b*!c,8,suboptimal,10
P48361,pdn,!a*b*!c*!d+!a*!b*c*!d+!a*b*c*d+!b*!c*d+a*!b*!c,10,suboptimal,13
P48361,pun,!a*b*!c*!d+!a*!b*c*!d+!a*b*c*d+!b*!c*d+a*!b*!c,10,suboptimal,16
P48362,pun,!a*b*c*d+!a*!c*!d+!a*!b*!d+!b*!c*d,9,suboptimal,10
P48363,pdn,!a*b*!c*!d+!a*!b*c*!d+!a*b*c*d+!b*!c*d,9,suboptimal,12
P48363,pun,!a*b*!c*!d+!a*!b*c*!d+!a*b*c*d+!b*!c*d,9,suboptimal,11
P48364,pdn,!a*b*c*d+!a*!b*!d+!b*!c,7,suboptimal,9
P48365,pdn,!a*!b*c*!d+!a*b*c*d+!b*!c*d+a*!b*!c,9,suboptimal,11
P48365,pun,!a*!b*c*!d+!a*b*c*d+!b*!c*d+a*!b*!c,9,suboptimal,13
P48366,pdn,!a*b*c*d+!a*!b*!d+!b*!c*d,7,suboptimal,8
P48366,pun,!a*b*c*d+!a*!b*!d+!b*!c*d,7,suboptimal,9
P48367,pdn,!a*!b*c*!d+!a*b*c*d+!b*!c*d,8,suboptimal,9
P48367,pun,!a*!b*c*!d+!a*b*c*d+!b*!c*d,8,suboptimal,12
P48380,pdn,!a*b*c*d+!b*!c,6,suboptimal,8
P48380,pun,!a*b*c*d+!b*!c,6,suboptimal,8
P48381,pdn,!a*b*c*d+!b*!c*d+a*!b*!c,7,suboptimal,10
P48382,pdn,!a*b*c*d+!b*!c*d+!a*!b*!c,7,suboptimal,9
P48382,pun,!a*b*c*d+!b*!c*d+!a*!b*!c,7,suboptimal,8
P48596,pdn,!a*b*c*d+!b*!c*!d+a*!c*!d+a*!b*!d+a*!b*!c,11,suboptimal,16
P48596,pun,!a*b*c*d+!b*!c*!d+a*!c*!d+a*!b*!d+a*!b*!c,11,suboptimal,14
P48597,pdn,!a*b*c*d+a*!c*!d+a*!b*!d+a*!b*!c,9,suboptimal,10
P48597,pun,!a*b*c*d+a*!c*!d+a*!b*!d+a*!b*!c,9,suboptimal,10
P48598,pun,!a*!b*!c*!d+a*b*!c*!d+a*!b*c*!d+a*!b*!c*d+!a*b*c*d,11,suboptimal,17
P48599,pdn,a*b*!c*!d+a*!b*c*!d+a*!b*!c*d+!a*b*c*d,10,suboptimal,11
P48599,pun,a*b*!c*!d+a*!b*c*!d+a*!b*!c*d+!a*b*c*d,10,suboptimal,19
P48600,pdn,!a*b*c*d+!a*!c*!d+a*!b*!d+a*!b*!c,9,suboptimal,11
P48600,pun,!a*b*c*d+!a*!c*!d+a*!b*!d+a*!b*!c,9,suboptimal,11
P48601,pdn,!a*b*!c*!d+!a*b*c*d+a*!b*!d+a*!b*!c,9,suboptimal,10
P48601,pun,!a*b*!c*!d+!a*b*c*d+a*!b*!d+a*!b*!c,9,suboptimal,11
P48602,pdn,a*!b*c*!d+a*!b*!c*d+!a*b*c*d+!a*!c*!d,9,suboptimal,10
P48602,pun,a*!b*c*!d+a*!b*!c*d+!a*b*c*d+!a*!c*!d,9,suboptimal,14
P48603,pdn,!a*b*!c*!d+a*!b*c*!d+a*!b*!c*d+!a*b*c*d,8,suboptimal,10
P48603,pun,!a*b*!c*!d+a*!b*c*!d+a*!b*!c*d+!a*b*c*d,8,suboptimal,10
P48604,pdn,!a*b*c*d+!b*!c*!d+a*!b*!d+a*!b*!c,9,suboptimal,11
P48604,pun,!a*b*c*d+!b*!c*!d+a*!b*!d+a*!b*!c,9,suboptimal,14
P48605,pdn,!a*b*c*d+a*!b*!d+a*!b*!c,8,suboptimal,9
P48605,pun,!a*b*c*d+a*!b*!d+a*!b*!c,8,suboptimal,10
P48606,pdn,!a*!b*!c*!d+a*!b*c*!d+a*!b*!c*d+!a*b*c*d,10,suboptimal,11
P48606,pun,!a*!b*!c*!d+a*!b*c*!d+a*!b*!c*d+!a*b*c*d,10,suboptimal,11
P48607,pun,a*!b*c*!d+a*!b*!c*d+!a*b*c*d,9,suboptimal,10
P48616,pdn,!a*b*c*d+!a*!c*!d+!a*!b*!d+a*!b*!c,9,suboptimal,11
P48616,pun,!a*b*c*d+!a*!c*!d+!a*!b*!d+a*!b*!c,9,suboptimal,14
P48617,pdn,!a*b*!c*!d+!a*!b*c*!d+!a*b*c*d+a*!b*!c,10,suboptimal,11
P48617,pun,!a*b*!c*!d+!a*!b*c*!d+!a*b*c*d+a*!b*!c,10,failed,
P48618,pdn,a*!b*!c*d+!a*b*c*d+!a*!c*!d+!a*!b*!d,9,suboptimal,10
P48618,pun,a*!b*!c*d+!a*b*c*d+!a*!c*!d+!a*!b*!d,9,suboptimal,10
P48619,pdn,!a*b*!c*!d+!a*!b*c*!d+a*!b*!c*d+!a*b*c*d,10,suboptimal,11
P48619,pun,!a*b*!c*!d+!a*!b*c*!d+a*!b*!c*d+!a*b*c*d,10,suboptimal,16
P48620,pdn,!a*b*c*d+!a*!b*!d+a*!b*!c,8,suboptimal,9
P48620,pun,!a*b*c*d+!a*!b*!d+a*!b*!c,8,suboptimal,11
P48621,pdn,!a*!b*c*!d+!a*b*c*d+a*!b*!c,8,suboptimal,12
P48621,pun,!a*!b*c*!d+!a*b*c*d+a*!b*!c,8,suboptimal,9
P48622,pdn,a*!b*!c*d+!a*b*c*d+!a*!b*!d,8,suboptimal,9
P48622,pun,a*!b*!c*d+!a*b*c*d+!a*!b*!d,8,suboptimal,9
P48623,pdn,!a*!b*c*!d+a*!b*!c*d+!a*b*c*d,9,suboptimal,10
P48623,pun,!a*!b*c*!d+a*!b*!c*d+!a*b*c*d,9,suboptimal,13
P48636,pdn,!a*b*c*d+!b*!c*!d+a*!b*!c,8,suboptimal,12
P48636,pun,!a*b*c*d+!b*!c*!d+a*!b*!c,8,suboptimal,10
P48637,pun,!a*b*c*d+a*!b*!c,7,suboptimal,8
P48638,pdn,!a*!b*!c*!d+a*!b*!c*d+!a*b*c*d,9,suboptimal,10
P48638,pun,!a*!b*!c*!d+a*!b*!c*d+!a*b*c*d,9,suboptimal,11
P48872,pdn,!a*b*c*d+!b*!c*!d+!a*!c*!d+!a*!b*!d+!a*!b*!c,9,suboptimal,17
P48872,pun,!a*b*c*d+!b*!c*!d+!a*!c*!d+!a*!b*!d+!a*!b*!c,9,suboptimal,11
P48873,pdn,a*!b*!c*!d+!a*b*!c*!d+!a*!b*c*!d+!a*!b*!c*d+!a*b*c*d,11,suboptimal,20
P48873,pun,a*!b*!c*!d+!a*b*!c*!d+!a*!b*c*!d+!a*!b*!c*d+!a*b*c*d,11,failed,
P48874,pdn,!a*b*c*d+!a*!c*!d+!a*!b*!d+!a*!b*!c,8,suboptimal,9
P48876,pdn,!a*b*c*d+!b*!c*!d+!a*!b*!d+!a*!b*!c,9,suboptimal,13
P48877,pdn,a*!b*!c*!d+!a*!b*c*!d+!a*!b*!c*d+!a*b*c*d,10,suboptimal,11
P48877,pun,a*!b*!c*!d+!a*!b*c*!d+!a*!b*!c*d+!a*b*c*d,10,suboptimal,16
P48879,pun,!a*!b*c*!d+!a*!b*!c*d+!a*b*c*d,8,suboptimal,12
P48892,pdn,!a*b*c*d+!b*!c*!d+!a*!b*!c,7,suboptimal,9
P48892,pun,!a*b*c*d+!b*!c*!d+!a*!b*!c,7,suboptimal,9
P48893,pdn,a*!b*!c*!d+!a*!b*!c*d+!a*b*c*d,9,suboptimal,11
P48894,pdn,!a*b*c*d+!a*!b*!c,6,suboptimal,7
P49148,pdn,!a*b*c*d+!b*!c*!d,7,suboptimal,9
P49148,pun,!a*b*c*d+!b*!c*!d,7,suboptimal,9
P49149,pdn,a*!b*!c*!d+!a*b*c*d,8,suboptimal,18
P59520,pdn,!c*!d+!b*!d+!a*!d+!b*!c+!a*!c+!a*!b,8,suboptimal,10
P59520,pun,!c*!d+!b*!d+!a*!d+!b*!c+!a*!c+!a*!b,8,suboptimal,9
P59521,pdn,a*!c*!d+!b*c*!d+!a*b*!d+!b*!c*d+!a*!c*d+!a*!b*d,11,suboptimal,12
P59521,pun,a*!c*!d+!b*c*!d+!a*b*!d+!b*!c*d+!a*!c*d+!a*!b*d,11,failed,
P59522,pdn,b*!c*!d+!b*c*!d+!b*!c*d+!a*!d+!a*!c+!a*!b,9,suboptimal,11
P59522,pun,b*!c*!d+!b*c*!d+!b*!c*d+!a*!d+!a*!c+!a*!b,9,suboptimal,14
P59523,pdn,b*!c*!d+!b*c*!d+!a*c*!d+!b*!c*d+!a*!c*d+!a*!b*d,10,failed,
P59523,pun,b*!c*!d+!b*c*!d+!a*c*!d+!b*!c*d+!a*!c*d+!a*!b*d,10,suboptimal,18
P59526,pdn,a*b*!c*!d+!b*c*!d+!a*c*!d+!b*!c*d+!a*!c*d+!a*!b,10,failed,
P59526,pun,a*b*!c*!d+!b*c*!d+!a*c*!d+!b*!c*d+!a*!c*d+!a*!b,10,suboptimal,17
P59527,pdn,a*b*!c*!d+!b*c*!d+!a*c*!d+!b*!c*d+!a*!c*d+!a*!b*d,11,failed,
P59527,pun,a*b*!c*!d+!b*c*!d+!a*c*!d+!b*!c*d+!a*!c*d+!a*!b*d,11,suboptimal,18
P59528,pdn,!b*!d+!a*!d+!b*!c+!a*!c+!a*!b,6,suboptimal,8
P59528,pun,!b*!d+!a*!d+!b*!c+!a*!c+!a*!b,6,suboptimal,7
P59529,pdn,a*!b*!d+!a*b*!d+!b*!c*d+!a*!c*d+!a*!b*c,9,suboptimal,15
P59529,pun,a*!b*!d+!a*b*!d+!b*!c*d+!a*!c*d+!a*!b*c,9,suboptimal,16
P59530,pdn,!b*c*!d+!b*!c*d+!a*!d+!a*!c+!a*!b,8,suboptimal,9
P59530,pun,!b*c*!d+!b*!c*d+!a*!d+!a*!c+!a*!b,8,suboptimal,9
P59531,pdn,!b*c*!d+!a*b*!d+!b*!c*d+!a*!c*d+!a*!b*d,8,suboptimal,9
P59531,pun,!b*c*!d+!a*b*!d+!b*!c*d+!a*!c*d+!a*!b*d,8,suboptimal,13
P59534,pdn,!b*c*!d+!a*c*!d+!b*!c*d+!a*!c*d+!a*!b,8,suboptimal,12
P59534,pun,!b*c*!d+!a*c*!d+!b*!c*d+!a*!c*d+!a*!b,8,suboptimal,12
P59535,pdn,!b*c*!d+!a*c*!d+!b*!c*d+!a*!c*d+!a*!b*d,8,suboptimal,12
P59535,pun,!b*c*!d+!a*c*!d+!b*!c*d+!a*!c*d+!a*!b*d,8,suboptimal,11
P59542,pdn,a*b*!c*!d+a*!b*c*!d+!a*b*c*!d+!b*!c*d+!a*!c*d+!a*!b*d+!a*!b*!c,12,failed,
P59542,pun,a*b*!c*!d+a*!b*c*!d+!a*b*c*!d+!b*!c*d+!a*!c*d+!a*!b*d+!a*!b*!c,12,failed,
P59543,pdn,a*b*!c*!d+a*!b*c*!d+!a*b*c*!d+!b*!c*d+!a*!c*d+!a*!b*d,11,suboptimal,19
P59543,pun,a*b*!c*!d+a*!b*c*!d+!a*b*c*!d+!b*!c*d+!a*!c*d+!a*!b*d,11,failed,
P59544,pdn,a*!b*!d+!a*b*!d+!a*!b*d+!b*!c+!a*!c,8,suboptimal,9
P59544,pun,a*!b*!d+!a*b*!d+!a*!b*d+!b*!c+!a*!c,8,suboptimal,11
P59545,pdn,a*!b*!d+!a*b*!d+!b*!c*d+!a*!c*d+!a*!b*d,8,suboptimal,10
P59545,pun,a*!b*!d+!a*b*!d+!b*!c*d+!a*!c*d+!a*!b*d,8,suboptimal,11
P59546,pdn,a*!b*c*!d+!a*b*!d+!b*!c*d+!a*!b*d+!a*!c,9,suboptimal,14
P59546,pun,a*!b*c*!d+!a*b*!d+!b*!c*d+!a*!b*d+!a*!c,9,suboptimal,13
P59547,pdn,a*!b*c*!d+!a*b*!d+!b*!c*d+!a*!c*d+!a*!b*d,9,suboptimal,12
P59547,pun,a*!b*c*!d+!a*b*!d+!b*!c*d+!a*!c*d+!a*!b*d,9,suboptimal,13
P59550,pdn,a*!b*c*!d+!a*b*c*!d+!b*!c*d+!a*!c*d+!a*!b*d+!a*!b*!c,10,failed,
P59550,pun,a*!b*c*!d+!a*b*c*!d+!b*!c*d+!a*!c*d+!a*!b*d+!a*!b*!c,10,failed,
P59551,pdn,a*!b*c*!d+!a*b*c*!d+!b*!c*d+!a*!c*d+!a*!b*d,9,suboptimal,13
P59551,pun,a*!b*c*!d+!a*b*c*!d+!b*!c*d+!a*!c*d+!a*!b*d,9,suboptimal,18
P59561,pun,!a*b*!d+!a*!c*d+a*!b*!c+!a*!b*c,9,suboptimal,15
P59563,pdn,!a*b*!d+!b*!c*d+!a*!c*d+!a*!b*c,8,suboptimal,9
P59563,pun,!a*b*!d+!b*!c*d+!a*!c*d+!a*!b*c,8,suboptimal,9
P59564,pdn,!a*c*!d+!a*!c*d+!b*!c+!a*!b,7,suboptimal,8
P59564,pun,!a*c*!d+!a*!c*d+!b*!c+!a*!b,7,suboptimal,8
P59565,pdn,!a*c*!d+!a*!c*d+!a*!b*d+a*!b*!c,8,suboptimal,10
P59565,pun,!a*c*!d+!a*!c*d+!a*!b*d+a*!b*!c,8,suboptimal,11
P59566,pdn,!a*c*!d+!b*!c*d+!a*!c*d+!a*!b,8,suboptimal,11
P59566,pun,!a*c*!d+!b*!c*d+!a*!c*d+!a*!b,8,suboptimal,9
P59567,pdn,!a*c*!d+!b*!c*d+!a*!c*d+!a*!b*d,7,suboptimal,8
P59567,pun,!a*c*!d+!b*!c*d+!a*!c*d+!a*!b*d,7,suboptimal,10
P59580,pdn,!a*b*c*!d+!a*!c*d+!a*!b*d+!b*!c,8,suboptimal,9
P59580,pun,!a*b*c*!d+!a*!c*d+!a*!b*d+!b*!c,8,suboptimal,11
P59581,pdn,!a*b*c*!d+!a*!c*d+!a*!b*d+a*!b*!c,9,suboptimal,11
P59581,pun,!a*b*c*!d+!a*!c*d+!a*!b*d+a*!b*!c,9,suboptimal,13
P59582,pdn,!a*b*c*!d+!b*!c*d+!a*!c*d+!a*!b*d+!a*!b*!c,9,suboptimal,12
P59582,pun,!a*b*c*!d+!b*!c*d+!a*!c*d+!a*!b*d+!a*!b*!c,9,suboptimal,12
P59583,pdn,!a*b*c*!d+!b*!c*d+!a*!c*d+!a*!b*d,9,suboptimal,10
P59583,pun,!a*b*c*!d+!b*!c*d+!a*!c*d+!a*!b*d,9,suboptimal,13
P59625,pdn,!b*!c*d+a*!b*!c+!a*b*!c+!a*!b*c,8,suboptimal,9
P59625,pun,!b*!c*d+a*!b*!c+!a*b*!c+!a*!b*c,8,suboptimal,9
P59627,pun,!b*!c*d+!a*b*!c+!a*!b*c,7,suboptimal,8
P59630,pdn,!b*!c*d+!a*!c*d+!a*!b,6,suboptimal,7
P59630,pun,!b*!c*d+!a*!c*d+!a*!b,6,suboptimal,7
P59631,pdn,!b*!c*d+!a*!c*d+!a*!b*c,6,suboptimal,7
P59631,pun,!b*!c*d+!a*!c*d+!a*!b*c,6,suboptimal,7
P59646,pdn,!b*!c*d+!a*!c*d+!a*!b*d+!a*!b*!c,8,suboptimal,11
P59646,pun,!b*!c*d+!a*!c*d+!a*!b*d+!a*!b*!c,8,suboptimal,9
P59647,pdn,!b*!c*d+!a*!c*d+!a*!b*d,6,suboptimal,8
P59798,pdn,!a*!b*!c*!d+a*b*!c*!d+a*!b*c*!d+!a*b*c*!d+a*!b*!c*d+!a*b*!c*d+!a*!b*c*d,13,failed,
P59798,pun,!a*!b*!c*!d+a*b*!c*!d+a*!b*c*!d+!a*b*c*!d+a*!b*!c*d+!a*b*!c*d+!a*!b*c*d,13,failed,
P59799,pdn,a*b*!c*!d+a*!b*c*!d+!a*b*c*!d+a*!b*!c*d+!a*b*!c*d+!a*!b*c*d,12,failed,
P59799,pun,a*b*!c*!d+a*!b*c*!d+!a*b*c*!d+a*!b*!c*d+!a*b*!c*d+!a*!b*c*d,12,suboptimal,19
P59800,pdn,!a*!b*c*d+!b*!c*!d+a*!b*!d+!a*b*!d+a*!b*!c+!a*b*!c,10,failed,
P59800,pun,!a*!b*c*d+!b*!c*!d+a*!b*!d+!a*b*!d+a*!b*!c+!a*b*!c,10,failed,
P59801,pdn,!a*!b*c*d+a*!b*!d+!a*b*!d+a*!b*!c+!a*b*!c,9,suboptimal,17
P59801,pun,!a*!b*c*d+a*!b*!d+!a*b*!d+a*!b*!c+!a*b*!c,9,suboptimal,15
P59802,pdn,a*!b*c*!d+a*!b*!c*d+!a*!b*c*d+!a*!c*!d+!a*b*!d+!a*b*!c,11,suboptimal,14
P59802,pun,a*!b*c*!d+a*!b*!c*d+!a*!b*c*d+!a*!c*!d+!a*b*!d+!a*b*!c,11,failed,
P59803,pdn,a*!b*c*!d+a*!b*!c*d+!a*!b*c*d+!a*b*!d+!a*b*!c,10,suboptimal,14
P59803,pun,a*!b*c*!d+a*!b*!c*d+!a*!b*c*d+!a*b*!d+!a*b*!c,10,suboptimal,18
P59806,pdn,!a*!b*!c*!d+a*!b*c*!d+!a*b*c*!d+a*!b*!c*d+!a*b*!c*d+!a*!b*c*d,11,failed,
P59806,pun,!a*!b*!c*!d+a*!b*c*!d+!a*b*c*!d+a*!b*!c*d+!a*b*!c*d+!a*!b*c*d,11,failed,
P59807,pdn,a*!b*c*!d+!a*b*c*!d+a*!b*!c*d+!a*b*!c*d+!a*!b*c*d,10,suboptimal,16
P59807,pun,a*!b*c*!d+!a*b*c*!d+a*!b*!c*d+!a*b*!c*d+!a*!b*c*d,10,suboptimal,18
P59816,pun,a*!b*!c+!a*b*!c+!a*!b*c+!a*!d,8,suboptimal,9
P59817,pun,!a*b*!d+a*!b*!c+!a*b*!c+!a*!b*c,8,suboptimal,11
P59818,pun,a*!b*!c*d+!a*b*!c+!a*!b*c+!a*!d,9,suboptimal,10
P59819,pun,a*!b*!c*d+!a*c*!d+!a*b*!c+!a*!b*c,9,suboptimal,12
P59820,pdn,!a*b*!c*d+!b*!c*!d+!a*c*!d+a*!b*!c+!a*!b*c,10,suboptimal,17
P59820,pun,!a*b*!c*d+!b*!c*!d+!a*c*!d+a*!b*!c+!a*!b*c,10,suboptimal,11
P59821,pdn,!a*b*!c*d+!a*c*!d+a*!b*!c+!a*!b*c,9,suboptimal,13
P59821,pun,!a*b*!c*d+!a*c*!d+a*!b*!c+!a*!b*c,9,suboptimal,13
P59822,pdn,a*!b*!c*d+!a*b*!c*d+!a*c*!d+!a*!b*!d+!a*!b*c,10,suboptimal,17
P59822,pun,a*!b*!c*d+!a*b*!c*d+!a*c*!d+!a*!b*!d+!a*!b*c,10,suboptimal,16
P59823,pun,a*!b*!c*d+!a*b*!c*d+!a*c*!d+!a*!b*c,9,suboptimal,15
P59836,pdn,!a*b*c*!d+!a*b*!c*d+!a*!b*c*d+!b*!c*!d+a*!b*!c,10,suboptimal,14
P59836,pun,!a*b*c*!d+!a*b*!c*d+!a*!b*c*d+!b*!c*!d+a*!b*!c,10,suboptimal,13
P59837,pdn,!a*b*c*!d+!a*b*!c*d+!a*!b*c*d+a*!b*!c,10,suboptimal,11
P59837,pun,!a*b*c*!d+!a*b*!c*d+!a*!b*c*d+a*!b*!c,10,suboptimal,20
P59838,pdn,!a*!b*!c*!d+!a*b*c*!d+a*!b*!c*d+!a*b*!c*d+!a*!b*c*d,11,suboptimal,12
P59838,pun,!a*!b*!c*!d+!a*b*c*!d+a*!b*!c*d+!a*b*!c*d+!a*!b*c*d,11,suboptimal,13
P59839,pdn,!a*b*c*!d+a*!b*!c*d+!a*b*!c*d+!a*!b*c*d,10,suboptimal,11
P59839,pun,!a*b*c*!d+a*!b*!c*d+!a*b*!c*d+!a*!b*c*d,10,suboptimal,16
P59880,pdn,!b*!c*!d+a*!b*!c+!a*b*!c+!a*!b*c,8,suboptimal,9
P59880,pun,!b*!c*!d+a*!b*!c+!a*b*!c+!a*!b*c,8,suboptimal,9
P59881,pun,a*!b*!c+!a*b*!c+!a*!b*c,7,suboptimal,9
P59882,pdn,a*!b*!c*d+!a*!c*!d+!a*b*!c+!a*!b*c,9,suboptimal,13
P59882,pun,a*!b*!c*d+!a*!c*!d+!a*b*!c+!a*!b*c,9,suboptimal,10
P59883,pun,a*!b*!c*d+!a*b*!c+!a*!b*c,8,suboptimal,9
P59886,pdn,a*!b*!c*d+!a*b*!c*d+!a*!b*!d+!a*!b*c,9,suboptimal,13
P59886,pun,a*!b*!c*d+!a*b*!c*d+!a*!b*!d+!a*!b*c,9,suboptimal,17
P59887,pdn,a*!b*!c*d+!a*b*!c*d+!a*!b*c,8,suboptimal,11
P59887,pun,a*!b*!c*d+!a*b*!c*d+!a*!b*c,8,suboptimal,10
P59902,pdn,!a*!b*!c*!d+a*!b*!c*d+!a*b*!c*d+!a*!b*c*d,10,suboptimal,11
P59902,pun,!a*!b*!c*!d+a*!b*!c*d+!a*b*!c*d+!a*!b*c*d,10,suboptimal,17
P59903,pun,a*!b*!c*d+!a*b*!c*d+!a*!b*c*d,8,suboptimal,9
P60072,pun,!b*!c*!d+!a*!d+!a*!c+!a*!b,5,suboptimal,7
P60073,pdn,a*!b*!c*!d+!a*b*!d+!a*!c*d+!a*!b*c,9,suboptimal,10
P60073,pun,a*!b*!c*!d+!a*b*!d+!a*!c*d+!a*!b*c,9,suboptimal,11
P60076,pdn,!b*!c*!d+!a*c*!d+!a*!c*d+!a*!b,7,suboptimal,8
P60076,pun,!b*!c*!d+!a*c*!d+!a*!c*d+!a*!b,7,suboptimal,8
P60077,pdn,a*!b*!c*!d+!a*c*!d+!a*!c*d+!a*!b*d,8,suboptimal,9
P60077,pun,a*!b*!c*!d+!a*c*!d+!a*!c*d+!a*!b*d,8,suboptimal,10
P60079,pun,!a*c*!d+!a*!c*d+!a*!b*d,6,suboptimal,9
P60092,pdn,!a*b*c*!d+!b*!c*!d+!a*!c*d+!a*!b*d,9,suboptimal,10
P60092,pun,!a*b*c*!d+!b*!c*!d+!a*!c*d+!a*!b*d,9,suboptimal,10
P60093,pdn,a*!b*!c*!d+!a*b*c*!d+!a*!c*d+!a*!b*d,9,suboptimal,10
P60093,pun,a*!b*!c*!d+!a*b*c*!d+!a*!c*d+!a*!b*d,9,suboptimal,10
P60094,pdn,!a*b*c*!d+!a*!c*d+!a*!b*d+!a*!b*!c,8,suboptimal,13
P60097,pdn,a*!c*!d+!b*c*!d+!a*!b*d+!a*b*!c,8,suboptimal,11
P60097,pun,a*!c*!d+!b*c*!d+!a*!b*d+!a*b*!c,8,suboptimal,12
P60098,pdn,b*!c*!d+!b*c*!d+!a*!c+!a*!b,6,suboptimal,8
P60099,pdn,b*!c*!d+!b*c*!d+!a*!c*d+!a*!b*d,7,suboptimal,12
P60099,pun,b*!c*!d+!b*c*!d+!a*!c*d+!a*!b*d,7,suboptimal,9
P60102,pdn,a*b*!c*!d+!b*c*!d+!a*!c*d+!a*!b,8,suboptimal,12
P60102,pun,a*b*!c*!d+!b*c*!d+!a*!c*d+!a*!b,8,suboptimal,9
P60103,pdn,a*b*!c*!d+!b*c*!d+!a*!c*d+!a*!b*d,8,suboptimal,19
P60103,pun,a*b*!c*!d+!b*c*!d+!a*!c*d+!a*!b*d,8,suboptimal,11
P60105,pdn,a*!b*!d+!a*!c*d+!a*b*!c+!a*!b*c,8,suboptimal,11
P60105,pun,a*!b*!d+!a*!c*d+!a*b*!c+!a*!b*c,8,suboptimal,12
P60107,pdn,!b*c*!d+!a*!b*d+!a*b*!c,7,suboptimal,9
P60107,pun,!b*c*!d+!a*!b*d+!a*b*!c,7,suboptimal,8
P60110,pdn,!b*c*!d+!a*!c*d+!a*!b,6,suboptimal,8
P60111,pdn,!b*c*!d+!a*!c*d+!a*!b*d,6,suboptimal,8
P60111,pun,!b*c*!d+!a*!c*d+!a*!b*d,6,suboptimal,9
P60116,pdn,!b*!c*!d+a*!c*!d+a*!b*!d+!a*!c*d+!a*!b*d,8,suboptimal,17
P60116,pun,!b*!c*!d+a*!c*!d+a*!b*!d+!a*!c*d+!a*!b*d,8,suboptimal,10
P60117,pdn,a*!c*!d+a*!b*!d+!a*!c*d+!a*!b*d,6,suboptimal,14
P60118,pdn,a*b*!c*!d+a*!b*c*!d+!a*!c*d+!a*!b*d+!a*!b*!c,9,suboptimal,16
P60118,pun,a*b*!c*!d+a*!b*c*!d+!a*!c*d+!a*!b*d+!a*!b*!c,9,suboptimal,14
P60119,pdn,a*b*!c*!d+a*!b*c*!d+!a*!c*d+!a*!b*d,8,suboptimal,16
P60120,pdn,a*!b*!d+!a*!b*d+!a*!c,6,suboptimal,9
P60120,pun,a*!b*!d+!a*!b*d+!a*!c,6,suboptimal,11
P60121,pdn,a*!b*!d+!a*!b*d+!a*b*!c,7,suboptimal,10
P60121,pun,a*!b*!d+!a*!b*d+!a*b*!c,7,suboptimal,9
P60122,pdn,a*!b*c*!d+!a*!b*d+!a*!c,7,suboptimal,8
P60123,pdn,a*!b*c*!d+!a*!b*d+!a*b*!c,8,suboptimal,10
P60123,pun,a*!b*c*!d+!a*!b*d+!a*b*!c,8,suboptimal,12
P60124,pdn,!b*!c*!d+a*!b*!d+!a*!c*d+!a*!b*d,7,suboptimal,11
P60124,pun,!b*!c*!d+a*!b*!d+!a*!c*d+!a*!b*d,7,suboptimal,10
P60125,pdn,a*!b*!d+!a*!c*d+!a*!b*d,7,suboptimal,9
P60126,pdn,a*!b*c*!d+!a*!c*d+!a*!b*d+!a*!b*!c,9,suboptimal,10
P60127,pdn,a*!b*c*!d+!a*!c*d+!a*!b*d,7,suboptimal,11
P60137,pdn,a*!b*!c*!d+!a*!c*d+!a*b*!c+!a*!b*c,9,suboptimal,13
P60137,pun,a*!b*!c*!d+!a*!c*d+!a*b*!c+!a*!b*c,9,suboptimal,13
P60139,pdn,!a*!c*d+!a*b*!c+!a*!b*c,6,suboptimal,9
P60140,pun,!b*!c*!d+!a*!c*d+!a*!b,5,suboptimal,6
P60141,pdn,a*!b*!c*!d+!a*!c*d+!a*!b*c,7,suboptimal,9
P60141,pun,a*!b*!c*!d+!a*!c*d+!a*!b*c,7,suboptimal,9
P60156,pdn,!b*!c*!d+!a*!c*d+!a*!b*d,6,suboptimal,10
P60156,pun,!b*!c*!d+!a*!c*d+!a*!b*d,6,suboptimal,7
P60157,pdn,a*!b*!c*!d+!a*!c*d+!a*!b*d,7,suboptimal,9
P60157,pun,a*!b*!c*!d+!a*!c*d+!a*!b*d,7,suboptimal,8
P60348,pdn,!a*b*c*!d+!a*b*!c*d+!a*!b*c*d+!b*!c*!d,9,suboptimal,12
P60348,pun,!a*b*c*!d+!a*b*!c*d+!a*!b*c*d+!b*!c*!d,9,suboptimal,11
P60349,pdn,a*!b*!c*!d+!a*b*c*!d+!a*b*!c*d+!a*!b*c*d,10,suboptimal,11
P60349,pun,a*!b*!c*!d+!a*b*c*!d+!a*b*!c*d+!a*!b*c*d,10,suboptimal,13
P60351,pun,!a*b*c*!d+!a*b*!c*d+!a*!b*c*d,8,suboptimal,9
P60374,pdn,!a*!b*!c*!d+a*b*!c*!d+a*!b*c*!d+!a*b*!c*d+!a*!b*c*d,10,suboptimal,17
P60374,pun,!a*!b*!c*!d+a*b*!c*!d+a*!b*c*!d+!a*b*!c*d+!a*!b*c*d,10,suboptimal,20
P60375,pdn,a*b*!c*!d+a*!b*c*!d+!a*b*!c*d+!a*!b*c*d,8,suboptimal,14
P60376,pdn,!a*!b*c*d+!b*!c*!d+a*!b*!d+!a*b*!c,8,suboptimal,11
P60376,pun,!a*!b*c*d+!b*!c*!d+a*!b*!d+!a*b*!c,8,suboptimal,11
P60377,pdn,!a*!b*c*d+a*!b*!d+!a*b*!c,8,suboptimal,18
P60377,pun,!a*!b*c*d+a*!b*!d+!a*b*!c,8,suboptimal,11
P60378,pdn,a*!b*c*!d+!a*!b*c*d+!a*!c*!d+!a*b*!c,9,suboptimal,11
P60378,pun,a*!b*c*!d+!a*!b*c*d+!a*!c*!d+!a*b*!c,9,suboptimal,10
P60379,pdn,a*!b*c*!d+!a*!b*c*d+!a*b*!c,8,suboptimal,10
P60379,pun,a*!b*c*!d+!a*!b*c*d+!a*b*!c,8,suboptimal,12
P60382,pdn,!a*!b*!c*!d+a*!b*c*!d+!a*b*!c*d+!a*!b*c*d,10,suboptimal,11
P60382,pun,!a*!b*!c*!d+a*!b*c*!d+!a*b*!c*d+!a*!b*c*d,10,suboptimal,13
P60383,pdn,a*!b*c*!d+!a*b*!c*d+!a*!b*c*d,9,suboptimal,11
P60392,pdn,!b*!c*!d+!a*b*!c+!a*!b*c,7,suboptimal,10
P60392,pun,!b*!c*!d+!a*b*!c+!a*!b*c,7,suboptimal,8
P60393,pdn,a*!b*!c*!d+!a*b*!c+!a*!b*c,8,suboptimal,13
P60393,pun,a*!b*!c*!d+!a*b*!c+!a*!b*c,8,suboptimal,9
P60396,pdn,!a*b*!c*d+!b*!c*!d+!a*!b*c,7,suboptimal,10
P60396,pun,!a*b*!c*d+!b*!c*!d+!a*!b*c,7,suboptimal,8
P60397,pdn,a*!b*!c*!d+!a*b*!c*d+!a*!b*c,8,suboptimal,11
P60397,pun,a*!b*!c*!d+!a*b*!c*d+!a*!b*c,8,suboptimal,9
P60398,pdn,!a*b*!c*d+!a*!b*!d+!a*!b*c,7,suboptimal,9
P60412,pdn,!a*b*!c*d+!a*!b*c*d+!b*!c*!d,8,suboptimal,10
P60412,pun,!a*b*!c*d+!a*!b*c*d+!b*!c*!d,8,suboptimal,9
P60413,pdn,a*!b*!c*!d+!a*b*!c*d+!a*!b*c*d,9,suboptimal,10
P60413,pun,a*!b*!c*!d+!a*b*!c*d+!a*!b*c*d,9,suboptimal,10
P60414,pun,!a*!b*!c*!d+!a*b*!c*d+!a*!b*c*d,8,suboptimal,9
P61153,pdn,b*!c*!d+a*!c*!d+!a*!b*d+!a*!b*c,8,suboptimal,13
P61153,pun,b*!c*!d+a*!c*!d+!a*!b*d+!a*!b*c,8,suboptimal,13
P61155,pdn,b*!c*!d+!a*!b*d+!a*!b*c,7,suboptimal,9
P61155,pun,b*!c*!d+!a*!b*d+!a*!b*c,7,suboptimal,10
P61158,pdn,a*b*!c*!d+!a*!b,6,suboptimal,8
P61159,pdn,a*b*!c*!d+!a*!b*d+!a*!b*c,8,suboptimal,9
P61159,pun,a*b*!c*!d+!a*!b*d+!a*!b*c,8,suboptimal,10
P61160,pdn,!b*!c*!d+!a*!c*!d+!a*!b,6,suboptimal,7
P61160,pun,!b*!c*!d+!a*!c*!d+!a*!b,6,suboptimal,7
P61161,pdn,a*!b*!c*!d+!a*b*!c*!d+!a*!b*d+!a*!b*c,9,suboptimal,14
P61161,pun,a*!b*!c*!d+!a*b*!c*!d+!a*!b*d+!a*!b*c,9,suboptimal,13
P61167,pdn,!a*!b*d+!a*!b*c,4,suboptimal,6
P61167,pun,!a*!b*d+!a*!b*c,4,suboptimal,6
P61170,pdn,b*!c*!d+!a*!c*!d+!a*!b*d,6,suboptimal,7
P61171,pdn,b*!c*!d+!a*!b*d,6,suboptimal,7
P61174,pdn,a*b*!c*!d+!a*!b*d+!a*!b*!c,7,suboptimal,12
P61174,pun,a*b*!c*!d+!a*!b*d+!a*!b*!c,7,suboptimal,9
P61175,pdn,a*b*!c*!d+!a*!b*d,7,suboptimal,11
P61176,pdn,!b*!c*!d+!a*!c*!d+!a*!b*d,6,suboptimal,8
P61176,pun,!b*!c*!d+!a*!c*!d+!a*!b*d,6,suboptimal,7
P61177,pun,a*!b*!c*!d+!a*b*!c*!d+!a*!b*d,8,suboptimal,9
P61182,pdn,!a*!b*d+!a*!b*!c,4,suboptimal,6
P61183,pun,!a*!b*d,3,suboptimal,9
P61430,pun,!a*!b*!c*!d+a*b*!c*!d+!a*!b*c*d,9,suboptimal,11
P61431,pdn,a*b*!c*!d+!a*!b*c*d,8,suboptimal,9
P61432,pdn,!a*!b*c*d+!b*!c*!d+!a*!c*!d,7,suboptimal,9
P61432,pun,!a*!b*c*d+!b*!c*!d+!a*!c*!d,7,suboptimal,8
P61433,pdn,a*!b*!c*!d+!a*b*!c*!d+!a*!b*c*d,9,suboptimal,10
P61433,pun,a*!b*!c*!d+!a*b*!c*!d+!a*!b*c*d,9,suboptimal,11
P61438,pdn,!a*!b*!c*!d+!a*!b*c*d,6,suboptimal,7
P61438,pun,!a*!b*!c*!d+!a*!b*c*d,6,suboptimal,7
P65256,pdn,!b*!c*!d+!a*!c*!d+!a*!b*!d+!a*!b*!c,8,suboptimal,9
P65256,pun,!b*!c*!d+!a*!c*!d+!a*!b*!d+!a*!b*!c,8,suboptimal,9
P65257,pun,a*!b*!c*!d+!a*b*!c*!d+!a*!b*c*!d+!a*!b*!c*d,10,failed,
P65259,pun,!a*b*!c*!d+!a*!b*c*!d+!a*!b*!c*d,8,suboptimal,9
P65262,pdn,!a*!b*!d+!a*!b*!c,4,suboptimal,6
