name,expr,n_vars,n_pdn,n_pun,n_common_neg,total,pdn_ok,pun_ok,complete
P1,d+c+b+a,4,4,4,0,8,True,True,True
P2,d+c+b+!a,4,4,4,1,10,True,True,True
P3,d+c+b,3,,6,,,False,True,False
P6,!a*!b+a*b+d+c,4,6,7,2,17,True,True,True
P7,a*b+d+c,4,4,4,0,8,True,True,True
P8,d+c+!b+!a,4,4,4,2,12,True,True,True
P9,a*!b+!a*b+d+c,4,6,7,2,17,True,True,True
P10,d+c+!a,3,5,3,1,10,True,True,True
P11,!a*b+d+c,4,4,6,1,12,True,True,True
P14,!a*!b+d+c,4,4,4,2,12,True,True,True
P15,d+c,2,11,15,2,30,True,True,True
P22,!a*!b*!c+b*c+a*c+a*b+d,4,10,8,3,24,True,True,True
P23,b*c+a*c+a*b+d,4,6,8,0,14,True,True,True
P24,!b*!c+a*c+!a*b+d,4,7,7,3,20,True,True,True
P25,b*c+a*!b+!a*b+d,4,6,7,2,17,True,True,True
P26,!a*!c+b*c+a*c+d,4,6,6,2,16,True,True,True
P27,a*c+!a*b+d,4,5,6,1,13,True,True,True
P30,!a*!b*!c+b*c+a*c+d,4,7,11,3,24,True,True,True
P31,b*c+a*c+d,4,4,4,0,8,True,True,True
P40,!b*!c+b*c+d+!a,4,6,6,3,18,True,True,True
P41,a*!b*!c+b*c+!a*c+!a*b+d,4,9,8,3,23,True,True,True
P42,b*c+d+!a,4,4,4,1,10,True,True,True
P43,b*c+!a*c+!a*b+d,4,6,6,1,14,True,True,True
P44,!b*!c+b*c+!a*c+d,4,6,8,3,20,True,True,True
P45,a*!b*!c+b*c+!a*c+d,4,7,14,3,27,True,True,True
P46,b*c+!a*!b+d,4,5,6,2,15,True,True,True
P47,b*c+!a*c+d,4,4,4,1,10,True,True,True
P60,!b*!c+b*c+d,3,18,8,2,30,True,True,True
P61,a*!b*!c+b*c+d,4,8,9,2,21,True,True,True
P62,!a*!b*!c+b*c+d,4,6,11,3,23,True,True,True
P63,b*c+d,3,,6,,,False,True,False
P104,a*b*c+!b*!c+!a*!c+!a*!b+d,4,9,11,3,26,True,True,True
P105,a*!b*!c+!a*b*!c+!a*!b*c+a*b*c+d,4,9,13,3,28,True,True,True
P106,a*b*c+!a*!c+!a*!b+d,4,7,18,3,31,True,True,True
P107,!a*b*!c+!a*!b*c+a*b*c+d,4,8,17,3,31,True,True,True
P110,a*b*c+!a*!b+d,4,7,8,3,21,True,True,True
P111,!a*!b*c+a*b*c+d,4,6,6,2,16,True,True,True
P126,!a*!b*!c+a*b*c+d,4,7,7,3,20,True,True,True
P127,a*b*c+d,4,4,4,0,8,True,True,True
P128,d+!c+!b+!a,4,4,4,3,14,True,True,True
P129,a*!c+!b*c+!a*b+d,4,7,7,3,20,True,True,True
P130,b*!c+!b*c+d+!a,4,6,6,3,18,True,True,True
P131,b*!c+!b*c+!a*c+d,4,7,10,3,23,True,True,True
P134,a*b*!c+!b*c+!a*c+!a*!b+d,4,9,8,3,23,True,True,True
P135,a*b*!c+!b*c+!a*c+d,4,7,10,3,23,True,True,True
P136,d+!b+!a,3,8,3,2,15,True,True,True
P137,!b*c+a*!b+!a*b+d,4,6,7,2,17,True,True,True
P138,!b*c+d+!a,4,4,4,2,12,True,True,True
P139,!b*c+!a*b+d,4,5,6,2,15,True,True,True
P142,!b*c+!a*c+!a*!b+d,4,6,7,2,17,True,True,True
P143,!b*c+!a*c+d,4,4,4,2,12,True,True,True
P150,!a*!b*!c+a*b*!c+a*!b*c+!a*b*c+d,4,9,9,3,24,True,True,True
P151,a*b*!c+a*!b*c+!a*b*c+d,4,13,10,3,29,True,True,True
P152,!b*!c+a*!b+!a*b+d,4,6,7,3,19,True,True,True
P153,a*!b+!a*b+d,3,6,7,2,17,True,True,True
P154,a*!b*c+!a*!c+!a*b+d,4,7,11,3,24,True,True,True
P155,a*!b*c+!a*b+d,4,6,8,2,18,True,True,True
P158,!a*!b*!c+a*!b*c+!a*b*c+d,4,8,17,3,31,True,True,True
P159,a*!b*c+!a*b*c+d,4,6,6,2,16,True,True,True
P168,!b*!c+d+!a,4,4,4,3,14,True,True,True
P169,a*!b*!c+!a*c+!a*b+d,4,7,11,3,24,True,True,True
P170,d+!a,2,7,5,1,14,True,True,True
P171,!a*c+!a*b+d,4,4,4,1,10,True,True,True
P172,!b*!c+!a*c+d,4,5,9,3,20,True,True,True
P173,a*!b*!c+!a*c+d,4,6,9,3,21,True,True,True
P174,!a*c+!a*!b+d,4,4,4,2,12,True,True,True
P175,!a*c+d,3,3,3,1,8,True,True,True
P188,!a*b*c+!b*!c+d,4,8,11,3,25,True,True,True
P189,a*!b*!c+!a*b*c+d,4,7,8,3,21,True,True,True
P190,!a*!b*!c+!a*b*c+d,4,8,9,3,23,True,True,True
P191,!a*b*c+d,4,4,5,1,11,True,True,True
P232,!b*!c+!a*!c+!a*!b+d,4,6,6,3,18,True,True,True
P233,a*!b*!c+!a*b*!c+!a*!b*c+d,4,8,15,3,29,True,True,True
P234,!a*!c+!a*!b+d,4,4,4,3,14,True,True,True
P235,!a*b*!c+!a*!b*c+d,4,6,6,3,18,True,True,True
P238,!a*!b+d,3,5,4,2,13,True,True,True
P239,!a*!b*c+d,4,4,4,2,12,True,True,True
P254,!a*!b*!c+d,4,4,4,3,14,True,True,True
P255,d,1,,5,,,False,True,False
P278,!a*!b*!c*!d+c*d+b*d+a*d+b*c+a*c+a*b,4,19,10,4,37,True,True,True
P279,c*d+b*d+a*d+b*c+a*c+a*b,4,9,11,0,20,True,True,True
P280,!b*!c*!d+c*d+a*d+a*c+!a*b,4,12,9,4,29,True,True,True
P281,c*d+b*d+b*c+a*!b+!a*b,4,8,9,2,21,True,True,True
P282,!a*!c*!d+c*d+a*d+a*c+!a*b,4,9,8,3,23,True,True,True
P283,c*d+a*d+a*c+!a*b,4,8,9,1,19,True,True,True
P286,!a*!b*!c*!d+c*d+b*d+a*d+b*c+a*c,4,10,14,4,32,True,True,True
P287,c*d+b*d+a*d+b*c+a*c,4,7,7,0,14,True,True,True
P296,!b*!c*!d+a*d+b*c+!a*c+!a*b,4,11,13,4,32,True,True,True
P297,a*!b*!c+a*d+b*c+!a*c+!a*b,4,9,11,3,26,True,True,True
P298,!a*!d+c*d+b*d+a*d+b*c,4,8,10,3,24,True,True,True
P299,a*d+b*c+!a*c+!a*b,4,7,8,1,17,True,True,True
P300,!b*!c*!d+b*d+a*d+b*c+!a*c,4,9,11,4,28,True,True,True
P301,a*!b*!c+c*d+b*d+b*c+!a*c,4,9,10,3,25,True,True,True
P302,!a*!b*!d+c*d+b*d+a*d+b*c,4,9,10,3,25,True,True,True
P303,b*d+a*d+b*c+!a*c,4,6,5,1,13,True,True,True
P316,!b*!c*!d+c*d+b*d+a*d+b*c,4,9,11,3,26,True,True,True
P317,a*!b*!c+c*d+b*d+b*c,4,9,9,2,22,True,True,True
P318,!a*!b*!c*!d+c*d+b*d+a*d+b*c,4,10,12,4,30,True,True,True
P319,c*d+b*d+a*d+b*c,4,6,6,0,12,True,True,True
P360,!b*!c*!d+!a*b*!c+!a*!b*c+a*b*c+c*d+a*d,4,17,11,4,36,True,True,True
P361,a*!b*!c+!a*b*!c+!a*!b*c+a*b*c+c*d+a*d,4,11,12,3,29,True,True,True
P362,!a*!c*!d+!a*!b*c+a*b*c+b*d+a*d,4,11,10,4,29,True,True,True
P363,!a*b*!c+!a*!b*c+a*b*c+c*d+a*d,4,11,9,3,26,True,True,True
P366,!a*!b*!d+a*b*c+c*d+b*d+a*d,4,13,14,4,35,True,True,True
P367,!a*!b*c+a*b*c+b*d+a*d,4,9,8,2,21,True,True,True
P382,!a*!b*!c*!d+a*b*c+c*d+b*d+a*d,4,18,10,4,36,True,True,True
P383,a*b*c+c*d+b*d+a*d,4,5,5,0,10,True,True,True
P384,!c*!d+a*d+!b*c+!a*b,4,8,8,4,24,True,True,True
P385,c*d+a*!c+!b*c+!a*b,4,8,9,3,23,True,True,True
P386,!a*!d+c*d+a*d+b*!c+!b*c,4,9,12,4,29,True,True,True
P387,a*d+b*!c+!b*c+!a*c,4,8,10,3,24,True,True,True
P390,!a*!b*!d+a*b*!c+b*d+a*d+!b*c+!a*c,4,12,11,4,31,True,True,True
P391,a*b*!c+b*d+a*d+!b*c+!a*c,4,11,11,3,28,True,True,True
P392,!b*!d+c*d+a*d+!a*b,4,8,7,3,21,True,True,True
P393,b*d+!b*c+a*!b+!a*b,4,6,7,2,17,True,True,True
P394,!a*!d+b*d+a*d+!b*c,4,7,11,3,24,True,True,True
P395,a*d+!b*c+!a*b,4,6,8,2,18,True,True,True
P398,!a*!b*!d+b*d+a*d+!b*c+!a*c,4,13,10,3,29,True,True,True
P399,b*d+a*d+!b*c+!a*c,4,8,8,2,20,True,True,True
P406,!a*!b*!c*!d+a*b*!c+a*!b*c+!a*b*c+c*d+b*d+a*d,4,,12,,,False,True,False
P407,a*b*!c+a*!b*c+!a*b*c+c*d+b*d+a*d,4,15,13,3,34,True,True,True
P408,!b*!c*!d+c*d+b*d+a*!b+!a*b,4,9,8,4,25,True,True,True
P409,c*d+b*d+a*!b+!a*b,4,7,8,2,19,True,True,True
P410,!a*!c*!d+a*!b*c+c*d+a*d+!a*b,4,15,9,4,32,True,True,True
P411,a*!b*c+c*d+a*d+!a*b,4,8,11,2,23,True,True,True
P414,!a*!b*!c*!d+a*!b*c+!a*b*c+c*d+b*d+a*d,4,19,,,,True,False,False
P415,a*!b*c+!a*b*c+c*d+b*d+a*d,4,9,12,2,25,True,True,True
P424,!b*!c*!d+a*d+!a*c+!a*b,4,10,10,4,28,True,True,True
P425,a*!b*!c+a*d+!a*c+!a*b,4,9,10,3,25,True,True,True
P426,!a*!d+c*d+b*d+a*d,4,6,7,2,17,True,True,True
P427,a*d+!a*c+!a*b,4,5,5,1,12,True,True,True
P428,!b*!c*!d+b*d+a*d+!a*c,4,10,10,4,28,True,True,True
P429,a*!b*!c+c*d+b*d+!a*c,4,8,8,3,22,True,True,True
P430,!a*!b*!d+b*d+a*d+!a*c,4,9,15,3,30,True,True,True
P431,b*d+a*d+!a*c,4,5,5,1,12,True,True,True
P444,!b*!c*!d+!a*b*c+c*d+b*d+a*d,4,14,9,4,31,True,True,True
P445,a*!b*!c+!a*b*c+c*d+b*d,4,11,9,3,26,True,True,True
P446,!a*!b*!c*!d+!a*b*c+c*d+b*d+a*d,4,10,9,4,27,True,True,True
P447,!a*b*c+c*d+b*d+a*d,4,7,7,1,16,True,True,True
P488,!b*!c*!d+!a*b*!c+!a*!b*c+c*d+a*d,4,11,10,4,29,True,True,True
P489,a*!b*!c+!a*b*!c+!a*!b*c+c*d+a*d,4,14,11,3,31,True,True,True
P490,!a*!c*!d+!a*!b*c+b*d+a*d,4,10,8,4,26,True,True,True
P491,!a*b*!c+!a*!b*c+c*d+a*d,4,15,9,3,30,True,True,True
P494,!a*!b*!d+c*d+b*d+a*d,4,7,7,3,20,True,True,True
P495,!a*!b*c+b*d+a*d,4,6,6,2,16,True,True,True
P510,!a*!b*!c*!d+c*d+b*d+a*d,4,8,8,4,24,True,True,True
P511,c*d+b*d+a*d,4,4,4,0,8,True,True,True
P552,!b*!c*!d+c*d+b*d+b*c+!a,4,10,8,4,26,True,True,True
P553,a*!b*!c*!d+c*d+b*d+!a*d+b*c+!a*c+!a*b,4,17,11,4,36,True,True,True
P554,c*d+b*d+b*c+!a,4,6,6,1,14,True,True,True
P555,c*d+b*d+!a*d+b*c+!a*c+!a*b,4,11,10,1,23,True,True,True
P556,!b*!c*!d+c*d+b*d+b*c+!a*!b,4,9,8,4,25,True,True,True
P557,a*!b*!c*!d+c*d+b*d+!a*d+b*c+!a*c,4,15,9,4,32,True,True,True
P558,c*d+b*d+b*c+!a*!b,4,7,7,2,18,True,True,True
P559,c*d+b*d+!a*d+b*c+!a*c,4,6,9,1,17,True,True,True
P572,!b*!c*!d+c*d+b*d+!a*d+b*c,4,12,8,4,28,True,True,True
P573,a*!b*!c*!d+c*d+b*d+!a*d+b*c,4,10,12,4,30,True,True,True
P574,!a*!b*!c+c*d+b*d+b*c,4,9,9,3,24,True,True,True
P575,c*d+b*d+!a*d+b*c,4,6,7,1,15,True,True,True
P576,!c*!d+!a*d+!b*c+a*b,4,8,8,4,24,True,True,True
P577,a*!d+c*d+!a*d+b*!c+!b*c,4,9,10,4,27,True,True,True
P578,c*d+!a*!c+!b*c+a*b,4,8,9,3,23,True,True,True
P579,!a*d+b*!c+!b*c+a*c,4,7,9,3,22,True,True,True
P582,b*d+!b*c+!a*!b+a*b,4,7,7,2,18,True,True,True
P583,!a*d+!b*c+a*b,4,6,7,2,17,True,True,True
P584,!b*!d+c*d+b*d+!a*!c+a*c,4,9,10,4,27,True,True,True
P585,a*!b*!d+!a*b*!c+b*d+!a*d+!b*c+a*c,4,13,11,4,32,True,True,True
P586,b*d+!a*!c+!b*c+a*c,4,8,8,3,22,True,True,True
P587,!a*b*!c+b*d+!a*d+!b*c+a*c,4,12,17,4,37,True,True,True
P590,b*d+a*c+!a*!b,4,6,7,2,17,True,True,True
P591,b*d+!a*d+!b*c+a*c,4,9,7,2,20,True,True,True
P596,!b*!c*!d+!a*d+a*c+a*b,4,10,9,4,27,True,True,True
P597,a*!d+c*d+b*d+!a*d,4,6,6,2,16,True,True,True
P598,!a*!b*!c+!a*d+a*c+a*b,4,9,8,3,23,True,True,True
P599,!a*d+a*c+a*b,4,5,5,1,12,True,True,True
P600,a*!b*!d+c*d+b*d+!a*!c+a*c,4,9,9,4,26,True,True,True
P601,a*!b*!d+!a*b*!c+b*d+!a*d+a*c,4,10,10,4,28,True,True,True
P602,c*d+b*d+!a*!c+a*c,4,7,7,2,18,True,True,True
P603,!a*b*!c+b*d+!a*d+a*c,4,8,9,2,21,True,True,True
P604,!b*!c*!d+b*d+!a*d+a*c,4,9,10,4,27,True,True,True
P605,a*!b*!d+b*d+!a*d+a*c,4,8,10,3,24,True,True,True
P606,!a*!b*!c+c*d+b*d+a*c,4,8,8,3,22,True,True,True
P607,b*d+!a*d+a*c,4,5,5,1,12,True,True,True
P616,!b*!c*!d+a*b*c+c*d+b*d+!a*!c+!a*!b,4,17,11,4,36,True,True,True
P617,a*!b*!c*!d+!a*b*!c+!a*!b*c+a*b*c+c*d+b*d+!a*d,4,15,13,4,36,True,True,True
P618,a*b*c+c*d+b*d+!a*!c+!a*!b,4,9,10,3,25,True,True,True
P619,!a*b*!c+!a*!b*c+a*b*c+c*d+b*d+!a*d,4,14,12,3,32,True,True,True
P620,!b*!c*!d+a*b*c+c*d+b*d+!a*!b,4,15,9,4,32,True,True,True
P621,a*!b*!c*!d+!a*!b*c+a*b*c+c*d+b*d+!a*d,4,19,13,4,40,True,True,True
P622,a*b*c+c*d+b*d+!a*!b,4,10,9,3,25,True,True,True
P623,!a*!b*c+a*b*c+c*d+b*d+!a*d,4,10,11,2,25,True,True,True
P636,!b*!c*!d+a*b*c+c*d+b*d+!a*d,4,10,10,4,28,True,True,True
P637,a*!b*!c*!d+a*b*c+c*d+b*d+!a*d,4,19,12,4,39,True,True,True
P638,!a*!b*!c+a*b*c+c*d+b*d,4,10,9,3,25,True,True,True
P639,a*b*c+c*d+b*d+!a*d,4,7,7,1,16,True,True,True
P640,!c*!d+b*d+!b*c+!a,4,7,7,4,22,True,True,True
P641,a*!c*!d+b*d+!a*d+!b*c+!a*b,4,11,10,4,29,True,True,True
P642,c*d+b*!c+!b*c+!a,4,6,6,3,18,True,True,True
P643,c*d+!a*d+b*!c+!b*c+!a*c,4,9,9,3,24,True,True,True
P644,a*!c*!d+b*d+!b*c+!a*c+!a*!b,4,11,9,4,28,True,True,True
P645,a*!c*!d+b*d+!a*d+!b*c+!a*c,4,10,9,4,27,True,True,True
P646,a*b*!c+b*d+!b*c+!a*c+!a*!b,4,13,11,3,30,True,True,True
P647,a*b*!c+c*d+!a*d+!b*c+!a*c,4,9,13,3,28,True,True,True
P648,!b*!d+c*d+b*d+!a,4,6,6,3,18,True,True,True
P649,a*!b*!d+b*d+!a*d+!b*c+!a*b,4,9,9,3,24,True,True,True
P650,b*d+!b*c+!a,4,5,6,2,15,True,True,True
P651,b*d+!a*d+!b*c+!a*b,4,8,7,2,19,True,True,True
P652,!b*!d+c*d+b*d+!a*d+!a*c,4,10,8,3,24,True,True,True
P653,a*!b*!d+c*d+b*d+!a*d+!a*c,4,9,8,3,23,True,True,True
P654,b*d+!b*c+!a*c+!a*!b,4,7,7,2,18,True,True,True
P655,b*d+!a*d+!b*c+!a*c,4,7,6,2,17,True,True,True
P660,!b*!c*!d+a*b*!c+a*!b*c+!a*b*c+c*d+!a*d,4,15,13,4,36,True,True,True
P661,a*!c*!d+a*!b*c+!a*b*c+b*d+!a*d,4,13,10,4,31,True,True,True
P662,!a*!b*!c+a*b*!c+a*!b*c+!a*b*c+c*d+!a*d,4,15,15,3,36,True,True,True
P663,a*b*!c+a*!b*c+!a*b*c+c*d+!a*d,4,12,9,3,27,True,True,True
P664,a*!b*!d+c*d+b*d+!a*!c+!a*b,4,10,9,4,27,True,True,True
P665,a*!b*!d+c*d+b*d+!a*d+!a*b,4,13,8,3,27,True,True,True
P666,a*!b*c+c*d+b*d+!a*!c+!a*b,4,9,10,3,25,True,True,True
P667,a*!b*c+b*d+!a*d+!a*b,4,8,7,2,19,True,True,True
P668,!b*!c*!d+a*!b*c+!a*b*c+b*d+!a*d,4,13,13,4,34,True,True,True
P669,a*!b*!d+!a*b*c+c*d+b*d+!a*d,4,14,12,3,32,True,True,True
P670,!a*!b*!c+a*!b*c+!a*b*c+c*d+b*d,4,11,13,3,30,True,True,True
P671,a*!b*c+!a*b*c+b*d+!a*d,4,8,9,2,21,True,True,True
P680,!b*!c*!d+c*d+b*d+!a,4,7,7,4,22,True,True,True
P681,a*!b*!c*!d+c*d+b*d+!a*d+!a*c+!a*b,4,18,10,4,36,True,True,True
P682,c*d+b*d+!a,4,4,4,1,10,True,True,True
P683,c*d+b*d+!a*d+!a*c+!a*b,4,8,8,1,18,True,True,True
P684,!b*!c*!d+c*d+b*d+!a*d+!a*c,4,9,8,4,25,True,True,True
P685,a*!b*!c*!d+c*d+b*d+!a*d+!a*c,4,12,11,4,31,True,True,True
P686,c*d+b*d+!a*c+!a*!b,4,6,6,2,16,True,True,True
P687,c*d+b*d+!a*d+!a*c,4,6,6,1,14,True,True,True
P700,!b*!c*!d+!a*b*c+c*d+b*d+!a*d,4,15,10,4,33,True,True,True
P701,a*!b*!c*!d+!a*b*c+c*d+b*d+!a*d,4,12,10,4,30,True,True,True
P702,!a*!b*!c+!a*b*c+c*d+b*d,4,9,7,3,22,True,True,True
P703,!a*b*c+c*d+b*d+!a*d,4,5,5,1,12,True,True,True
P704,!c*!d+b*d+!a*d+!b*c,4,9,7,4,24,True,True,True
P705,a*!c*!d+c*d+!a*d+b*!c+!b*c,4,9,11,4,28,True,True,True
P706,c*d+b*!c+!a*!c+!b*c,4,8,8,3,22,True,True,True
P707,c*d+!a*d+b*!c+!b*c,4,7,7,3,20,True,True,True
P708,a*!c*!d+b*d+!b*c+!a*!b,4,9,9,4,26,True,True,True
P709,a*!c*!d+b*d+!a*d+!b*c,4,8,10,4,26,True,True,True
P710,a*b*!c+b*d+!b*c+!a*!b,4,10,10,3,26,True,True,True
P711,a*b*!c+c*d+!a*d+!b*c,4,9,8,3,23,True,True,True
P712,!b*!d+c*d+b*d+!a*!c,4,11,8,4,27,True,True,True
P713,a*!b*!d+!a*b*!c+b*d+!a*d+!b*c,4,10,11,4,29,True,True,True
P714,b*d+!a*!c+!b*c,4,7,7,3,20,True,True,True
P715,!a*b*!c+b*d+!a*d+!b*c,4,8,11,3,25,True,True,True
P716,!b*!d+c*d+b*d+!a*d,4,7,8,3,21,True,True,True
P717,a*!b*!d+b*d+!a*d+!b*c,4,8,10,3,24,True,True,True
P718,b*d+!b*c+!a*!b,4,6,7,2,17,True,True,True
P719,b*d+!a*d+!b*c,4,5,6,2,15,True,True,True
P724,!b*!c*!d+a*b*!c+a*!b*c+c*d+!a*d,4,12,10,4,30,True,True,True
P725,a*!c*!d+a*!b*c+b*d+!a*d,4,11,10,4,29,True,True,True
P726,!a*!b*!c+a*b*!c+a*!b*c+c*d+!a*d,4,14,13,3,33,True,True,True
P727,a*b*!c+a*!b*c+c*d+!a*d,4,10,7,3,23,True,True,True
P728,a*!b*!d+c*d+b*d+!a*!c,4,9,8,4,25,True,True,True
P729,a*!b*!d+!a*b*!c+c*d+b*d+!a*d,4,18,13,4,39,True,True,True
P730,a*!b*c+c*d+b*d+!a*!c,4,8,7,3,21,True,True,True
P731,!a*b*!c+a*!b*c+b*d+!a*d,4,12,9,3,27,True,True,True
P732,!b*!c*!d+a*!b*c+b*d+!a*d,4,11,8,4,27,True,True,True
P733,a*!b*!d+c*d+b*d+!a*d,4,7,7,3,20,True,True,True
P734,!a*!b*!c+a*!b*c+c*d+b*d,4,10,9,3,25,True,True,True
P735,a*!b*c+b*d+!a*d,4,7,7,2,18,True,True,True
P744,!b*!c*!d+c*d+b*d+!a*!c+!a*!b,4,9,10,4,27,True,True,True
P745,a*!b*!c*!d+!a*b*!c+!a*!b*c+c*d+b*d+!a*d,4,17,20,4,45,True,True,True
P746,c*d+b*d+!a*!c+!a*!b,4,6,6,3,18,True,True,True
P747,!a*b*!c+!a*!b*c+c*d+b*d+!a*d,4,9,10,3,25,True,True,True
P748,!b*!c*!d+c*d+b*d+!a*!b,4,8,7,4,23,True,True,True
P749,a*!b*!c*!d+!a*!b*c+c*d+b*d+!a*d,4,19,9,4,36,True,True,True
P750,c*d+b*d+!a*!b,4,5,5,2,14,True,True,True
P751,!a*!b*c+c*d+b*d+!a*d,4,7,8,2,19,True,True,True
P764,!b*!c*!d+c*d+b*d+!a*d,4,7,9,4,24,True,True,True
P765,a*!b*!c*!d+c*d+b*d+!a*d,4,8,14,4,30,True,True,True
P766,!a*!b*!c+c*d+b*d,4,7,7,3,20,True,True,True
P767,c*d+b*d+!a*d,4,4,4,1,10,True,True,True
P828,!b*!c*!d+c*d+b*d+b*c,3,,,,,False,False,False
P829,a*!b*!c*!d+c*d+b*d+b*c,4,13,9,3,28,True,True,True
P830,!a*!b*!c*!d+c*d+b*d+b*c,4,12,13,4,33,True,True,True
P831,c*d+b*d+b*c,3,7,6,0,13,True,True,True
P854,!a*!b*!c*!d+c*d+b*d+a*c+a*b,4,10,12,4,30,True,True,True
P855,c*d+b*d+a*c+a*b,4,4,4,0,8,True,True,True
P856,!b*!c*!d+!a*b*!c+c*d+b*d+a*c,4,9,9,4,26,True,True,True
P857,a*!b*!d+!a*b*!c+c*d+b*d+a*c,4,9,11,4,28,True,True,True
P858,!a*!c*!d+c*d+b*d+a*c,4,8,9,3,23,True,True,True
P859,!a*b*!c+c*d+b*d+a*c,4,9,7,2,20,True,True,True
P862,!a*!b*!c*!d+c*d+b*d+a*c,4,10,11,4,29,True,True,True
P863,c*d+b*d+a*c,4,5,5,0,10,True,True,True
P872,!b*!c*!d+!a*b*!c+!a*!b*c+a*b*c+c*d+b*d,4,16,11,4,35,True,True,True
P873,a*!b*!c*!d+!a*b*!c+!a*!b*c+a*b*c+c*d+b*d,4,17,15,4,40,True,True,True
P874,!a*!c*!d+!a*!b*c+a*b*c+c*d+b*d,4,15,10,4,33,True,True,True
P875,!a*b*!c+!a*!b*c+a*b*c+c*d+b*d,4,12,12,3,30,True,True,True
P876,!b*!c*!d+!a*!b*c+a*b*c+c*d+b*d,4,15,15,4,38,True,True,True
P877,a*!b*!c*!d+!a*!b*c+a*b*c+c*d+b*d,4,14,14,4,36,True,True,True
P878,!a*!b*!d+a*b*c+c*d+b*d,4,13,12,3,31,True,True,True
P879,!a*!b*c+a*b*c+c*d+b*d,4,8,12,2,24,True,True,True
P892,!b*!c*!d+a*b*c+c*d+b*d,4,10,11,3,27,True,True,True
P893,a*!b*!c*!d+a*b*c+c*d+b*d,4,9,8,3,23,True,True,True
P894,!a*!b*!c*!d+a*b*c+c*d+b*d,4,12,14,4,34,True,True,True
P895,a*b*c+c*d+b*d,4,6,6,0,12,True,True,True
P896,!c*!d+!a*!d+b*d+!b*c,4,7,7,4,22,True,True,True
P897,a*!c*!d+b*d+!b*c+!a*b,4,15,9,4,32,True,True,True
P898,!a*!d+c*d+b*!c+!b*c,4,9,8,4,25,True,True,True
P899,c*d+b*!c+!b*c+!a*c,4,8,6,3,20,True,True,True
P900,a*b*!c+!b*!d+c*d+b*d+!a*c,4,9,14,4,31,True,True,True
P901,a*!c*!d+b*d+!b*c+!a*c,4,12,11,4,31,True,True,True
P902,!a*!b*!d+a*b*!c+b*d+!b*c+!a*c,4,12,11,4,31,True,True,True
P903,a*b*!c+b*d+!b*c+!a*c,4,13,12,3,31,True,True,True
P904,!b*!d+!a*!d+c*d+b*d,4,6,6,3,18,True,True,True
P905,a*!b*!d+b*d+!b*c+!a*b,4,7,9,3,22,True,True,True
P906,!a*!d+b*d+!b*c,4,7,8,3,21,True,True,True
P907,b*d+!b*c+!a*b,4,7,5,2,16,True,True,True
P908,!b*!d+c*d+b*d+!a*c,4,7,13,3,26,True,True,True
P909,a*!b*!d+c*d+b*d+!a*c,4,8,8,3,22,True,True,True
P910,!a*!b*!d+b*d+!b*c+!a*c,4,9,12,3,27,True,True,True
P911,b*d+!b*c+!a*c,4,6,7,2,17,True,True,True
P916,!b*!c*!d+a*b*!c+a*!b*c+!a*b*c+c*d+b*d,4,15,11,4,34,True,True,True
P917,a*!c*!d+a*!b*c+!a*b*c+c*d+b*d,4,13,14,4,35,True,True,True
P918,!a*!b*!c*!d+a*b*!c+a*!b*c+!a*b*c+c*d+b*d,4,20,14,4,42,True,True,True
P919,a*b*!c+a*!b*c+!a*b*c+c*d+b*d,4,15,10,3,31,True,True,True
P920,!b*!c*!d+a*!b*c+c*d+b*d+!a*b,4,11,11,4,30,True,True,True
P921,a*!b*!d+c*d+b*d+!a*b,4,10,7,3,23,True,True,True
P922,!a*!c*!d+a*!b*c+c*d+b*d+!a*b,4,10,15,4,33,True,True,True
P923,a*!b*c+c*d+b*d+!a*b,4,9,7,2,20,True,True,True
P924,!b*!c*!d+a*!b*c+!a*b*c+c*d+b*d,4,16,13,4,37,True,True,True
P925,a*!b*!d+!a*b*c+c*d+b*d,4,15,11,3,32,True,True,True
P926,!a*!b*!c*!d+a*!b*c+!a*b*c+c*d+b*d,4,16,19,4,43,True,True,True
P927,a*!b*c+!a*b*c+c*d+b*d,4,8,9,2,21,True,True,True
P936,!b*!c*!d+!a*!d+c*d+b*d,4,9,9,4,26,True,True,True
P937,a*!b*!c*!d+c*d+b*d+!a*c+!a*b,4,19,12,4,39,True,True,True
P938,!a*!d+c*d+b*d,4,5,5,2,14,True,True,True
P939,c*d+b*d+!a*c+!a*b,4,4,4,1,10,True,True,True
P940,!b*!c*!d+c*d+b*d+!a*c,4,8,10,4,26,True,True,True
P941,a*!b*!c*!d+c*d+b*d+!a*c,4,9,13,4,30,True,True,True
P942,!a*!b*!d+c*d+b*d+!a*c,4,7,9,3,22,True,True,True
P943,c*d+b*d+!a*c,4,5,5,1,12,True,True,True
P956,!b*!c*!d+!a*b*c+c*d+b*d,4,12,15,4,35,True,True,True
P957,a*!b*!c*!d+!a*b*c+c*d+b*d,4,12,9,4,29,True,True,True
P958,!a*!b*!c*!d+!a*b*c+c*d+b*d,4,19,8,4,35,True,True,True
P959,!a*b*c+c*d+b*d,4,6,6,1,14,True,True,True
P960,!c*!d+b*d+!b*c,3,,11,,,False,True,False
P961,a*!c*!d+c*d+b*!c+!b*c,4,12,10,3,28,True,True,True
P962,!a*!c*!d+c*d+b*!c+!b*c,4,10,11,4,29,True,True,True
P963,c*d+b*!c+!b*c,3,,,,,False,False,False
P964,a*b*!c+!b*!d+c*d+b*d,4,9,11,3,26,True,True,True
P965,a*!c*!d+b*d+!b*c,4,10,10,3,26,True,True,True
P966,!a*!b*!d+a*b*!c+b*d+!b*c,4,10,11,4,29,True,True,True
P967,a*b*!c+b*d+!b*c,4,9,10,3,25,True,True,True
P968,!a*b*!c+!b*!d+c*d+b*d,4,7,11,4,26,True,True,True
P969,a*!b*!d+!a*b*!c+b*d+!b*c,4,11,10,4,29,True,True,True
P970,!a*!c*!d+b*d+!b*c,4,9,11,4,28,True,True,True
P971,!a*b*!c+b*d+!b*c,4,9,10,3,25,True,True,True
P972,!b*!d+c*d+b*d,3,,8,,,False,True,False
P973,a*!b*!d+b*d+!b*c,4,8,10,3,24,True,True,True
P974,!a*!b*!d+b*d+!b*c,4,8,7,3,21,True,True,True
P975,b*d+!b*c,3,,12,,,False,True,False
P980,!b*!c*!d+a*b*!c+a*!b*c+c*d+b*d,4,16,12,3,34,True,True,True
P981,a*!c*!d+a*!b*c+c*d+b*d,4,12,8,3,26,True,True,True
P982,!a*!b*!c*!d+a*b*!c+a*!b*c+c*d+b*d,4,17,20,4,45,True,True,True
P983,a*b*!c+a*!b*c+c*d+b*d,4,8,7,2,19,True,True,True
P984,!b*!c*!d+!a*b*!c+a*!b*c+c*d+b*d,4,8,9,4,25,True,True,True
P985,a*!b*!d+!a*b*!c+c*d+b*d,4,13,9,4,30,True,True,True
P986,!a*!c*!d+a*!b*c+c*d+b*d,4,8,8,4,24,True,True,True
P987,!a*b*!c+a*!b*c+c*d+b*d,4,9,7,3,22,True,True,True
P988,!b*!c*!d+a*!b*c+c*d+b*d,4,7,7,3,20,True,True,True
P989,a*!b*!d+c*d+b*d,4,8,6,2,18,True,True,True
P990,!a*!b*!c*!d+a*!b*c+c*d+b*d,4,11,11,4,30,True,True,True
P991,a*!b*c+c*d+b*d,4,6,6,1,14,True,True,True
P1000,!b*!c*!d+!a*b*!c+!a*!b*c+c*d+b*d,4,15,11,4,34,True,True,True
P1001,a*!b*!c*!d+!a*b*!c+!a*!b*c+c*d+b*d,4,17,14,4,39,True,True,True
P1002,!a*!c*!d+!a*!b*c+c*d+b*d,4,11,7,4,26,True,True,True
P1003,!a*b*!c+!a*!b*c+c*d+b*d,4,9,10,3,25,True,True,True
P1004,!b*!c*!d+!a*!b*c+c*d+b*d,4,10,7,4,25,True,True,True
P1005,a*!b*!c*!d+!a*!b*c+c*d+b*d,4,9,11,4,28,True,True,True
P1006,!a*!b*!d+c*d+b*d,4,6,10,3,22,True,True,True
P1007,!a*!b*c+c*d+b*d,4,6,5,2,15,True,True,True
P1020,!b*!c*!d+c*d+b*d,3,11,15,3,32,True,True,True
P1021,a*!b*!c*!d+c*d+b*d,4,7,9,3,22,True,True,True
P1022,!a*!b*!c*!d+c*d+b*d,4,7,7,4,22,True,True,True
P1023,c*d+b*d,3,7,,,,True,False,False
P1632,!c*!d+c*d+!a*!b+a*b,4,9,10,4,27,True,True,True
P1633,b*!c*!d+a*!c*!d+!a*!b*d+!a*!b*c+c*d+a*b,4,20,15,4,43,True,True,True
P1634,b*!c*!d+c*d+!a*!b+a*b,4,8,9,4,25,True,True,True
P1635,b*!c*!d+!a*!b*d+!a*!b*c+c*d+a*b,4,19,13,4,40,True,True,True
P1638,c*d+!a*!b+a*b,4,6,8,2,18,True,True,True
P1639,!a*!b*d+!a*!b*c+c*d+a*b,4,12,12,3,30,True,True,True
P1640,!b*!c*!d+!a*!c*!d+a*b*d+a*b*c+c*d+!a*!b,4,19,15,4,42,True,True,True
P1641,a*!b*!c*!d+!a*b*!c*!d+!a*!b*d+a*b*d+!a*!b*c+a*b*c+c*d,4,,,,,False,False,False
P1642,!a*!c*!d+a*b*d+a*b*c+c*d+!a*!b,4,14,13,4,35,True,True,True
P1643,!a*b*!c*!d+!a*!b*d+a*b*d+!a*!b*c+a*b*c+c*d,4,18,16,4,42,True,True,True
P1646,a*b*d+a*b*c+c*d+!a*!b,4,14,10,3,30,True,True,True
P1647,!a*!b*d+a*b*d+!a*!b*c+a*b*c+c*d,4,13,13,4,34,True,True,True
P1650,!a*!c*!d+!a*!b*d+c*d+a*b,4,8,9,4,25,True,True,True
P1651,b*!c*!d+!a*!b*d+c*d+a*b,4,9,9,4,26,True,True,True
P1654,!a*!b*!c+c*d+a*b,4,9,12,4,29,True,True,True
P1655,!a*!b*d+c*d+a*b,4,6,7,2,17,True,True,True
P1656,!b*!c*!d+!a*!c*!d+!a*!b*d+a*b*d+a*b*c+c*d,4,20,17,4,45,True,True,True
P1657,a*!b*!c*!d+!a*b*!c*!d+!a*!b*d+a*b*d+a*b*c+c*d,4,18,16,4,42,True,True,True
P1658,!a*!c*!d+!a*!b*d+a*b*d+a*b*c+c*d,4,12,12,4,32,True,True,True
P1659,!a*b*!c*!d+!a*!b*d+a*b*d+a*b*c+c*d,4,18,11,4,37,True,True,True
P1662,a*b*d+!a*!b*!c+a*b*c+c*d,4,11,9,3,26,True,True,True
P1663,!a*!b*d+a*b*d+a*b*c+c*d,4,10,10,2,24,True,True,True
P1664,a*b*!c+!b*!d+!a*!d+c*d+!a*!b,4,11,13,4,32,True,True,True
P1665,a*!c*!d+!a*b*!d+!a*!b*d+a*b*d+c*d+!b*c,4,19,11,4,38,True,True,True
P1666,a*b*!c+!a*!d+c*d+!b*c+!a*!b,4,12,15,4,35,True,True,True
P1667,b*!c*!d+!a*!b*d+a*b*d+!b*c+!a*c,4,10,12,4,30,True,True,True
P1670,a*b*!c+c*d+!b*c+!a*c+!a*!b,4,9,11,3,26,True,True,True
P1671,!a*!b*d+a*b*!c+c*d+!b*c+!a*c,4,11,11,3,28,True,True,True
P1672,a*b*d+!b*!d+!a*!d+c*d+!a*!b,4,9,13,3,28,True,True,True
P1673,a*!b*!d+!a*b*!d+!a*!b*d+a*b*d+c*d+!b*c,4,15,10,3,31,True,True,True
P1674,a*b*d+!a*!d+c*d+!b*c+!a*!b,4,10,8,3,24,True,True,True
P1675,!a*b*!d+!a*!b*d+a*b*d+c*d+!b*c,4,11,11,3,28,True,True,True
P1678,a*b*d+!b*c+!a*c+!a*!b,4,11,7,2,22,True,True,True
P1679,!a*!b*d+a*b*d+!b*c+!a*c,4,8,7,2,19,True,True,True
P1680,!a*!b*d+a*b*d+a*!b*c+!a*b*c+!c*!d,4,11,10,4,29,True,True,True
P1681,a*!c*!d+!a*b*!d+!a*!b*d+a*b*d+a*!b*c+c*d,4,10,14,4,32,True,True,True
P1682,!a*!c*!d+!a*!b*d+a*b*!c+a*!b*c+!a*b*c+c*d,4,13,11,4,32,True,True,True
P1683,b*!c*!d+!a*!b*d+a*b*d+a*!b*c+!a*b*c,4,10,11,4,29,True,True,True
P1686,!a*!b*!c+a*b*!c+a*!b*c+!a*b*c+c*d,4,13,9,3,28,True,True,True
P1687,!a*!b*d+a*b*!c+a*!b*c+!a*b*c+c*d,4,13,9,3,28,True,True,True
P1688,!b*!c*!d+!a*b*!d+!a*!b*d+a*b*d+a*!b*c+c*d,4,14,11,4,33,True,True,True
P1689,a*!b*!d+!a*b*!d+!a*!b*d+a*b*d+c*d,4,9,10,3,25,True,True,True
P1690,!a*!c*!d+!a*!b*d+a*b*d+a*!b*c+!a*b*c,4,15,11,4,34,True,True,True
P1691,!a*b*!d+!a*!b*d+a*b*d+a*!b*c+c*d,4,10,10,3,26,True,True,True
P1694,a*b*d+!a*!b*!c+a*!b*c+!a*b*c+c*d,4,15,9,3,30,True,True,True
P1695,!a*!b*d+a*b*d+a*!b*c+!a*b*c,4,11,10,2,25,True,True,True
P1696,a*b*d+!c*!d+!a*!d+c*d+!a*!b,4,9,10,4,27,True,True,True
P1697,a*!c*!d+!a*b*!d+!a*!b*d+a*b*d+c*d+!a*c,4,17,10,4,35,True,True,True
P1698,a*b*!c+!a*!d+c*d+!a*!b,4,12,9,4,29,True,True,True
P1699,b*!c*!d+!a*!b*d+a*b*d+c*d+!a*c,4,12,11,4,31,True,True,True
P1700,a*!c*!d+a*b*d+c*d+!a*c+!a*!b,4,9,14,4,31,True,True,True
P1701,a*!c*!d+!a*!b*d+a*b*d+c*d+!a*c,4,18,10,4,36,True,True,True
P1702,a*b*!c+c*d+!a*c+!a*!b,4,10,10,3,26,True,True,True
P1703,!a*!b*d+a*b*!c+c*d+!a*c,4,14,9,3,29,True,True,True
P1704,!b*!c*!d+a*b*d+!a*!d+c*d+!a*!b,4,14,9,4,31,True,True,True
P1705,a*!b*!c*!d+!a*b*!d+!a*!b*d+a*b*d+c*d+!a*c,4,,18,,,False,True,False
P1706,a*b*d+!a*!d+c*d+!a*!b,4,11,7,3,24,True,True,True
P1707,!a*b*!d+!a*!b*d+a*b*d+c*d+!a*c,4,10,10,3,26,True,True,True
P1708,!b*!c*!d+a*b*d+c*d+!a*c+!a*!b,4,9,9,4,26,True,True,True
P1709,a*!b*!c*!d+!a*!b*d+a*b*d+c*d+!a*c,4,19,12,4,39,True,True,True
P1710,a*b*d+c*d+!a*c+!a*!b,4,10,6,2,20,True,True,True
P1711,!a*!b*d+a*b*d+c*d+!a*c,4,8,8,2,20,True,True,True
P1712,!a*b*!d+!a*!b*d+a*b*d+!c*!d+c*d,4,11,10,4,29,True,True,True
P1713,a*!c*!d+!a*b*!d+!a*!b*d+a*b*d+c*d,4,10,9,4,27,True,True,True
P1714,!a*!c*!d+!a*b*!d+!a*!b*d+a*b*!c+c*d,4,12,11,4,31,True,True,True
P1715,b*!c*!d+!a*b*!d+!a*!b*d+a*b*d+c*d,4,9,15,4,32,True,True,True
P1716,!b*!c*!d+!a*!b*d+a*b*!c+!a*b*c+c*d,4,12,11,4,31,True,True,True
P1717,a*!c*!d+!a*!b*d+a*b*d+!a*b*c+c*d,4,10,12,4,30,True,True,True
P1718,!a*!b*!c+a*b*!c+!a*b*c+c*d,4,10,9,3,25,True,True,True
P1719,!a*!b*d+a*b*!c+!a*b*c+c*d,4,10,11,3,27,True,True,True
P1720,!b*!c*!d+!a*b*!d+!a*!b*d+a*b*d+c*d,4,14,10,4,32,True,True,True
P1721,a*!b*!c*!d+!a*b*!d+!a*!b*d+a*b*d+c*d,4,10,14,4,32,True,True,True
P1722,!a*!c*!d+!a*b*!d+!a*!b*d+a*b*d+c*d,4,13,9,4,30,True,True,True
P1723,!a*b*!d+!a*!b*d+a*b*d+c*d,4,8,9,3,23,True,True,True
P1724,!b*!c*!d+!a*!b*d+a*b*d+!a*b*c+c*d,4,13,12,4,33,True,True,True
P1725,a*!b*!c*!d+!a*!b*d+a*b*d+!a*b*c+c*d,4,18,11,4,37,True,True,True
P1726,a*b*d+!a*!b*!c+!a*b*c+c*d,4,11,11,3,28,True,True,True
P1727,!a*!b*d+a*b*d+!a*b*c+c*d,4,8,8,2,20,True,True,True
P1760,a*b*d+!c*!d+c*d+!a*!b,4,8,10,4,26,True,True,True
P1761,b*!c*!d+a*!c*!d+!a*!b*d+a*b*d+!a*!b*c+c*d,4,17,11,4,36,True,True,True
P1762,b*!c*!d+a*b*d+c*d+!a*!b,4,11,10,4,29,True,True,True
P1763,b*!c*!d+!a*!b*d+a*b*d+!a*!b*c+c*d,4,20,12,4,40,True,True,True
P1766,a*b*!c+c*d+!a*!b,4,7,8,3,21,True,True,True
P1767,!a*!b*d+a*b*!c+!a*!b*c+c*d,4,12,9,3,27,True,True,True
P1768,!b*!c*!d+!a*!c*!d+a*b*d+c*d+!a*!b,4,,14,,,False,True,False
P1769,a*!b*!c*!d+!a*b*!c*!d+!a*!b*d+a*b*d+!a*!b*c+c*d,4,,,,,False,False,False
P1770,!a*!c*!d+a*b*d+c*d+!a*!b,4,8,8,4,24,True,True,True
P1771,!a*b*!c*!d+!a*!b*d+a*b*d+!a*!b*c+c*d,4,,14,,,False,True,False
P1774,a*b*d+c*d+!a*!b,4,8,7,2,19,True,True,True
P1775,!a*!b*d+a*b*d+!a*!b*c+c*d,4,12,9,2,25,True,True,True
P1776,!a*!b*d+a*b*d+!c*!d+c*d,4,10,9,4,27,True,True,True
P1777,b*!c*!d+a*!c*!d+!a*!b*d+a*b*d+c*d,4,11,15,4,34,True,True,True
P1778,!a*!c*!d+!a*!b*d+a*b*!c+c*d,4,10,16,4,34,True,True,True
P1779,b*!c*!d+!a*!b*d+a*b*d+c*d,4,10,13,4,31,True,True,True
P1782,!a*!b*!c+a*b*!c+c*d,4,8,9,3,23,True,True,True
P1783,!a*!b*d+a*b*!c+c*d,4,10,9,3,25,True,True,True
P1784,!b*!c*!d+!a*!c*!d+!a*!b*d+a*b*d+c*d,4,15,9,4,32,True,True,True
P1785,a*!b*!c*!d+!a*b*!c*!d+!a*!b*d+a*b*d+c*d,4,10,16,4,34,True,True,True
P1786,!a*!c*!d+!a*!b*d+a*b*d+c*d,4,8,17,4,33,True,True,True
P1787,!a*b*!c*!d+!a*!b*d+a*b*d+c*d,4,9,14,4,31,True,True,True
P1790,a*b*d+!a*!b*!c+c*d,4,8,7,3,21,True,True,True
P1791,!a*!b*d+a*b*d+c*d,4,6,6,2,16,True,True,True
P1910,!a*!b*!c*!d+c*d+a*b,4,12,11,4,31,True,True,True
P1911,c*d+a*b,4,4,4,0,8,True,True,True
P1912,!b*!c*!d+!a*!c*!d+a*b*d+a*b*c+c*d,4,14,9,4,31,True,True,True
P1913,a*!b*!c*!d+!a*b*!c*!d+a*b*d+a*b*c+c*d,4,,,,,False,False,False
P1914,!a*!c*!d+a*b*d+a*b*c+c*d,4,17,10,3,33,True,True,True
P1915,!a*b*!c*!d+a*b*d+a*b*c+c*d,4,15,9,3,30,True,True,True
P1918,!a*!b*!c*!d+a*b*d+a*b*c+c*d,4,19,10,4,37,True,True,True
P1919,a*b*d+a*b*c+c*d,4,8,11,0,19,True,True,True
P1920,a*b*!c+!b*!d+!a*!d+c*d,4,10,11,4,29,True,True,True
P1921,a*!c*!d+!a*b*!d+a*b*d+c*d+!b*c,4,12,13,4,33,True,True,True
P1922,a*b*!c+!a*!d+c*d+!b*c,4,11,11,4,30,True,True,True
P1923,b*!c*!d+a*b*d+!b*c+!a*c,4,11,10,4,29,True,True,True
P1926,!a*!b*!d+a*b*!c+c*d+!b*c+!a*c,4,12,17,4,37,True,True,True
P1927,a*b*!c+c*d+!b*c+!a*c,4,10,11,4,29,True,True,True
P1928,a*b*d+!b*!d+!a*!d+c*d,4,7,8,3,21,True,True,True
P1929,a*!b*!d+!a*b*!d+a*b*d+c*d+!b*c,4,9,11,3,26,True,True,True
P1930,a*b*d+!a*!d+c*d+!b*c,4,10,10,4,28,True,True,True
P1931,!a*b*!d+a*b*d+c*d+!b*c,4,10,10,3,26,True,True,True
P1934,!a*!b*!d+a*b*d+!b*c+!a*c,4,9,10,3,25,True,True,True
P1935,a*b*d+!b*c+!a*c,4,8,7,2,19,True,True,True
P1936,a*!b*!d+!a*b*!d+a*b*d+!c*!d+c*d,4,9,10,4,27,True,True,True
P1937,a*!c*!d+a*!b*!d+!a*b*!d+a*b*d+c*d,4,12,11,4,31,True,True,True
P1938,!a*!c*!d+!a*b*!d+a*b*!c+a*!b*c+c*d,4,12,11,4,31,True,True,True
P1939,b*!c*!d+!a*b*!d+a*b*d+a*!b*c+c*d,4,13,10,4,31,True,True,True
P1942,!a*!b*!c*!d+a*b*!c+a*!b*c+!a*b*c+c*d,4,16,14,4,38,True,True,True
P1943,a*b*!c+a*!b*c+!a*b*c+c*d,4,8,17,3,31,True,True,True
P1944,!b*!c*!d+!a*b*!d+a*b*d+a*!b*c+c*d,4,10,10,4,28,True,True,True
P1945,a*!b*!d+!a*b*!d+a*b*d+c*d,4,8,11,3,25,True,True,True
P1946,!a*!c*!d+a*b*d+a*!b*c+!a*b*c+c*d,4,12,13,4,33,True,True,True
P1947,!a*b*!d+a*b*d+a*!b*c+c*d,4,9,9,3,24,True,True,True
P1950,!a*!b*!c*!d+a*b*d+a*!b*c+!a*b*c+c*d,4,16,12,4,36,True,True,True
P1951,a*b*d+a*!b*c+!a*b*c+c*d,4,9,9,2,22,True,True,True
P1952,a*b*d+!c*!d+!a*!d+c*d,4,7,10,3,23,True,True,True
P1953,a*!c*!d+!a*b*!d+a*b*d+c*d+!a*c,4,17,11,4,36,True,True,True
P1954,a*b*!c+!a*!d+c*d,4,8,11,3,25,True,True,True
P1955,b*!c*!d+a*b*d+c*d+!a*c,4,11,9,3,26,True,True,True
P1956,!b*!c*!d+a*b*!c+c*d+!a*c,4,12,10,4,30,True,True,True
P1957,a*!c*!d+a*b*d+c*d+!a*c,4,7,11,3,24,True,True,True
P1958,!a*!b*!d+a*b*!c+c*d+!a*c,4,15,10,4,33,True,True,True
P1959,a*b*!c+c*d+!a*c,4,8,8,2,20,True,True,True
P1960,!b*!c*!d+a*b*d+!a*!d+c*d,4,8,9,4,25,True,True,True
P1961,a*!b*!c*!d+!a*b*!d+a*b*d+c*d+!a*c,4,13,18,4,39,True,True,True
P1962,a*b*d+!a*!d+c*d,4,6,6,2,16,True,True,True
P1963,!a*b*!d+a*b*d+c*d+!a*c,4,8,6,2,18,True,True,True
P1964,!b*!c*!d+a*b*d+c*d+!a*c,4,9,9,4,26,True,True,True
P1965,a*!b*!c*!d+a*b*d+c*d+!a*c,4,18,12,4,38,True,True,True
P1966,!a*!b*!d+a*b*d+c*d+!a*c,4,8,9,3,23,True,True,True
P1967,a*b*d+c*d+!a*c,4,6,5,1,13,True,True,True
P1968,!a*b*!d+a*b*d+!c*!d+c*d,4,11,11,4,30,True,True,True
P1969,a*!c*!d+!a*b*!d+a*b*d+c*d,4,10,15,3,31,True,True,True
P1970,!a*!c*!d+!a*b*!d+a*b*!c+c*d,4,11,10,3,27,True,True,True
P1971,b*!c*!d+!a*b*!d+a*b*d+c*d,4,19,9,3,34,True,True,True
P1972,!b*!c*!d+a*b*!c+!a*b*c+c*d,4,14,11,4,33,True,True,True
P1973,a*!c*!d+a*b*d+!a*b*c+c*d,4,7,9,3,22,True,True,True
P1974,!a*!b*!c*!d+a*b*!c+!a*b*c+c*d,4,14,13,4,35,True,True,True
P1975,a*b*!c+!a*b*c+c*d,4,9,7,2,20,True,True,True
P1976,!b*!c*!d+!a*b*!d+a*b*d+c*d,4,13,16,4,37,True,True,True
P1977,a*!b*!c*!d+!a*b*!d+a*b*d+c*d,4,9,11,4,28,True,True,True
P1978,!a*!c*!d+!a*b*!d+a*b*d+c*d,4,7,9,3,22,True,True,True
P1979,!a*b*!d+a*b*d+c*d,4,7,10,2,21,True,True,True
P1980,!b*!c*!d+a*b*d+!a*b*c+c*d,4,16,16,4,40,True,True,True
P1981,a*!b*!c*!d+a*b*d+!a*b*c+c*d,4,8,10,4,26,True,True,True
P1982,!a*!b*!c*!d+a*b*d+!a*b*c+c*d,4,10,14,4,32,True,True,True
P1983,a*b*d+!a*b*c+c*d,4,5,6,1,13,True,True,True
P2016,a*b*d+!a*!b*c+!c*!d+c*d,4,8,12,4,28,True,True,True
P2017,b*!c*!d+a*!c*!d+a*b*d+!a*!b*c+c*d,4,,17,,,False,True,False
P2018,!a*!c*!d+a*b*!c+!a*!b*c+c*d,4,10,8,4,26,True,True,True
P2019,b*!c*!d+a*b*d+!a*!b*c+c*d,4,13,9,4,30,True,True,True
P2022,!a*!b*!d+a*b*!c+c*d,4,8,11,4,27,True,True,True
P2023,a*b*!c+!a*!b*c+c*d,4,9,11,3,26,True,True,True
P2024,!b*!c*!d+!a*!c*!d+a*b*d+!a*!b*c+c*d,4,16,14,4,38,True,True,True
P2025,a*!b*!c*!d+!a*b*!c*!d+a*b*d+!a*!b*c+c*d,4,14,18,4,40,True,True,True
P2026,!a*!c*!d+a*b*d+!a*!b*c+c*d,4,10,11,4,29,True,True,True
P2027,!a*b*!c*!d+a*b*d+!a*!b*c+c*d,4,10,10,4,28,True,True,True
P2030,!a*!b*!d+a*b*d+c*d,4,10,11,3,27,True,True,True
P2031,a*b*d+!a*!b*c+c*d,4,8,8,2,20,True,True,True
P2032,a*b*d+!c*!d+c*d,4,8,10,3,24,True,True,True
P2033,b*!c*!d+a*!c*!d+a*b*d+c*d,4,9,9,2,22,True,True,True
P2034,!a*!c*!d+a*b*!c+c*d,4,8,11,3,25,True,True,True
P2035,b*!c*!d+a*b*d+c*d,4,9,8,2,21,True,True,True
P2038,!a*!b*!c*!d+a*b*!c+c*d,4,11,10,4,29,True,True,True
P2039,a*b*!c+c*d,4,6,5,1,13,True,True,True
P2040,!b*!c*!d+!a*!c*!d+a*b*d+c*d,4,11,9,4,28,True,True,True
P2041,a*!b*!c*!d+!a*b*!c*!d+a*b*d+c*d,4,17,11,4,36,True,True,True
P2042,!a*!c*!d+a*b*d+c*d,4,8,11,3,25,True,True,True
P2043,!a*b*!c*!d+a*b*d+c*d,4,14,12,3,32,True,True,True
P2046,!a*!b*!c*!d+a*b*d+c*d,4,15,13,4,36,True,True,True
P2047,a*b*d+c*d,4,4,4,0,8,True,True,True
P2176,!c*!d+c*d+!b+!a,4,6,6,4,20,True,True,True
P2177,a*!c*!d+c*d+!b*d+!b*c+!a*b,4,10,9,4,27,True,True,True
P2178,b*!c*!d+c*d+!b*d+!b*c+!a,4,9,8,4,25,True,True,True
P2179,b*!c*!d+c*d+!b*d+!b*c+!a*b,4,9,9,4,26,True,True,True
P2182,a*b*!c*!d+c*d+!b*d+!a*d+!b*c+!a*c+!a*!b,4,,11,,,False,True,False
P2183,a*b*!c*!d+c*d+!b*d+!a*d+!b*c+!a*c,4,,9,,,False,True,False
P2184,c*d+!b+!a,4,6,6,2,16,True,True,True
P2185,c*d+!b*d+!b*c+a*!b+!a*b,4,8,11,2,23,True,True,True
P2186,c*d+!b*d+!b*c+!a,4,6,7,2,17,True,True,True
P2187,c*d+!b*d+!b*c+!a*b,4,7,7,2,18,True,True,True
P2190,c*d+!b*d+!a*d+!b*c+!a*c+!a*!b,4,11,11,2,26,True,True,True
P2191,c*d+!b*d+!a*d+!b*c+!a*c,4,8,8,2,20,True,True,True
P2192,!c*!d+c*d+!b*d+a*!b+!a*b,4,9,9,4,26,True,True,True
P2193,b*!c*!d+c*d+!b*d+a*!b+!a*b,4,9,8,4,25,True,True,True
P2194,b*!c*!d+a*!b*c+c*d+!b*d+!a*!c+!a*b,4,,11,,,False,True,False
P2195,b*!c*!d+a*!b*c+c*d+!b*d+!a*b,4,10,9,4,27,True,True,True
P2198,a*b*!c*!d+!a*!b*!c+a*!b*c+!a*b*c+c*d+!b*d+!a*d,4,20,12,4,40,True,True,True
P2199,a*b*!c*!d+a*!b*c+!a*b*c+c*d+!b*d+!a*d,4,19,11,4,38,True,True,True
P2200,c*d+!b*!c+a*!b+!a*b,4,7,7,3,20,True,True,True
P2201,c*d+!b*d+a*!b+!a*b,4,8,7,2,19,True,True,True
P2202,a*!b*c+c*d+!b*d+!a*!c+!a*b,4,9,9,3,24,True,True,True
P2203,a*!b*c+c*d+!b*d+!a*b,4,9,9,2,22,True,True,True
P2206,!a*!b*!c+a*!b*c+!a*b*c+c*d+!b*d+!a*d,4,16,18,3,40,True,True,True
P2207,a*!b*c+!a*b*c+c*d+!b*d+!a*d,4,9,13,2,26,True,True,True
P2208,!c*!d+c*d+!b*d+!a,4,6,6,4,20,True,True,True
P2209,a*!c*!d+c*d+!b*d+!a*c+!a*b,4,10,9,4,27,True,True,True
P2210,b*!c*!d+c*d+!b*d+!a,4,7,7,4,22,True,True,True
P2211,b*!c*!d+c*d+!b*d+!a*d+!a*c,4,9,8,4,25,True,True,True
P2212,a*!c*!d+c*d+!a*d+!b*!c+!a*c,4,10,9,4,27,True,True,True
P2213,a*!c*!d+c*d+!b*d+!a*d+!a*c,4,9,8,4,25,True,True,True
P2214,a*b*!c*!d+c*d+!b*d+!a*d+!a*c+!a*!b,4,18,10,4,36,True,True,True
P2215,a*b*!c*!d+c*d+!b*d+!a*d+!a*c,4,12,14,4,34,True,True,True
P2216,c*d+!b*!c+!a,4,5,5,3,16,True,True,True
P2217,a*!b*!c+c*d+!b*d+!a*c+!a*b,4,8,8,3,22,True,True,True
P2218,c*d+!b*d+!a,4,5,4,2,13,True,True,True
P2219,c*d+!b*d+!a*c+!a*b,4,6,6,2,16,True,True,True
P2220,c*d+!a*d+!b*!c+!a*c,4,7,7,3,20,True,True,True
P2221,a*!b*!c+c*d+!a*d+!a*c,4,8,7,3,21,True,True,True
P2222,c*d+!b*d+!a*d+!a*c+!a*!b,4,8,7,2,19,True,True,True
P2223,c*d+!b*d+!a*d+!a*c,4,6,7,2,17,True,True,True
P2224,!c*!d+c*d+!b*d+!a*b,4,7,9,4,24,True,True,True
P2225,a*!c*!d+c*d+!b*d+!a*b,4,9,8,4,25,True,True,True
P2226,b*!c*!d+c*d+!b*d+!a*!c+!a*b,4,10,9,4,27,True,True,True
P2227,b*!c*!d+c*d+!b*d+!a*b,4,9,7,4,24,True,True,True
P2228,a*!c*!d+!a*b*c+c*d+!a*d+!b*!c,4,14,10,4,32,True,True,True
P2229,a*!c*!d+!a*b*c+c*d+!b*d+!a*d,4,13,10,4,31,True,True,True
P2230,a*b*!c*!d+!a*!b*!c+!a*b*c+c*d+!b*d+!a*d,4,,13,,,False,True,False
P2231,a*b*!c*!d+!a*b*c+c*d+!b*d+!a*d,4,,11,,,False,True,False
P2232,c*d+!b*!c+!a*b,4,6,7,3,19,True,True,True
P2233,a*!b*!c+c*d+!b*d+!a*b,4,9,7,3,22,True,True,True
P2234,c*d+!b*d+!a*!c+!a*b,4,6,6,3,18,True,True,True
P2235,c*d+!b*d+!a*b,4,5,5,2,14,True,True,True
P2236,!a*b*c+c*d+!a*d+!b*!c,4,9,8,3,23,True,True,True
P2237,a*!b*!c+!a*b*c+c*d+!a*d,4,9,8,3,23,True,True,True
P2238,!a*!b*!c+!a*b*c+c*d+!b*d+!a*d,4,9,10,3,25,True,True,True
P2239,!a*b*c+c*d+!b*d+!a*d,4,8,7,2,19,True,True,True
P2272,!c*!d+c*d+!b*d+!a*d+!a*!b,4,9,9,4,26,True,True,True
P2273,a*!c*!d+!a*b*!c+!a*!b*c+c*d+!b*d,4,10,11,4,29,True,True,True
P2274,b*!c*!d+c*d+!b*d+!a*d+!a*!b,4,11,8,4,27,True,True,True
P2275,b*!c*!d+!a*!b*c+c*d+!b*d+!a*d,4,13,11,4,32,True,True,True
P2278,a*b*!c*!d+c*d+!b*d+!a*d+!a*!b,4,10,9,4,27,True,True,True
P2279,a*b*!c*!d+!a*!b*c+c*d+!b*d+!a*d,4,15,10,4,33,True,True,True
P2280,c*d+!b*!c+!a*!c+!a*!b,4,7,8,3,21,True,True,True
P2281,a*!b*!c+!a*b*!c+!a*!b*c+c*d+!b*d,4,12,11,3,29,True,True,True
P2282,c*d+!b*d+!a*!c+!a*!b,4,6,6,3,18,True,True,True
P2283,!a*b*!c+!a*!b*c+c*d+!b*d,4,12,7,3,25,True,True,True
P2286,c*d+!b*d+!a*d+!a*!b,4,6,6,2,16,True,True,True
P2287,!a*!b*c+c*d+!b*d+!a*d,4,5,5,2,14,True,True,True
P2288,!c*!d+c*d+!b*d+!a*d,4,8,8,4,24,True,True,True
P2289,a*!c*!d+!a*b*!c+c*d+!b*d,4,10,10,4,28,True,True,True
P2290,b*!c*!d+c*d+!b*d+!a*!c,4,9,7,4,24,True,True,True
P2291,b*!c*!d+c*d+!b*d+!a*d,4,7,7,4,22,True,True,True
P2294,a*b*!c*!d+!a*!b*!c+c*d+!b*d+!a*d,4,17,9,4,34,True,True,True
P2295,a*b*!c*!d+c*d+!b*d+!a*d,4,9,8,4,25,True,True,True
P2296,c*d+!b*!c+!a*!c,4,6,5,3,17,True,True,True
P2297,a*!b*!c+!a*b*!c+c*d+!b*d,4,9,10,3,25,True,True,True
P2298,c*d+!b*d+!a*!c,4,5,5,3,16,True,True,True
P2299,!a*b*!c+c*d+!b*d,4,7,8,3,21,True,True,True
P2302,!a*!b*!c+c*d+!b*d+!a*d,4,8,10,3,24,True,True,True
P2303,c*d+!b*d+!a*d,4,4,4,2,12,True,True,True
P2448,!c*!d+c*d+a*!b+!a*b,4,10,10,4,28,True,True,True
P2449,b*!c*!d+c*d+a*!b+!a*b,4,9,12,4,29,True,True,True
P2450,b*!c*!d+!a*!c*!d+a*!b*d+a*!b*c+c*d+!a*b,4,16,13,4,37,True,True,True
P2451,b*!c*!d+a*!b*d+a*!b*c+c*d+!a*b,4,17,14,4,39,True,True,True
P2454,!a*!b*!c*!d+a*b*!c*!d+a*!b*d+!a*b*d+a*!b*c+!a*b*c+c*d,4,,16,,,False,True,False
P2455,a*b*!c*!d+a*!b*d+!a*b*d+a*!b*c+!a*b*c+c*d,4,,,,,False,False,False
P2456,!b*!c*!d+c*d+a*!b+!a*b,4,8,11,4,27,True,True,True
P2457,c*d+a*!b+!a*b,4,6,8,2,18,True,True,True
P2458,!a*!c*!d+a*!b*d+a*!b*c+c*d+!a*b,4,11,11,4,30,True,True,True
P2459,a*!b*d+a*!b*c+c*d+!a*b,4,17,11,3,34,True,True,True
P2462,!a*!b*!c*!d+a*!b*d+!a*b*d+a*!b*c+!a*b*c+c*d,4,,,,,False,False,False
P2463,a*!b*d+!a*b*d+a*!b*c+!a*b*c+c*d,4,13,15,3,34,True,True,True
P2464,a*!b*d+!c*!d+!a*!d+c*d+!a*b,4,9,8,4,25,True,True,True
P2465,a*!c*!d+a*!b*d+c*d+!a*c+!a*b,4,12,11,4,31,True,True,True
P2466,b*!c*!d+a*!b*d+!a*!d+c*d+!a*b,4,12,9,4,29,True,True,True
P2467,b*!c*!d+a*!b*d+c*d+!a*c+!a*b,4,14,10,4,32,True,True,True
P2468,a*!c*!d+!a*!b*!d+a*!b*d+!a*b*d+c*d+!a*c,4,18,10,4,36,True,True,True
P2469,a*!c*!d+a*!b*d+!a*b*d+c*d+!a*c,4,18,10,4,36,True,True,True
P2470,a*b*!c*!d+!a*!b*!d+a*!b*d+!a*b*d+c*d+!a*c,4,,20,,,False,True,False
P2471,a*b*!c*!d+a*!b*d+!a*b*d+c*d+!a*c,4,14,12,4,34,True,True,True
P2472,a*!b*!c+!a*!d+c*d+!a*b,4,11,9,4,28,True,True,True
P2473,a*!b*!c+c*d+!a*c+!a*b,4,10,8,3,24,True,True,True
P2474,a*!b*d+!a*!d+c*d+!a*b,4,7,7,3,20,True,True,True
P2475,a*!b*d+c*d+!a*c+!a*b,4,7,6,2,17,True,True,True
P2476,!b*!c*!d+a*!b*d+!a*b*d+c*d+!a*c,4,17,11,4,36,True,True,True
P2477,!a*b*d+a*!b*!c+c*d+!a*c,4,14,9,3,29,True,True,True
P2478,!a*!b*!d+a*!b*d+!a*b*d+c*d+!a*c,4,10,13,3,29,True,True,True
P2479,a*!b*d+!a*b*d+c*d+!a*c,4,8,9,2,21,True,True,True
P2480,a*!b*d+!c*!d+c*d+!a*b,4,8,10,4,26,True,True,True
P2481,a*!c*!d+a*!b*d+c*d+!a*b,4,12,10,4,30,True,True,True
P2482,b*!c*!d+!a*!c*!d+a*!b*d+c*d+!a*b,4,13,14,4,35,True,True,True
P2483,b*!c*!d+a*!b*d+c*d+!a*b,4,9,10,4,27,True,True,True
P2484,!b*!c*!d+a*!c*!d+a*!b*d+!a*b*d+!a*b*c+c*d,4,,18,,,False,True,False
P2485,a*!c*!d+a*!b*d+!a*b*d+!a*b*c+c*d,4,12,12,4,32,True,True,True
P2486,!a*!b*!c*!d+a*b*!c*!d+a*!b*d+!a*b*d+!a*b*c+c*d,4,17,18,4,43,True,True,True
P2487,a*b*!c*!d+a*!b*d+!a*b*d+!a*b*c+c*d,4,,20,,,False,True,False
P2488,!b*!c*!d+a*!b*d+c*d+!a*b,4,10,14,4,32,True,True,True
P2489,a*!b*!c+c*d+!a*b,4,10,8,3,24,True,True,True
P2490,!a*!c*!d+a*!b*d+c*d+!a*b,4,8,8,4,24,True,True,True
P2491,a*!b*d+c*d+!a*b,4,6,8,2,18,True,True,True
P2492,!b*!c*!d+a*!b*d+!a*b*d+!a*b*c+c*d,4,,16,,,False,True,False
P2493,!a*b*d+a*!b*!c+!a*b*c+c*d,4,12,12,3,30,True,True,True
P2494,!a*!b*!c*!d+a*!b*d+!a*b*d+!a*b*c+c*d,4,18,12,4,38,True,True,True
P2495,a*!b*d+!a*b*d+!a*b*c+c*d,4,10,9,2,23,True,True,True
P2528,!a*!b*!d+a*!b*d+!a*b*d+!c*!d+c*d,4,11,11,4,30,True,True,True
P2529,a*!c*!d+a*!b*d+!a*b*!c+!a*!b*c+c*d,4,18,12,4,38,True,True,True
P2530,b*!c*!d+!a*!b*!d+a*!b*d+!a*b*d+c*d,4,18,10,4,36,True,True,True
P2531,b*!c*!d+a*!b*d+!a*b*d+!a*!b*c+c*d,4,,18,,,False,True,False
P2534,a*b*!c*!d+!a*!b*!d+a*!b*d+!a*b*d+c*d,4,14,11,4,33,True,True,True
P2535,a*b*!c*!d+a*!b*d+!a*b*d+!a*!b*c+c*d,4,17,11,4,36,True,True,True
P2536,!b*!c*!d+!a*!b*!d+a*!b*d+!a*b*!c+c*d,4,12,11,4,31,True,True,True
P2537,a*!b*!c+!a*b*!c+!a*!b*c+c*d,4,11,11,3,28,True,True,True
P2538,!a*!c*!d+!a*!b*!d+a*!b*d+!a*b*d+c*d,4,11,9,4,28,True,True,True
P2539,a*!b*d+!a*b*!c+!a*!b*c+c*d,4,9,7,3,22,True,True,True
P2542,!a*!b*!d+a*!b*d+!a*b*d+c*d,4,8,11,3,25,True,True,True
P2543,a*!b*d+!a*b*d+!a*!b*c+c*d,4,8,9,2,21,True,True,True
P2544,a*!b*d+!a*b*d+!c*!d+c*d,4,10,9,4,27,True,True,True
P2545,a*!c*!d+a*!b*d+!a*b*!c+c*d,4,14,10,4,32,True,True,True
P2546,b*!c*!d+!a*!c*!d+a*!b*d+!a*b*d+c*d,4,10,,,,True,False,False
P2547,b*!c*!d+a*!b*d+!a*b*d+c*d,4,13,11,4,32,True,True,True
P2550,!a*!b*!c*!d+a*b*!c*!d+a*!b*d+!a*b*d+c*d,4,19,19,4,46,True,True,True
P2551,a*b*!c*!d+a*!b*d+!a*b*d+c*d,4,9,18,4,35,True,True,True
P2552,!b*!c*!d+a*!b*d+!a*b*!c+c*d,4,13,10,4,31,True,True,True
P2553,a*!b*!c+!a*b*!c+c*d,4,9,9,3,24,True,True,True
P2554,!a*!c*!d+a*!b*d+!a*b*d+c*d,4,8,15,4,31,True,True,True
P2555,a*!b*d+!a*b*!c+c*d,4,8,10,3,24,True,True,True
P2558,!a*!b*!c*!d+a*!b*d+!a*b*d+c*d,4,9,18,4,35,True,True,True
P2559,a*!b*d+!a*b*d+c*d,4,6,6,2,16,True,True,True
P2720,!c*!d+c*d+!a,3,13,5,3,24,True,True,True
P2721,a*!c*!d+c*d+!a*d+!a*c+!a*b,4,9,8,3,23,True,True,True
P2722,b*!c*!d+c*d+!a,4,6,6,3,18,True,True,True
P2723,b*!c*!d+c*d+!a*d+!a*c,4,10,7,3,23,True,True,True
P2724,a*!c*!d+c*d+!a*d+!a*c+!a*!b,4,9,8,4,25,True,True,True
P2725,a*!c*!d+c*d+!a*d+!a*c,3,8,7,3,21,True,True,True
P2726,a*b*!c*!d+c*d+!a*d+!a*c+!a*!b,4,10,9,4,27,True,True,True
P2727,a*b*!c*!d+c*d+!a*d+!a*c,4,9,9,3,24,True,True,True
P2728,!b*!c*!d+c*d+!a,4,9,6,4,23,True,True,True
P2729,a*!b*!c*!d+c*d+!a*d+!a*c+!a*b,4,10,9,4,27,True,True,True
P2730,c*d+!a,3,3,3,1,8,True,True,True
P2731,c*d+!a*d+!a*c+!a*b,4,6,6,1,14,True,True,True
P2732,!b*!c*!d+c*d+!a*d+!a*c,4,8,7,4,23,True,True,True
P2733,a*!b*!c*!d+c*d+!a*d+!a*c,4,9,15,4,32,True,True,True
P2734,c*d+!a*d+!a*c+!a*!b,4,6,6,2,16,True,True,True
P2735,c*d+!a*d+!a*c,3,5,5,1,12,True,True,True
P2736,!c*!d+c*d+!a*d+!a*b,4,7,7,3,20,True,True,True
P2737,a*!c*!d+c*d+!a*d+!a*b,4,9,7,3,22,True,True,True
P2738,b*!c*!d+c*d+!a*!c+!a*b,4,10,8,3,24,True,True,True
P2739,b*!c*!d+c*d+!a*d+!a*b,4,9,6,3,21,True,True,True
P2740,a*!c*!d+!a*!b*!c+!a*b*c+c*d+!a*d,4,13,11,4,32,True,True,True
P2741,a*!c*!d+!a*b*c+c*d+!a*d,4,12,9,3,27,True,True,True
P2742,a*b*!c*!d+!a*!b*!c+!a*b*c+c*d+!a*d,4,12,12,4,32,True,True,True
P2743,a*b*!c*!d+!a*b*c+c*d+!a*d,4,12,8,3,26,True,True,True
P2744,!b*!c*!d+c*d+!a*d+!a*b,4,8,7,4,23,True,True,True
P2745,a*!b*!c*!d+c*d+!a*d+!a*b,4,9,8,4,25,True,True,True
P2746,c*d+!a*!c+!a*b,4,5,5,2,14,True,True,True
P2747,c*d+!a*d+!a*b,4,5,5,1,12,True,True,True
P2748,!b*!c*!d+!a*b*c+c*d+!a*d,4,12,9,4,29,True,True,True
P2749,a*!b*!c*!d+!a*b*c+c*d+!a*d,4,10,11,4,29,True,True,True
P2750,!a*!b*!c+!a*b*c+c*d+!a*d,4,8,8,3,22,True,True,True
P2751,!a*b*c+c*d+!a*d,4,6,6,1,14,True,True,True
P2752,!c*!d+!b*!d+c*d+!a*d,4,6,10,4,24,True,True,True
P2753,a*!c*!d+!a*b*!c+c*d+!a*d+!b*c,4,11,10,4,29,True,True,True
P2754,b*!c*!d+c*d+!a*!c+!b*c,4,9,8,4,25,True,True,True
P2755,b*!c*!d+c*d+!a*d+!b*c,4,8,14,4,30,True,True,True
P2758,a*b*!c*!d+c*d+!a*d+!b*c+!a*!b,4,14,9,4,31,True,True,True
P2759,a*b*!c*!d+c*d+!a*d+!b*c,4,13,9,4,30,True,True,True
P2760,!b*!d+c*d+!a*!c,4,7,7,4,22,True,True,True
P2761,a*!b*!d+!a*b*!c+c*d+!a*d+!b*c,4,10,10,4,28,True,True,True
P2762,c*d+!a*!c+!b*c,4,7,6,3,19,True,True,True
P2763,!a*b*!c+c*d+!a*d+!b*c,4,8,7,3,21,True,True,True
P2766,c*d+!a*d+!b*c+!a*!b,4,5,4,2,13,True,True,True
P2767,c*d+!a*d+!b*c,4,5,5,2,14,True,True,True
P2768,a*!b*c+!c*!d+c*d+!a*d,4,7,8,4,23,True,True,True
P2769,a*!c*!d+!a*b*!c+a*!b*c+c*d+!a*d,4,10,11,4,29,True,True,True
P2770,b*!c*!d+a*!b*c+c*d+!a*!c,4,14,9,4,31,True,True,True
P2771,b*!c*!d+a*!b*c+c*d+!a*d,4,12,16,4,36,True,True,True
P2772,a*!c*!d+!a*!b*!c+a*!b*c+c*d+!a*d,4,12,11,4,31,True,True,True
P2773,a*!c*!d+a*!b*c+c*d+!a*d,4,11,9,4,28,True,True,True
P2774,a*b*!c*!d+!a*!b*!c+a*!b*c+c*d+!a*d,4,19,11,4,38,True,True,True
P2775,a*b*!c*!d+a*!b*c+c*d+!a*d,4,17,12,4,37,True,True,True
P2776,a*!b*!d+c*d+!a*!c,4,9,7,4,24,True,True,True
P2777,a*!b*!d+!a*b*!c+c*d+!a*d,4,8,9,4,25,True,True,True
P2778,a*!b*c+c*d+!a*!c,4,9,6,3,21,True,True,True
P2779,!a*b*!c+a*!b*c+c*d+!a*d,4,8,8,3,22,True,True,True
P2780,!b*!c*!d+a*!b*c+c*d+!a*d,4,8,7,4,23,True,True,True
P2781,a*!b*!d+c*d+!a*d,4,6,9,3,21,True,True,True
P2782,!a*!b*!c+a*!b*c+c*d+!a*d,4,9,6,3,21,True,True,True
P2783,a*!b*c+c*d+!a*d,4,7,5,2,16,True,True,True
P2784,!c*!d+c*d+!a*d+!a*!b,4,7,7,4,22,True,True,True
P2785,a*!c*!d+!a*b*!c+!a*!b*c+c*d+!a*d,4,14,11,4,33,True,True,True
P2786,b*!c*!d+c*d+!a*d+!a*!b,4,8,7,4,23,True,True,True
P2787,b*!c*!d+!a*!b*c+c*d+!a*d,4,12,9,4,29,True,True,True
P2788,a*!c*!d+c*d+!a*d+!a*!b,4,10,9,4,27,True,True,True
P2789,a*!c*!d+!a*!b*c+c*d+!a*d,4,12,9,4,29,True,True,True
P2790,a*b*!c*!d+c*d+!a*d+!a*!b,4,18,8,4,34,True,True,True
P2791,a*b*!c*!d+!a*!b*c+c*d+!a*d,4,14,14,4,36,True,True,True
P2792,!b*!c*!d+c*d+!a*!c+!a*!b,4,8,8,4,24,True,True,True
P2793,a*!b*!c*!d+!a*b*!c+!a*!b*c+c*d+!a*d,4,17,11,4,36,True,True,True
P2794,c*d+!a*!c+!a*!b,4,5,5,3,16,True,True,True
P2795,!a*b*!c+!a*!b*c+c*d+!a*d,4,8,8,3,22,True,True,True
P2796,!b*!c*!d+c*d+!a*d+!a*!b,4,9,6,4,23,True,True,True
P2797,a*!b*!c*!d+!a*!b*c+c*d+!a*d,4,13,8,4,29,True,True,True
P2798,c*d+!a*d+!a*!b,4,5,5,2,14,True,True,True
P2799,!a*!b*c+c*d+!a*d,4,6,6,2,16,True,True,True
P2800,!c*!d+c*d+!a*d,3,13,6,3,25,True,True,True
P2801,a*!c*!d+!a*b*!c+c*d+!a*d,4,9,7,3,22,True,True,True
P2802,b*!c*!d+c*d+!a*!c,4,9,6,3,21,True,True,True
P2803,b*!c*!d+c*d+!a*d,4,6,6,3,18,True,True,True
P2804,a*!c*!d+!a*!b*!c+c*d+!a*d,4,10,8,4,26,True,True,True
P2805,a*!c*!d+c*d+!a*d,3,8,7,3,21,True,True,True
P2806,a*b*!c*!d+!a*!b*!c+c*d+!a*d,4,8,8,4,24,True,True,True
P2807,a*b*!c*!d+c*d+!a*d,4,7,10,3,23,True,True,True
P2808,!b*!c*!d+c*d+!a*!c,4,7,6,4,21,True,True,True
P2809,a*!b*!c*!d+!a*b*!c+c*d+!a*d,4,17,8,4,33,True,True,True
P2810,c*d+!a*!c,3,4,4,2,12,True,True,True
P2811,!a*b*!c+c*d+!a*d,4,5,5,2,14,True,True,True
P2812,!b*!c*!d+c*d+!a*d,4,7,8,4,23,True,True,True
P2813,a*!b*!c*!d+c*d+!a*d,4,11,7,4,26,True,True,True
P2814,!a*!b*!c+c*d+!a*d,4,5,5,3,16,True,True,True
P2815,c*d+!a*d,3,3,3,1,8,True,True,True
P2992,!c*!d+c*d+!a*b,4,7,9,3,22,True,True,True
P2993,a*!c*!d+c*d+!a*b,4,8,9,3,23,True,True,True
P2994,b*!c*!d+!a*!c*!d+c*d+!a*b,4,11,8,3,25,True,True,True
P2995,b*!c*!d+c*d+!a*b,4,10,7,3,23,True,True,True
P2996,!b*!c*!d+a*!c*!d+!a*b*d+!a*b*c+c*d,4,17,14,4,39,True,True,True
P2997,a*!c*!d+!a*b*d+!a*b*c+c*d,4,15,11,3,32,True,True,True
P2998,!a*!b*!c*!d+a*b*!c*!d+!a*b*d+!a*b*c+c*d,4,12,16,4,36,True,True,True
P2999,a*b*!c*!d+!a*b*d+!a*b*c+c*d,4,12,9,3,27,True,True,True
P3000,!b*!c*!d+c*d+!a*b,4,7,8,4,23,True,True,True
P3001,a*!b*!c*!d+c*d+!a*b,4,12,10,4,30,True,True,True
P3002,!a*!c*!d+c*d+!a*b,4,8,7,3,21,True,True,True
P3003,c*d+!a*b,4,4,4,1,10,True,True,True
P3004,!b*!c*!d+!a*b*d+!a*b*c+c*d,4,16,10,4,34,True,True,True
P3005,a*!b*!c*!d+!a*b*d+!a*b*c+c*d,4,18,9,4,35,True,True,True
P3006,!a*!b*!c*!d+!a*b*d+!a*b*c+c*d,4,15,9,4,32,True,True,True
P3007,!a*b*d+!a*b*c+c*d,4,9,7,1,18,True,True,True
P3024,!a*b*d+a*!b*c+!c*!d+c*d,4,11,10,4,29,True,True,True
P3025,a*!c*!d+!a*b*!c+a*!b*c+c*d,4,12,10,4,30,True,True,True
P3026,b*!c*!d+!a*!c*!d+!a*b*d+a*!b*c+c*d,4,13,16,4,37,True,True,True
P3027,b*!c*!d+!a*b*d+a*!b*c+c*d,4,15,11,4,34,True,True,True
P3030,!a*!b*!c*!d+a*b*!c*!d+!a*b*d+a*!b*c+c*d,4,20,,,,True,False,False
P3031,a*b*!c*!d+!a*b*d+a*!b*c+c*d,4,17,13,4,38,True,True,True
P3032,!b*!c*!d+!a*b*!c+a*!b*c+c*d,4,10,10,4,28,True,True,True
P3033,a*!b*!d+!a*b*!c+c*d,4,11,10,4,29,True,True,True
P3034,!a*!c*!d+!a*b*d+a*!b*c+c*d,4,11,9,4,28,True,True,True
P3035,!a*b*!c+a*!b*c+c*d,4,9,7,3,22,True,True,True
P3038,!a*!b*!c*!d+!a*b*d+a*!b*c+c*d,4,9,10,4,27,True,True,True
P3039,!a*b*d+a*!b*c+c*d,4,10,9,2,23,True,True,True
P3040,!a*!b*!d+!a*b*d+!c*!d+c*d,4,7,9,4,24,True,True,True
P3041,a*!c*!d+!a*b*!c+!a*!b*c+c*d,4,10,9,4,27,True,True,True
P3042,b*!c*!d+!a*!b*!d+!a*b*d+c*d,4,8,13,4,29,True,True,True
P3043,b*!c*!d+!a*b*d+!a*!b*c+c*d,4,10,11,4,29,True,True,True
P3044,a*!c*!d+!a*!b*!d+!a*b*d+c*d,4,8,9,4,25,True,True,True
P3045,a*!c*!d+!a*b*d+!a*!b*c+c*d,4,9,10,4,27,True,True,True
P3046,a*b*!c*!d+!a*!b*!d+!a*b*d+c*d,4,9,11,4,28,True,True,True
P3047,a*b*!c*!d+!a*b*d+!a*!b*c+c*d,4,14,12,4,34,True,True,True
P3048,!b*!c*!d+!a*!b*!d+!a*b*!c+c*d,4,11,11,4,30,True,True,True
P3049,a*!b*!c*!d+!a*b*!c+!a*!b*c+c*d,4,16,16,4,40,True,True,True
P3050,!a*!c*!d+!a*!b*!d+!a*b*d+c*d,4,14,7,4,29,True,True,True
P3051,!a*b*!c+!a*!b*c+c*d,4,6,9,3,21,True,True,True
P3052,!b*!c*!d+!a*!b*!d+!a*b*d+c*d,4,8,11,4,27,True,True,True
P3053,a*!b*!c*!d+!a*b*d+!a*!b*c+c*d,4,12,9,4,29,True,True,True
P3054,!a*!b*!d+!a*b*d+c*d,4,6,8,3,20,True,True,True
P3055,!a*b*d+!a*!b*c+c*d,4,7,7,2,18,True,True,True
P3056,!a*b*d+!c*!d+c*d,4,7,9,3,22,True,True,True
P3057,a*!c*!d+!a*b*!c+c*d,4,7,10,3,23,True,True,True
P3058,b*!c*!d+!a*!c*!d+!a*b*d+c*d,4,9,9,3,24,True,True,True
P3059,b*!c*!d+!a*b*d+c*d,4,6,9,3,21,True,True,True
P3060,!b*!c*!d+a*!c*!d+!a*b*d+c*d,4,9,9,4,26,True,True,True
P3061,a*!c*!d+!a*b*d+c*d,4,7,9,3,22,True,True,True
P3062,!a*!b*!c*!d+a*b*!c*!d+!a*b*d+c*d,4,13,16,4,37,True,True,True
P3063,a*b*!c*!d+!a*b*d+c*d,4,20,7,3,33,True,True,True
P3064,!b*!c*!d+!a*b*!c+c*d,4,10,10,4,28,True,True,True
P3065,a*!b*!c*!d+!a*b*!c+c*d,4,10,10,4,28,True,True,True
P3066,!a*!c*!d+!a*b*d+c*d,4,6,9,3,21,True,True,True
P3067,!a*b*!c+c*d,4,6,6,2,16,True,True,True
P3068,!b*!c*!d+!a*b*d+c*d,4,7,9,4,24,True,True,True
P3069,a*!b*!c*!d+!a*b*d+c*d,4,8,12,4,28,True,True,True
P3070,!a*!b*!c*!d+!a*b*d+c*d,4,7,7,4,22,True,True,True
P3071,!a*b*d+c*d,4,4,5,1,11,True,True,True
P3808,!c*!d+c*d+!a*!b,4,6,9,4,23,True,True,True
P3809,b*!c*!d+a*!c*!d+!a*!b*d+!a*!b*c+c*d,4,20,17,4,45,True,True,True
P3810,b*!c*!d+c*d+!a*!b,4,10,8,4,26,True,True,True
P3811,b*!c*!d+!a*!b*d+!a*!b*c+c*d,4,15,15,4,38,True,True,True
P3814,a*b*!c*!d+c*d+!a*!b,4,12,10,4,30,True,True,True
P3815,a*b*!c*!d+!a*!b*d+!a*!b*c+c*d,4,13,13,4,34,True,True,True
P3816,!b*!c*!d+!a*!c*!d+c*d+!a*!b,4,12,13,4,33,True,True,True
P3817,a*!b*!c*!d+!a*b*!c*!d+!a*!b*d+!a*!b*c+c*d,4,,17,,,False,True,False
P3818,!a*!c*!d+c*d+!a*!b,4,11,6,4,25,True,True,True
P3819,!a*b*!c*!d+!a*!b*d+!a*!b*c+c*d,4,10,12,4,30,True,True,True
P3822,c*d+!a*!b,4,4,4,2,12,True,True,True
P3823,!a*!b*d+!a*!b*c+c*d,4,10,6,2,20,True,True,True
P3824,!a*!b*d+!c*!d+c*d,4,7,6,4,21,True,True,True
P3825,b*!c*!d+a*!c*!d+!a*!b*d+c*d,4,11,9,4,28,True,True,True
P3826,b*!c*!d+!a*!b*!c+c*d,4,9,10,4,27,True,True,True
P3827,b*!c*!d+!a*!b*d+c*d,4,8,9,4,25,True,True,True
P3830,a*b*!c*!d+!a*!b*!c+c*d,4,11,10,4,29,True,True,True
P3831,a*b*!c*!d+!a*!b*d+c*d,4,10,11,4,29,True,True,True
P3832,!b*!c*!d+!a*!c*!d+!a*!b*d+c*d,4,14,9,4,31,True,True,True
P3833,a*!b*!c*!d+!a*b*!c*!d+!a*!b*d+c*d,4,11,11,4,30,True,True,True
P3834,!a*!c*!d+!a*!b*d+c*d,4,6,7,4,21,True,True,True
P3835,!a*b*!c*!d+!a*!b*d+c*d,4,7,10,4,25,True,True,True
P3838,!a*!b*!c+c*d,4,6,6,3,18,True,True,True
P3839,!a*!b*d+c*d,4,4,5,2,13,True,True,True
P4080,!c*!d+c*d,2,20,15,4,43,True,True,True
P4081,b*!c*!d+a*!c*!d+c*d,4,11,11,3,28,True,True,True
P4082,b*!c*!d+!a*!c*!d+c*d,4,9,7,3,22,True,True,True
P4083,b*!c*!d+c*d,3,13,,,,True,False,False
P4086,!a*!b*!c*!d+a*b*!c*!d+c*d,4,9,10,4,27,True,True,True
P4087,a*b*!c*!d+c*d,4,8,6,2,18,True,True,True
P4088,!b*!c*!d+!a*!c*!d+c*d,4,11,6,4,25,True,True,True
P4089,a*!b*!c*!d+!a*b*!c*!d+c*d,4,10,10,4,28,True,True,True
P4090,!a*!c*!d+c*d,3,6,8,3,20,True,True,True
P4091,!a*b*!c*!d+c*d,4,8,7,3,21,True,True,True
P4094,!a*!b*!c*!d+c*d,4,8,8,4,24,True,True,True
P4095,c*d,2,,12,,,False,True,False
P5736,!b*!c*!d+!a*!c*!d+!a*!b*!d+b*c*d+a*c*d+a*b*d+!a*!b*!c+a*b*c,4,,,,,False,False,False
P5737,a*!b*!c*!d+!a*b*!c*!d+!a*!b*c*!d+!a*!b*!c*d+b*c*d+a*c*d+a*b*d+a*b*c,4,,,,,False,False,False
P5738,!a*!c*!d+!a*!b*!d+b*c*d+a*c*d+a*b*d+!a*!b*!c+a*b*c,4,19,,,,True,False,False
P5739,!a*b*!c*!d+!a*!b*c*!d+!a*!b*!c*d+b*c*d+a*c*d+a*b*d+a*b*c,4,,,,,False,False,False
P5742,!a*!b*!d+b*c*d+a*c*d+a*b*d+!a*!b*!c+a*b*c,4,17,13,4,38,True,True,True
P5743,!a*!b*c*!d+!a*!b*!c*d+b*c*d+a*c*d+a*b*d+a*b*c,4,,,,,False,False,False
P5758,b*c*d+a*c*d+a*b*d+!a*!b*!c+a*b*c,4,16,18,4,42,True,True,True
P5759,!a*!b*!c*d+b*c*d+a*c*d+a*b*d+a*b*c,4,19,16,3,41,True,True,True
P5760,a*b*d+!a*!b*!c+a*!b*c+!a*b*c+!c*!d+!b*!d,4,12,11,4,31,True,True,True
P5761,!a*!b*!c*d+a*!c*!d+!b*c*!d+!a*b*!d+b*c*d+a*c*d+a*b*d,4,,12,,,False,True,False
P5762,b*c*d+!a*!b*!c+a*b*!c+a*!b*c+!a*!d,4,11,20,4,39,True,True,True
P5763,!a*!b*!c*d+b*!c*!d+!b*c*!d+a*c*d+a*b*d+!a*b*c,4,,16,,,False,True,False
P5766,!b*c*!d+a*c*d+!a*!b*!c+a*b*!c+!a*b*c,4,17,17,4,42,True,True,True
P5767,!a*!b*!c*d+!b*c*!d+a*c*d+a*b*!c+!a*b*c,4,,19,,,False,True,False
P5768,b*c*d+a*c*d+a*b*d+!a*!b*!c+!b*!d+!a*!d,4,16,15,4,39,True,True,True
P5769,!a*!b*!c*d+!b*c*!d+a*!b*!d+!a*b*!d+b*c*d+a*c*d+a*b*d,4,,,,,False,False,False
P5770,b*c*d+a*b*d+!a*!b*!c+a*!b*c+!a*!d,4,16,16,4,40,True,True,True
P5771,!a*!b*!c*d+!b*c*!d+!a*b*!d+b*c*d+a*c*d+a*b*d,4,,18,,,False,True,False
P5774,!b*c*!d+a*c*d+a*b*d+!a*!b*!c+!a*b*c,4,14,12,4,34,True,True,True
P5775,!a*!b*!c*d+!b*c*!d+a*c*d+a*b*d+!a*b*c,4,16,12,4,36,True,True,True
P5782,b*c*d+!a*!b*!c+a*b*!c+a*!b*c+!a*b*c,4,15,13,4,36,True,True,True
P5783,!a*!b*!c*d+b*c*d+a*b*!c+a*!b*c+!a*b*c,4,19,14,4,41,True,True,True
P5784,!b*!c*!d+!a*b*!d+b*c*d+a*b*d+!a*!b*!c+a*!b*c,4,16,18,4,42,True,True,True
P5785,!a*!b*!c*d+a*!b*!d+!a*b*!d+b*c*d+a*c*d+a*b*d,4,18,20,4,46,True,True,True
P5786,!a*!c*!d+a*b*d+!a*!b*!c+a*!b*c+!a*b*c,4,17,12,4,37,True,True,True
P5787,!a*!b*!c*d+!a*b*!d+b*c*d+a*b*d+a*!b*c,4,12,16,4,36,True,True,True
P5790,a*b*d+!a*!b*!c+a*!b*c+!a*b*c,4,17,16,4,41,True,True,True
P5791,!a*!b*!c*d+a*b*d+a*!b*c+!a*b*c,4,9,10,3,25,True,True,True
P5800,!b*!c*!d+b*c*d+a*c*d+a*b*d+!a*!b*!c+!a*!d,4,,11,,,False,True,False
P5801,a*!b*!c*!d+!a*!b*!c*d+!a*c*!d+!a*b*!d+b*c*d+a*c*d+a*b*d,4,,17,,,False,True,False
P5802,b*c*d+a*c*d+a*b*d+!a*!b*!c+!a*!d,4,15,14,4,37,True,True,True
P5803,!a*!b*!c*d+!a*c*!d+!a*b*!d+b*c*d+a*c*d+a*b*d,4,12,,,,True,False,False
P5804,!b*!c*!d+!a*c*!d+b*c*d+a*c*d+a*b*d+!a*!b*!c,4,,,,,False,False,False
P5805,a*!b*!c*!d+!a*!b*!c*d+!a*c*!d+b*c*d+a*c*d+a*b*d,4,16,18,4,42,True,True,True
P5806,!a*!b*!d+a*c*d+a*b*d+!a*!b*!c+!a*b*c,4,19,9,4,36,True,True,True
P5807,!a*!b*!c*d+!a*c*!d+b*c*d+a*c*d+a*b*d,4,18,17,4,43,True,True,True
P5820,!b*!c*!d+a*c*d+a*b*d+!a*!b*!c+!a*b*c,4,19,20,4,47,True,True,True
P5821,a*!b*!c*!d+!a*!b*!c*d+a*c*d+a*b*d+!a*b*c,4,,17,,,False,True,False
P5822,a*c*d+a*b*d+!a*!b*!c+!a*b*c,4,10,8,3,24,True,True,True
P5823,!a*!b*!c*d+a*c*d+a*b*d+!a*b*c,4,9,13,3,28,True,True,True
P5864,!b*!c*!d+!a*!c*!d+!a*!b*!d+b*c*d+a*c*d+a*b*d+!a*!b*!c,4,,,,,False,False,False
P5865,a*!b*!c*!d+!a*b*!c*!d+!a*!b*c*!d+!a*!b*!c*d+b*c*d+a*c*d+a*b*d,4,,,,,False,False,False
P5866,!a*!c*!d+!a*!b*!d+b*c*d+a*c*d+a*b*d+!a*!b*!c,4,13,20,4,41,True,True,True
P5867,!a*b*!c*!d+!a*!b*c*!d+!a*!b*!c*d+b*c*d+a*c*d+a*b*d,4,14,20,4,42,True,True,True
P5870,!a*!b*!d+b*c*d+a*c*d+a*b*d+!a*!b*!c,4,11,10,4,29,True,True,True
P5871,!a*!b*c*!d+!a*!b*!c*d+b*c*d+a*c*d+a*b*d,4,,18,,,False,True,False
P5886,b*c*d+a*c*d+a*b*d+!a*!b*!c,4,9,10,3,25,True,True,True
P5887,!a*!b*!c*d+b*c*d+a*c*d+a*b*d,4,12,9,3,27,True,True,True
P6014,!a*!b*!c*!d+b*c*d+a*c*d+a*b*d+a*b*c,4,17,17,4,42,True,True,True
P6015,b*c*d+a*c*d+a*b*d+a*b*c,4,9,10,0,19,True,True,True
P6016,a*b*d+a*!b*c+!a*b*c+!c*!d+!b*!d,4,13,10,4,31,True,True,True
P6017,a*!c*!d+!b*c*!d+!a*b*!d+b*c*d+a*c*d+a*b*d,4,16,14,4,38,True,True,True
P6018,b*c*d+a*b*!c+a*!b*c+!a*!d,4,14,20,4,42,True,True,True
P6019,b*!c*!d+!b*c*!d+a*c*d+a*b*d+!a*b*c,4,12,12,4,32,True,True,True
P6022,!a*!b*!d+b*c*d+a*b*!c+a*!b*c+!a*b*c,4,,13,,,False,True,False
P6023,!b*c*!d+a*c*d+a*b*!c+!a*b*c,4,12,11,4,31,True,True,True
P6024,b*c*d+a*c*d+a*b*d+!b*!d+!a*!d,4,14,9,3,29,True,True,True
P6025,!b*c*!d+a*!b*!d+!a*b*!d+b*c*d+a*c*d+a*b*d,4,15,18,4,41,True,True,True
P6026,b*c*d+a*b*d+a*!b*c+!a*!d,4,11,12,3,29,True,True,True
P6027,!b*c*!d+!a*b*!d+b*c*d+a*c*d+a*b*d,4,16,10,3,32,True,True,True
P6030,!a*!b*!d+a*b*d+a*!b*c+!a*b*c,4,15,20,3,41,True,True,True
P6031,!b*c*!d+a*c*d+a*b*d+!a*b*c,4,13,10,3,29,True,True,True
P6038,!a*!b*!c*!d+b*c*d+a*b*!c+a*!b*c+!a*b*c,4,18,15,4,41,True,True,True
P6039,b*c*d+a*b*!c+a*!b*c+!a*b*c,4,9,9,3,24,True,True,True
P6040,!b*!c*!d+!a*b*!d+b*c*d+a*b*d+a*!b*c,4,15,19,4,42,True,True,True
P6041,a*!b*!d+!a*b*!d+b*c*d+a*c*d+a*b*d,4,10,14,3,30,True,True,True
P6042,!a*!c*!d+a*b*d+a*!b*c+!a*b*c,4,12,13,4,33,True,True,True
P6043,!a*b*!d+b*c*d+a*b*d+a*!b*c,4,9,9,3,24,True,True,True
P6046,!a*!b*!c*!d+a*b*d+a*!b*c+!a*b*c,4,12,13,4,33,True,True,True
P6047,a*b*d+a*!b*c+!a*b*c,4,7,8,2,19,True,True,True
P6056,!b*!c*!d+b*c*d+a*c*d+a*b*d+!a*!d,4,10,18,4,36,True,True,True
P6057,a*!b*!c*!d+!a*c*!d+!a*b*!d+b*c*d+a*c*d+a*b*d,4,13,19,4,40,True,True,True
P6058,b*c*d+a*c*d+a*b*d+!a*!d,4,18,11,3,35,True,True,True
P6059,!a*c*!d+!a*b*!d+b*c*d+a*c*d+a*b*d,4,17,11,3,34,True,True,True
P6060,!b*!c*!d+!a*c*!d+b*c*d+a*c*d+a*b*d,4,20,17,4,45,True,True,True
P6061,a*!b*!c*!d+!a*c*!d+b*c*d+a*c*d+a*b*d,4,13,14,4,35,True,True,True
P6062,!a*!b*!d+a*c*d+a*b*d+!a*b*c,4,15,10,4,33,True,True,True
P6063,!a*c*!d+b*c*d+a*c*d+a*b*d,4,13,8,2,25,True,True,True
P6076,!b*!c*!d+a*c*d+a*b*d+!a*b*c,4,11,,,,True,False,False
P6077,a*!b*!c*!d+a*c*d+a*b*d+!a*b*c,4,12,16,4,36,True,True,True
P6078,!a*!b*!c*!d+a*c*d+a*b*d+!a*b*c,4,18,10,4,36,True,True,True
P6079,a*c*d+a*b*d+!a*b*c,4,9,7,1,18,True,True,True
P6120,!b*!c*!d+!a*!c*!d+!a*!b*!d+b*c*d+a*c*d+a*b*d,4,19,18,4,45,True,True,True
P6121,a*!b*!c*!d+!a*b*!c*!d+!a*!b*c*!d+b*c*d+a*c*d+a*b*d,4,,,,,False,False,False
P6122,!a*!c*!d+!a*!b*!d+b*c*d+a*c*d+a*b*d,4,13,14,4,35,True,True,True
P6123,!a*b*!c*!d+!a*!b*c*!d+b*c*d+a*c*d+a*b*d,4,17,14,4,39,True,True,True
P6126,!a*!b*!d+b*c*d+a*c*d+a*b*d,4,9,12,3,27,True,True,True
P6127,!a*!b*c*!d+b*c*d+a*c*d+a*b*d,4,12,11,3,29,True,True,True
P6142,!a*!b*!c*!d+b*c*d+a*c*d+a*b*d,4,10,10,4,28,True,True,True
P6143,b*c*d+a*c*d+a*b*d,4,6,6,0,12,True,True,True
P6272,a*c*d+!c*!d+!b*!d+!b*!c+!a*b,4,10,9,4,27,True,True,True
P6273,b*!c*!d+!b*c*!d+!b*!c*d+b*c*d+a*!b+!a*b,4,11,10,4,29,True,True,True
P6274,b*!c*!d+!b*!c*d+b*c*d+a*!b*c+!a*!d+!a*!c,4,15,11,4,34,True,True,True
P6275,b*!c*!d+!b*c*!d+!b*!c*d+a*c*d+!a*b,4,11,15,4,34,True,True,True
P6278,a*b*!c*!d+!a*!b*!d+!b*!c*d+!a*!c*d+b*c*d+a*!b*c+!a*b*c,4,20,12,4,40,True,True,True
P6279,a*b*!c*!d+!b*c*!d+!b*!c*d+!a*!c*d+a*c*d+!a*b*c,4,17,16,4,41,True,True,True
P6280,a*c*d+!b*!d+!b*!c+!a*b,4,9,8,4,25,True,True,True
P6281,!b*c*!d+!b*!c*d+b*c*d+a*!b+!a*b,4,9,10,4,27,True,True,True
P6282,!b*!c*d+b*c*d+a*!b*c+!a*!d+!a*!c,4,12,10,4,30,True,True,True
P6283,!b*c*!d+!b*!c*d+a*c*d+!a*b,4,9,10,4,27,True,True,True
P6286,!a*!b*!d+!b*!c*d+!a*!c*d+b*c*d+a*!b*c+!a*b*c,4,12,13,4,33,True,True,True
P6287,!b*c*!d+!b*!c*d+!a*!c*d+a*c*d+!a*b*c,4,10,16,4,34,True,True,True
P6288,b*c*d+!c*!d+!b*!c+a*!b+!a*b,4,9,8,4,25,True,True,True
P6289,b*!c*!d+!b*!c*d+b*c*d+a*!b+!a*b,4,12,10,4,30,True,True,True
P6290,b*!c*!d+!b*!c*d+b*c*d+a*!b*c+!a*!c+!a*b,4,18,19,4,45,True,True,True
P6291,b*!c*!d+!b*!c*d+b*c*d+a*!b*c+!a*b,4,15,14,4,37,True,True,True
P6294,a*b*!c*!d+!b*!c*d+!a*!c*d+b*c*d+!a*!b*!c+a*!b*c+!a*b*c,4,,,,,False,False,False
P6295,a*b*!c*!d+!b*!c*d+!a*!c*d+b*c*d+a*!b*c+!a*b*c,4,,16,,,False,True,False
P6296,b*c*d+!b*!c+a*!b+!a*b,4,7,8,3,21,True,True,True
P6297,!b*!c*d+b*c*d+a*!b+!a*b,4,7,8,3,21,True,True,True
P6298,!b*!c*d+b*c*d+a*!b*c+!a*!c+!a*b,4,15,12,3,33,True,True,True
P6299,!b*!c*d+b*c*d+a*!b*c+!a*b,4,12,9,4,29,True,True,True
P6302,!b*!c*d+!a*!c*d+b*c*d+!a*!b*!c+a*!b*c+!a*b*c,4,17,18,3,41,True,True,True
P6303,!b*!c*d+!a*!c*d+b*c*d+a*!b*c+!a*b*c,4,9,13,3,28,True,True,True
P6304,a*c*d+!c*!d+!a*!d+!b*!c+!a*b,4,12,9,4,29,True,True,True
P6305,a*!c*!d+!a*c*!d+!b*!c*d+b*c*d+a*!b*d+!a*b,4,14,10,4,32,True,True,True
P6306,b*!c*!d+b*c*d+a*!b*d+!a*!d+!a*!c,4,15,10,4,33,True,True,True
P6307,b*!c*!d+!a*c*!d+!a*!c*d+b*c*d+a*!b*d,4,15,12,4,35,True,True,True
P6308,a*!c*!d+!a*c*!d+a*c*d+!a*b*d+!b*!c,4,13,12,4,33,True,True,True
P6309,a*!c*!d+!a*c*!d+!b*!c*d+a*c*d+!a*b*d,4,16,10,4,34,True,True,True
P6310,a*b*!c*!d+!a*!b*!d+!a*!c*d+b*c*d+a*!b*d+!a*b*c,4,,12,,,False,True,False
P6311,a*b*!c*!d+!a*c*!d+!b*!c*d+a*c*d+!a*b*d,4,13,15,4,36,True,True,True
P6312,a*c*d+!a*!d+!b*!c+!a*b,4,8,9,4,25,True,True,True
P6313,!a*c*!d+!b*!c*d+a*c*d+a*!b*!c+!a*b,4,16,11,4,35,True,True,True
P6314,b*c*d+a*!b*d+!a*!d+!a*!c,4,12,8,4,28,True,True,True
P6315,!a*c*!d+!b*!c*d+b*c*d+a*!b*d+!a*b,4,14,9,4,31,True,True,True
P6316,!a*c*!d+a*c*d+!a*b*d+!b*!c,4,10,13,4,31,True,True,True
P6317,!a*c*!d+!a*!c*d+b*c*d+a*c*d+a*!b*!c,4,10,10,4,28,True,True,True
P6318,!a*!b*!d+!a*!c*d+b*c*d+a*!b*d+!a*b*c,4,14,,,,True,False,False
P6319,!a*c*!d+!b*!c*d+a*c*d+!a*b*d,4,11,16,4,35,True,True,True
P6320,a*c*d+!c*!d+!b*!c+!a*b,4,8,11,4,27,True,True,True
P6321,a*!c*!d+!b*!c*d+b*c*d+a*!b*d+!a*b,4,12,11,4,31,True,True,True
P6322,b*!c*!d+b*c*d+a*!b*d+!a*!c+!a*b,4,14,12,4,34,True,True,True
P6323,b*!c*!d+!b*!c*d+b*c*d+a*!b*d+!a*b,4,11,10,4,29,True,True,True
P6324,a*!c*!d+!a*!c*d+a*c*d+!a*b*c+!b*!c,4,11,11,4,30,True,True,True
P6325,a*!c*!d+!b*!c*d+!a*!c*d+a*c*d+!a*b*c,4,14,10,4,32,True,True,True
P6326,a*b*!c*!d+!a*!c*d+b*c*d+a*!b*d+!a*!b*!c+!a*b*c,4,,14,,,False,True,False
P6327,a*b*!c*!d+!b*!c*d+!a*!c*d+a*c*d+!a*b*c,4,,11,,,False,True,False
P6328,a*c*d+!b*!c+!a*b,4,7,7,3,20,True,True,True
P6329,!b*!c*d+a*c*d+a*!b*!c+!a*b,4,11,12,3,29,True,True,True
P6330,b*c*d+a*!b*d+!a*!c+!a*b,4,8,8,3,22,True,True,True
P6331,!b*!c*d+b*c*d+a*!b*d+!a*b,4,8,7,3,21,True,True,True
P6332,!a*!c*d+a*c*d+!a*b*c+!b*!c,4,14,13,3,33,True,True,True
P6333,!a*!c*d+a*c*d+a*!b*!c+!a*b*c,4,9,11,3,26,True,True,True
P6334,!a*!c*d+b*c*d+a*!b*d+!a*!b*!c+!a*b*c,4,14,11,3,31,True,True,True
P6335,!b*!c*d+!a*!c*d+a*c*d+!a*b*c,4,8,9,3,23,True,True,True
P6368,!a*!b*!d+a*c*d+!a*b*d+!c*!d+!b*!c,4,11,11,4,30,True,True,True
P6369,!a*!b*c*!d+a*!c*!d+!b*!c*d+b*c*d+a*c*d+!a*b*!c,4,,17,,,False,True,False
P6370,b*!c*!d+!a*!b*!d+!b*!c*d+a*c*d+!a*b*d,4,14,13,4,35,True,True,True
P6371,!a*!b*c*!d+b*!c*!d+!a*!c*d+b*c*d+a*!b*d,4,,13,,,False,True,False
P6374,a*b*!c*!d+!a*!b*!d+!b*!c*d+a*c*d+!a*b*d,4,16,11,4,35,True,True,True
P6375,a*b*!c*!d+!a*!b*c*!d+!b*!c*d+a*c*d+!a*b*d,4,12,12,4,32,True,True,True
P6376,!a*!b*!d+b*c*d+a*c*d+!b*!c+!a*!c,4,11,11,4,30,True,True,True
P6377,!a*!b*c*!d+!b*!c*d+b*c*d+a*c*d+a*!b*!c+!a*b*!c,4,16,,,,True,False,False
P6378,!a*!b*!d+!b*!c*d+b*c*d+a*c*d+!a*!c,4,10,10,4,28,True,True,True
P6379,!a*!b*c*!d+!b*!c*d+b*c*d+a*!b*d+!a*b*!c,4,15,10,4,33,True,True,True
P6382,!a*!b*!d+!b*!c*d+a*c*d+!a*b*d,4,20,12,4,40,True,True,True
P6383,!a*!b*c*!d+!b*!c*d+a*c*d+!a*b*d,4,10,16,4,34,True,True,True
P6384,a*c*d+!a*b*d+!c*!d+!b*!c,4,12,12,4,32,True,True,True
P6385,a*!c*!d+!b*!c*d+b*c*d+a*c*d+!a*b*!c,4,10,,,,True,False,False
P6386,b*!c*!d+!b*!c*d+b*c*d+a*c*d+!a*!c,4,12,10,4,30,True,True,True
P6387,b*!c*!d+!a*!c*d+b*c*d+a*!b*d,4,9,14,4,31,True,True,True
P6390,a*b*!c*!d+!b*!c*d+a*c*d+!a*b*d+!a*!b*!c,4,18,11,4,37,True,True,True
P6391,a*b*!c*!d+!b*!c*d+a*c*d+!a*b*d,4,10,20,4,38,True,True,True
P6392,b*c*d+a*c*d+!b*!c+!a*!c,4,8,9,3,23,True,True,True
P6393,!b*!c*d+b*c*d+a*c*d+a*!b*!c+!a*b*!c,4,9,13,3,28,True,True,True
P6394,!b*!c*d+b*c*d+a*c*d+!a*!c,4,7,13,3,26,True,True,True
P6395,!b*!c*d+b*c*d+a*!b*d+!a*b*!c,4,9,10,3,25,True,True,True
P6398,!b*!c*d+a*c*d+!a*b*d+!a*!b*!c,4,10,11,3,27,True,True,True
P6399,!b*!c*d+a*c*d+!a*b*d,4,7,8,3,21,True,True,True
P6544,b*c*d+!c*!d+a*!b+!a*b,4,9,10,4,27,True,True,True
P6545,b*!c*!d+b*c*d+a*!b+!a*b,4,8,9,4,25,True,True,True
P6546,b*!c*!d+!a*!c*!d+b*c*d+a*!b*d+a*!b*c+!a*b,4,18,19,4,45,True,True,True
P6547,b*!c*!d+b*c*d+a*!b*d+a*!b*c+!a*b,4,14,10,4,32,True,True,True
P6550,!a*!b*!c*!d+a*b*!c*!d+b*c*d+a*!b*d+!a*b*d+a*!b*c+!a*b*c,4,,,,,False,False,False
P6551,a*b*!c*!d+b*c*d+a*!b*d+!a*b*d+a*!b*c+!a*b*c,4,17,17,4,42,True,True,True
P6552,!b*!c*!d+b*c*d+a*!b+!a*b,4,8,8,4,24,True,True,True
P6553,b*c*d+a*!b+!a*b,4,7,9,3,22,True,True,True
P6554,!a*!c*!d+b*c*d+a*!b*d+a*!b*c+!a*b,4,16,14,4,38,True,True,True
P6555,b*c*d+a*!b*d+a*!b*c+!a*b,4,8,11,3,25,True,True,True
P6558,!a*!b*!c*!d+b*c*d+a*!b*d+!a*b*d+a*!b*c+!a*b*c,4,,,,,False,False,False
P6559,b*c*d+a*!b*d+!a*b*d+a*!b*c+!a*b*c,4,12,9,4,29,True,True,True
P6560,b*c*d+a*!b*d+!c*!d+!a*!d+!a*b,4,14,8,4,30,True,True,True
P6561,b*!c*!d+!a*c*!d+a*c*d+a*!b*!c+!a*b,4,14,10,4,32,True,True,True
P6562,b*!c*!d+b*c*d+a*!b*d+!a*!d+!a*b,4,10,11,4,29,True,True,True
P6563,b*!c*!d+!a*c*!d+b*c*d+a*!b*d+!a*b,4,10,9,4,27,True,True,True
P6564,!b*!c*!d+a*!c*!d+!a*c*!d+b*c*d+a*!b*d+!a*b*d,4,13,10,4,31,True,True,True
P6565,a*!c*!d+!a*c*!d+b*c*d+a*!b*d+!a*b*d,4,11,9,4,28,True,True,True
P6566,a*b*!c*!d+!a*!b*!d+b*c*d+a*!b*d+!a*b*d+!a*b*c,4,,12,,,False,True,False
P6567,a*b*!c*!d+!a*c*!d+b*c*d+a*!b*d+!a*b*d,4,11,12,4,31,True,True,True
P6568,a*c*d+a*!b*!c+!a*!d+!a*b,4,11,16,4,35,True,True,True
P6569,!a*c*!d+a*c*d+a*!b*!c+!a*b,4,11,13,4,32,True,True,True
P6570,b*c*d+a*!b*d+!a*!d+!a*b,4,8,9,3,23,True,True,True
P6571,!a*c*!d+b*c*d+a*!b*d+!a*b,4,10,8,3,24,True,True,True
P6572,!b*!c*!d+!a*c*!d+b*c*d+a*!b*d+!a*b*d,4,16,18,4,42,True,True,True
P6573,!a*c*!d+a*c*d+!a*b*d+a*!b*!c,4,11,9,4,28,True,True,True
P6574,!a*!b*!d+b*c*d+a*!b*d+!a*b*d+!a*b*c,4,13,11,3,30,True,True,True
P6575,!a*c*!d+b*c*d+a*!b*d+!a*b*d,4,10,12,3,28,True,True,True
P6576,b*c*d+a*!b*d+!c*!d+!a*b,4,11,9,4,28,True,True,True
P6577,b*!c*!d+a*c*d+a*!b*!c+!a*b,4,8,9,4,25,True,True,True
P6578,b*!c*!d+!a*!c*!d+b*c*d+a*!b*d+!a*b,4,11,13,4,32,True,True,True
P6579,b*!c*!d+b*c*d+a*!b*d+!a*b,4,8,8,4,24,True,True,True
P6580,!b*!c*!d+a*!c*!d+b*c*d+a*!b*d+!a*b*d+!a*b*c,4,15,20,4,43,True,True,True
P6581,a*!c*!d+b*c*d+a*!b*d+!a*b*d+!a*b*c,4,13,9,4,30,True,True,True
P6582,!a*!b*!c*!d+a*b*!c*!d+b*c*d+a*!b*d+!a*b*d+!a*b*c,4,20,,,,True,False,False
P6583,a*b*!c*!d+b*c*d+a*!b*d+!a*b*d+!a*b*c,4,19,11,4,38,True,True,True
P6584,!b*!c*!d+b*c*d+a*!b*d+!a*b,4,12,9,4,29,True,True,True
P6585,a*c*d+a*!b*!c+!a*b,4,8,8,3,22,True,True,True
P6586,!a*!c*!d+b*c*d+a*!b*d+!a*b,4,11,8,4,27,True,True,True
P6587,b*c*d+a*!b*d+!a*b,4,6,7,2,17,True,True,True
P6588,!b*!c*!d+b*c*d+a*!b*d+!a*b*d+!a*b*c,4,15,11,4,34,True,True,True
P6589,a*c*d+!a*b*d+a*!b*!c+!a*b*c,4,15,12,4,35,True,True,True
P6590,!a*!b*!c*!d+b*c*d+a*!b*d+!a*b*d+!a*b*c,4,15,16,4,39,True,True,True
P6591,b*c*d+a*!b*d+!a*b*d+!a*b*c,4,12,9,2,25,True,True,True
P6624,!a*!b*!d+a*c*d+a*!b*d+!a*b*d+!c*!d,4,9,10,4,27,True,True,True
P6625,!a*!b*c*!d+a*!c*!d+b*c*d+a*!b*d+!a*b*!c,4,13,15,4,36,True,True,True
P6626,b*!c*!d+!a*!b*!d+b*c*d+a*!b*d+!a*b*d,4,11,10,4,29,True,True,True
P6627,!a*!b*c*!d+b*!c*!d+b*c*d+a*!b*d+!a*b*d,4,11,11,4,30,True,True,True
P6630,a*b*!c*!d+!a*!b*!d+b*c*d+a*!b*d+!a*b*d,4,11,11,4,30,True,True,True
P6631,a*b*!c*!d+!a*!b*c*!d+b*c*d+a*!b*d+!a*b*d,4,12,11,4,31,True,True,True
P6632,!b*!c*!d+!a*!b*!d+b*c*d+a*!b*d+!a*b*!c,4,15,10,4,33,True,True,True
P6633,!a*!b*c*!d+b*c*d+a*c*d+a*!b*!c+!a*b*!c,4,18,20,4,46,True,True,True
P6634,!a*!c*!d+!a*!b*!d+b*c*d+a*!b*d+!a*b*d,4,12,11,4,31,True,True,True
P6635,!a*!b*c*!d+b*c*d+a*!b*d+!a*b*!c,4,12,9,4,29,True,True,True
P6638,!a*!b*!d+b*c*d+a*!b*d+!a*b*d,4,9,9,3,24,True,True,True
P6639,!a*!b*c*!d+b*c*d+a*!b*d+!a*b*d,4,10,14,3,30,True,True,True
P6640,a*c*d+a*!b*d+!a*b*d+!c*!d,4,10,8,4,26,True,True,True
P6641,a*!c*!d+b*c*d+a*!b*d+!a*b*!c,4,11,13,4,32,True,True,True
P6642,b*!c*!d+!a*!c*!d+b*c*d+a*!b*d+!a*b*d,4,11,16,4,35,True,True,True
P6643,b*!c*!d+b*c*d+a*!b*d+!a*b*d,4,8,9,4,25,True,True,True
P6646,!a*!b*!c*!d+a*b*!c*!d+b*c*d+a*!b*d+!a*b*d,4,13,10,4,31,True,True,True
P6647,a*b*!c*!d+b*c*d+a*!b*d+!a*b*d,4,9,19,4,36,True,True,True
P6648,!b*!c*!d+b*c*d+a*!b*d+!a*b*!c,4,12,11,4,31,True,True,True
P6649,b*c*d+a*c*d+a*!b*!c+!a*b*!c,4,9,9,3,24,True,True,True
P6650,!a*!c*!d+b*c*d+a*!b*d+!a*b*d,4,9,10,4,27,True,True,True
P6651,b*c*d+a*!b*d+!a*b*!c,4,9,8,3,23,True,True,True
P6654,!a*!b*!c*!d+b*c*d+a*!b*d+!a*b*d,4,10,12,4,30,True,True,True
P6655,b*c*d+a*!b*d+!a*b*d,4,10,6,2,20,True,True,True
P6816,a*c*d+!c*!d+!a*!d+!a*!c+!a*b,4,9,8,3,23,True,True,True
P6817,a*!c*!d+!a*c*!d+!a*!c*d+a*c*d+!a*b,4,10,9,3,25,True,True,True
P6818,b*!c*!d+a*c*d+!a*!d+!a*!c+!a*b,4,14,9,3,29,True,True,True
P6819,b*!c*!d+!a*c*!d+!a*!c*d+a*c*d+!a*b,4,10,9,3,25,True,True,True
P6820,a*!c*!d+!a*!b*!d+!a*!c*d+a*c*d+!a*b*c,4,14,10,4,32,True,True,True
P6821,a*!c*!d+!a*c*!d+!a*!c*d+b*c*d+a*c*d,4,10,9,3,25,True,True,True
P6822,a*b*!c*!d+!a*!b*!d+!a*!c*d+a*c*d+!a*b*c,4,13,11,4,32,True,True,True
P6823,a*b*!c*!d+!a*c*!d+!a*!c*d+b*c*d+a*c*d,4,11,11,3,28,True,True,True
P6824,!b*!c*!d+a*c*d+!a*!d+!a*!c+!a*b,4,12,9,4,29,True,True,True
P6825,a*!b*!c*!d+!a*c*!d+!a*!c*d+a*c*d+!a*b,4,10,11,4,29,True,True,True
P6826,a*c*d+!a*!d+!a*!c+!a*b,4,7,10,3,23,True,True,True
P6827,!a*c*!d+!a*!c*d+a*c*d+!a*b,4,8,9,3,23,True,True,True
P6828,!b*!c*!d+!a*c*!d+!a*!c*d+b*c*d+a*c*d,4,10,10,4,28,True,True,True
P6829,a*!b*!c*!d+!a*c*!d+!a*!c*d+b*c*d+a*c*d,4,11,11,4,30,True,True,True
P6830,!a*!b*!d+!a*!c*d+a*c*d+!a*b*c,4,14,16,4,38,True,True,True
P6831,!a*c*!d+!a*!c*d+b*c*d+a*c*d,4,9,9,3,24,True,True,True
P6832,a*c*d+!c*!d+!a*!c+!a*b,4,9,7,3,22,True,True,True
P6833,a*!c*!d+!a*!c*d+a*c*d+!a*b,4,13,11,3,30,True,True,True
P6834,b*!c*!d+a*c*d+!a*!c+!a*b,4,10,11,3,27,True,True,True
P6835,b*!c*!d+!a*!c*d+a*c*d+!a*b,4,11,9,3,26,True,True,True
P6836,!b*!c*!d+a*!c*!d+!a*!c*d+a*c*d+!a*b*c,4,11,11,4,30,True,True,True
P6837,a*!c*!d+!a*!c*d+a*c*d+!a*b*c,4,11,9,3,26,True,True,True
P6838,a*b*!c*!d+!a*!c*d+a*c*d+!a*!b*!c+!a*b*c,4,15,11,4,34,True,True,True
P6839,a*b*!c*!d+!a*!c*d+a*c*d+!a*b*c,4,10,10,3,26,True,True,True
P6840,!b*!c*!d+a*c*d+!a*!c+!a*b,4,9,10,4,27,True,True,True
P6841,a*!b*!c*!d+!a*!c*d+a*c*d+!a*b,4,9,11,4,28,True,True,True
P6842,a*c*d+!a*!c+!a*b,4,6,6,2,16,True,True,True
P6843,!a*!c*d+a*c*d+!a*b,4,6,7,2,17,True,True,True
P6844,!b*!c*!d+!a*!c*d+a*c*d+!a*b*c,4,17,10,4,35,True,True,True
P6845,a*!b*!c*!d+!a*!c*d+a*c*d+!a*b*c,4,10,15,4,33,True,True,True
P6846,!a*!c*d+a*c*d+!a*!b*!c+!a*b*c,4,9,11,3,26,True,True,True
P6847,!a*!c*d+a*c*d+!a*b*c,4,7,10,2,21,True,True,True
P6848,a*c*d+!a*b*d+!c*!d+!b*!d+!a*!c,4,10,12,4,30,True,True,True
P6849,a*!c*!d+!b*c*!d+!a*!c*d+b*c*d+a*c*d+!a*b*!c,4,14,16,4,38,True,True,True
P6850,b*!c*!d+!b*c*!d+b*c*d+a*!b*c+!a*!c,4,12,11,4,31,True,True,True
P6851,b*!c*!d+!b*c*!d+!a*!c*d+b*c*d+a*c*d,4,11,16,4,35,True,True,True
P6854,a*b*!c*!d+!a*!b*!d+!a*!c*d+b*c*d+a*!b*c,4,20,,,,True,False,False
P6855,a*b*!c*!d+!b*c*!d+!a*!c*d+b*c*d+a*c*d,4,12,13,4,33,True,True,True
P6856,b*c*d+a*c*d+!b*!d+!a*!c,4,8,10,4,26,True,True,True
P6857,!b*c*!d+a*!b*!d+!a*!c*d+b*c*d+a*c*d+!a*b*!c,4,19,,,,True,False,False
P6858,!b*c*!d+b*c*d+a*!b*c+!a*!c,4,10,10,4,28,True,True,True
P6859,!b*c*!d+!a*!c*d+b*c*d+a*c*d+!a*b*!c,4,16,10,4,34,True,True,True
P6862,!a*!b*!d+!a*!c*d+b*c*d+a*!b*c,4,15,12,4,35,True,True,True
P6863,!b*c*!d+!a*!c*d+b*c*d+a*c*d,4,14,11,4,33,True,True,True
P6864,b*c*d+a*!b*c+!c*!d+!a*!c,4,12,10,4,30,True,True,True
P6865,b*!c*!d+a*!b*!d+!a*!c*d+b*c*d+a*c*d,4,16,13,4,37,True,True,True
P6866,b*!c*!d+b*c*d+a*!b*c+!a*!c,4,15,14,4,37,True,True,True
P6867,b*!c*!d+!a*!c*d+b*c*d+a*!b*c,4,14,12,4,34,True,True,True
P6868,!b*!c*!d+a*!c*!d+!a*!c*d+b*c*d+a*!b*c,4,13,15,4,36,True,True,True
P6869,a*!c*!d+!a*!c*d+b*c*d+a*!b*c,4,11,11,4,30,True,True,True
P6870,a*b*!c*!d+b*c*d+!a*b*d+!a*!b*!c+a*!b*c,4,16,13,4,37,True,True,True
P6871,a*b*!c*!d+!a*!c*d+b*c*d+a*!b*c,4,15,14,4,37,True,True,True
P6872,a*!b*!d+b*c*d+a*c*d+!a*!c,4,8,9,4,25,True,True,True
P6873,a*!b*!d+!a*!c*d+b*c*d+a*c*d+!a*b*!c,4,10,12,4,30,True,True,True
P6874,b*c*d+a*!b*c+!a*!c,4,11,8,3,25,True,True,True
P6875,!a*!c*d+b*c*d+!a*b*!c+a*!b*c,4,10,9,3,25,True,True,True
P6876,!b*!c*!d+!a*!c*d+b*c*d+a*!b*c,4,14,11,4,33,True,True,True
P6877,a*!b*!d+!a*!c*d+b*c*d+a*c*d,4,10,14,4,32,True,True,True
P6878,b*c*d+!a*b*d+!a*!b*!c+a*!b*c,4,11,7,3,24,True,True,True
P6879,!a*!c*d+b*c*d+a*!b*c,4,9,9,3,24,True,True,True
P6880,!a*!b*!d+a*c*d+!a*b*d+!c*!d+!a*!c,4,10,10,4,28,True,True,True
P6881,!a*!b*c*!d+a*!c*!d+!a*!c*d+b*c*d+a*c*d+!a*b*!c,4,16,11,4,35,True,True,True
P6882,b*!c*!d+!a*!b*!d+b*c*d+a*c*d+!a*!c,4,10,10,4,28,True,True,True
P6883,!a*!b*c*!d+b*!c*!d+!a*!c*d+b*c*d+a*c*d,4,16,12,4,36,True,True,True
P6884,a*!c*!d+!a*!b*!d+!a*!c*d+a*c*d+!a*b*d,4,18,9,4,35,True,True,True
P6885,!a*!b*c*!d+a*!c*!d+!a*!c*d+b*c*d+a*c*d,4,11,11,4,30,True,True,True
P6886,a*b*!c*!d+!a*!b*!d+!a*!c*d+b*c*d+a*c*d,4,11,11,4,30,True,True,True
P6887,a*b*!c*!d+!a*!b*c*!d+!a*!c*d+b*c*d+a*c*d,4,12,20,4,40,True,True,True
P6888,!b*!c*!d+!a*!b*!d+b*c*d+a*c*d+!a*!c,4,12,11,4,31,True,True,True
P6889,a*!b*!c*!d+!a*!b*c*!d+!a*!c*d+b*c*d+a*c*d+!a*b*!c,4,,18,,,False,True,False
P6890,!a*!b*!d+b*c*d+a*c*d+!a*!c,4,9,14,4,31,True,True,True
P6891,!a*!b*c*!d+!a*!c*d+b*c*d+a*c*d+!a*b*!c,4,14,15,4,37,True,True,True
P6892,!b*!c*!d+!a*!b*!d+!a*!c*d+a*c*d+!a*b*d,4,11,9,4,28,True,True,True
P6893,a*!b*!c*!d+!a*!b*c*!d+!a*!c*d+b*c*d+a*c*d,4,15,14,4,37,True,True,True
P6894,!a*!b*!d+!a*!c*d+b*c*d+a*c*d,4,8,14,4,30,True,True,True
P6895,!a*!b*c*!d+!a*!c*d+b*c*d+a*c*d,4,14,10,4,32,True,True,True
P6896,a*c*d+!a*b*d+!c*!d+!a*!c,4,11,8,3,25,True,True,True
P6897,a*!c*!d+!a*!c*d+b*c*d+a*c*d+!a*b*!c,4,11,13,3,30,True,True,True
P6898,b*!c*!d+b*c*d+a*c*d+!a*!c,4,9,9,3,24,True,True,True
P6899,b*!c*!d+!a*!c*d+b*c*d+a*c*d,4,9,9,3,24,True,True,True
P6900,!b*!c*!d+a*!c*!d+!a*!c*d+a*c*d+!a*b*d,4,11,9,4,28,True,True,True
P6901,a*!c*!d+!a*!c*d+b*c*d+a*c*d,4,9,15,3,30,True,True,True
P6902,a*b*!c*!d+a*c*d+!a*b*d+!a*!b*!c,4,10,10,4,28,True,True,True
P6903,a*b*!c*!d+!a*!c*d+b*c*d+a*c*d,4,11,12,3,29,True,True,True
P6904,!b*!c*!d+b*c*d+a*c*d+!a*!c,4,9,9,4,26,True,True,True
P6905,a*!b*!c*!d+!a*!c*d+b*c*d+a*c*d+!a*b*!c,4,13,19,4,40,True,True,True
P6906,b*c*d+a*c*d+!a*!c,4,6,7,2,17,True,True,True
P6907,!a*!c*d+b*c*d+a*c*d+!a*b*!c,4,8,9,2,21,True,True,True
P6908,!b*!c*!d+!a*!c*d+a*c*d+!a*b*d,4,12,9,4,29,True,True,True
P6909,a*!b*!c*!d+!a*!c*d+b*c*d+a*c*d,4,10,11,4,29,True,True,True
P6910,a*c*d+!a*b*d+!a*!b*!c,4,7,8,3,21,True,True,True
P6911,!a*!c*d+b*c*d+a*c*d,4,8,6,2,18,True,True,True
P7088,a*c*d+!c*!d+!a*b,4,12,8,3,26,True,True,True
P7089,a*!c*!d+a*c*d+!a*b,4,8,9,3,23,True,True,True
P7090,b*!c*!d+!a*!c*!d+a*c*d+!a*b,4,13,11,3,30,True,True,True
P7091,b*!c*!d+a*c*d+!a*b,4,9,7,3,22,True,True,True
P7092,!b*!c*!d+a*!c*!d+a*c*d+!a*b*d+!a*b*c,4,15,11,4,34,True,True,True
P7093,a*!c*!d+a*c*d+!a*b*d+!a*b*c,4,11,12,3,29,True,True,True
P7094,!a*!b*!c*!d+a*b*!c*!d+a*c*d+!a*b*d+!a*b*c,4,,,,,False,False,False
P7095,a*b*!c*!d+a*c*d+!a*b*d+!a*b*c,4,12,9,3,27,True,True,True
P7096,!b*!c*!d+a*c*d+!a*b,4,10,9,4,27,True,True,True
P7097,a*!b*!c*!d+a*c*d+!a*b,4,11,8,4,27,True,True,True
P7098,!a*!c*!d+a*c*d+!a*b,4,9,7,3,22,True,True,True
P7099,a*c*d+!a*b,4,8,7,1,17,True,True,True
P7100,!b*!c*!d+a*c*d+!a*b*d+!a*b*c,4,15,15,4,38,True,True,True
P7101,a*!b*!c*!d+a*c*d+!a*b*d+!a*b*c,4,10,12,4,30,True,True,True
P7102,!a*!b*!c*!d+a*c*d+!a*b*d+!a*b*c,4,11,14,4,33,True,True,True
P7103,a*c*d+!a*b*d+!a*b*c,4,8,8,1,18,True,True,True
P7120,b*c*d+!a*b*d+a*!b*c+!c*!d,4,8,8,4,24,True,True,True
P7121,b*!c*!d+a*!b*!d+b*c*d+a*c*d+!a*b*!c,4,11,13,4,32,True,True,True
P7122,b*!c*!d+!a*!c*!d+b*c*d+!a*b*d+a*!b*c,4,12,11,4,31,True,True,True
P7123,b*!c*!d+b*c*d+!a*b*d+a*!b*c,4,11,11,4,30,True,True,True
P7126,!a*!b*!c*!d+a*b*!c*!d+b*c*d+!a*b*d+a*!b*c,4,18,19,4,45,True,True,True
P7127,a*b*!c*!d+b*c*d+!a*b*d+a*!b*c,4,11,9,4,28,True,True,True
P7128,!b*!c*!d+b*c*d+!a*b*!c+a*!b*c,4,8,8,4,24,True,True,True
P7129,a*!b*!d+b*c*d+a*c*d+!a*b*!c,4,11,8,4,27,True,True,True
P7130,!a*!c*!d+b*c*d+!a*b*d+a*!b*c,4,10,13,4,31,True,True,True
P7131,b*c*d+!a*b*!c+a*!b*c,4,8,7,3,21,True,True,True
P7134,!a*!b*!c*!d+b*c*d+!a*b*d+a*!b*c,4,10,12,4,30,True,True,True
P7135,b*c*d+!a*b*d+a*!b*c,4,7,6,2,17,True,True,True
P7136,!a*!b*!d+a*c*d+!a*b*d+!c*!d,4,8,9,4,25,True,True,True
P7137,!a*!b*c*!d+a*!c*!d+b*c*d+a*c*d+!a*b*!c,4,12,14,4,34,True,True,True
P7138,b*!c*!d+!a*!b*!d+a*c*d+!a*b*d,4,9,11,4,28,True,True,True
P7139,!a*!b*c*!d+b*!c*!d+a*c*d+!a*b*d,4,10,11,4,29,True,True,True
P7140,a*!c*!d+!a*!b*!d+a*c*d+!a*b*d,4,8,8,4,24,True,True,True
P7141,!a*!b*c*!d+a*!c*!d+a*c*d+!a*b*d,4,9,13,4,30,True,True,True
P7142,a*b*!c*!d+!a*!b*!d+a*c*d+!a*b*d,4,9,10,4,27,True,True,True
P7143,a*b*!c*!d+!a*!b*c*!d+a*c*d+!a*b*d,4,10,10,4,28,True,True,True
P7144,!b*!c*!d+!a*!b*!d+b*c*d+a*c*d+!a*b*!c,4,10,10,4,28,True,True,True
P7145,a*!b*!c*!d+!a*!b*c*!d+b*c*d+a*c*d+!a*b*!c,4,14,14,4,36,True,True,True
P7146,!a*!c*!d+!a*!b*!d+a*c*d+!a*b*d,4,8,11,4,27,True,True,True
P7147,!a*!b*c*!d+b*c*d+a*c*d+!a*b*!c,4,,11,,,False,True,False
P7148,!b*!c*!d+!a*!b*!d+a*c*d+!a*b*d,4,10,8,4,26,True,True,True
P7149,a*!b*!c*!d+!a*!b*c*!d+a*c*d+!a*b*d,4,10,10,4,28,True,True,True
P7150,!a*!b*!d+a*c*d+!a*b*d,4,7,8,3,21,True,True,True
P7151,!a*!b*c*!d+a*c*d+!a*b*d,4,8,9,3,23,True,True,True
P7152,a*c*d+!a*b*d+!c*!d,4,12,10,3,28,True,True,True
P7153,a*!c*!d+b*c*d+a*c*d+!a*b*!c,4,8,7,3,21,True,True,True
P7154,b*!c*!d+!a*!c*!d+a*c*d+!a*b*d,4,10,10,3,26,True,True,True
P7155,b*!c*!d+a*c*d+!a*b*d,4,8,10,3,24,True,True,True
P7156,!b*!c*!d+a*!c*!d+a*c*d+!a*b*d,4,9,8,4,25,True,True,True
P7157,a*!c*!d+a*c*d+!a*b*d,4,7,8,3,21,True,True,True
P7158,!a*!b*!c*!d+a*b*!c*!d+a*c*d+!a*b*d,4,9,10,4,27,True,True,True
P7159,a*b*!c*!d+a*c*d+!a*b*d,4,8,9,3,23,True,True,True
P7160,!b*!c*!d+b*c*d+a*c*d+!a*b*!c,4,8,8,4,24,True,True,True
P7161,a*!b*!c*!d+b*c*d+a*c*d+!a*b*!c,4,11,9,4,28,True,True,True
P7162,!a*!c*!d+a*c*d+!a*b*d,4,7,9,3,22,True,True,True
P7163,b*c*d+a*c*d+!a*b*!c,4,8,7,2,19,True,True,True
P7164,!b*!c*!d+a*c*d+!a*b*d,4,9,10,4,27,True,True,True
P7165,a*!b*!c*!d+a*c*d+!a*b*d,4,8,9,4,25,True,True,True
P7166,!a*!b*!c*!d+a*c*d+!a*b*d,4,8,11,4,27,True,True,True
P7167,a*c*d+!a*b*d,4,6,5,1,13,True,True,True
P7904,!a*!b*!d+b*c*d+a*c*d+!a*!b*!c+!c*!d,4,,13,,,False,True,False
P7905,!a*!b*c*!d+!a*!b*!c*d+b*!c*!d+a*!c*!d+b*c*d+a*c*d,4,,10,,,False,True,False
P7906,b*!c*!d+!a*!b*!d+b*c*d+a*c*d+!a*!b*!c,4,19,19,4,46,True,True,True
P7907,!a*!b*c*!d+!a*!b*!c*d+b*!c*!d+b*c*d+a*c*d,4,,,,,False,False,False
P7910,a*b*!c*!d+!a*!b*!d+b*c*d+a*c*d+!a*!b*!c,4,16,14,4,38,True,True,True
P7911,a*b*!c*!d+!a*!b*c*!d+!a*!b*!c*d+b*c*d+a*c*d,4,15,19,4,42,True,True,True
P7912,!b*!c*!d+!a*!c*!d+!a*!b*!d+b*c*d+a*c*d+!a*!b*!c,4,,18,,,False,True,False
P7913,a*!b*!c*!d+!a*b*!c*!d+!a*!b*c*!d+!a*!b*!c*d+b*c*d+a*c*d,4,13,,,,True,False,False
P7914,!a*!c*!d+!a*!b*!d+b*c*d+a*c*d+!a*!b*!c,4,18,10,4,36,True,True,True
P7915,!a*b*!c*!d+!a*!b*c*!d+!a*!b*!c*d+b*c*d+a*c*d,4,11,15,4,34,True,True,True
P7918,!a*!b*!d+b*c*d+a*c*d+!a*!b*!c,4,16,10,4,34,True,True,True
P7919,!a*!b*c*!d+!a*!b*!c*d+b*c*d+a*c*d,4,9,15,4,32,True,True,True
P7920,b*c*d+a*c*d+!a*!b*!c+!c*!d,4,10,11,4,29,True,True,True
P7921,!a*!b*!c*d+b*!c*!d+a*!c*!d+b*c*d+a*c*d,4,13,13,4,34,True,True,True
P7922,b*!c*!d+b*c*d+a*c*d+!a*!b*!c,4,14,16,4,38,True,True,True
P7923,!a*!b*!c*d+b*!c*!d+b*c*d+a*c*d,4,15,20,4,43,True,True,True
P7926,a*b*!c*!d+b*c*d+a*c*d+!a*!b*!c,4,11,20,4,39,True,True,True
P7927,a*b*!c*!d+!a*!b*!c*d+b*c*d+a*c*d,4,11,11,4,30,True,True,True
P7928,!b*!c*!d+!a*!c*!d+b*c*d+a*c*d+!a*!b*!c,4,15,11,4,34,True,True,True
P7929,a*!b*!c*!d+!a*b*!c*!d+!a*!b*!c*d+b*c*d+a*c*d,4,11,,,,True,False,False
P7930,!a*!c*!d+b*c*d+a*c*d+!a*!b*!c,4,9,14,4,31,True,True,True
P7931,!a*b*!c*!d+!a*!b*!c*d+b*c*d+a*c*d,4,13,11,4,32,True,True,True
P7934,b*c*d+a*c*d+!a*!b*!c,4,9,12,3,27,True,True,True
P7935,!a*!b*!c*d+b*c*d+a*c*d,4,14,7,3,27,True,True,True
P8176,b*c*d+a*c*d+!c*!d,4,8,6,2,18,True,True,True
P8177,b*!c*!d+a*!c*!d+b*c*d+a*c*d,4,6,6,2,16,True,True,True
P8178,b*!c*!d+!a*!c*!d+b*c*d+a*c*d,4,11,8,3,25,True,True,True
P8179,b*!c*!d+b*c*d+a*c*d,4,10,7,2,21,True,True,True
P8182,!a*!b*!c*!d+a*b*!c*!d+b*c*d+a*c*d,4,11,9,4,28,True,True,True
P8183,a*b*!c*!d+b*c*d+a*c*d,4,9,8,2,21,True,True,True
P8184,!b*!c*!d+!a*!c*!d+b*c*d+a*c*d,4,9,8,4,25,True,True,True
P8185,a*!b*!c*!d+!a*b*!c*!d+b*c*d+a*c*d,4,15,8,4,31,True,True,True
P8186,!a*!c*!d+b*c*d+a*c*d,4,10,9,3,25,True,True,True
P8187,!a*b*!c*!d+b*c*d+a*c*d,4,8,8,3,22,True,True,True
P8190,!a*!b*!c*!d+b*c*d+a*c*d,4,9,8,4,25,True,True,True
P8191,b*c*d+a*c*d,4,4,4,0,8,True,True,True
P10368,b*c*d+!c*!d+!b*!d+!b*!c+!a,4,9,8,4,25,True,True,True
P10369,a*!c*!d+!b*c*!d+!b*!c*d+b*c*d+!a*d+!a*b,4,15,11,4,34,True,True,True
P10370,b*!c*!d+!b*c*!d+!b*!c*d+b*c*d+!a,4,9,19,4,36,True,True,True
P10371,b*!c*!d+!b*c*!d+!b*!c*d+b*c*d+!a*d+!a*b,4,13,12,4,33,True,True,True
P10372,a*!c*!d+b*c*d+!b*!d+!a*d+!b*!c+!a*c,4,14,11,4,33,True,True,True
P10373,a*!c*!d+!b*c*!d+!b*!c*d+b*c*d+!a*d+!a*c,4,20,10,4,38,True,True,True
P10374,a*b*!c*!d+!b*c*!d+!b*!c*d+b*c*d+!a*d+!a*c+!a*!b,4,17,12,4,37,True,True,True
P10375,a*b*!c*!d+!b*c*!d+!b*!c*d+b*c*d+!a*d+!a*c,4,19,19,4,46,True,True,True
P10376,b*c*d+!b*!d+!b*!c+!a,4,7,7,4,22,True,True,True
P10377,a*!b*!d+!b*!c*d+b*c*d+!a*c+!a*b,4,12,12,4,32,True,True,True
P10378,!b*c*!d+!b*!c*d+b*c*d+!a,4,8,9,4,25,True,True,True
P10379,!b*c*!d+!b*!c*d+b*c*d+!a*d+!a*b,4,9,13,4,30,True,True,True
P10380,b*c*d+!b*!d+!a*d+!b*!c+!a*c,4,13,11,4,32,True,True,True
P10381,a*!b*!d+!b*!c*d+b*c*d+!a*d+!a*c,4,12,16,4,36,True,True,True
P10382,!b*c*!d+!b*!c*d+b*c*d+!a*d+!a*c+!a*!b,4,11,16,4,35,True,True,True
P10383,!b*c*!d+!b*!c*d+b*c*d+!a*d+!a*c,4,13,18,4,39,True,True,True
P10388,a*!c*!d+a*!b*!d+b*c*d+!a*b*c+!a*d+!b*!c,4,,,,,False,False,False
P10389,a*!c*!d+a*!b*!d+!b*!c*d+b*c*d+!a*b*c+!a*d,4,17,11,4,36,True,True,True
P10390,a*b*!c*!d+a*!b*c*!d+!b*!c*d+b*c*d+!a*!b*!c+!a*b*c+!a*d,4,,,,,False,False,False
P10391,a*b*!c*!d+a*!b*c*!d+!b*!c*d+b*c*d+!a*b*c+!a*d,4,20,17,4,45,True,True,True
P10392,a*!b*!d+b*c*d+!a*d+!b*!c+!a*b,4,13,12,4,33,True,True,True
P10393,a*!b*!d+!b*!c*d+b*c*d+!a*d+!a*b,4,11,11,4,30,True,True,True
P10394,a*!b*c*!d+!b*!c*d+b*c*d+!a*d+!a*!c+!a*b,4,16,12,4,36,True,True,True
P10395,a*!b*c*!d+!b*!c*d+b*c*d+!a*d+!a*b,4,15,14,4,37,True,True,True
P10396,a*!b*!d+b*c*d+!a*b*c+!a*d+!b*!c,4,15,,,,True,False,False
P10397,a*!b*!d+!b*!c*d+b*c*d+!a*b*c+!a*d,4,,14,,,False,True,False
P10398,a*!b*c*!d+!b*!c*d+b*c*d+!a*!b*!c+!a*b*c+!a*d,4,19,,,,True,False,False
P10399,a*!b*c*!d+!b*!c*d+b*c*d+!a*b*c+!a*d,4,,14,,,False,True,False
P10408,b*c*d+!b*!c+!a,4,6,9,3,21,True,True,True
P10409,b*c*d+a*!b*!c+!a*d+!a*c+!a*b,4,13,10,3,29,True,True,True
P10410,!b*!c*d+b*c*d+!a,4,6,6,3,18,True,True,True
P10411,!b*!c*d+b*c*d+!a*c+!a*b,4,8,7,3,21,True,True,True
P10412,b*c*d+!a*d+!b*!c+!a*c,4,9,8,3,23,True,True,True
P10413,b*c*d+a*!b*!c+!a*d+!a*c,4,12,12,3,30,True,True,True
P10414,!b*!c*d+b*c*d+!a*d+!a*c+!a*!b,4,9,9,3,24,True,True,True
P10415,!b*!c*d+b*c*d+!a*d+!a*c,4,8,8,3,22,True,True,True
P10428,b*c*d+!a*b*c+!a*d+!b*!c,4,10,13,3,29,True,True,True
P10429,b*c*d+a*!b*!c+!a*b*c+!a*d,4,14,13,3,33,True,True,True
P10430,!b*!c*d+b*c*d+!a*!b*!c+!a*b*c+!a*d,4,12,15,3,33,True,True,True
P10431,!b*!c*d+b*c*d+!a*b*c+!a*d,4,8,13,3,27,True,True,True
P10432,b*c*d+!c*!d+!b*!d+!a*d+!b*!c,4,9,10,4,27,True,True,True
P10433,a*!c*!d+!b*c*!d+!b*!c*d+b*c*d+!a*b*!c+!a*d,4,11,15,4,34,True,True,True
P10434,b*!c*!d+!b*c*!d+!b*!c*d+b*c*d+!a*d+!a*!c,4,11,13,4,32,True,True,True
P10435,b*!c*!d+!b*c*!d+!b*!c*d+b*c*d+!a*d,4,10,17,4,35,True,True,True
P10436,a*!c*!d+b*c*d+!b*!d+!a*d+!b*!c,4,13,10,4,31,True,True,True
P10437,a*!c*!d+!b*c*!d+!b*!c*d+b*c*d+!a*d,4,10,14,4,32,True,True,True
P10438,a*b*!c*!d+!b*c*!d+!b*!c*d+b*c*d+!a*d+!a*!b,4,16,15,4,39,True,True,True
P10439,a*b*!c*!d+!b*c*!d+!b*!c*d+b*c*d+!a*d,4,18,19,4,45,True,True,True
P10440,b*c*d+!b*!d+!a*d+!b*!c+!a*!c,4,10,9,4,27,True,True,True
P10441,a*!b*!d+!b*!c*d+b*c*d+!a*b*!c+!a*!b*c,4,12,17,4,37,True,True,True
P10442,!b*c*!d+!b*!c*d+b*c*d+!a*d+!a*!c,4,10,10,4,28,True,True,True
P10443,!b*c*!d+!b*!c*d+b*c*d+!a*b*!c+!a*d,4,10,15,4,33,True,True,True
P10444,b*c*d+!b*!d+!a*d+!b*!c,4,7,13,4,28,True,True,True
P10445,!b*c*!d+a*!b*!d+!b*!c*d+b*c*d+!a*d,4,10,15,4,33,True,True,True
P10446,!b*c*!d+!b*!c*d+b*c*d+!a*d+!a*!b,4,10,12,4,30,True,True,True
P10447,!b*c*!d+!b*!c*d+b*c*d+!a*d,4,8,18,4,34,True,True,True
P10452,a*!c*!d+a*!b*!d+b*c*d+!a*d+!b*!c,4,10,11,4,29,True,True,True
P10453,a*!c*!d+a*!b*!d+!b*!c*d+b*c*d+!a*d,4,12,14,4,34,True,True,True
P10454,a*b*!c*!d+a*!b*c*!d+!b*!c*d+b*c*d+!a*!b*!c+!a*d,4,,19,,,False,True,False
P10455,a*b*!c*!d+a*!b*c*!d+!b*!c*d+b*c*d+!a*d,4,,,,,False,False,False
P10456,a*!b*!d+b*c*d+!a*d+!b*!c+!a*!c,4,10,15,4,33,True,True,True
P10457,a*!b*!d+!b*!c*d+b*c*d+!a*b*!c+!a*d,4,9,13,4,30,True,True,True
P10458,a*!b*c*!d+!b*!c*d+b*c*d+!a*d+!a*!c,4,15,15,4,38,True,True,True
P10459,a*!b*c*!d+!b*!c*d+b*c*d+!a*b*!c+!a*d,4,13,14,4,35,True,True,True
P10460,a*!b*!d+b*c*d+!a*d+!b*!c,4,8,10,4,26,True,True,True
P10461,a*!b*!d+!b*!c*d+b*c*d+!a*d,4,12,12,4,32,True,True,True
P10462,a*!b*c*!d+!b*!c*d+b*c*d+!a*!b*!c+!a*d,4,18,15,4,41,True,True,True
P10463,a*!b*c*!d+!b*!c*d+b*c*d+!a*d,4,12,,,,True,False,False
P10472,b*c*d+!b*!c+!a*!c+!a*!b,4,8,7,3,21,True,True,True
P10473,b*c*d+a*!b*!c+!a*b*!c+!a*!b*c+!a*d,4,13,20,4,41,True,True,True
P10474,!b*!c*d+b*c*d+!a*!c+!a*!b,4,8,7,3,21,True,True,True
P10475,!b*!c*d+b*c*d+!a*b*!c+!a*!b*c,4,12,10,3,28,True,True,True
P10476,b*c*d+!a*d+!b*!c+!a*!b,4,10,8,3,24,True,True,True
P10477,b*c*d+a*!b*!c+!a*!b*c+!a*d,4,8,10,3,24,True,True,True
P10478,!b*!c*d+b*c*d+!a*d+!a*!b,4,8,8,3,22,True,True,True
P10479,!b*!c*d+b*c*d+!a*!b*c+!a*d,4,7,9,3,22,True,True,True
P10492,b*c*d+!a*d+!b*!c,4,9,8,3,23,True,True,True
P10493,b*c*d+a*!b*!c+!a*d,4,12,11,3,29,True,True,True
P10494,!b*!c*d+b*c*d+!a*!b*!c+!a*d,4,8,9,3,23,True,True,True
P10495,!b*!c*d+b*c*d+!a*d,4,6,7,3,19,True,True,True
P10644,!b*!c*!d+a*!c*!d+a*!b*!d+b*c*d+!a*c*d+!a*b*d+a*!b*!c+!a*b*c,4,,,,,False,False,False
P10645,a*!c*!d+a*!b*!d+b*c*d+!a*c*d+!a*b*d+a*!b*!c+!a*b*c,4,,,,,False,False,False
P10646,!a*!b*!c*!d+a*b*!c*!d+a*!b*c*!d+a*!b*!c*d+b*c*d+!a*c*d+!a*b*d+!a*b*c,4,,,,,False,False,False
P10647,a*b*!c*!d+a*!b*c*!d+a*!b*!c*d+b*c*d+!a*c*d+!a*b*d+!a*b*c,4,,,,,False,False,False
P10648,!a*!c*!d+a*!b*!d+b*c*d+!a*c*d+a*!b*!c+!a*b,4,15,17,4,40,True,True,True
P10649,a*!b*!d+b*c*d+!a*c*d+a*!b*!c+!a*b,4,12,15,4,35,True,True,True
P10650,a*!b*c*!d+a*!b*!c*d+!a*!c*!d+b*c*d+!a*c*d+!a*b,4,20,,,,True,False,False
P10651,a*!b*c*!d+a*!b*!c*d+b*c*d+!a*c*d+!a*b,4,12,18,4,38,True,True,True
P10652,!b*!c*!d+a*!b*!d+b*c*d+!a*c*d+!a*b*d+a*!b*!c+!a*b*c,4,20,,,,True,False,False
P10653,a*!b*!d+b*c*d+!a*c*d+!a*b*d+a*!b*!c+!a*b*c,4,17,,,,True,False,False
P10654,!a*!b*!c*!d+a*!b*c*!d+a*!b*!c*d+b*c*d+!a*c*d+!a*b*d+!a*b*c,4,,,,,False,False,False
P10655,a*!b*c*!d+a*!b*!c*d+b*c*d+!a*c*d+!a*b*d+!a*b*c,4,18,,,,True,False,False
P10664,b*c*d+a*!b*!c+!a*!d+!a*c+!a*b,4,10,11,4,29,True,True,True
P10665,b*c*d+a*!b*!c+!a*c+!a*b,4,13,8,3,27,True,True,True
P10666,a*!b*!c*d+b*c*d+!a*!d+!a*c+!a*b,4,10,9,4,27,True,True,True
P10667,a*!b*!c*d+b*c*d+!a*c+!a*b,4,14,8,3,28,True,True,True
P10668,!a*!b*!d+b*c*d+!a*b*d+a*!b*!c+!a*c,4,15,15,4,38,True,True,True
P10669,b*c*d+!a*b*d+a*!b*!c+!a*c,4,12,11,3,29,True,True,True
P10670,a*!b*!c*d+!a*!b*!d+b*c*d+!a*b*d+!a*c,4,14,,,,True,False,False
P10671,a*!b*!c*d+b*c*d+!a*b*d+!a*c,4,10,11,3,27,True,True,True
P10684,!b*!c*!d+b*c*d+!a*c*d+!a*b*d+a*!b*!c+!a*b*c,4,19,20,4,47,True,True,True
P10685,b*c*d+!a*c*d+!a*b*d+a*!b*!c+!a*b*c,4,20,18,4,46,True,True,True
P10686,!a*!b*!c*!d+a*!b*!c*d+b*c*d+!a*c*d+!a*b*d+!a*b*c,4,,,,,False,False,False
P10687,a*!b*!c*d+b*c*d+!a*c*d+!a*b*d+!a*b*c,4,18,11,3,35,True,True,True
P10688,b*c*d+!a*c*d+!a*b*d+a*!b*!c+!c*!d+!b*!d,4,16,11,4,35,True,True,True
P10689,a*!c*!d+!b*c*!d+b*c*d+!a*c*d+a*!b*!c+!a*b*!c,4,17,15,4,40,True,True,True
P10690,a*!b*!c*d+b*!c*!d+!a*!c*!d+!b*c*!d+b*c*d+!a*c*d+!a*b*d,4,,,,,False,False,False
P10691,a*!b*!c*d+b*!c*!d+!b*c*!d+b*c*d+!a*c*d+!a*b*d,4,,,,,False,False,False
P10692,a*!c*!d+b*c*d+!a*c*d+!a*b*d+a*!b*!c+!b*!d,4,,12,,,False,True,False
P10693,a*!c*!d+!b*c*!d+b*c*d+!a*c*d+!a*b*d+a*!b*!c,4,19,20,4,47,True,True,True
P10694,a*b*!c*!d+a*!b*!c*d+!b*c*!d+!a*!b*!d+b*c*d+!a*c*d+!a*b*d,4,,,,,False,False,False
P10695,a*b*!c*!d+a*!b*!c*d+!b*c*!d+b*c*d+!a*c*d+!a*b*d,4,,,,,False,False,False
P10696,b*c*d+!a*c*d+a*!b*!c+!a*b*!c+!b*!d,4,11,15,4,34,True,True,True
P10697,a*!b*!d+b*c*d+a*!b*!c+!a*b*!c+!a*!b*c,4,13,17,4,38,True,True,True
P10698,a*!b*!c*d+!a*!c*!d+!b*c*!d+b*c*d+!a*c*d+!a*b*d,4,,18,,,False,True,False
P10699,a*!b*!c*d+!b*c*!d+b*c*d+!a*c*d+!a*b*!c,4,20,17,4,45,True,True,True
P10700,b*c*d+!a*c*d+!a*b*d+a*!b*!c+!b*!d,4,15,,,,True,False,False
P10701,a*!b*!d+b*c*d+!a*b*d+a*!b*!c+!a*!b*c,4,13,17,4,38,True,True,True
P10702,a*!b*!c*d+!b*c*!d+!a*!b*!d+b*c*d+!a*c*d+!a*b*d,4,16,,,,True,False,False
P10703,a*!b*!c*d+!b*c*!d+b*c*d+!a*c*d+!a*b*d,4,15,16,4,39,True,True,True
P10708,!b*!c*!d+a*!c*!d+a*!b*!d+b*c*d+!a*c*d+!a*b*d+a*!b*!c,4,15,20,4,43,True,True,True
P10709,a*!c*!d+a*!b*!d+b*c*d+!a*c*d+!a*b*d+a*!b*!c,4,,19,,,False,True,False
P10710,!a*!b*!c*!d+a*b*!c*!d+a*!b*c*!d+a*!b*!c*d+b*c*d+!a*c*d+!a*b*d,4,,,,,False,False,False
P10711,a*b*!c*!d+a*!b*c*!d+a*!b*!c*d+b*c*d+!a*c*d+!a*b*d,4,20,19,4,47,True,True,True
P10712,!a*!c*!d+a*!b*!d+b*c*d+!a*c*d+!a*b*d+a*!b*!c,4,17,,,,True,False,False
P10713,a*!b*!d+b*c*d+!a*c*d+a*!b*!c+!a*b*!c,4,17,15,4,40,True,True,True
P10714,a*!b*c*!d+a*!b*!c*d+!a*!c*!d+b*c*d+!a*c*d+!a*b*d,4,17,,,,True,False,False
P10715,a*!b*c*!d+a*!b*!c*d+b*c*d+!a*c*d+!a*b*!c,4,19,,,,True,False,False
P10716,!b*!c*!d+a*!b*!d+b*c*d+!a*c*d+!a*b*d+a*!b*!c,4,14,,,,True,False,False
P10717,a*!b*!d+b*c*d+!a*c*d+!a*b*d+a*!b*!c,4,12,20,4,40,True,True,True
P10718,!a*!b*!c*!d+a*!b*c*!d+a*!b*!c*d+b*c*d+!a*c*d+!a*b*d,4,20,,,,True,False,False
P10719,a*!b*c*!d+a*!b*!c*d+b*c*d+!a*c*d+!a*b*d,4,11,18,4,37,True,True,True
P10728,!a*!c*!d+b*c*d+!a*b*d+a*!b*!c+!a*!b*c,4,13,13,4,34,True,True,True
P10729,b*c*d+a*!b*!c+!a*b*!c+!a*!b*c,4,18,15,3,39,True,True,True
P10730,a*!b*!c*d+!a*!c*!d+b*c*d+!a*b*d+!a*!b*c,4,18,17,4,43,True,True,True
P10731,a*!b*!c*d+b*c*d+!a*b*!c+!a*!b*c,4,14,9,3,29,True,True,True
P10732,!b*!c*!d+b*c*d+!a*b*d+a*!b*!c+!a*!b*c,4,17,20,4,45,True,True,True
P10733,b*c*d+!a*b*d+a*!b*!c+!a*!b*c,4,16,15,3,37,True,True,True
P10734,a*!b*!c*d+!a*!b*!d+b*c*d+!a*c*d+!a*b*d,4,13,12,4,33,True,True,True
P10735,a*!b*!c*d+b*c*d+!a*b*d+!a*!b*c,4,13,12,3,31,True,True,True
P10748,!b*!c*!d+b*c*d+!a*c*d+!a*b*d+a*!b*!c,4,16,18,4,42,True,True,True
P10749,b*c*d+!a*c*d+!a*b*d+a*!b*!c,4,13,10,3,29,True,True,True
P10750,!a*!b*!c*!d+a*!b*!c*d+b*c*d+!a*c*d+!a*b*d,4,16,19,4,43,True,True,True
P10751,a*!b*!c*d+b*c*d+!a*c*d+!a*b*d,4,18,8,3,32,True,True,True
P10920,!b*!c*!d+b*c*d+!a,4,7,7,4,22,True,True,True
P10921,a*!b*!c*!d+b*c*d+!a*d+!a*c+!a*b,4,11,17,4,36,True,True,True
P10922,b*c*d+!a,4,4,4,1,10,True,True,True
P10923,b*c*d+!a*d+!a*c+!a*b,4,7,7,1,16,True,True,True
P10924,!b*!c*!d+b*c*d+!a*d+!a*c,4,10,8,4,26,True,True,True
P10925,a*!b*!c*!d+b*c*d+!a*d+!a*c,4,15,10,4,33,True,True,True
P10926,b*c*d+!a*d+!a*c+!a*!b,4,7,7,2,18,True,True,True
P10927,b*c*d+!a*d+!a*c,4,6,6,1,14,True,True,True
P10940,!b*!c*!d+b*c*d+!a*b*c+!a*d,4,14,16,4,38,True,True,True
P10941,a*!b*!c*!d+b*c*d+!a*b*c+!a*d,4,12,15,4,35,True,True,True
P10942,b*c*d+!a*!b*!c+!a*b*c+!a*d,4,10,9,3,25,True,True,True
P10943,b*c*d+!a*b*c+!a*d,4,8,8,1,18,True,True,True
P10944,b*c*d+!c*!d+!b*!d+!a*d,4,9,8,4,25,True,True,True
P10945,a*!c*!d+!b*c*!d+b*c*d+!a*b*!c+!a*d,4,11,14,4,33,True,True,True
P10946,b*!c*!d+!b*c*!d+b*c*d+!a*d+!a*!c,4,9,10,4,27,True,True,True
P10947,b*!c*!d+!b*c*!d+b*c*d+!a*d,4,11,13,4,32,True,True,True
P10948,a*!c*!d+b*c*d+!b*!d+!a*d,4,12,14,4,34,True,True,True
P10949,a*!c*!d+!b*c*!d+b*c*d+!a*d,4,9,10,4,27,True,True,True
P10950,a*b*!c*!d+!b*c*!d+b*c*d+!a*d+!a*!b,4,15,16,4,39,True,True,True
P10951,a*b*!c*!d+!b*c*!d+b*c*d+!a*d,4,15,11,4,34,True,True,True
P10952,b*c*d+!b*!d+!a*d+!a*!c,4,8,8,4,24,True,True,True
P10953,a*!b*!d+b*c*d+!a*b*!c+!a*!b*c+!a*d,4,11,12,4,31,True,True,True
P10954,!b*c*!d+b*c*d+!a*d+!a*!c,4,9,7,4,24,True,True,True
P10955,!b*c*!d+b*c*d+!a*b*!c+!a*d,4,11,8,4,27,True,True,True
P10956,b*c*d+!b*!d+!a*d,4,9,7,3,22,True,True,True
P10957,!b*c*!d+a*!b*!d+b*c*d+!a*d,4,8,12,3,26,True,True,True
P10958,!b*c*!d+b*c*d+!a*d+!a*!b,4,7,6,3,19,True,True,True
P10959,!b*c*!d+b*c*d+!a*d,4,9,9,3,24,True,True,True
P10964,a*!c*!d+a*!b*!d+b*c*d+!a*!b*!c+!a*d,4,15,17,4,40,True,True,True
P10965,a*!c*!d+a*!b*!d+b*c*d+!a*d,4,12,8,4,28,True,True,True
P10966,a*b*!c*!d+a*!b*c*!d+b*c*d+!a*!b*!c+!a*d,4,20,,,,True,False,False
P10967,a*b*!c*!d+a*!b*c*!d+b*c*d+!a*d,4,15,16,4,39,True,True,True
P10968,a*!b*!d+b*c*d+!a*d+!a*!c,4,9,12,4,29,True,True,True
P10969,a*!b*!d+b*c*d+!a*b*!c+!a*d,4,8,11,4,27,True,True,True
P10970,a*!b*c*!d+b*c*d+!a*d+!a*!c,4,10,8,4,26,True,True,True
P10971,a*!b*c*!d+b*c*d+!a*b*!c+!a*d,4,8,10,4,26,True,True,True
P10972,a*!b*!d+b*c*d+!a*!b*!c+!a*d,4,9,8,4,25,True,True,True
P10973,a*!b*!d+b*c*d+!a*d,4,9,10,3,25,True,True,True
P10974,a*!b*c*!d+b*c*d+!a*!b*!c+!a*d,4,10,8,4,26,True,True,True
P10975,a*!b*c*!d+b*c*d+!a*d,4,9,9,4,26,True,True,True
P10984,!b*!c*!d+b*c*d+!a*!c+!a*!b,4,10,9,4,27,True,True,True
P10985,a*!b*!c*!d+b*c*d+!a*b*!c+!a*!b*c+!a*d,4,14,13,4,35,True,True,True
P10986,b*c*d+!a*!c+!a*!b,4,6,6,3,18,True,True,True
P10987,b*c*d+!a*b*!c+!a*!b*c+!a*d,4,7,8,3,21,True,True,True
P10988,!b*!c*!d+b*c*d+!a*d+!a*!b,4,8,13,4,29,True,True,True
P10989,a*!b*!c*!d+b*c*d+!a*!b*c+!a*d,4,13,10,4,31,True,True,True
P10990,b*c*d+!a*d+!a*!b,4,5,5,2,14,True,True,True
P10991,b*c*d+!a*!b*c+!a*d,4,6,6,2,16,True,True,True
P11004,!b*!c*!d+b*c*d+!a*d,4,7,10,4,25,True,True,True
P11005,a*!b*!c*!d+b*c*d+!a*d,4,11,12,4,31,True,True,True
P11006,b*c*d+!a*!b*!c+!a*d,4,6,6,3,18,True,True,True
P11007,b*c*d+!a*d,4,4,4,1,10,True,True,True
P11196,!b*!c*!d+b*c*d+!a*c*d+!a*b*d+!a*b*c,4,15,16,4,39,True,True,True
P11197,a*!b*!c*!d+b*c*d+!a*c*d+!a*b*d+!a*b*c,4,19,16,4,43,True,True,True
P11198,!a*!b*!c*!d+b*c*d+!a*c*d+!a*b*d+!a*b*c,4,13,11,4,32,True,True,True
P11199,b*c*d+!a*c*d+!a*b*d+!a*b*c,4,10,8,1,20,True,True,True
P11200,b*c*d+!a*c*d+!a*b*d+!c*!d+!b*!d,4,18,11,4,37,True,True,True
P11201,a*!c*!d+!b*c*!d+b*c*d+!a*c*d+!a*b*!c,4,14,17,4,39,True,True,True
P11202,b*!c*!d+!a*!c*!d+!b*c*!d+b*c*d+!a*c*d+!a*b*d,4,20,15,4,43,True,True,True
P11203,b*!c*!d+!b*c*!d+b*c*d+!a*c*d+!a*b*d,4,20,10,4,38,True,True,True
P11204,a*!c*!d+b*c*d+!a*c*d+!a*b*d+!b*!d,4,18,11,4,37,True,True,True
P11205,a*!c*!d+!b*c*!d+b*c*d+!a*c*d+!a*b*d,4,15,13,4,36,True,True,True
P11206,a*b*!c*!d+!b*c*!d+!a*!b*!d+b*c*d+!a*c*d+!a*b*d,4,19,,,,True,False,False
P11207,a*b*!c*!d+!b*c*!d+b*c*d+!a*c*d+!a*b*d,4,19,18,4,45,True,True,True
P11208,b*c*d+!a*c*d+!a*b*!c+!b*!d,4,11,11,4,30,True,True,True
P11209,a*!b*!d+b*c*d+!a*b*!c+!a*!b*c,4,12,18,4,38,True,True,True
P11210,!a*!c*!d+!b*c*!d+b*c*d+!a*c*d+!a*b*d,4,16,14,4,38,True,True,True
P11211,!b*c*!d+b*c*d+!a*c*d+!a*b*!c,4,12,9,4,29,True,True,True
P11212,b*c*d+!a*c*d+!a*b*d+!b*!d,4,14,8,3,28,True,True,True
P11213,a*!b*!d+b*c*d+!a*b*d+!a*!b*c,4,14,9,3,29,True,True,True
P11214,!b*c*!d+!a*!b*!d+b*c*d+!a*c*d+!a*b*d,4,12,12,3,30,True,True,True
P11215,!b*c*!d+b*c*d+!a*c*d+!a*b*d,4,10,9,3,25,True,True,True
P11220,!b*!c*!d+a*!c*!d+a*!b*!d+b*c*d+!a*c*d+!a*b*d,4,13,19,4,40,True,True,True
P11221,a*!c*!d+a*!b*!d+b*c*d+!a*c*d+!a*b*d,4,11,13,4,32,True,True,True
P11222,!a*!b*!c*!d+a*b*!c*!d+a*!b*c*!d+b*c*d+!a*c*d+!a*b*d,4,,,,,False,False,False
P11223,a*b*!c*!d+a*!b*c*!d+b*c*d+!a*c*d+!a*b*d,4,11,15,4,34,True,True,True
P11224,!a*!c*!d+a*!b*!d+b*c*d+!a*c*d+!a*b*d,4,13,10,4,31,True,True,True
P11225,a*!b*!d+b*c*d+!a*c*d+!a*b*!c,4,10,14,4,32,True,True,True
P11226,a*!b*c*!d+!a*!c*!d+b*c*d+!a*c*d+!a*b*d,4,11,12,4,31,True,True,True
P11227,a*!b*c*!d+b*c*d+!a*c*d+!a*b*!c,4,11,13,4,32,True,True,True
P11228,!b*!c*!d+a*!b*!d+b*c*d+!a*c*d+!a*b*d,4,11,15,4,34,True,True,True
P11229,a*!b*!d+b*c*d+!a*c*d+!a*b*d,4,20,15,4,43,True,True,True
P11230,!a*!b*!c*!d+a*!b*c*!d+b*c*d+!a*c*d+!a*b*d,4,14,13,4,35,True,True,True
P11231,a*!b*c*!d+b*c*d+!a*c*d+!a*b*d,4,10,9,3,25,True,True,True
P11240,!b*!c*!d+b*c*d+!a*b*!c+!a*!b*c,4,9,9,4,26,True,True,True
P11241,a*!b*!c*!d+b*c*d+!a*b*!c+!a*!b*c,4,20,18,4,46,True,True,True
P11242,!a*!c*!d+b*c*d+!a*b*d+!a*!b*c,4,9,9,4,26,True,True,True
P11243,b*c*d+!a*b*!c+!a*!b*c,4,7,9,3,22,True,True,True
P11244,!b*!c*!d+b*c*d+!a*b*d+!a*!b*c,4,11,11,4,30,True,True,True
P11245,a*!b*!c*!d+b*c*d+!a*b*d+!a*!b*c,4,11,15,4,34,True,True,True
P11246,!a*!b*!d+b*c*d+!a*c*d+!a*b*d,4,8,9,3,23,True,True,True
P11247,b*c*d+!a*b*d+!a*!b*c,4,7,7,2,18,True,True,True
P11260,!b*!c*!d+b*c*d+!a*c*d+!a*b*d,4,16,17,4,41,True,True,True
P11261,a*!b*!c*!d+b*c*d+!a*c*d+!a*b*d,4,10,14,4,32,True,True,True
P11262,!a*!b*!c*!d+b*c*d+!a*c*d+!a*b*d,4,9,10,4,27,True,True,True
P11263,b*c*d+!a*c*d+!a*b*d,4,8,6,1,16,True,True,True
P11456,b*c*d+!c*!d+!b*!d+!b*!c+!a*!b,4,12,8,4,28,True,True,True
P11457,b*!c*!d+a*!b*!d+!b*!c*d+b*c*d+!a*!b*c,4,18,18,4,44,True,True,True
P11458,b*!c*!d+!b*c*!d+!b*!c*d+b*c*d+!a*!b,4,9,11,4,28,True,True,True
P11459,b*!c*!d+!b*c*!d+!b*!c*d+b*c*d+!a*c*d,4,18,15,4,41,True,True,True
P11460,a*!c*!d+b*c*d+!b*!d+!b*!c+!a*!b,4,10,11,4,29,True,True,True
P11461,a*!c*!d+!b*c*!d+!b*!c*d+b*c*d+!a*c*d,4,11,10,4,29,True,True,True
P11462,a*b*!c*!d+!b*c*!d+!b*!c*d+b*c*d+!a*!b,4,,10,,,False,True,False
P11463,a*b*!c*!d+!b*c*!d+!b*!c*d+b*c*d+!a*c*d,4,12,16,4,36,True,True,True
P11464,!a*!c*!d+b*c*d+!b*!d+!b*!c+!a*!b,4,8,9,4,25,True,True,True
P11465,!a*b*!c*!d+a*!b*!d+!b*!c*d+b*c*d+!a*!b*c,4,16,13,4,37,True,True,True
P11466,!a*!c*!d+!b*c*!d+!b*!c*d+b*c*d+!a*!b,4,10,9,4,27,True,True,True
P11467,!a*b*!c*!d+!b*c*!d+!b*!c*d+b*c*d+!a*c*d,4,20,,,,True,False,False
P11468,b*c*d+!b*!d+!b*!c+!a*!b,4,8,9,4,25,True,True,True
P11469,a*!b*!d+!b*!c*d+b*c*d+!a*!b*c,4,14,11,4,33,True,True,True
P11470,!b*c*!d+!b*!c*d+b*c*d+!a*!b,4,8,9,4,25,True,True,True
P11471,!b*c*!d+!b*!c*d+b*c*d+!a*c*d,4,12,12,4,32,True,True,True
P11472,a*!b*!d+b*c*d+!a*!b*d+!c*!d+!b*!c,4,12,15,4,35,True,True,True
P11473,b*!c*!d+a*!b*!d+!b*!c*d+b*c*d+!a*c*d,4,15,10,4,33,True,True,True
P11474,a*!b*c*!d+b*!c*!d+!b*!c*d+b*c*d+!a*c*d+!a*!b*!c,4,17,11,4,36,True,True,True
P11475,a*!b*c*!d+b*!c*!d+!b*!c*d+b*c*d+!a*c*d,4,14,13,4,35,True,True,True
P11476,a*!c*!d+a*!b*!d+b*c*d+!a*c*d+!b*!c,4,16,11,4,35,True,True,True
P11477,a*!c*!d+a*!b*!d+!b*!c*d+b*c*d+!a*c*d,4,14,9,4,31,True,True,True
P11478,a*b*!c*!d+a*!b*c*!d+!b*!c*d+b*c*d+!a*c*d+!a*!b*!c,4,,,,,False,False,False
P11479,a*b*!c*!d+a*!b*c*!d+!b*!c*d+b*c*d+!a*c*d,4,17,15,4,40,True,True,True
P11480,!a*!c*!d+a*!b*!d+b*c*d+!a*c*d+!b*!c,4,16,10,4,34,True,True,True
P11481,!a*b*!c*!d+a*!b*!d+!b*!c*d+b*c*d+!a*c*d,4,17,11,4,36,True,True,True
P11482,a*!b*c*!d+!a*!c*!d+!b*!c*d+b*c*d+!a*c*d,4,16,11,4,35,True,True,True
P11483,!a*b*!c*!d+a*!b*c*!d+!b*!c*d+b*c*d+!a*c*d,4,13,,,,True,False,False
P11484,a*!b*!d+b*c*d+!a*c*d+!b*!c,4,11,12,4,31,True,True,True
P11485,a*!b*!d+!b*!c*d+b*c*d+!a*c*d,4,8,9,4,25,True,True,True
P11486,a*!b*c*!d+!b*!c*d+b*c*d+!a*c*d+!a*!b*!c,4,11,15,4,34,True,True,True
P11487,a*!b*c*!d+!b*!c*d+b*c*d+!a*c*d,4,13,10,4,31,True,True,True
P11488,b*c*d+!c*!d+!b*!c+!a*!b,4,8,7,4,23,True,True,True
P11489,b*!c*!d+a*!c*!d+!b*!c*d+b*c*d+!a*!b*c,4,18,20,4,46,True,True,True
P11490,b*!c*!d+!b*!c*d+b*c*d+!a*!b,4,8,9,4,25,True,True,True
P11491,b*!c*!d+!b*!c*d+b*c*d+!a*!b*c,4,11,11,4,30,True,True,True
P11492,a*!c*!d+b*c*d+!b*!c+!a*!b,4,13,10,4,31,True,True,True
P11493,a*!c*!d+!b*!c*d+b*c*d+!a*!b*c,4,15,18,4,41,True,True,True
P11494,a*b*!c*!d+!b*!c*d+b*c*d+!a*!b,4,15,15,4,38,True,True,True
P11495,a*b*!c*!d+!b*!c*d+b*c*d+!a*!b*c,4,13,,,,True,False,False
P11496,!a*!c*!d+b*c*d+!b*!c+!a*!b,4,11,11,4,30,True,True,True
P11497,!a*b*!c*!d+!b*!c*d+b*c*d+a*!b*!c+!a*!b*c,4,16,16,4,40,True,True,True
P11498,!a*!c*!d+!b*!c*d+b*c*d+!a*!b,4,11,8,4,27,True,True,True
P11499,!a*b*!c*!d+!b*!c*d+b*c*d+!a*!b*c,4,15,9,4,32,True,True,True
P11500,b*c*d+!b*!c+!a*!b,4,6,7,3,19,True,True,True
P11501,!b*!c*d+b*c*d+a*!b*!c+!a*!b*c,4,9,12,3,27,True,True,True
P11502,!b*!c*d+b*c*d+!a*!b,4,7,7,3,20,True,True,True
P11503,!b*!c*d+b*c*d+!a*!b*c,4,9,9,3,24,True,True,True
P11504,b*c*d+!a*!b*d+!c*!d+!b*!c,4,9,11,4,28,True,True,True
P11505,b*!c*!d+a*!c*!d+!b*!c*d+b*c*d+!a*c*d,4,15,11,4,34,True,True,True
P11506,b*!c*!d+!b*!c*d+b*c*d+!a*c*d+!a*!b*!c,4,11,9,4,28,True,True,True
P11507,b*!c*!d+!b*!c*d+b*c*d+!a*c*d,4,13,15,4,36,True,True,True
P11508,a*!c*!d+b*c*d+!a*c*d+!b*!c,4,10,11,4,29,True,True,True
P11509,a*!c*!d+!b*!c*d+b*c*d+!a*c*d,4,10,9,4,27,True,True,True
P11510,a*b*!c*!d+!b*!c*d+b*c*d+!a*c*d+!a*!b*!c,4,12,17,4,37,True,True,True
P11511,a*b*!c*!d+!b*!c*d+b*c*d+!a*c*d,4,13,15,4,36,True,True,True
P11512,!a*!c*!d+b*c*d+!a*c*d+!b*!c,4,9,9,4,26,True,True,True
P11513,!a*b*!c*!d+b*c*d+!a*!b*d+a*!b*!c,4,13,15,4,36,True,True,True
P11514,!a*!c*!d+!b*!c*d+b*c*d+!a*c*d,4,9,11,4,28,True,True,True
P11515,!a*b*!c*!d+!b*!c*d+b*c*d+!a*c*d,4,11,10,4,29,True,True,True
P11516,b*c*d+!a*c*d+!b*!c,4,9,9,4,26,True,True,True
P11517,b*c*d+!a*!b*d+a*!b*!c,4,9,8,3,23,True,True,True
P11518,!b*!c*d+b*c*d+!a*c*d+!a*!b*!c,4,8,8,3,22,True,True,True
P11519,!b*!c*d+b*c*d+!a*c*d,4,10,6,3,22,True,True,True
P11728,a*!b*!d+b*c*d+!a*c*d+a*!b*!c+!c*!d,4,17,13,4,38,True,True,True
P11729,b*!c*!d+a*!b*!d+b*c*d+!a*c*d+a*!b*!c,4,,12,,,False,True,False
P11730,a*!b*c*!d+a*!b*!c*d+b*!c*!d+!a*!c*!d+b*c*d+!a*c*d,4,,17,,,False,True,False
P11731,a*!b*c*!d+a*!b*!c*d+b*!c*!d+b*c*d+!a*c*d,4,16,18,4,42,True,True,True
P11732,!b*!c*!d+a*!c*!d+a*!b*!d+b*c*d+!a*c*d+a*!b*!c,4,18,19,4,45,True,True,True
P11733,a*!c*!d+a*!b*!d+b*c*d+!a*c*d+a*!b*!c,4,14,10,4,32,True,True,True
P11734,!a*!b*!c*!d+a*b*!c*!d+a*!b*c*!d+a*!b*!c*d+b*c*d+!a*c*d,4,,,,,False,False,False
P11735,a*b*!c*!d+a*!b*c*!d+a*!b*!c*d+b*c*d+!a*c*d,4,11,12,4,31,True,True,True
P11736,!a*!c*!d+a*!b*!d+b*c*d+!a*c*d+a*!b*!c,4,14,13,4,35,True,True,True
P11737,!a*b*!c*!d+a*!b*!d+b*c*d+!a*c*d+a*!b*!c,4,,13,,,False,True,False
P11738,a*!b*c*!d+a*!b*!c*d+!a*!c*!d+b*c*d+!a*c*d,4,11,16,4,35,True,True,True
P11739,!a*b*!c*!d+a*!b*c*!d+a*!b*!c*d+b*c*d+!a*c*d,4,15,,,,True,False,False
P11740,!b*!c*!d+a*!b*!d+b*c*d+!a*c*d+a*!b*!c,4,13,11,4,32,True,True,True
P11741,a*!b*!d+b*c*d+!a*c*d+a*!b*!c,4,9,15,4,32,True,True,True
P11742,!a*!b*!c*!d+a*!b*c*!d+a*!b*!c*d+b*c*d+!a*c*d,4,,,,,False,False,False
P11743,a*!b*c*!d+a*!b*!c*d+b*c*d+!a*c*d,4,14,,,,True,False,False
P11744,b*c*d+a*!b*!c+!a*!b*c+!c*!d,4,15,12,4,35,True,True,True
P11745,b*!c*!d+b*c*d+a*!b*!c+!a*!b*c,4,16,16,4,40,True,True,True
P11746,a*!b*!c*d+b*!c*!d+!a*!b*!d+b*c*d+!a*c*d,4,16,19,4,43,True,True,True
P11747,a*!b*!c*d+b*!c*!d+b*c*d+!a*!b*c,4,14,,,,True,False,False
P11748,a*!c*!d+!a*!b*!d+b*c*d+!a*c*d+a*!b*!c,4,15,15,4,38,True,True,True
P11749,a*!c*!d+b*c*d+a*!b*!c+!a*!b*c,4,11,11,4,30,True,True,True
P11750,a*b*!c*!d+a*!b*!c*d+!a*!b*!d+b*c*d+!a*c*d,4,16,20,4,44,True,True,True
P11751,a*b*!c*!d+a*!b*!c*d+b*c*d+!a*!b*c,4,19,16,4,43,True,True,True
P11752,!a*!c*!d+b*c*d+a*!b*!c+!a*!b*c,4,12,15,4,35,True,True,True
P11753,!a*b*!c*!d+b*c*d+a*!b*!c+!a*!b*c,4,16,11,4,35,True,True,True
P11754,a*!b*!c*d+!a*!c*!d+b*c*d+!a*!b*c,4,16,10,4,34,True,True,True
P11755,!a*b*!c*!d+a*!b*!c*d+b*c*d+!a*!b*c,4,14,12,4,34,True,True,True
P11756,!b*!c*!d+b*c*d+a*!b*!c+!a*!b*c,4,13,12,4,33,True,True,True
P11757,b*c*d+a*!b*!c+!a*!b*c,4,9,8,3,23,True,True,True
P11758,a*!b*!c*d+!a*!b*!d+b*c*d+!a*c*d,4,11,9,4,28,True,True,True
P11759,a*!b*!c*d+b*c*d+!a*!b*c,4,10,11,3,27,True,True,True
P11760,b*c*d+!a*c*d+a*!b*!c+!c*!d,4,14,11,4,33,True,True,True
P11761,b*!c*!d+b*c*d+!a*c*d+a*!b*!c,4,16,14,4,38,True,True,True
P11762,a*!b*!c*d+b*!c*!d+!a*!c*!d+b*c*d+!a*c*d,4,13,18,4,39,True,True,True
P11763,a*!b*!c*d+b*!c*!d+b*c*d+!a*c*d,4,17,13,4,38,True,True,True
P11764,!b*!c*!d+a*!c*!d+b*c*d+!a*c*d+a*!b*!c,4,16,14,4,38,True,True,True
P11765,a*!c*!d+b*c*d+!a*c*d+a*!b*!c,4,9,13,4,30,True,True,True
P11766,!a*!b*!c*!d+a*b*!c*!d+a*!b*!c*d+b*c*d+!a*c*d,4,11,,,,True,False,False
P11767,a*b*!c*!d+a*!b*!c*d+b*c*d+!a*c*d,4,13,13,4,34,True,True,True
P11768,!a*!c*!d+b*c*d+!a*c*d+a*!b*!c,4,11,11,4,30,True,True,True
P11769,!a*b*!c*!d+b*c*d+!a*c*d+a*!b*!c,4,11,16,4,35,True,True,True
P11770,a*!b*!c*d+!a*!c*!d+b*c*d+!a*c*d,4,10,12,4,30,True,True,True
P11771,!a*b*!c*!d+a*!b*!c*d+b*c*d+!a*c*d,4,12,15,4,35,True,True,True
P11772,!b*!c*!d+b*c*d+!a*c*d+a*!b*!c,4,12,15,4,35,True,True,True
P11773,b*c*d+!a*c*d+a*!b*!c,4,8,9,3,23,True,True,True
P11774,!a*!b*!c*!d+a*!b*!c*d+b*c*d+!a*c*d,4,10,10,4,28,True,True,True
P11775,a*!b*!c*d+b*c*d+!a*c*d,4,7,7,3,20,True,True,True
P12000,b*c*d+!c*!d+!a*!b,4,7,8,4,23,True,True,True
P12001,b*!c*!d+a*!c*!d+b*c*d+!a*!b*d+!a*!b*c,4,17,11,4,36,True,True,True
P12002,b*!c*!d+b*c*d+!a*!b,4,7,7,4,22,True,True,True
P12003,b*!c*!d+b*c*d+!a*!b*d+!a*!b*c,4,9,9,4,26,True,True,True
P12004,a*!c*!d+b*c*d+!a*!b,4,9,10,4,27,True,True,True
P12005,a*!c*!d+b*c*d+!a*!b*d+!a*!b*c,4,10,10,4,28,True,True,True
P12006,a*b*!c*!d+b*c*d+!a*!b,4,8,11,4,27,True,True,True
P12007,a*b*!c*!d+b*c*d+!a*!b*d+!a*!b*c,4,10,9,4,27,True,True,True
P12008,!b*!c*!d+!a*!c*!d+b*c*d+!a*!b,4,13,9,4,30,True,True,True
P12009,a*!b*!c*!d+!a*b*!c*!d+b*c*d+!a*!b*d+!a*!b*c,4,,12,,,False,True,False
P12010,!a*!c*!d+b*c*d+!a*!b,4,8,7,4,23,True,True,True
P12011,!a*b*!c*!d+b*c*d+!a*!b*d+!a*!b*c,4,12,9,4,29,True,True,True
P12012,!b*!c*!d+b*c*d+!a*!b,4,10,7,4,25,True,True,True
P12013,a*!b*!c*!d+b*c*d+!a*!b*d+!a*!b*c,4,11,12,4,31,True,True,True
P12014,b*c*d+!a*!b,4,5,5,2,14,True,True,True
P12015,b*c*d+!a*!b*d+!a*!b*c,4,7,8,2,19,True,True,True
P12016,b*c*d+!a*!b*d+!c*!d,4,11,13,4,32,True,True,True
P12017,b*!c*!d+a*!c*!d+b*c*d+!a*!b*d,4,11,11,4,30,True,True,True
P12018,b*!c*!d+b*c*d+!a*c*d+!a*!b*!c,4,8,7,4,23,True,True,True
P12019,b*!c*!d+b*c*d+!a*!b*d,4,7,8,4,23,True,True,True
P12020,a*!c*!d+b*c*d+!a*c*d+!a*!b*!c,4,9,12,4,29,True,True,True
P12021,a*!c*!d+b*c*d+!a*!b*d,4,9,9,4,26,True,True,True
P12022,a*b*!c*!d+b*c*d+!a*c*d+!a*!b*!c,4,10,10,4,28,True,True,True
P12023,a*b*!c*!d+b*c*d+!a*!b*d,4,9,11,4,28,True,True,True
P12024,!b*!c*!d+!a*!c*!d+b*c*d+!a*!b*d,4,12,13,4,33,True,True,True
P12025,a*!b*!c*!d+!a*b*!c*!d+b*c*d+!a*!b*d,4,10,19,4,37,True,True,True
P12026,!a*!c*!d+b*c*d+!a*!b*d,4,7,8,4,23,True,True,True
P12027,!a*b*!c*!d+b*c*d+!a*!b*d,4,8,10,4,26,True,True,True
P12028,!b*!c*!d+b*c*d+!a*!b*d,4,11,8,4,27,True,True,True
P12029,a*!b*!c*!d+b*c*d+!a*!b*d,4,10,10,4,28,True,True,True
P12030,b*c*d+!a*c*d+!a*!b*!c,4,7,6,3,19,True,True,True
P12031,b*c*d+!a*!b*d,4,6,5,2,15,True,True,True
P12272,b*c*d+!a*c*d+!c*!d,4,8,6,3,20,True,True,True
P12273,b*!c*!d+a*!c*!d+b*c*d+!a*c*d,4,10,12,3,28,True,True,True
P12274,b*!c*!d+!a*!c*!d+b*c*d+!a*c*d,4,6,6,3,18,True,True,True
P12275,b*!c*!d+b*c*d+!a*c*d,4,7,8,3,21,True,True,True
P12276,!b*!c*!d+a*!c*!d+b*c*d+!a*c*d,4,14,8,4,30,True,True,True
P12277,a*!c*!d+b*c*d+!a*c*d,4,8,7,3,21,True,True,True
P12278,!a*!b*!c*!d+a*b*!c*!d+b*c*d+!a*c*d,4,12,15,4,35,True,True,True
P12279,a*b*!c*!d+b*c*d+!a*c*d,4,8,9,3,23,True,True,True
P12280,!b*!c*!d+!a*!c*!d+b*c*d+!a*c*d,4,9,13,4,30,True,True,True
P12281,a*!b*!c*!d+!a*b*!c*!d+b*c*d+!a*c*d,4,11,9,4,28,True,True,True
P12282,!a*!c*!d+b*c*d+!a*c*d,4,7,7,3,20,True,True,True
P12283,!a*b*!c*!d+b*c*d+!a*c*d,4,9,8,3,23,True,True,True
P12284,!b*!c*!d+b*c*d+!a*c*d,4,7,10,4,25,True,True,True
P12285,a*!b*!c*!d+b*c*d+!a*c*d,4,10,11,4,29,True,True,True
P12286,!a*!b*!c*!d+b*c*d+!a*c*d,4,8,9,4,25,True,True,True
P12287,b*c*d+!a*c*d,4,7,4,1,13,True,True,True
P15552,b*c*d+!c*!d+!b*!d+!b*!c,3,,17,,,False,True,False
P15553,b*!c*!d+!b*c*!d+a*!b*!d+!b*!c*d+b*c*d,4,14,16,4,38,True,True,True
P15554,b*!c*!d+!b*c*!d+!a*!b*!d+!b*!c*d+b*c*d,4,18,15,4,41,True,True,True
P15555,b*!c*!d+!b*c*!d+!b*!c*d+b*c*d,3,,,,,False,False,False
P15556,a*!c*!d+b*c*d+!b*!d+!b*!c,4,9,8,3,23,True,True,True
P15557,a*!c*!d+!b*c*!d+!b*!c*d+b*c*d,4,11,17,3,34,True,True,True
P15558,a*b*!c*!d+!b*c*!d+!a*!b*!d+!b*!c*d+b*c*d,4,,13,,,False,True,False
P15559,a*b*!c*!d+!b*c*!d+!b*!c*d+b*c*d,4,,19,,,False,True,False
P15560,!a*!c*!d+b*c*d+!b*!d+!b*!c,4,11,9,4,28,True,True,True
P15561,!a*b*!c*!d+!b*c*!d+a*!b*!d+!b*!c*d+b*c*d,4,,20,,,False,True,False
P15562,!a*!c*!d+!b*c*!d+!b*!c*d+b*c*d,4,12,11,4,31,True,True,True
P15563,!a*b*!c*!d+!b*c*!d+!b*!c*d+b*c*d,4,,10,,,False,True,False
P15564,b*c*d+!b*!d+!b*!c,3,16,19,3,41,True,True,True
P15565,!b*c*!d+a*!b*!d+!b*!c*d+b*c*d,4,9,14,3,29,True,True,True
P15566,!b*c*!d+!a*!b*!d+!b*!c*d+b*c*d,4,9,13,4,30,True,True,True
P15567,!b*c*!d+!b*!c*d+b*c*d,3,,,,,False,False,False
P15572,a*!c*!d+a*!b*!d+b*c*d+!b*!c,4,11,11,4,30,True,True,True
P15573,a*!c*!d+a*!b*!d+!b*!c*d+b*c*d,4,14,9,3,29,True,True,True
P15574,a*b*!c*!d+a*!b*c*!d+!b*!c*d+b*c*d+!a*!b*!c,4,16,13,4,37,True,True,True
P15575,a*b*!c*!d+a*!b*c*!d+!b*!c*d+b*c*d,4,13,9,3,28,True,True,True
P15576,!a*!c*!d+a*!b*!d+b*c*d+!b*!c,4,11,15,4,34,True,True,True
P15577,!a*b*!c*!d+a*!b*!d+!b*!c*d+b*c*d,4,10,19,4,37,True,True,True
P15578,a*!b*c*!d+!a*!c*!d+!b*!c*d+b*c*d,4,13,17,4,38,True,True,True
P15579,!a*b*!c*!d+a*!b*c*!d+!b*!c*d+b*c*d,4,14,16,4,38,True,True,True
P15580,a*!b*!d+b*c*d+!b*!c,4,9,12,3,27,True,True,True
P15581,a*!b*!d+!b*!c*d+b*c*d,4,14,9,3,29,True,True,True
P15582,a*!b*c*!d+!b*!c*d+b*c*d+!a*!b*!c,4,12,13,4,33,True,True,True
P15583,a*!b*c*!d+!b*!c*d+b*c*d,4,12,11,4,31,True,True,True
P15592,!a*!c*!d+!a*!b*!d+b*c*d+!b*!c,4,12,13,4,33,True,True,True
P15593,!a*b*!c*!d+!a*!b*c*!d+!b*!c*d+b*c*d+a*!b*!c,4,,,,,False,False,False
P15594,!a*!c*!d+!a*!b*!d+!b*!c*d+b*c*d,4,13,9,4,30,True,True,True
P15595,!a*b*!c*!d+!a*!b*c*!d+!b*!c*d+b*c*d,4,15,12,4,35,True,True,True
P15596,!a*!b*!d+b*c*d+!b*!c,4,9,9,4,26,True,True,True
P15597,!a*!b*c*!d+!b*!c*d+b*c*d+a*!b*!c,4,11,16,4,35,True,True,True
P15598,!a*!b*!d+!b*!c*d+b*c*d,4,10,9,4,27,True,True,True
P15599,!a*!b*c*!d+!b*!c*d+b*c*d,4,13,9,4,30,True,True,True
P15612,b*c*d+!b*!c,3,20,,,,True,False,False
P15613,!b*!c*d+b*c*d+a*!b*!c,4,14,7,2,25,True,True,True
P15614,!b*!c*d+b*c*d+!a*!b*!c,4,7,7,3,20,True,True,True
P15615,!b*!c*d+b*c*d,3,8,,,,True,False,False
P15828,!b*!c*!d+a*!c*!d+a*!b*!d+b*c*d+a*!b*!c,4,,14,,,False,True,False
P15829,a*!c*!d+a*!b*!d+b*c*d+a*!b*!c,4,9,9,3,24,True,True,True
P15830,!a*!b*!c*!d+a*b*!c*!d+a*!b*c*!d+a*!b*!c*d+b*c*d,4,18,,,,True,False,False
P15831,a*b*!c*!d+a*!b*c*!d+a*!b*!c*d+b*c*d,4,16,11,3,33,True,True,True
P15832,!a*!c*!d+a*!b*!d+b*c*d+a*!b*!c,4,16,18,4,42,True,True,True
P15833,!a*b*!c*!d+a*!b*!d+b*c*d+a*!b*!c,4,18,11,4,37,True,True,True
P15834,a*!b*c*!d+a*!b*!c*d+!a*!c*!d+b*c*d,4,12,16,4,36,True,True,True
P15835,!a*b*!c*!d+a*!b*c*!d+a*!b*!c*d+b*c*d,4,13,14,4,35,True,True,True
P15836,!b*!c*!d+a*!b*!d+b*c*d+a*!b*!c,4,14,14,3,34,True,True,True
P15837,a*!b*!d+b*c*d+a*!b*!c,4,9,9,3,24,True,True,True
P15838,!a*!b*!c*!d+a*!b*c*!d+a*!b*!c*d+b*c*d,4,11,,,,True,False,False
P15839,a*!b*c*!d+a*!b*!c*d+b*c*d,4,8,10,3,24,True,True,True
P15848,!a*!c*!d+!a*!b*!d+b*c*d+a*!b*!c,4,15,16,4,39,True,True,True
P15849,!a*b*!c*!d+!a*!b*c*!d+b*c*d+a*!b*!c,4,14,13,4,35,True,True,True
P15850,a*!b*!c*d+!a*!c*!d+!a*!b*!d+b*c*d,4,13,14,4,35,True,True,True
P15851,!a*b*!c*!d+!a*!b*c*!d+a*!b*!c*d+b*c*d,4,13,9,4,30,True,True,True
P15852,!a*!b*!d+b*c*d+a*!b*!c,4,9,11,4,28,True,True,True
P15853,!a*!b*c*!d+b*c*d+a*!b*!c,4,12,11,4,31,True,True,True
P15854,a*!b*!c*d+!a*!b*!d+b*c*d,4,10,10,4,28,True,True,True
P15855,!a*!b*c*!d+a*!b*!c*d+b*c*d,4,16,10,4,34,True,True,True
P15868,!b*!c*!d+b*c*d+a*!b*!c,4,13,10,3,29,True,True,True
P15869,b*c*d+a*!b*!c,4,7,7,2,18,True,True,True
P15870,!a*!b*!c*!d+a*!b*!c*d+b*c*d,4,11,10,4,29,True,True,True
P15871,a*!b*!c*d+b*c*d,4,8,6,2,18,True,True,True
P16104,!b*!c*!d+!a*!c*!d+!a*!b*!d+b*c*d+!a*!b*!c,4,14,15,4,37,True,True,True
P16105,a*!b*!c*!d+!a*b*!c*!d+!a*!b*c*!d+!a*!b*!c*d+b*c*d,4,14,,,,True,False,False
P16106,!a*!c*!d+!a*!b*!d+b*c*d+!a*!b*!c,4,9,9,4,26,True,True,True
P16107,!a*b*!c*!d+!a*!b*c*!d+!a*!b*!c*d+b*c*d,4,10,11,4,29,True,True,True
P16108,!b*!c*!d+!a*!b*!d+b*c*d+!a*!b*!c,4,14,16,4,38,True,True,True
P16109,a*!b*!c*!d+!a*!b*c*!d+!a*!b*!c*d+b*c*d,4,12,14,4,34,True,True,True
P16110,!a*!b*!d+b*c*d+!a*!b*!c,4,8,8,4,24,True,True,True
P16111,!a*!b*c*!d+!a*!b*!c*d+b*c*d,4,9,11,4,28,True,True,True
P16124,!b*!c*!d+b*c*d+!a*!b*!c,4,11,10,4,29,True,True,True
P16125,a*!b*!c*!d+!a*!b*!c*d+b*c*d,4,11,12,4,31,True,True,True
P16126,b*c*d+!a*!b*!c,4,7,8,3,21,True,True,True
P16127,!a*!b*!c*d+b*c*d,4,8,6,3,20,True,True,True
P16380,!b*!c*!d+b*c*d,3,,,,,False,False,False
P16381,a*!b*!c*!d+b*c*d,4,9,9,3,24,True,True,True
P16382,!a*!b*!c*!d+b*c*d,4,10,8,4,26,True,True,True
P16383,b*c*d,3,6,,,,True,False,False
P26752,a*b*c*d+!c*!d+!b*!d+!a*!d+!b*!c+!a*!c+!a*!b,4,18,14,4,40,True,True,True
P26753,a*b*c*d+a*!c*!d+!b*c*!d+!a*b*!d+!b*!c*d+!a*!c*d+!a*!b*d,4,,12,,,False,True,False
P26754,a*b*c*d+b*!c*!d+!b*c*!d+!b*!c*d+!a*!d+!a*!c+!a*!b,4,13,20,4,41,True,True,True
P26755,a*b*c*d+b*!c*!d+!b*c*!d+!a*c*!d+!b*!c*d+!a*!c*d+!a*!b*d,4,,,,,False,False,False
P26758,a*b*!c*!d+a*b*c*d+!b*c*!d+!a*c*!d+!b*!c*d+!a*!c*d+!a*!b,4,,,,,False,False,False
P26759,a*b*!c*!d+a*b*c*d+!b*c*!d+!a*c*!d+!b*!c*d+!a*!c*d+!a*!b*d,4,,,,,False,False,False
P26760,a*b*c*d+!b*!d+!a*!d+!b*!c+!a*!c+!a*!b,4,14,13,4,35,True,True,True
P26761,a*b*c*d+a*!b*!d+!a*b*!d+!b*!c*d+!a*!c*d+!a*!b*c,4,13,,,,True,False,False
P26762,a*b*c*d+!b*c*!d+!b*!c*d+!a*!d+!a*!c+!a*!b,4,13,18,4,39,True,True,True
P26763,a*b*c*d+!b*c*!d+!a*b*!d+!b*!c*d+!a*!c*d+!a*!b*d,4,19,,,,True,False,False
P26766,a*b*c*d+!b*c*!d+!a*c*!d+!b*!c*d+!a*!c*d+!a*!b,4,19,15,4,42,True,True,True
P26767,a*b*c*d+!b*c*!d+!a*c*!d+!b*!c*d+!a*!c*d+!a*!b*d,4,15,,,,True,False,False
P26774,a*b*!c*!d+a*!b*c*!d+!a*b*c*!d+a*b*c*d+!b*!c*d+!a*!c*d+!a*!b*d+!a*!b*!c,4,,,,,False,False,False
P26775,a*b*!c*!d+a*!b*c*!d+!a*b*c*!d+a*b*c*d+!b*!c*d+!a*!c*d+!a*!b*d,4,,,,,False,False,False
P26776,a*b*c*d+a*!b*!d+!a*b*!d+!a*!b*d+!b*!c+!a*!c,4,12,,,,True,False,False
P26777,a*b*c*d+a*!b*!d+!a*b*!d+!b*!c*d+!a*!c*d+!a*!b*d,4,14,11,4,33,True,True,True
P26778,a*!b*c*!d+a*b*c*d+!a*b*!d+!b*!c*d+!a*!b*d+!a*!c,4,,,,,False,False,False
P26779,a*!b*c*!d+a*b*c*d+!a*b*!d+!b*!c*d+!a*!c*d+!a*!b*d,4,18,17,4,43,True,True,True
P26782,a*!b*c*!d+!a*b*c*!d+a*b*c*d+!b*!c*d+!a*!c*d+!a*!b*d+!a*!b*!c,4,,,,,False,False,False
P26783,a*!b*c*!d+!a*b*c*!d+a*b*c*d+!b*!c*d+!a*!c*d+!a*!b*d,4,,,,,False,False,False
P26792,a*b*c*d+!a*!d+!b*!c+!a*!c+!a*!b,4,12,11,4,31,True,True,True
P26793,a*b*c*d+!a*b*!d+!a*!c*d+a*!b*!c+!a*!b*c,4,,20,,,False,True,False
P26794,a*b*c*d+!b*!c*d+!a*!d+!a*!c+!a*!b,4,10,9,4,27,True,True,True
P26795,a*b*c*d+!a*b*!d+!b*!c*d+!a*!c*d+!a*!b*c,4,,12,,,False,True,False
P26796,a*b*c*d+!a*c*!d+!a*!c*d+!b*!c+!a*!b,4,11,10,4,29,True,True,True
P26797,a*b*c*d+!a*c*!d+!a*!c*d+!a*!b*d+a*!b*!c,4,11,12,4,31,True,True,True
P26798,a*b*c*d+!a*c*!d+!b*!c*d+!a*!c*d+!a*!b,4,13,11,4,32,True,True,True
P26799,a*b*c*d+!a*c*!d+!b*!c*d+!a*!c*d+!a*!b*d,4,15,19,4,42,True,True,True
P26812,!a*b*c*!d+a*b*c*d+!a*!c*d+!a*!b*d+!b*!c,4,18,,,,True,False,False
P26813,!a*b*c*!d+a*b*c*d+!a*!c*d+!a*!b*d+a*!b*!c,4,14,,,,True,False,False
P26814,!a*b*c*!d+a*b*c*d+!b*!c*d+!a*!c*d+!a*!b*d+!a*!b*!c,4,,20,,,False,True,False
P26815,!a*b*c*!d+a*b*c*d+!b*!c*d+!a*!c*d+!a*!b*d,4,12,17,4,37,True,True,True
P26856,a*b*c*d+!b*!c+!a*!c+!a*!b,4,11,9,3,26,True,True,True
P26857,a*b*c*d+!b*!c*d+a*!b*!c+!a*b*!c+!a*!b*c,4,18,15,3,39,True,True,True
P26858,a*b*c*d+!b*!c*d+!a*!c+!a*!b,4,9,9,3,24,True,True,True
P26859,a*b*c*d+!b*!c*d+!a*b*!c+!a*!b*c,4,15,9,3,30,True,True,True
P26862,a*b*c*d+!b*!c*d+!a*!c*d+!a*!b,4,10,9,3,25,True,True,True
P26863,a*b*c*d+!b*!c*d+!a*!c*d+!a*!b*c,4,11,13,3,30,True,True,True
P26878,a*b*c*d+!b*!c*d+!a*!c*d+!a*!b*d+!a*!b*!c,4,16,12,4,36,True,True,True
P26879,a*b*c*d+!b*!c*d+!a*!c*d+!a*!b*d,4,,8,,,False,True,False
P27030,!a*!b*!c*!d+a*b*!c*!d+a*!b*c*!d+!a*b*c*!d+a*!b*!c*d+!a*b*!c*d+!a*!b*c*d+a*b*c*d,4,,,,,False,False,False
P27031,a*b*!c*!d+a*!b*c*!d+!a*b*c*!d+a*!b*!c*d+!a*b*!c*d+!a*!b*c*d+a*b*c*d,4,,,,,False,False,False
P27032,!a*!b*c*d+a*b*c*d+!b*!c*!d+a*!b*!d+!a*b*!d+a*!b*!c+!a*b*!c,4,,19,,,False,True,False
P27033,!a*!b*c*d+a*b*c*d+a*!b*!d+!a*b*!d+a*!b*!c+!a*b*!c,4,20,13,4,41,True,True,True
P27034,a*!b*c*!d+a*!b*!c*d+!a*!b*c*d+a*b*c*d+!a*!c*!d+!a*b*!d+!a*b*!c,4,14,,,,True,False,False
P27035,a*!b*c*!d+a*!b*!c*d+!a*!b*c*d+a*b*c*d+!a*b*!d+!a*b*!c,4,,20,,,False,True,False
P27038,!a*!b*!c*!d+a*!b*c*!d+!a*b*c*!d+a*!b*!c*d+!a*b*!c*d+!a*!b*c*d+a*b*c*d,4,,,,,False,False,False
P27039,a*!b*c*!d+!a*b*c*!d+a*!b*!c*d+!a*b*!c*d+!a*!b*c*d+a*b*c*d,4,,,,,False,False,False
P27048,a*b*c*d+a*!b*!c+!a*b*!c+!a*!b*c+!a*!d,4,19,,,,True,False,False
P27049,a*b*c*d+!a*b*!d+a*!b*!c+!a*b*!c+!a*!b*c,4,16,16,4,40,True,True,True
P27050,a*!b*!c*d+a*b*c*d+!a*b*!c+!a*!b*c+!a*!d,4,18,20,4,46,True,True,True
P27051,a*!b*!c*d+a*b*c*d+!a*c*!d+!a*b*!c+!a*!b*c,4,15,15,4,38,True,True,True
P27052,!a*b*!c*d+a*b*c*d+!b*!c*!d+!a*c*!d+a*!b*!c+!a*!b*c,4,,19,,,False,True,False
P27053,!a*b*!c*d+a*b*c*d+!a*c*!d+a*!b*!c+!a*!b*c,4,20,18,4,46,True,True,True
P27054,a*!b*!c*d+!a*b*!c*d+a*b*c*d+!a*c*!d+!a*!b*!d+!a*!b*c,4,15,,,,True,False,False
P27055,a*!b*!c*d+!a*b*!c*d+a*b*c*d+!a*c*!d+!a*!b*c,4,,,,,False,False,False
P27068,!a*b*c*!d+!a*b*!c*d+!a*!b*c*d+a*b*c*d+!b*!c*!d+a*!b*!c,4,14,,,,True,False,False
P27069,!a*b*c*!d+!a*b*!c*d+!a*!b*c*d+a*b*c*d+a*!b*!c,4,20,18,4,46,True,True,True
P27070,!a*!b*!c*!d+!a*b*c*!d+a*!b*!c*d+!a*b*!c*d+!a*!b*c*d+a*b*c*d,4,,,,,False,False,False
P27071,!a*b*c*!d+a*!b*!c*d+!a*b*!c*d+!a*!b*c*d+a*b*c*d,4,15,13,4,36,True,True,True
P27112,a*b*c*d+!b*!c*!d+a*!b*!c+!a*b*!c+!a*!b*c,4,19,20,4,47,True,True,True
P27113,a*b*c*d+a*!b*!c+!a*b*!c+!a*!b*c,4,14,14,3,34,True,True,True
P27114,a*!b*!c*d+a*b*c*d+!a*!c*!d+!a*b*!c+!a*!b*c,4,,11,,,False,True,False
P27115,a*!b*!c*d+a*b*c*d+!a*b*!c+!a*!b*c,4,12,9,3,27,True,True,True
P27118,a*!b*!c*d+!a*b*!c*d+a*b*c*d+!a*!b*!d+!a*!b*c,4,18,17,4,43,True,True,True
P27119,a*!b*!c*d+!a*b*!c*d+a*b*c*d+!a*!b*c,4,13,11,3,30,True,True,True
P27134,!a*!b*!c*!d+a*!b*!c*d+!a*b*!c*d+!a*!b*c*d+a*b*c*d,4,15,,,,True,False,False
P27135,a*!b*!c*d+!a*b*!c*d+!a*!b*c*d+a*b*c*d,4,,9,,,False,True,False
P27304,a*b*c*d+!b*!c*!d+!a*!d+!a*!c+!a*!b,4,14,12,4,34,True,True,True
P27305,a*!b*!c*!d+a*b*c*d+!a*b*!d+!a*!c*d+!a*!b*c,4,18,18,4,44,True,True,True
P27306,a*b*c*d+!a*!d+!a*!c+!a*!b,4,8,8,4,24,True,True,True
P27307,a*b*c*d+!a*b*!d+!a*!c*d+!a*!b*c,4,13,11,4,32,True,True,True
P27308,a*b*c*d+!b*!c*!d+!a*c*!d+!a*!c*d+!a*!b,4,11,13,4,32,True,True,True
P27309,a*!b*!c*!d+a*b*c*d+!a*c*!d+!a*!c*d+!a*!b*d,4,11,17,4,36,True,True,True
P27310,a*b*c*d+!a*c*!d+!a*!c*d+!a*!b,4,9,10,4,27,True,True,True
P27311,a*b*c*d+!a*c*!d+!a*!c*d+!a*!b*d,4,9,10,4,27,True,True,True
P27324,!a*b*c*!d+a*b*c*d+!b*!c*!d+!a*!c*d+!a*!b*d,4,,17,,,False,True,False
P27325,a*!b*!c*!d+!a*b*c*!d+a*b*c*d+!a*!c*d+!a*!b*d,4,12,15,4,35,True,True,True
P27326,!a*b*c*!d+a*b*c*d+!a*!c*d+!a*!b*d+!a*!b*!c,4,12,,,,True,False,False
P27327,!a*b*c*!d+a*b*c*d+!a*!c*d+!a*!b*d,4,10,17,4,35,True,True,True
P27328,a*b*c*d+!c*!d+!b*!d+!a*!c+!a*!b,4,10,9,4,27,True,True,True
P27329,a*b*c*d+a*!c*!d+!b*c*!d+!a*!b*d+!a*b*!c,4,18,19,4,45,True,True,True
P27330,a*b*c*d+b*!c*!d+!b*c*!d+!a*!c+!a*!b,4,12,14,4,34,True,True,True
P27331,a*b*c*d+b*!c*!d+!b*c*!d+!a*!c*d+!a*!b*d,4,18,20,4,46,True,True,True
P27334,a*b*!c*!d+a*b*c*d+!b*c*!d+!a*!c*d+!a*!b,4,13,18,4,39,True,True,True
P27335,a*b*!c*!d+a*b*c*d+!b*c*!d+!a*!c*d+!a*!b*d,4,,17,,,False,True,False
P27336,a*b*c*d+!b*!d+!a*!c+!a*!b,4,11,13,4,32,True,True,True
P27337,a*b*c*d+a*!b*!d+!a*!c*d+!a*b*!c+!a*!b*c,4,20,13,4,41,True,True,True
P27338,a*b*c*d+!b*c*!d+!a*!c+!a*!b,4,10,9,4,27,True,True,True
P27339,a*b*c*d+!b*c*!d+!a*!b*d+!a*b*!c,4,12,12,4,32,True,True,True
P27342,a*b*c*d+!b*c*!d+!a*!c*d+!a*!b,4,10,8,4,26,True,True,True
P27343,a*b*c*d+!b*c*!d+!a*!c*d+!a*!b*d,4,13,11,4,32,True,True,True
P27348,a*b*c*d+!b*!c*!d+a*!c*!d+a*!b*!d+!a*!c*d+!a*!b*d,4,,,,,False,False,False
P27349,a*b*c*d+a*!c*!d+a*!b*!d+!a*!c*d+!a*!b*d,4,18,12,4,38,True,True,True
P27350,a*b*!c*!d+a*!b*c*!d+a*b*c*d+!a*!c*d+!a*!b*d+!a*!b*!c,4,,,,,False,False,False
P27351,a*b*!c*!d+a*!b*c*!d+a*b*c*d+!a*!c*d+!a*!b*d,4,11,20,4,39,True,True,True
P27352,a*b*c*d+a*!b*!d+!a*!b*d+!a*!c,4,13,15,4,36,True,True,True
P27353,a*b*c*d+a*!b*!d+!a*!b*d+!a*b*!c,4,10,12,4,30,True,True,True
P27354,a*!b*c*!d+a*b*c*d+!a*!b*d+!a*!c,4,10,13,4,31,True,True,True
P27355,a*!b*c*!d+a*b*c*d+!a*!b*d+!a*b*!c,4,11,13,4,32,True,True,True
P27356,a*b*c*d+!b*!c*!d+a*!b*!d+!a*!c*d+!a*!b*d,4,11,14,4,33,True,True,True
P27357,a*b*c*d+a*!b*!d+!a*!c*d+!a*!b*d,4,9,16,4,33,True,True,True
P27358,a*!b*c*!d+a*b*c*d+!a*!c*d+!a*!b*d+!a*!b*!c,4,12,11,4,31,True,True,True
P27359,a*!b*c*!d+a*b*c*d+!a*!c*d+!a*!b*d,4,10,11,4,29,True,True,True
P27368,a*b*c*d+!b*!c*!d+!a*!c+!a*!b,4,13,11,4,32,True,True,True
P27369,a*!b*!c*!d+a*b*c*d+!a*!c*d+!a*b*!c+!a*!b*c,4,13,17,4,38,True,True,True
P27370,a*b*c*d+!a*!c+!a*!b,4,9,7,3,22,True,True,True
P27371,a*b*c*d+!a*!c*d+!a*b*!c+!a*!b*c,4,10,8,3,24,True,True,True
P27372,a*b*c*d+!b*!c*!d+!a*!c*d+!a*!b,4,10,10,4,28,True,True,True
P27373,a*!b*!c*!d+a*b*c*d+!a*!c*d+!a*!b*c,4,12,11,4,31,True,True,True
P27374,a*b*c*d+!a*!c*d+!a*!b,4,7,8,3,21,True,True,True
P27375,a*b*c*d+!a*!c*d+!a*!b*c,4,8,11,3,25,True,True,True
P27388,a*b*c*d+!b*!c*!d+!a*!c*d+!a*!b*d,4,12,13,4,33,True,True,True
P27389,a*!b*!c*!d+a*b*c*d+!a*!c*d+!a*!b*d,4,13,12,4,33,True,True,True
P27390,a*b*c*d+!a*!c*d+!a*!b*d+!a*!b*!c,4,10,10,3,26,True,True,True
P27391,a*b*c*d+!a*!c*d+!a*!b*d,4,10,7,3,23,True,True,True
P27580,!a*b*c*!d+!a*b*!c*d+!a*!b*c*d+a*b*c*d+!b*!c*!d,4,12,,,,True,False,False
P27581,a*!b*!c*!d+!a*b*c*!d+!a*b*!c*d+!a*!b*c*d+a*b*c*d,4,12,,,,True,False,False
P27582,!a*!b*!c*!d+!a*b*c*!d+!a*b*!c*d+!a*!b*c*d+a*b*c*d,4,12,13,4,33,True,True,True
P27583,!a*b*c*!d+!a*b*!c*d+!a*!b*c*d+a*b*c*d,4,11,,,,True,False,False
P27606,!a*!b*!c*!d+a*b*!c*!d+a*!b*c*!d+!a*b*!c*d+!a*!b*c*d+a*b*c*d,4,12,18,4,38,True,True,True
P27607,a*b*!c*!d+a*!b*c*!d+!a*b*!c*d+!a*!b*c*d+a*b*c*d,4,,19,,,False,True,False
P27608,!a*!b*c*d+a*b*c*d+!b*!c*!d+a*!b*!d+!a*b*!c,4,,14,,,False,True,False
P27609,!a*!b*c*d+a*b*c*d+a*!b*!d+!a*b*!c,4,19,16,4,43,True,True,True
P27610,a*!b*c*!d+!a*!b*c*d+a*b*c*d+!a*!c*!d+!a*b*!c,4,13,,,,True,False,False
P27611,a*!b*c*!d+!a*!b*c*d+a*b*c*d+!a*b*!c,4,11,14,4,33,True,True,True
P27614,!a*!b*!c*!d+a*!b*c*!d+!a*b*!c*d+!a*!b*c*d+a*b*c*d,4,14,16,4,38,True,True,True
P27615,a*!b*c*!d+!a*b*!c*d+!a*!b*c*d+a*b*c*d,4,11,15,4,34,True,True,True
P27624,a*b*c*d+!b*!c*!d+!a*b*!c+!a*!b*c,4,12,13,4,33,True,True,True
P27625,a*!b*!c*!d+a*b*c*d+!a*b*!c+!a*!b*c,4,13,13,4,34,True,True,True
P27626,a*b*c*d+!a*!c*!d+!a*b*!c+!a*!b*c,4,12,10,4,30,True,True,True
P27627,a*b*c*d+!a*b*!c+!a*!b*c,4,8,9,3,23,True,True,True
P27628,!a*b*!c*d+a*b*c*d+!b*!c*!d+!a*!b*c,4,16,18,4,42,True,True,True
P27629,a*!b*!c*!d+!a*b*!c*d+a*b*c*d+!a*!b*c,4,16,12,4,36,True,True,True
P27630,!a*b*!c*d+a*b*c*d+!a*!b*!d+!a*!b*c,4,10,12,4,30,True,True,True
P27631,!a*b*!c*d+a*b*c*d+!a*!b*c,4,12,11,3,29,True,True,True
P27644,!a*b*!c*d+!a*!b*c*d+a*b*c*d+!b*!c*!d,4,20,16,4,44,True,True,True
P27645,a*!b*!c*!d+!a*b*!c*d+!a*!b*c*d+a*b*c*d,4,11,14,4,33,True,True,True
P27646,!a*!b*!c*!d+!a*b*!c*d+!a*!b*c*d+a*b*c*d,4,11,15,4,34,True,True,True
P27647,!a*b*!c*d+!a*!b*c*d+a*b*c*d,4,10,9,3,25,True,True,True
P28384,a*b*c*d+!c*!d+!a*!b,4,11,9,4,28,True,True,True
P28385,a*b*c*d+b*!c*!d+a*!c*!d+!a*!b*d+!a*!b*c,4,20,14,4,42,True,True,True
P28386,a*b*c*d+b*!c*!d+!a*!b,4,8,10,4,26,True,True,True
P28387,a*b*c*d+b*!c*!d+!a*!b*d+!a*!b*c,4,12,11,4,31,True,True,True
P28390,a*b*!c*!d+a*b*c*d+!a*!b,4,9,8,4,25,True,True,True
P28391,a*b*!c*!d+a*b*c*d+!a*!b*d+!a*!b*c,4,18,10,4,36,True,True,True
P28392,a*b*c*d+!b*!c*!d+!a*!c*!d+!a*!b,4,16,14,4,38,True,True,True
P28393,a*!b*!c*!d+!a*b*!c*!d+a*b*c*d+!a*!b*d+!a*!b*c,4,13,15,4,36,True,True,True
P28394,a*b*c*d+!a*!c*!d+!a*!b,4,9,9,4,26,True,True,True
P28395,!a*b*!c*!d+a*b*c*d+!a*!b*d+!a*!b*c,4,12,10,4,30,True,True,True
P28398,a*b*c*d+!a*!b,4,8,6,2,18,True,True,True
P28399,a*b*c*d+!a*!b*d+!a*!b*c,4,9,8,3,23,True,True,True
P28402,a*b*c*d+b*!c*!d+!a*!c*!d+!a*!b*d,4,9,8,4,25,True,True,True
P28403,a*b*c*d+b*!c*!d+!a*!b*d,4,13,10,4,31,True,True,True
P28406,a*b*!c*!d+a*b*c*d+!a*!b*d+!a*!b*!c,4,12,8,4,28,True,True,True
P28407,a*b*!c*!d+a*b*c*d+!a*!b*d,4,8,9,4,25,True,True,True
P28408,a*b*c*d+!b*!c*!d+!a*!c*!d+!a*!b*d,4,11,15,4,34,True,True,True
P28409,a*!b*!c*!d+!a*b*!c*!d+a*b*c*d+!a*!b*d,4,10,14,4,32,True,True,True
P28410,a*b*c*d+!a*!c*!d+!a*!b*d,4,8,11,4,27,True,True,True
P28411,!a*b*!c*!d+a*b*c*d+!a*!b*d,4,9,12,4,29,True,True,True
P28414,a*b*c*d+!a*!b*d+!a*!b*!c,4,8,7,3,21,True,True,True
P28415,a*b*c*d+!a*!b*d,4,7,6,2,17,True,True,True
P28662,!a*!b*!c*!d+a*b*!c*!d+!a*!b*c*d+a*b*c*d,4,16,13,4,37,True,True,True
P28663,a*b*!c*!d+!a*!b*c*d+a*b*c*d,4,9,9,4,26,True,True,True
P28664,!a*!b*c*d+a*b*c*d+!b*!c*!d+!a*!c*!d,4,10,9,4,27,True,True,True
P28665,a*!b*!c*!d+!a*b*!c*!d+!a*!b*c*d+a*b*c*d,4,11,9,4,28,True,True,True
P28666,!a*!b*c*d+a*b*c*d+!a*!c*!d,4,8,9,4,25,True,True,True
P28667,!a*b*!c*!d+!a*!b*c*d+a*b*c*d,4,12,14,4,34,True,True,True
P28670,!a*!b*!c*!d+!a*!b*c*d+a*b*c*d,4,11,11,4,30,True,True,True
P28671,!a*!b*c*d+a*b*c*d,4,9,6,2,19,True,True,True
P32488,a*b*c*d+!b*!c*!d+!a*!c*!d+!a*!b*!d+!a*!b*!c,4,17,17,4,42,True,True,True
P32489,a*!b*!c*!d+!a*b*!c*!d+!a*!b*c*!d+!a*!b*!c*d+a*b*c*d,4,12,18,4,38,True,True,True
P32490,a*b*c*d+!a*!c*!d+!a*!b*!d+!a*!b*!c,4,10,10,4,28,True,True,True
P32491,!a*b*!c*!d+!a*!b*c*!d+!a*!b*!c*d+a*b*c*d,4,11,13,4,32,True,True,True
P32494,a*b*c*d+!a*!b*!d+!a*!b*!c,4,9,11,4,28,True,True,True
P32495,!a*!b*c*!d+!a*!b*!c*d+a*b*c*d,4,9,10,4,27,True,True,True
P32510,a*b*c*d+!a*!b*!c,4,9,7,3,22,True,True,True
P32511,!a*!b*!c*d+a*b*c*d,4,8,7,3,21,True,True,True
P32766,!a*!b*!c*!d+a*b*c*d,4,16,8,4,32,True,True,True
P32767,a*b*c*d,4,4,4,0,8,True,True,True
P32768,!d+!c+!b+!a,4,4,4,4,16,True,True,True
P32769,a*!d+!c*d+!b*c+!a*b,4,8,8,4,24,True,True,True
P32770,b*!d+!c*d+!b*c+!a,4,7,7,4,22,True,True,True
P32771,b*!d+!c*d+!a*d+!b*c,4,9,7,4,24,True,True,True
P32774,a*b*!d+c*!d+!c*d+!b*d+!a*d+!a*!b,4,13,15,4,36,True,True,True
P32775,a*b*!d+!c*d+!b*c+!a*c,4,9,10,4,27,True,True,True
P32776,c*!d+!c*d+!b+!a,4,6,6,4,20,True,True,True
P32777,c*!d+!c*d+!b*d+a*!b+!a*b,4,10,9,4,27,True,True,True
P32778,c*!d+!c*d+!b*d+!a,4,7,6,4,21,True,True,True
P32779,c*!d+!c*d+!b*c+!a*b,4,9,8,4,25,True,True,True
P32782,c*!d+!c*d+!b*d+!a*d+!a*!b,4,9,9,4,26,True,True,True
P32783,c*!d+!c*d+!b*d+!a*d,4,7,6,4,21,True,True,True
P32790,a*b*!d+!a*!b*!c+a*!b*c+!a*b*c+!c*d+!b*d,4,16,11,4,35,True,True,True
P32791,a*b*!d+a*!b*c+!a*b*c+!c*d+!b*d,4,17,10,4,35,True,True,True
P32792,a*c*!d+!c*d+!b*d+!b*!c+!a*b,4,10,9,4,27,True,True,True
P32793,b*c*!d+!c*d+!b*d+a*!b+!a*b,4,11,8,4,27,True,True,True
P32794,a*c*!d+!c*d+!b*d+!a*!c+!a*b,4,9,9,4,26,True,True,True
P32795,a*c*!d+!c*d+!b*d+!a*b,4,9,8,4,25,True,True,True
P32798,a*c*!d+!a*!b*!c+!a*b*c+!c*d+!b*d,4,16,15,4,39,True,True,True
P32799,a*c*!d+!a*b*c+!c*d+!b*d,4,10,8,4,26,True,True,True
P32808,b*c*!d+!c*d+!b*d+!b*!c+!a,4,9,8,4,25,True,True,True
P32809,b*c*!d+a*!b*!c+!c*d+!b*d+!a*c+!a*b,4,16,11,4,35,True,True,True
P32810,b*c*!d+!c*d+!b*d+!a,4,7,7,4,22,True,True,True
P32811,b*c*!d+!c*d+!b*d+!a*c+!a*b,4,9,9,4,26,True,True,True
P32812,b*c*!d+!c*d+!b*d+!b*!c+!a*c,4,10,9,4,27,True,True,True
P32813,b*c*!d+a*!b*!c+!c*d+!b*d+!a*c,4,11,12,4,31,True,True,True
P32814,b*c*!d+!c*d+!b*d+!a*d+!a*!b,4,9,8,4,25,True,True,True
P32815,b*c*!d+!c*d+!b*d+!a*c,4,10,7,4,25,True,True,True
P32828,b*c*!d+!c*d+!b*d+!a*d+!b*!c,4,9,12,4,29,True,True,True
P32829,b*c*!d+a*!b*!c+!c*d+!b*d+!a*d,4,12,10,4,30,True,True,True
P32830,b*c*!d+!a*!b*!c+!c*d+!b*d+!a*d,4,10,10,4,28,True,True,True
P32831,b*c*!d+!c*d+!b*d+!a*d,4,7,7,4,22,True,True,True
P32872,a*b*c*!d+!c*d+!b*d+!a*d+!b*!c+!a*!c+!a*!b,4,15,11,4,34,True,True,True
P32873,a*b*c*!d+a*!b*!c+!a*b*!c+!a*!b*c+!c*d+!b*d+!a*d,4,20,12,4,40,True,True,True
P32874,a*b*c*!d+!c*d+!b*d+!a*d+!a*!c+!a*!b,4,18,10,4,36,True,True,True
P32875,a*b*c*!d+!a*b*!c+!a*!b*c+!c*d+!b*d+!a*d,4,20,13,4,41,True,True,True
P32878,a*b*c*!d+!c*d+!b*d+!a*d+!a*!b,4,14,9,4,31,True,True,True
P32879,a*b*c*!d+!a*!b*c+!c*d+!b*d+!a*d,4,13,9,4,30,True,True,True
P32894,a*b*c*!d+!a*!b*!c+!c*d+!b*d+!a*d,4,16,10,4,34,True,True,True
P32895,a*b*c*!d+!c*d+!b*d+!a*d,4,15,8,4,31,True,True,True
P32896,!c+!b+!a,3,3,3,3,12,True,True,True
P32897,!c*d+a*!c+!b*c+!a*b,4,8,9,3,23,True,True,True
P32898,!c*d+b*!c+!b*c+!a,4,6,7,3,19,True,True,True
P32899,!c*d+b*!c+!b*c+!a*c,4,8,7,4,23,True,True,True
P32902,a*b*!c+!c*d+!b*c+!a*c+!a*!b,4,9,11,3,26,True,True,True
P32903,a*b*!c+!c*d+!b*c+!a*c,4,9,9,3,24,True,True,True
P32904,!c*d+!b+!a,4,4,6,3,16,True,True,True
P32905,!c*d+!b*c+a*!b+!a*b,4,7,9,3,22,True,True,True
P32906,!c*d+!b*c+!a,4,5,5,3,16,True,True,True
P32907,!c*d+!b*c+!a*b,4,7,7,3,20,True,True,True
P32910,!c*d+!b*c+!a*c+!a*!b,4,7,7,3,20,True,True,True
P32911,!c*d+!b*c+!a*c,4,5,7,3,18,True,True,True
P32918,!a*!b*!c+a*b*!c+a*!b*c+!a*b*c+!c*d+!b*d,4,11,13,3,30,True,True,True
P32919,a*b*!c+a*!b*c+!a*b*c+!c*d+!b*d,4,14,9,3,29,True,True,True
P32920,!c*d+!b*d+!b*!c+a*!b+!a*b,4,8,9,3,23,True,True,True
P32921,!c*d+!b*d+a*!b+!a*b,4,7,7,3,20,True,True,True
P32922,a*!b*c+!c*d+!b*d+!a*!c+!a*b,4,8,8,3,22,True,True,True
P32923,a*!b*c+!c*d+!b*d+!a*b,4,9,7,3,22,True,True,True
P32926,!a*!b*!c+a*!b*c+!a*b*c+!c*d+!b*d,4,11,12,3,29,True,True,True
P32927,a*!b*c+!a*b*c+!c*d+!b*d,4,9,8,3,23,True,True,True
P32936,!c*d+!b*d+!b*!c+!a,4,6,6,3,18,True,True,True
P32937,a*!b*!c+!c*d+!b*d+!a*c+!a*b,4,11,10,3,27,True,True,True
P32938,!c*d+!b*d+!a,4,4,4,3,14,True,True,True
P32939,!c*d+!b*d+!a*c+!a*b,4,6,6,3,18,True,True,True
P32940,!c*d+!b*d+!b*!c+!a*c,4,7,7,3,20,True,True,True
P32941,a*!b*!c+!c*d+!b*d+!a*c,4,10,9,3,25,True,True,True
P32942,!c*d+!b*d+!a*c+!a*!b,4,6,6,3,18,True,True,True
P32943,!c*d+!b*d+!a*c,4,5,5,3,16,True,True,True
P32956,!a*b*c+!c*d+!b*d+!b*!c,4,9,9,3,24,True,True,True
P32957,a*!b*!c+!a*b*c+!c*d+!b*d,4,11,8,3,25,True,True,True
P32958,!a*!b*!c+!a*b*c+!c*d+!b*d,4,8,8,3,22,True,True,True
P32959,!a*b*c+!c*d+!b*d,4,8,7,3,21,True,True,True
P33000,!c*d+!b*d+!a*d+!b*!c+!a*!c+!a*!b,4,12,11,3,29,True,True,True
P33001,a*!b*!c+!a*b*!c+!a*!b*c+!c*d+!b*d+!a*d,4,11,17,3,34,True,True,True
P33002,!c*d+!b*d+!a*d+!a*!c+!a*!b,4,8,7,3,21,True,True,True
P33003,!a*b*!c+!a*!b*c+!c*d+!b*d+!a*d,4,9,9,3,24,True,True,True
P33006,!c*d+!b*d+!a*d+!a*!b,4,6,6,3,18,True,True,True
P33007,!a*!b*c+!c*d+!b*d+!a*d,4,8,7,3,21,True,True,True
P33022,!a*!b*!c+!c*d+!b*d+!a*d,4,5,5,3,16,True,True,True
P33023,!c*d+!b*d+!a*d,4,4,4,3,14,True,True,True
P33046,!a*!b*!c*!d+a*b*!d+b*!c*d+a*!c*d+!b*c*d+a*!b*c+!a*b*c,4,,12,,,False,True,False
P33047,a*b*!d+b*!c*d+a*!c*d+!b*c*d+a*!b*c+!a*b*c,4,18,16,4,42,True,True,True
P33048,!b*!c*!d+b*c*!d+b*!c*d+!b*c*d+a*!b+!a*b,4,12,10,4,30,True,True,True
P33049,b*c*!d+b*!c*d+!b*c*d+a*!b+!a*b,4,12,10,4,30,True,True,True
P33050,!a*!c*!d+a*c*!d+a*!c*d+!b*c*d+!a*b,4,10,11,4,29,True,True,True
P33051,a*c*!d+a*!c*d+!b*c*d+!a*b,4,16,11,4,35,True,True,True
P33054,!a*!b*!c*!d+a*c*!d+b*!c*d+a*!c*d+!b*c*d+!a*b*c,4,17,18,4,43,True,True,True
P33055,a*c*!d+b*!c*d+a*!c*d+!b*c*d+!a*b*c,4,12,16,4,36,True,True,True
P33064,b*c*!d+b*!c*d+!b*c*d+a*!b*!c+!a*!d+!a*c,4,13,11,4,32,True,True,True
P33065,b*c*!d+b*!c*d+!b*c*d+a*!b*!c+!a*c+!a*b,4,18,19,4,45,True,True,True
P33066,b*c*!d+a*!c*d+!b*c*d+!a*!d+!a*b,4,10,10,4,28,True,True,True
P33067,b*c*!d+a*!c*d+!b*c*d+!a*c+!a*b,4,16,13,4,37,True,True,True
P33068,!b*!c*!d+b*c*!d+a*!c*d+!b*c*d+!a*b*d+!a*c,4,12,,,,True,False,False
P33069,b*c*!d+b*!c*d+!b*c*d+a*!b*!c+!a*c,4,15,12,4,35,True,True,True
P33070,b*c*!d+!a*!b*!d+a*!c*d+!b*c*d+!a*b*d,4,12,12,4,32,True,True,True
P33071,b*c*!d+b*!c*d+a*!c*d+!b*c*d+!a*c,4,20,12,4,40,True,True,True
P33084,!b*!c*!d+b*c*!d+a*!c*d+!b*c*d+!a*b*d,4,17,,,,True,False,False
P33085,b*c*!d+b*!c*d+!b*c*d+!a*c*d+a*!b*!c,4,16,16,4,40,True,True,True
P33086,!a*!b*!c*!d+b*c*!d+a*!c*d+!b*c*d+!a*b*d,4,,18,,,False,True,False
P33087,b*c*!d+a*!c*d+!b*c*d+!a*b*d,4,10,13,4,31,True,True,True
P33128,a*b*c*!d+!b*!c*!d+a*!c*d+!b*c*d+!a*c*d+!a*b*!c+!a*!b*c,4,17,12,4,37,True,True,True
P33129,a*b*c*!d+b*!c*d+!b*c*d+!a*c*d+a*!b*!c+!a*b*!c+!a*!b*c,4,,12,,,False,True,False
P33130,a*b*c*!d+!a*!c*!d+a*!c*d+!b*c*d+!a*b*d+!a*!b*c,4,16,12,4,36,True,True,True
P33131,a*b*c*!d+a*!c*d+!b*c*d+!a*c*d+!a*b*!c+!a*!b*c,4,,14,,,False,True,False
P33134,a*b*c*!d+!a*!b*!d+a*!c*d+!b*c*d+!a*b*d,4,11,12,4,31,True,True,True
P33135,a*b*c*!d+a*!c*d+!b*c*d+!a*b*d+!a*!b*c,4,10,15,4,33,True,True,True
P33150,!a*!b*!c*!d+a*b*c*!d+a*!c*d+!b*c*d+!a*b*d,4,12,20,4,40,True,True,True
P33151,a*b*c*!d+a*!c*d+!b*c*d+!a*b*d,4,10,16,4,34,True,True,True
P33152,!c*!d+a*!c+!b*c+!a*b,4,8,8,4,24,True,True,True
P33153,a*!c+!b*c+!a*b,3,6,7,3,19,True,True,True
P33154,a*!c*d+!a*!d+b*!c+!b*c+!a*c,4,10,11,4,29,True,True,True
P33155,a*!c*d+b*!c+!b*c+!a*c,4,10,9,4,27,True,True,True
P33158,!a*!b*!d+b*!c*d+a*!c*d+a*b*!c+!b*c+!a*c,4,19,11,4,38,True,True,True
P33159,b*!c*d+a*!c*d+a*b*!c+!b*c+!a*c,4,14,12,4,34,True,True,True
P33160,a*!c*d+!b*!d+!b*c+!a*b,4,10,9,4,27,True,True,True
P33161,b*!c*d+!b*c+a*!b+!a*b,4,8,10,3,24,True,True,True
P33162,a*!c*d+!a*!d+!b*c+!a*b,4,11,10,4,29,True,True,True
P33163,a*!c*d+!b*c+!a*b,4,7,8,3,21,True,True,True
P33166,!a*!b*!d+b*!c*d+a*!c*d+!b*c+!a*c,4,11,11,4,30,True,True,True
P33167,b*!c*d+a*!c*d+!b*c+!a*c,4,7,9,3,22,True,True,True
P33174,!a*!b*!c*!d+b*!c*d+a*!c*d+!b*c*d+a*b*!c+a*!b*c+!a*b*c,4,20,18,4,46,True,True,True
P33175,b*!c*d+a*!c*d+!b*c*d+a*b*!c+a*!b*c+!a*b*c,4,18,17,4,43,True,True,True
P33176,!b*!c*!d+b*!c*d+!b*c*d+a*!b+!a*b,4,9,10,4,27,True,True,True
P33177,b*!c*d+!b*c*d+a*!b+!a*b,4,8,11,3,25,True,True,True
P33178,!a*!c*!d+a*!c*d+!b*c*d+a*!b*c+!a*b,4,15,10,4,33,True,True,True
P33179,a*!c*d+!b*c*d+a*!b*c+!a*b,4,9,13,3,28,True,True,True
P33182,!a*!b*!c*!d+b*!c*d+a*!c*d+!b*c*d+a*!b*c+!a*b*c,4,,17,,,False,True,False
P33183,b*!c*d+a*!c*d+!b*c*d+a*!b*c+!a*b*c,4,9,12,3,27,True,True,True
P33192,b*!c*d+!b*c*d+a*!b*!c+!a*!d+!a*c,4,9,10,4,27,True,True,True
P33193,b*!c*d+!b*c*d+a*!b*!c+!a*c+!a*b,4,10,12,3,28,True,True,True
P33194,a*!c*d+!b*c*d+!a*!d+!a*b,4,8,10,4,26,True,True,True
P33195,a*!c*d+!b*c*d+!a*c+!a*b,4,8,10,3,24,True,True,True
P33196,!b*!c*!d+b*!c*d+a*!c*d+!b*c*d+!a*c,4,12,12,4,32,True,True,True
P33197,b*!c*d+!b*c*d+a*!b*!c+!a*c,4,12,12,3,30,True,True,True
P33198,!a*!b*!d+b*!c*d+a*!c*d+!b*c*d+!a*c,4,12,10,4,30,True,True,True
P33199,b*!c*d+a*!c*d+!b*c*d+!a*c,4,8,9,3,23,True,True,True
P33212,!b*!c*!d+b*!c*d+a*!c*d+!b*c*d+!a*b*c,4,16,13,4,37,True,True,True
P33213,b*!c*d+!b*c*d+a*!b*!c+!a*b*c,4,11,11,3,28,True,True,True
P33214,!a*!b*!c*!d+b*!c*d+a*!c*d+!b*c*d+!a*b*c,4,16,10,4,34,True,True,True
P33215,b*!c*d+a*!c*d+!b*c*d+!a*b*c,4,9,11,3,26,True,True,True
P33256,!b*!c*!d+a*!c*d+!b*c*d+!a*c*d+!a*b*!c+!a*!b*c,4,19,16,4,43,True,True,True
P33257,b*!c*d+!b*c*d+!a*c*d+a*!b*!c+!a*b*!c+!a*!b*c,4,19,,,,True,False,False
P33258,!a*!c*!d+a*!c*d+!b*c*d+!a*b*d+!a*!b*c,4,14,11,4,33,True,True,True
P33259,a*!c*d+!b*c*d+!a*c*d+!a*b*!c+!a*!b*c,4,11,11,3,28,True,True,True
P33262,!a*!b*!d+a*!c*d+!b*c*d+!a*b*d,4,15,10,4,33,True,True,True
P33263,a*!c*d+!b*c*d+!a*b*d+!a*!b*c,4,10,10,3,26,True,True,True
P33278,!a*!b*!c*!d+a*!c*d+!b*c*d+!a*b*d,4,10,17,4,35,True,True,True
P33279,a*!c*d+!b*c*d+!a*b*d,4,11,7,3,24,True,True,True
P33320,!b*!c*!d+b*c*!d+b*!c*d+!b*c*d+!a,4,9,11,4,28,True,True,True
P33321,a*!b*!c*!d+b*c*!d+b*!c*d+!b*c*d+!a*d+!a*c+!a*b,4,,12,,,False,True,False
P33322,b*c*!d+b*!c*d+!b*c*d+!a,4,8,13,4,29,True,True,True
P33323,b*c*!d+b*!c*d+!b*c*d+!a*d+!a*c+!a*b,4,13,13,4,34,True,True,True
P33324,!b*!c*!d+b*c*!d+b*!c*d+!b*c*d+!a*d+!a*!b,4,11,10,4,29,True,True,True
P33325,a*!b*!c*!d+b*c*!d+b*!c*d+!b*c*d+!a*d+!a*c,4,,16,,,False,True,False
P33326,b*c*!d+b*!c*d+!b*c*d+!a*d+!a*!b,4,9,14,4,31,True,True,True
P33327,b*c*!d+b*!c*d+!b*c*d+!a*d+!a*c,4,11,15,4,34,True,True,True
P33340,!b*!c*!d+b*c*!d+b*!c*d+!b*c*d+!a*d,4,9,13,4,30,True,True,True
P33341,a*!b*!c*!d+b*c*!d+b*!c*d+!b*c*d+!a*d,4,,13,,,False,True,False
P33342,b*c*!d+b*!c*d+!b*c*d+!a*!b*!c+!a*d,4,10,15,4,33,True,True,True
P33343,b*c*!d+b*!c*d+!b*c*d+!a*d,4,8,13,4,29,True,True,True
P33344,!c*!d+a*!d+!a*d+b*!c+!b*c,4,9,11,4,28,True,True,True
P33345,a*!d+!a*d+b*!c+!b*c,4,8,17,4,33,True,True,True
P33346,a*c*!d+!a*d+b*!c+!a*!c+!b*c,4,10,11,4,29,True,True,True
P33347,a*c*!d+!a*d+b*!c+!b*c,4,8,15,4,31,True,True,True
P33350,a*b*!d+b*!c*d+!a*d+!b*c+!a*!b,4,9,16,4,33,True,True,True
P33351,a*b*!d+b*!c*d+!a*d+!b*c,4,10,13,4,31,True,True,True
P33352,a*c*!d+b*!c*d+!b*!d+!a*d+!a*!c+!b*c,4,19,11,4,38,True,True,True
P33353,a*c*!d+a*!b*!d+b*!c*d+!a*b*!c+!a*d+!b*c,4,,,,,False,False,False
P33354,a*c*!d+b*!c*d+!a*d+!a*!c+!b*c,4,15,10,4,33,True,True,True
P33355,a*c*!d+b*!c*d+!a*b*!c+!a*d+!b*c,4,15,19,4,42,True,True,True
P33358,a*c*!d+b*!c*d+!a*d+!b*c+!a*!b,4,11,15,4,34,True,True,True
P33359,a*c*!d+b*!c*d+!a*d+!b*c,4,10,10,4,28,True,True,True
P33364,!b*!c*!d+b*!c*d+!b*c*d+a*!d+!a*d,4,9,12,4,29,True,True,True
P33365,b*!c*d+!b*c*d+a*!d+!a*d,4,8,17,4,33,True,True,True
P33366,a*b*!d+b*!c*d+!a*!b*!c+a*!b*c+!a*d,4,10,,,,True,False,False
P33367,a*b*!d+b*!c*d+a*!b*c+!a*d,4,15,20,4,43,True,True,True
P33368,!b*!c*!d+a*c*!d+b*!c*d+!b*c*d+!a*d+!a*!c,4,16,18,4,42,True,True,True
P33369,a*c*!d+a*!b*!d+b*!c*d+!b*c*d+!a*b*!c+!a*d,4,,11,,,False,True,False
P33370,a*c*!d+b*!c*d+!b*c*d+!a*d+!a*!c,4,11,10,4,29,True,True,True
P33371,a*c*!d+b*!c*d+!b*c*d+!a*b*!c+!a*d,4,20,16,4,44,True,True,True
P33372,!b*!c*!d+a*c*!d+b*!c*d+!b*c*d+!a*d,4,10,11,4,29,True,True,True
P33373,a*c*!d+a*!b*!d+b*!c*d+!b*c*d+!a*d,4,15,16,4,39,True,True,True
P33374,a*c*!d+b*!c*d+!b*c*d+!a*!b*!c+!a*d,4,12,14,4,34,True,True,True
P33375,a*c*!d+b*!c*d+!b*c*d+!a*d,4,9,9,4,26,True,True,True
P33384,a*b*c*!d+!b*!c*!d+b*!c*d+!b*c*d+!a*d+!a*!c+!a*!b,4,13,18,4,39,True,True,True
P33385,a*!b*!c*!d+a*b*c*!d+b*!c*d+!b*c*d+!a*b*!c+!a*!b*c+!a*d,4,,,,,False,False,False
P33386,a*b*c*!d+b*!c*d+!b*c*d+!a*d+!a*!c+!a*!b,4,,12,,,False,True,False
P33387,a*b*c*!d+b*!c*d+!b*c*d+!a*b*!c+!a*!b*c+!a*d,4,20,,,,True,False,False
P33388,a*b*c*!d+!b*!c*!d+b*!c*d+!b*c*d+!a*d+!a*!b,4,14,17,4,39,True,True,True
P33389,a*!b*!c*!d+a*b*c*!d+b*!c*d+!b*c*d+!a*!b*c+!a*d,4,,,,,False,False,False
P33390,a*b*c*!d+b*!c*d+!b*c*d+!a*d+!a*!b,4,16,14,4,38,True,True,True
P33391,a*b*c*!d+b*!c*d+!b*c*d+!a*!b*c+!a*d,4,15,14,4,37,True,True,True
P33404,a*b*c*!d+!b*!c*!d+b*!c*d+!b*c*d+!a*d,4,13,13,4,34,True,True,True
P33405,a*!b*!c*!d+a*b*c*!d+b*!c*d+!b*c*d+!a*d,4,,20,,,False,True,False
P33406,a*b*c*!d+b*!c*d+!b*c*d+!a*!b*!c+!a*d,4,10,16,4,34,True,True,True
P33407,a*b*c*!d+b*!c*d+!b*c*d+!a*d,4,9,18,4,35,True,True,True
P33408,!c*!d+b*!c+!b*c+!a,4,6,7,4,21,True,True,True
P33409,a*!c*!d+!a*d+b*!c+!b*c+!a*c,4,9,11,4,28,True,True,True
P33410,b*!c+!b*c+!a,3,5,6,3,17,True,True,True
P33411,!a*d+b*!c+!b*c+!a*c,4,7,8,3,21,True,True,True
P33412,a*b*!c+!b*!d+!a*d+!b*c+!a*c,4,8,11,4,27,True,True,True
P33413,a*!c*!d+b*!c*d+!a*d+!b*c+!a*c,4,11,10,4,29,True,True,True
P33414,a*b*!c+!a*d+!b*c+!a*c+!a*!b,4,10,14,3,30,True,True,True
P33415,a*b*!c+!a*d+!b*c+!a*c,4,12,13,4,33,True,True,True
P33416,b*!c*d+!b*!d+!b*c+!a,4,7,11,4,26,True,True,True
P33417,a*!b*!d+b*!c*d+!a*d+!b*c+!a*b,4,11,10,4,29,True,True,True
P33418,b*!c*d+!b*c+!a,4,6,9,3,21,True,True,True
P33419,b*!c*d+!a*d+!b*c+!a*b,4,12,8,3,26,True,True,True
P33420,b*!c*d+!b*!d+!a*d+!b*c+!a*c,4,8,11,4,27,True,True,True
P33421,a*!b*!d+b*!c*d+!a*d+!b*c+!a*c,4,10,11,4,29,True,True,True
P33422,b*!c*d+!b*c+!a*c+!a*!b,4,8,9,3,23,True,True,True
P33423,b*!c*d+!a*d+!b*c+!a*c,4,7,6,3,19,True,True,True
P33428,a*!c*!d+b*!c*d+!a*!b*!c+a*!b*c+!a*b*c+!a*d,4,9,15,4,32,True,True,True
P33429,a*!c*!d+b*!c*d+a*!b*c+!a*b*c+!a*d,4,16,14,4,38,True,True,True
P33430,!a*!b*!c+a*b*!c+a*!b*c+!a*b*c+!a*d,4,12,15,4,35,True,True,True
P33431,a*b*!c+a*!b*c+!a*b*c+!a*d,4,9,18,3,33,True,True,True
P33432,a*!b*!d+b*!c*d+!b*c*d+!a*!c+!a*b,4,10,13,4,31,True,True,True
P33433,a*!b*!d+b*!c*d+!b*c*d+!a*d+!a*b,4,10,13,4,31,True,True,True
P33434,b*!c*d+a*!b*c+!a*d+!a*!c+!a*b,4,11,10,3,27,True,True,True
P33435,b*!c*d+a*!b*c+!a*d+!a*b,4,12,12,3,30,True,True,True
P33436,a*!b*!d+b*!c*d+!b*c*d+!a*!b*!c+!a*b*c,4,12,15,4,35,True,True,True
P33437,a*!b*!d+b*!c*d+!b*c*d+!a*b*c+!a*d,4,10,11,4,29,True,True,True
P33438,b*!c*d+!a*!b*!c+a*!b*c+!a*b*c+!a*d,4,8,19,3,33,True,True,True
P33439,b*!c*d+a*!b*c+!a*b*c+!a*d,4,10,11,4,29,True,True,True
P33448,!b*!c*!d+b*!c*d+!b*c*d+!a,4,8,11,4,27,True,True,True
P33449,a*!b*!c*!d+b*!c*d+!b*c*d+!a*d+!a*c+!a*b,4,19,12,4,39,True,True,True
P33450,b*!c*d+!b*c*d+!a,4,6,6,3,18,True,True,True
P33451,b*!c*d+!b*c*d+!a*d+!a*c+!a*b,4,9,10,3,25,True,True,True
P33452,!b*!c*!d+b*!c*d+!b*c*d+!a*d+!a*c,4,10,11,4,29,True,True,True
P33453,a*!b*!c*!d+b*!c*d+!b*c*d+!a*d+!a*c,4,11,11,4,30,True,True,True
P33454,b*!c*d+!b*c*d+!a*c+!a*!b,4,8,7,3,21,True,True,True
P33455,b*!c*d+!b*c*d+!a*d+!a*c,4,8,8,3,22,True,True,True
P33468,!b*!c*!d+b*!c*d+!b*c*d+!a*b*c+!a*d,4,9,17,4,34,True,True,True
P33469,a*!b*!c*!d+b*!c*d+!b*c*d+!a*b*c+!a*d,4,10,14,4,32,True,True,True
P33470,b*!c*d+!b*c*d+!a*!b*!c+!a*b*c,4,10,14,4,32,True,True,True
P33471,b*!c*d+!b*c*d+!a*b*c+!a*d,4,7,9,3,22,True,True,True
P33472,!c*!d+!a*d+b*!c+!b*c,4,8,9,4,25,True,True,True
P33473,a*!c*!d+!a*d+b*!c+!b*c,4,9,15,4,32,True,True,True
P33474,!a*d+b*!c+!a*!c+!b*c,4,7,9,3,22,True,True,True
P33475,!a*d+b*!c+!b*c,4,8,11,3,25,True,True,True
P33476,a*b*!c+!b*!d+!a*d+!b*c,4,10,11,4,29,True,True,True
P33477,a*!c*!d+b*!c*d+!a*d+!b*c,4,12,16,4,36,True,True,True
P33478,a*b*!c+!a*d+!b*c+!a*!b,4,10,16,4,34,True,True,True
P33479,a*b*!c+!a*d+!b*c,4,12,11,3,29,True,True,True
P33480,b*!c*d+!b*!d+!a*d+!a*!c+!b*c,4,11,10,4,29,True,True,True
P33481,a*!b*!d+b*!c*d+!a*b*!c+!a*d+!b*c,4,16,,,,True,False,False
P33482,b*!c*d+!a*d+!a*!c+!b*c,4,8,10,3,24,True,True,True
P33483,b*!c*d+!a*b*!c+!a*d+!b*c,4,9,17,3,32,True,True,True
P33484,b*!c*d+!b*!d+!a*d+!b*c,4,10,12,4,30,True,True,True
P33485,a*!b*!d+b*!c*d+!a*d+!b*c,4,13,20,4,41,True,True,True
P33486,b*!c*d+!a*d+!b*c+!a*!b,4,7,7,3,20,True,True,True
P33487,b*!c*d+!a*d+!b*c,4,9,8,3,23,True,True,True
P33492,!b*!c*!d+a*!c*!d+b*!c*d+a*!b*c+!a*d,4,14,15,4,37,True,True,True
P33493,a*!c*!d+b*!c*d+a*!b*c+!a*d,4,10,14,4,32,True,True,True
P33494,!a*!b*!c+a*b*!c+a*!b*c+!a*d,4,17,13,3,36,True,True,True
P33495,a*b*!c+a*!b*c+!a*d,4,13,7,3,26,True,True,True
P33496,a*!b*!d+b*!c*d+!b*c*d+!a*d+!a*!c,4,10,10,4,28,True,True,True
P33497,a*!b*!d+b*!c*d+!b*c*d+!a*b*!c+!a*d,4,15,16,4,39,True,True,True
P33498,b*!c*d+a*!b*c+!a*d+!a*!c,4,11,9,3,26,True,True,True
P33499,b*!c*d+!a*b*!c+a*!b*c+!a*d,4,11,14,3,31,True,True,True
P33500,!b*!c*!d+a*!b*!d+b*!c*d+!b*c*d+!a*d,4,12,10,4,30,True,True,True
P33501,a*!b*!d+b*!c*d+!b*c*d+!a*d,4,14,10,4,32,True,True,True
P33502,b*!c*d+!a*!b*!c+a*!b*c+!a*d,4,12,12,4,32,True,True,True
P33503,b*!c*d+a*!b*c+!a*d,4,11,13,3,30,True,True,True
P33512,!b*!c*!d+b*!c*d+!b*c*d+!a*d+!a*!c+!a*!b,4,11,17,4,36,True,True,True
P33513,a*!b*!c*!d+b*!c*d+!b*c*d+!a*b*!c+!a*!b*c+!a*d,4,20,,,,True,False,False
P33514,b*!c*d+!b*c*d+!a*d+!a*!c+!a*!b,4,9,10,3,25,True,True,True
P33515,b*!c*d+!b*c*d+!a*b*!c+!a*!b*c+!a*d,4,16,14,3,36,True,True,True
P33516,!b*!c*!d+b*!c*d+!b*c*d+!a*d+!a*!b,4,10,12,4,30,True,True,True
P33517,a*!b*!c*!d+b*!c*d+!b*c*d+!a*!b*c+!a*d,4,18,20,4,46,True,True,True
P33518,b*!c*d+!b*c*d+!a*d+!a*!b,4,8,8,3,22,True,True,True
P33519,b*!c*d+!b*c*d+!a*!b*c+!a*d,4,14,9,3,29,True,True,True
P33532,!b*!c*!d+b*!c*d+!b*c*d+!a*d,4,8,15,4,31,True,True,True
P33533,a*!b*!c*!d+b*!c*d+!b*c*d+!a*d,4,9,10,4,27,True,True,True
P33534,b*!c*d+!b*c*d+!a*!b*!c+!a*d,4,7,14,3,27,True,True,True
P33535,b*!c*d+!b*c*d+!a*d,4,8,9,3,23,True,True,True
P33596,!b*!c*!d+b*c*!d+b*!c*d+!b*c*d+!a*c*d,4,14,14,4,36,True,True,True
P33597,a*!b*!c*!d+b*c*!d+b*!c*d+!b*c*d+!a*c*d,4,16,15,4,39,True,True,True
P33598,!a*!b*!c*!d+b*c*!d+b*!c*d+!b*c*d+!a*c*d,4,19,16,4,43,True,True,True
P33599,b*c*!d+b*!c*d+!b*c*d+!a*c*d,4,11,9,4,28,True,True,True
P33622,!a*!b*!c*!d+a*b*!d+b*!c*d+!a*c*d+a*!b*c,4,18,20,4,46,True,True,True
P33623,a*b*!d+b*!c*d+!a*c*d+a*!b*c,4,19,13,4,40,True,True,True
P33624,!b*!c*!d+a*c*!d+b*!c*d+!b*c*d+!a*c*d+!a*b*!c,4,15,11,4,34,True,True,True
P33625,a*c*!d+a*!b*!d+b*!c*d+!b*c*d+!a*c*d+!a*b*!c,4,18,13,4,39,True,True,True
P33626,!a*!c*!d+a*c*!d+b*!c*d+!b*c*d+!a*c*d,4,11,14,4,33,True,True,True
P33627,a*c*!d+b*!c*d+!b*c*d+!a*c*d+!a*b*!c,4,13,10,4,31,True,True,True
P33630,!a*!b*!c*!d+a*c*!d+b*!c*d+!b*c*d+!a*c*d,4,12,19,4,39,True,True,True
P33631,a*c*!d+b*!c*d+!b*c*d+!a*c*d,4,13,9,4,30,True,True,True
P33640,a*b*c*!d+!b*!c*!d+!a*!c*!d+!a*!b*!d+b*!c*d+!b*c*d+!a*c*d,4,15,13,4,36,True,True,True
P33641,a*!b*!c*!d+a*b*c*!d+b*!c*d+!b*c*d+!a*c*d+!a*b*!c+!a*!b*c,4,16,,,,True,False,False
P33642,a*b*c*!d+!a*!c*!d+!a*!b*!d+b*!c*d+!b*c*d+!a*c*d,4,15,,,,True,False,False
P33643,a*b*c*!d+b*!c*d+!b*c*d+!a*c*d+!a*b*!c+!a*!b*c,4,,18,,,False,True,False
P33644,a*b*c*!d+!b*!c*!d+b*!c*d+!b*c*d+!a*c*d+!a*!b*c,4,,19,,,False,True,False
P33645,a*!b*!c*!d+a*b*c*!d+b*!c*d+!b*c*d+!a*c*d+!a*!b*c,4,,,,,False,False,False
P33646,a*b*c*!d+!a*!b*!d+b*!c*d+!b*c*d+!a*c*d,4,17,14,4,39,True,True,True
P33647,a*b*c*!d+b*!c*d+!b*c*d+!a*c*d+!a*!b*c,4,12,15,4,35,True,True,True
P33660,a*b*c*!d+!b*!c*!d+b*!c*d+!b*c*d+!a*c*d,4,16,17,4,41,True,True,True
P33661,a*!b*!c*!d+a*b*c*!d+b*!c*d+!b*c*d+!a*c*d,4,19,14,4,41,True,True,True
P33662,!a*!b*!c*!d+a*b*c*!d+b*!c*d+!b*c*d+!a*c*d,4,,20,,,False,True,False
P33663,a*b*c*!d+b*!c*d+!b*c*d+!a*c*d,4,10,19,4,37,True,True,True
P33664,!c*!d+b*!c+!b*c+!a*c,4,7,7,4,22,True,True,True
P33665,a*!c*!d+b*!c+!b*c+!a*c,4,9,11,4,28,True,True,True
P33666,!a*!d+b*!c+!b*c+!a*c,4,7,10,4,25,True,True,True
P33667,b*!c+!b*c+!a*c,3,5,5,3,16,True,True,True
P33668,!a*b*d+a*b*!c+!b*!d+!b*c+!a*c,4,11,12,4,31,True,True,True
P33669,a*!c*!d+b*!c*d+!b*c+!a*c,4,12,10,4,30,True,True,True
P33670,!a*!b*!d+!a*b*d+a*b*!c+!b*c+!a*c,4,15,11,4,34,True,True,True
P33671,!a*b*d+a*b*!c+!b*c+!a*c,4,11,11,4,30,True,True,True
P33672,b*!c*d+!b*!d+!b*c+!a*b,4,10,8,4,26,True,True,True
P33673,a*!b*!d+b*!c*d+!b*c+!a*b,4,8,11,4,27,True,True,True
P33674,b*!c*d+!a*!d+!b*c+!a*c,4,8,9,4,25,True,True,True
P33675,b*!c*d+!b*c+!a*b,4,11,7,3,24,True,True,True
P33676,b*!c*d+!b*!d+!b*c+!a*c,4,10,15,4,33,True,True,True
P33677,a*!b*!d+b*!c*d+!b*c+!a*c,4,11,11,4,30,True,True,True
P33678,!a*!b*!d+b*!c*d+!b*c+!a*c,4,9,10,4,27,True,True,True
P33679,b*!c*d+!b*c+!a*c,4,9,9,4,26,True,True,True
P33684,!b*!c*!d+b*!c*d+!b*c*d+a*b*!c+a*!b*c+!a*b*c,4,14,19,4,41,True,True,True
P33685,a*!c*!d+b*!c*d+!b*c*d+a*!b*c+!a*b*c,4,13,16,4,37,True,True,True
P33686,!a*!b*!c*!d+b*!c*d+!b*c*d+a*b*!c+a*!b*c+!a*b*c,4,,19,,,False,True,False
P33687,b*!c*d+!b*c*d+a*b*!c+a*!b*c+!a*b*c,4,16,11,3,33,True,True,True
P33688,!a*!c*!d+a*!b*!d+b*!c*d+!b*c*d+!a*b,4,11,12,4,31,True,True,True
P33689,a*!b*!d+b*!c*d+!b*c*d+!a*b,4,8,9,4,25,True,True,True
P33690,!a*!c*!d+b*!c*d+!b*c*d+a*!b*c+!a*b,4,13,12,4,33,True,True,True
P33691,b*!c*d+!b*c*d+a*!b*c+!a*b,4,11,9,3,26,True,True,True
P33692,!b*!c*!d+b*!c*d+!b*c*d+a*!b*c+!a*b*c,4,13,16,4,37,True,True,True
P33693,a*!b*!d+b*!c*d+!b*c*d+!a*b*c,4,17,11,4,36,True,True,True
P33694,!a*!b*!c*!d+b*!c*d+!b*c*d+a*!b*c+!a*b*c,4,17,16,4,41,True,True,True
P33695,b*!c*d+!b*c*d+a*!b*c+!a*b*c,4,14,11,4,33,True,True,True
P33704,!b*!c*!d+b*!c*d+!b*c*d+!a*!d+!a*c,4,10,9,4,27,True,True,True
P33705,a*!b*!c*!d+b*!c*d+!b*c*d+!a*c+!a*b,4,11,12,4,31,True,True,True
P33706,b*!c*d+!b*c*d+!a*!d+!a*c,4,8,8,4,24,True,True,True
P33707,b*!c*d+!b*c*d+!a*c+!a*b,4,8,6,3,20,True,True,True
P33708,!b*!c*!d+b*!c*d+!b*c*d+!a*c,4,10,11,4,29,True,True,True
P33709,a*!b*!c*!d+b*!c*d+!b*c*d+!a*c,4,10,13,4,31,True,True,True
P33710,!a*!b*!d+b*!c*d+!b*c*d+!a*c,4,9,7,4,24,True,True,True
P33711,b*!c*d+!b*c*d+!a*c,4,7,7,3,20,True,True,True
P33724,!b*!c*!d+b*!c*d+!b*c*d+!a*b*c,4,15,11,4,34,True,True,True
P33725,a*!b*!c*!d+b*!c*d+!b*c*d+!a*b*c,4,14,15,4,37,True,True,True
P33726,!a*!b*!c*!d+b*!c*d+!b*c*d+!a*b*c,4,14,10,4,32,True,True,True
P33727,b*!c*d+!b*c*d+!a*b*c,4,9,9,3,24,True,True,True
P33728,!a*c*d+!c*!d+b*!c+!b*c,4,9,9,4,26,True,True,True
P33729,a*!c*!d+!a*c*d+b*!c+!b*c,4,12,13,4,33,True,True,True
P33730,!a*!c*!d+!a*c*d+b*!c+!b*c,4,10,11,4,29,True,True,True
P33731,!a*c*d+b*!c+!b*c,4,9,9,3,24,True,True,True
P33732,!a*b*d+a*b*!c+!b*!d+!b*c,4,11,11,4,30,True,True,True
P33733,a*!c*!d+b*!c*d+!a*c*d+!b*c,4,18,14,4,40,True,True,True
P33734,!a*!b*!d+!a*b*d+a*b*!c+!b*c,4,11,12,4,31,True,True,True
P33735,!a*b*d+a*b*!c+!b*c,4,11,9,3,26,True,True,True
P33736,!a*!c*!d+b*!c*d+!a*c*d+!b*!d+!b*c,4,15,11,4,34,True,True,True
P33737,a*!b*!d+b*!c*d+!a*c*d+!a*b*!c+!b*c,4,14,18,4,40,True,True,True
P33738,!a*!c*!d+b*!c*d+!a*c*d+!b*c,4,9,13,4,30,True,True,True
P33739,b*!c*d+!a*c*d+!a*b*!c+!b*c,4,13,12,4,33,True,True,True
P33740,b*!c*d+!a*c*d+!b*!d+!b*c,4,11,12,4,31,True,True,True
P33741,a*!b*!d+b*!c*d+!a*c*d+!b*c,4,12,13,4,33,True,True,True
P33742,!a*!b*!d+b*!c*d+!a*c*d+!b*c,4,11,14,4,33,True,True,True
P33743,b*!c*d+!a*c*d+!b*c,4,9,8,3,23,True,True,True
P33748,!b*!c*!d+!b*c*d+!a*b*d+a*b*!c+a*!b*c,4,15,13,4,36,True,True,True
P33749,a*!c*!d+b*!c*d+!b*c*d+!a*b*d+a*!b*c,4,11,15,4,34,True,True,True
P33750,!a*!b*!c*!d+!b*c*d+!a*b*d+a*b*!c+a*!b*c,4,18,15,4,41,True,True,True
P33751,!b*c*d+!a*b*d+a*b*!c+a*!b*c,4,11,10,3,27,True,True,True
P33752,!a*!c*!d+a*!b*!d+b*!c*d+!b*c*d+!a*c*d,4,12,15,4,35,True,True,True
P33753,a*!b*!d+b*!c*d+!b*c*d+!a*c*d+!a*b*!c,4,10,13,4,31,True,True,True
P33754,!a*!c*!d+b*!c*d+!a*c*d+a*!b*c,4,14,10,4,32,True,True,True
P33755,b*!c*d+!a*c*d+!a*b*!c+a*!b*c,4,9,9,3,24,True,True,True
P33756,!b*!c*!d+b*!c*d+!a*c*d+a*!b*c,4,11,13,4,32,True,True,True
P33757,a*!b*!d+b*!c*d+!b*c*d+!a*c*d,4,13,12,4,33,True,True,True
P33758,!a*!b*!c*!d+b*!c*d+!a*c*d+a*!b*c,4,11,16,4,35,True,True,True
P33759,b*!c*d+!a*c*d+a*!b*c,4,9,10,3,25,True,True,True
P33768,!b*!c*!d+!a*!c*!d+!a*!b*!d+b*!c*d+!b*c*d+!a*c*d,4,14,13,4,35,True,True,True
P33769,a*!b*!c*!d+b*!c*d+!b*c*d+!a*c*d+!a*b*!c+!a*!b*c,4,15,16,4,39,True,True,True
P33770,!a*!c*!d+!a*!b*!d+b*!c*d+!b*c*d+!a*c*d,4,11,10,4,29,True,True,True
P33771,b*!c*d+!b*c*d+!a*c*d+!a*b*!c+!a*!b*c,4,15,11,3,32,True,True,True
P33772,!b*!c*!d+b*!c*d+!b*c*d+!a*c*d+!a*!b*c,4,11,14,4,33,True,True,True
P33773,a*!b*!c*!d+b*!c*d+!b*c*d+!a*c*d+!a*!b*c,4,15,15,4,38,True,True,True
P33774,!a*!b*!d+b*!c*d+!b*c*d+!a*c*d,4,10,11,4,29,True,True,True
P33775,b*!c*d+!b*c*d+!a*c*d+!a*!b*c,4,9,8,3,23,True,True,True
P33788,!b*!c*!d+b*!c*d+!b*c*d+!a*c*d,4,11,12,4,31,True,True,True
P33789,a*!b*!c*!d+b*!c*d+!b*c*d+!a*c*d,4,15,15,4,38,True,True,True
P33790,!a*!b*!c*!d+b*!c*d+!b*c*d+!a*c*d,4,10,11,4,29,True,True,True
P33791,b*!c*d+!b*c*d+!a*c*d,4,13,8,3,27,True,True,True
P34400,a*b*!d+!b*c*d+!a*c*d+a*b*!c+!c*!d+!a*!b,4,,17,,,False,True,False
P34401,b*!c*!d+a*!c*!d+a*b*!d+!b*c*d+!a*c*d+!a*!b*d+a*b*!c+!a*!b*c,4,,,,,False,False,False
P34402,b*!c*!d+a*b*!d+!b*c*d+!a*c*d+a*b*!c+!a*!b,4,15,18,4,41,True,True,True
P34403,b*!c*!d+a*b*!d+!b*c*d+!a*c*d+!a*!b*d+a*b*!c+!a*!b*c,4,,14,,,False,True,False
P34406,a*b*!d+!b*c*d+!a*c*d+a*b*!c+!a*!b,4,,19,,,False,True,False
P34407,a*b*!d+!b*c*d+!a*c*d+!a*!b*d+a*b*!c+!a*!b*c,4,20,17,4,45,True,True,True
P34408,a*b*c*!d+a*b*!c*d+!b*!c*!d+!a*!c*!d+!b*c*d+!a*c*d+!a*!b,4,,,,,False,False,False
P34409,a*!b*!c*!d+!a*b*!c*!d+a*b*c*!d+a*b*!c*d+!b*c*d+!a*c*d+!a*!b*d+!a*!b*c,4,,,,,False,False,False
P34410,a*b*c*!d+a*b*!c*d+!a*!c*!d+!b*c*d+!a*c*d+!a*!b,4,,18,,,False,True,False
P34411,!a*b*!c*!d+a*b*c*!d+a*b*!c*d+!b*c*d+!a*c*d+!a*!b*d+!a*!b*c,4,,,,,False,False,False
P34414,a*b*c*!d+a*b*!c*d+!b*c*d+!a*c*d+!a*!b,4,16,14,4,38,True,True,True
P34415,a*b*c*!d+a*b*!c*d+!b*c*d+!a*c*d+!a*!b*d+!a*!b*c,4,,20,,,False,True,False
P34418,!a*!c*!d+a*b*!d+!b*c*d+!a*c*d+!a*!b*d+a*b*!c,4,18,16,4,42,True,True,True
P34419,b*!c*!d+a*b*!d+!b*c*d+!a*c*d+!a*!b*d+a*b*!c,4,15,20,4,43,True,True,True
P34422,a*b*!d+!b*c*d+!a*c*d+!a*!b*!c+a*b*!c,4,16,18,4,42,True,True,True
P34423,a*b*!d+!b*c*d+!a*c*d+!a*!b*d+a*b*!c,4,,12,,,False,True,False
P34424,a*b*c*!d+a*b*!c*d+!b*!c*!d+!a*!c*!d+!b*c*d+!a*c*d+!a*!b*d,4,,,,,False,False,False
P34425,a*!b*!c*!d+!a*b*!c*!d+a*b*c*!d+a*b*!c*d+!b*c*d+!a*c*d+!a*!b*d,4,,,,,False,False,False
P34426,a*b*c*!d+a*b*!c*d+!a*!c*!d+!b*c*d+!a*c*d+!a*!b*d,4,13,16,4,37,True,True,True
P34427,!a*b*!c*!d+a*b*c*!d+a*b*!c*d+!b*c*d+!a*c*d+!a*!b*d,4,,20,,,False,True,False
P34430,a*b*c*!d+a*b*!c*d+!b*c*d+!a*c*d+!a*!b*!c,4,,17,,,False,True,False
P34431,a*b*c*!d+a*b*!c*d+!b*c*d+!a*c*d+!a*!b*d,4,17,19,4,44,True,True,True
P34432,a*b*!c+!c*!d+!b*c+!a*c+!a*!b,4,10,10,4,28,True,True,True
P34433,a*!b*!d+!a*b*!d+!a*!b*d+a*b*!c+!b*c+!a*c,4,17,12,4,37,True,True,True
P34434,a*b*!c+!a*!d+!b*c+!a*c+!a*!b,4,20,12,4,40,True,True,True
P34435,!a*b*!d+!a*!b*d+a*b*!c+!b*c+!a*c,4,15,,,,True,False,False
P34438,a*b*!c+!b*c+!a*c+!a*!b,3,9,7,3,22,True,True,True
P34439,!a*!b*d+a*b*!c+!b*c+!a*c,4,9,12,3,27,True,True,True
P34440,a*b*!c*d+!b*!d+!a*!d+!b*c+!a*c+!a*!b,4,14,14,4,36,True,True,True
P34441,a*b*!c*d+a*!b*!d+!a*b*!d+!a*!b*d+!b*c+!a*c,4,12,,,,True,False,False
P34442,a*b*!c*d+!a*!d+!b*c+!a*c+!a*!b,4,15,12,4,35,True,True,True
P34443,a*b*!c*d+!a*b*!d+!a*!b*d+!b*c+!a*c,4,13,,,,True,False,False
P34446,a*b*!c*d+!b*c+!a*c+!a*!b,4,12,9,3,27,True,True,True
P34447,a*b*!c*d+!a*!b*d+!b*c+!a*c,4,9,11,3,26,True,True,True
P34448,!a*!b*d+a*b*!c+a*!b*c+!a*b*c+!c*!d,4,13,11,4,32,True,True,True
P34449,a*!c*!d+!a*b*!d+!a*c*d+!a*!b*d+a*b*!c+a*!b*c,4,13,17,4,38,True,True,True
P34450,!a*!c*!d+!a*!b*d+a*b*!c+a*!b*c+!a*b*c,4,19,12,4,39,True,True,True
P34451,b*!c*!d+!a*!b*d+a*b*!c+a*!b*c+!a*b*c,4,,18,,,False,True,False
P34454,!b*c*d+!a*!b*!c+a*b*!c+a*!b*c+!a*b*c,4,13,15,3,34,True,True,True
P34455,!a*!b*d+a*b*!c+a*!b*c+!a*b*c,4,14,13,3,33,True,True,True
P34456,a*b*!c*d+a*!b*!d+!a*b*!d+!b*c*d+!a*c*d+!a*!b*!c,4,14,12,4,34,True,True,True
P34457,a*b*!c*d+a*!b*!d+!a*b*!d+!b*c*d+!a*c*d+!a*!b*d,4,12,16,4,36,True,True,True
P34458,a*b*!c*d+!a*!c*!d+!a*!b*d+a*!b*c+!a*b*c,4,15,12,4,35,True,True,True
P34459,a*b*!c*d+!a*b*!d+!a*c*d+!a*!b*d+a*!b*c,4,18,17,4,43,True,True,True
P34462,a*b*!c*d+!b*c*d+!a*!b*!c+a*!b*c+!a*b*c,4,18,19,3,43,True,True,True
P34463,a*b*!c*d+!a*!b*d+a*!b*c+!a*b*c,4,9,17,3,32,True,True,True
P34464,!b*c*d+a*b*!c+!c*!d+!a*c+!a*!b,4,11,11,4,30,True,True,True
P34465,a*!c*!d+!a*b*!d+!b*c*d+!a*!b*d+a*b*!c+!a*c,4,14,20,4,42,True,True,True
P34466,!b*c*d+a*b*!c+!a*!d+!a*c+!a*!b,4,10,11,4,29,True,True,True
P34467,!a*b*!d+!b*c*d+!a*!b*d+a*b*!c+!a*c,4,16,13,4,37,True,True,True
P34468,!b*!c*!d+!b*c*d+a*b*!c+!a*c+!a*!b,4,13,15,4,36,True,True,True
P34469,a*!c*!d+!b*c*d+!a*!b*d+a*b*!c+!a*c,4,14,15,4,37,True,True,True
P34470,!b*c*d+a*b*!c+!a*c+!a*!b,4,11,8,3,25,True,True,True
P34471,!b*c*d+!a*!b*d+a*b*!c+!a*c,4,14,11,4,33,True,True,True
P34472,a*b*!c*d+!b*!c*!d+!b*c*d+!a*!d+!a*c+!a*!b,4,12,12,4,32,True,True,True
P34473,a*!b*!c*!d+a*b*!c*d+!a*b*!d+!b*c*d+!a*!b*d+!a*c,4,,,,,False,False,False
P34474,a*b*!c*d+!b*c*d+!a*!d+!a*c+!a*!b,4,19,9,4,36,True,True,True
P34475,a*b*!c*d+!a*b*!d+!b*c*d+!a*!b*d+!a*c,4,15,16,4,39,True,True,True
P34476,a*b*!c*d+!b*!c*!d+!b*c*d+!a*c+!a*!b,4,14,17,4,39,True,True,True
P34477,a*!b*!c*!d+a*b*!c*d+!b*c*d+!a*!b*d+!a*c,4,20,,,,True,False,False
P34478,a*b*!c*d+!b*c*d+!a*c+!a*!b,4,15,11,4,34,True,True,True
P34479,a*b*!c*d+!b*c*d+!a*!b*d+!a*c,4,11,10,3,27,True,True,True
P34480,!b*c*d+!a*!b*d+a*b*!c+!a*b*c+!c*!d,4,18,13,4,39,True,True,True
P34481,a*!c*!d+!a*b*!d+!b*c*d+!a*c*d+!a*!b*d+a*b*!c,4,18,,,,True,False,False
P34482,!a*!c*!d+!b*c*d+!a*!b*d+a*b*!c+!a*b*c,4,17,15,4,40,True,True,True
P34483,b*!c*!d+!b*c*d+!a*!b*d+a*b*!c+!a*b*c,4,15,15,4,38,True,True,True
P34484,a*!c*!d+!b*c*d+!a*!b*!c+a*b*!c+!a*b*c,4,13,19,4,40,True,True,True
P34485,a*!c*!d+!b*c*d+!a*!b*d+a*b*!c+!a*b*c,4,18,19,4,45,True,True,True
P34486,!b*c*d+!a*!b*!c+a*b*!c+!a*b*c,4,17,12,3,35,True,True,True
P34487,!b*c*d+!a*!b*d+a*b*!c+!a*b*c,4,11,16,3,33,True,True,True
P34488,a*b*!c*d+!b*!c*!d+!a*b*!d+!b*c*d+!a*c*d+!a*!b*d,4,19,18,4,45,True,True,True
P34489,a*!b*!c*!d+a*b*!c*d+!a*b*!d+!b*c*d+!a*c*d+!a*!b*d,4,18,12,4,38,True,True,True
P34490,a*b*!c*d+!a*!c*!d+!b*c*d+!a*!b*d+!a*b*c,4,13,10,4,31,True,True,True
P34491,a*b*!c*d+!a*b*!d+!b*c*d+!a*c*d+!a*!b*d,4,11,13,4,32,True,True,True
P34492,a*b*!c*d+!b*!c*!d+!b*c*d+!a*!b*d+!a*b*c,4,,,,,False,False,False
P34493,a*!b*!c*!d+a*b*!c*d+!b*c*d+!a*!b*d+!a*b*c,4,17,,,,True,False,False
P34494,a*b*!c*d+!b*c*d+!a*!b*!c+!a*b*c,4,19,9,3,34,True,True,True
P34495,a*b*!c*d+!b*c*d+!a*!b*d+!a*b*c,4,14,11,3,31,True,True,True
P34528,!b*c*d+!a*c*d+a*b*!c+!c*!d+!a*!b,4,14,11,4,33,True,True,True
P34529,b*!c*!d+a*!c*!d+!b*c*d+!a*c*d+!a*!b*d+a*b*!c+!a*!b*c,4,,,,,False,False,False
P34530,!a*!c*!d+!b*c*d+!a*c*d+a*b*!c+!a*!b,4,13,17,4,38,True,True,True
P34531,b*!c*!d+!b*c*d+!a*c*d+!a*!b*d+a*b*!c+!a*!b*c,4,20,,,,True,False,False
P34534,!b*c*d+!a*c*d+a*b*!c+!a*!b,4,13,14,3,33,True,True,True
P34535,!b*c*d+!a*c*d+!a*!b*d+a*b*!c+!a*!b*c,4,20,13,4,41,True,True,True
P34536,a*b*!c*d+!b*!c*!d+!a*!c*!d+!b*c*d+!a*c*d+!a*!b,4,19,16,4,43,True,True,True
P34537,a*!b*!c*!d+!a*b*!c*!d+a*b*!c*d+!b*c*d+!a*c*d+!a*!b*d+!a*!b*c,4,,,,,False,False,False
P34538,a*b*!c*d+!a*!c*!d+!b*c*d+!a*c*d+!a*!b,4,14,14,4,36,True,True,True
P34539,!a*b*!c*!d+a*b*!c*d+!b*c*d+!a*c*d+!a*!b*d+!a*!b*c,4,,19,,,False,True,False
P34542,a*b*!c*d+!b*c*d+!a*c*d+!a*!b,4,12,9,3,27,True,True,True
P34543,a*b*!c*d+!b*c*d+!a*c*d+!a*!b*d+!a*!b*c,4,16,16,3,38,True,True,True
P34544,!b*c*d+!a*c*d+!a*!b*d+a*b*!c+!c*!d,4,16,16,4,40,True,True,True
P34545,b*!c*!d+a*!c*!d+!b*c*d+!a*c*d+!a*!b*d+a*b*!c,4,20,,,,True,False,False
P34546,b*!c*!d+!b*c*d+!a*c*d+!a*!b*!c+a*b*!c,4,15,10,4,33,True,True,True
P34547,b*!c*!d+!b*c*d+!a*c*d+!a*!b*d+a*b*!c,4,17,15,4,40,True,True,True
P34550,!b*c*d+!a*c*d+!a*!b*!c+a*b*!c,4,13,9,3,28,True,True,True
P34551,!b*c*d+!a*c*d+!a*!b*d+a*b*!c,4,12,14,3,32,True,True,True
P34552,a*b*!c*d+!b*!c*!d+!a*!c*!d+!b*c*d+!a*c*d+!a*!b*d,4,17,,,,True,False,False
P34553,a*!b*!c*!d+!a*b*!c*!d+a*b*!c*d+!b*c*d+!a*c*d+!a*!b*d,4,20,12,4,40,True,True,True
P34554,a*b*!c*d+!a*!c*!d+!b*c*d+!a*c*d+!a*!b*d,4,13,12,4,33,True,True,True
P34555,!a*b*!c*!d+a*b*!c*d+!b*c*d+!a*c*d+!a*!b*d,4,,14,,,False,True,False
P34558,a*b*!c*d+!b*c*d+!a*c*d+!a*!b*!c,4,13,11,3,30,True,True,True
P34559,a*b*!c*d+!b*c*d+!a*c*d+!a*!b*d,4,,8,,,False,True,False
P34678,!a*!b*!c*!d+a*b*!d+!b*c*d+!a*c*d+a*b*!c,4,,12,,,False,True,False
P34679,a*b*!d+!b*c*d+!a*c*d+a*b*!c,4,11,11,4,30,True,True,True
P34680,a*b*c*!d+a*b*!c*d+!b*!c*!d+!a*!c*!d+!b*c*d+!a*c*d,4,14,14,4,36,True,True,True
P34681,a*!b*!c*!d+!a*b*!c*!d+a*b*c*!d+a*b*!c*d+!b*c*d+!a*c*d,4,,17,,,False,True,False
P34682,a*b*c*!d+a*b*!c*d+!a*!c*!d+!b*c*d+!a*c*d,4,13,10,4,31,True,True,True
P34683,!a*b*!c*!d+a*b*c*!d+a*b*!c*d+!b*c*d+!a*c*d,4,,18,,,False,True,False
P34686,!a*!b*!c*!d+a*b*c*!d+a*b*!c*d+!b*c*d+!a*c*d,4,14,12,4,34,True,True,True
P34687,a*b*c*!d+a*b*!c*d+!b*c*d+!a*c*d,4,12,18,4,38,True,True,True
P34688,a*b*!c+!c*!d+!b*c+!a*c,4,10,8,4,26,True,True,True
P34689,a*!b*!d+!a*b*!d+a*b*!c+!b*c+!a*c,4,12,14,4,34,True,True,True
P34690,a*b*!c+!a*!d+!b*c+!a*c,4,10,7,4,25,True,True,True
P34691,!a*b*!d+a*b*!c+!b*c+!a*c,4,10,9,4,27,True,True,True
P34694,!a*!b*!d+a*b*!c+!b*c+!a*c,4,15,13,4,36,True,True,True
P34695,a*b*!c+!b*c+!a*c,3,7,7,3,20,True,True,True
P34696,a*b*!c*d+!b*!d+!a*!d+!b*c+!a*c,4,11,12,4,31,True,True,True
P34697,a*b*!c*d+a*!b*!d+!a*b*!d+!b*c+!a*c,4,10,19,4,37,True,True,True
P34698,a*b*!c*d+!a*!d+!b*c+!a*c,4,13,16,4,37,True,True,True
P34699,a*b*!c*d+!a*b*!d+!b*c+!a*c,4,11,10,4,29,True,True,True
P34702,a*b*!c*d+!a*!b*!d+!b*c+!a*c,4,11,17,4,36,True,True,True
P34703,a*b*!c*d+!b*c+!a*c,4,8,10,3,24,True,True,True
P34704,a*!b*!d+!b*c*d+a*b*!c+!a*b*c+!c*!d,4,13,11,4,32,True,True,True
P34705,a*!b*!d+!a*b*!d+!b*c*d+!a*c*d+a*b*!c,4,10,14,4,32,True,True,True
P34706,!a*!c*!d+!a*b*!d+!a*c*d+a*b*!c+a*!b*c,4,15,,,,True,False,False
P34707,!a*b*!d+!a*c*d+a*b*!c+a*!b*c,4,14,13,4,35,True,True,True
P34710,!a*!b*!c*!d+!b*c*d+a*b*!c+a*!b*c+!a*b*c,4,,,,,False,False,False
P34711,!b*c*d+a*b*!c+a*!b*c+!a*b*c,4,11,11,4,30,True,True,True
P34712,a*b*!c*d+!b*!c*!d+!a*b*!d+!a*c*d+a*!b*c,4,12,12,4,32,True,True,True
P34713,a*b*!c*d+a*!b*!d+!a*b*!d+!b*c*d+!a*c*d,4,10,16,4,34,True,True,True
P34714,a*b*!c*d+!a*!c*!d+!b*c*d+a*!b*c+!a*b*c,4,19,17,4,44,True,True,True
P34715,a*b*!c*d+!a*b*!d+!a*c*d+a*!b*c,4,11,12,4,31,True,True,True
P34718,!a*!b*!c*!d+a*b*!c*d+!b*c*d+a*!b*c+!a*b*c,4,18,18,4,44,True,True,True
P34719,a*b*!c*d+!b*c*d+a*!b*c+!a*b*c,4,10,9,3,25,True,True,True
P34720,!b*c*d+a*b*!c+!c*!d+!a*c,4,12,9,4,29,True,True,True
P34721,a*!c*!d+!a*b*!d+!b*c*d+a*b*!c+!a*c,4,15,14,4,37,True,True,True
P34722,!b*c*d+a*b*!c+!a*!d+!a*c,4,10,14,4,32,True,True,True
P34723,!a*b*!d+!b*c*d+a*b*!c+!a*c,4,13,10,4,31,True,True,True
P34724,!b*!c*!d+!b*c*d+a*b*!c+!a*c,4,8,11,4,27,True,True,True
P34725,a*!c*!d+!b*c*d+a*b*!c+!a*c,4,12,13,4,33,True,True,True
P34726,!a*!b*!d+!b*c*d+a*b*!c+!a*c,4,13,16,4,37,True,True,True
P34727,!b*c*d+a*b*!c+!a*c,4,17,13,4,38,True,True,True
P34728,a*b*!c*d+!b*!c*!d+!b*c*d+!a*!d+!a*c,4,11,17,4,36,True,True,True
P34729,a*!b*!c*!d+a*b*!c*d+!a*b*!d+!b*c*d+!a*c,4,16,,,,True,False,False
P34730,a*b*!c*d+!b*c*d+!a*!d+!a*c,4,9,10,4,27,True,True,True
P34731,a*b*!c*d+!a*b*!d+!b*c*d+!a*c,4,10,9,4,27,True,True,True
P34732,a*b*!c*d+!b*!c*!d+!b*c*d+!a*c,4,10,17,4,35,True,True,True
P34733,a*!b*!c*!d+a*b*!c*d+!b*c*d+!a*c,4,13,19,4,40,True,True,True
P34734,a*b*!c*d+!a*!b*!d+!b*c*d+!a*c,4,14,14,4,36,True,True,True
P34735,a*b*!c*d+!b*c*d+!a*c,4,14,10,4,32,True,True,True
P34736,!b*c*d+a*b*!c+!a*b*c+!c*!d,4,12,13,4,33,True,True,True
P34737,a*!c*!d+!a*b*!d+!b*c*d+!a*c*d+a*b*!c,4,15,11,4,34,True,True,True
P34738,!a*!c*!d+!b*c*d+a*b*!c+!a*b*c,4,14,11,4,33,True,True,True
P34739,b*!c*!d+!b*c*d+a*b*!c+!a*b*c,4,13,11,4,32,True,True,True
P34740,!b*!c*!d+!b*c*d+a*b*!c+!a*b*c,4,13,14,4,35,True,True,True
P34741,a*!c*!d+!b*c*d+a*b*!c+!a*b*c,4,11,11,4,30,True,True,True
P34742,!a*!b*!c*!d+!b*c*d+a*b*!c+!a*b*c,4,18,16,4,42,True,True,True
P34743,!b*c*d+a*b*!c+!a*b*c,4,13,11,4,32,True,True,True
P34744,a*b*!c*d+!b*!c*!d+!a*b*!d+!b*c*d+!a*c*d,4,15,19,4,42,True,True,True
P34745,a*!b*!c*!d+a*b*!c*d+!a*b*!d+!b*c*d+!a*c*d,4,17,,,,True,False,False
P34746,a*b*!c*d+!a*!c*!d+!b*c*d+!a*b*c,4,13,16,4,37,True,True,True
P34747,a*b*!c*d+!a*b*!d+!b*c*d+!a*c*d,4,9,11,4,28,True,True,True
P34748,a*b*!c*d+!b*!c*!d+!b*c*d+!a*b*c,4,15,16,4,39,True,True,True
P34749,a*!b*!c*!d+a*b*!c*d+!b*c*d+!a*b*c,4,16,19,4,43,True,True,True
P34750,!a*!b*!c*!d+a*b*!c*d+!b*c*d+!a*b*c,4,18,15,4,41,True,True,True
P34751,a*b*!c*d+!b*c*d+!a*b*c,4,10,11,4,29,True,True,True
P34784,!a*!b*!d+!b*c*d+!a*c*d+a*b*!c+!c*!d,4,16,12,4,36,True,True,True
P34785,b*!c*!d+a*!c*!d+!b*c*d+!a*c*d+a*b*!c+!a*!b*c,4,19,,,,True,False,False
P34786,!a*!c*!d+!a*!b*!d+!b*c*d+!a*c*d+a*b*!c,4,14,,,,True,False,False
P34787,b*!c*!d+!b*c*d+!a*c*d+a*b*!c+!a*!b*c,4,17,17,4,42,True,True,True
P34790,!a*!b*!d+!b*c*d+!a*c*d+a*b*!c,4,14,10,4,32,True,True,True
P34791,!b*c*d+!a*c*d+a*b*!c+!a*!b*c,4,12,12,3,30,True,True,True
P34792,a*b*!c*d+!b*!c*!d+!a*!c*!d+!a*!b*!d+!b*c*d+!a*c*d,4,20,16,4,44,True,True,True
P34793,a*!b*!c*!d+!a*b*!c*!d+a*b*!c*d+!b*c*d+!a*c*d+!a*!b*c,4,,,,,False,False,False
P34794,a*b*!c*d+!a*!c*!d+!a*!b*!d+!b*c*d+!a*c*d,4,13,17,4,38,True,True,True
P34795,!a*b*!c*!d+a*b*!c*d+!b*c*d+!a*c*d+!a*!b*c,4,15,18,4,41,True,True,True
P34798,a*b*!c*d+!a*!b*!d+!b*c*d+!a*c*d,4,14,11,4,33,True,True,True
P34799,a*b*!c*d+!b*c*d+!a*c*d+!a*!b*c,4,12,12,3,30,True,True,True
P34800,!b*c*d+!a*c*d+a*b*!c+!c*!d,4,11,14,4,33,True,True,True
P34801,b*!c*!d+a*!c*!d+!b*c*d+!a*c*d+a*b*!c,4,19,15,4,42,True,True,True
P34802,!a*!c*!d+!b*c*d+!a*c*d+a*b*!c,4,11,8,4,27,True,True,True
P34803,b*!c*!d+!b*c*d+!a*c*d+a*b*!c,4,13,10,4,31,True,True,True
P34806,!a*!b*!c*!d+!b*c*d+!a*c*d+a*b*!c,4,11,11,4,30,True,True,True
P34807,!b*c*d+!a*c*d+a*b*!c,4,8,10,3,24,True,True,True
P34808,a*b*!c*d+!b*!c*!d+!a*!c*!d+!b*c*d+!a*c*d,4,9,18,4,35,True,True,True
P34809,a*!b*!c*!d+!a*b*!c*!d+a*b*!c*d+!b*c*d+!a*c*d,4,12,,,,True,False,False
P34810,a*b*!c*d+!a*!c*!d+!b*c*d+!a*c*d,4,12,17,4,37,True,True,True
P34811,!a*b*!c*!d+a*b*!c*d+!b*c*d+!a*c*d,4,12,11,4,31,True,True,True
P34814,!a*!b*!c*!d+a*b*!c*d+!b*c*d+!a*c*d,4,14,15,4,37,True,True,True
P34815,a*b*!c*d+!b*c*d+!a*c*d,4,10,7,3,23,True,True,True
P34944,!c*!d+!b+!a,4,4,4,4,16,True,True,True
P34945,a*!c*!d+!b*d+!b*c+!a*b,4,11,9,4,28,True,True,True
P34946,b*!c*!d+!b*d+!b*c+!a,4,7,7,4,22,True,True,True
P34947,b*!c*!d+!b*d+!b*c+!a*b,4,9,9,4,26,True,True,True
P34950,a*b*!c*!d+!b*d+!a*d+!b*c+!a*c+!a*!b,4,,16,,,False,True,False
P34951,a*b*!c*!d+!b*d+!a*d+!b*c+!a*c,4,12,13,4,33,True,True,True
P34952,!b+!a,2,2,2,2,8,True,True,True
P34953,!b*d+!b*c+a*!b+!a*b,4,6,8,2,18,True,True,True
P34954,!b*d+!b*c+!a,4,4,4,2,12,True,True,True
P34955,!b*d+!b*c+!a*b,4,5,5,2,14,True,True,True
P34958,!b*d+!a*d+!b*c+!a*c+!a*!b,4,7,10,2,21,True,True,True
P34959,!b*d+!a*d+!b*c+!a*c,4,4,4,2,12,True,True,True
P34960,!c*!d+!b*d+a*!b+!a*b,4,7,7,4,22,True,True,True
P34961,a*!c*!d+!b*d+a*!b+!a*b,4,7,10,4,25,True,True,True
P34962,b*!c*!d+a*!b*c+!b*d+!a*!c+!a*b,4,13,13,4,34,True,True,True
P34963,b*!c*!d+a*!b*c+!b*d+!a*b,4,8,9,4,25,True,True,True
P34966,a*b*!c*!d+!a*!b*!c+a*!b*c+!a*b*c+!b*d+!a*d,4,20,,,,True,False,False
P34967,a*b*!c*!d+a*!b*c+!a*b*c+!b*d+!a*d,4,18,14,4,40,True,True,True
P34968,!b*d+!b*!c+a*!b+!a*b,4,6,8,3,20,True,True,True
P34969,!b*d+a*!b+!a*b,3,5,6,2,15,True,True,True
P34970,a*!b*c+!b*d+!a*!c+!a*b,4,7,7,3,20,True,True,True
P34971,a*!b*c+!b*d+!a*b,4,7,6,2,17,True,True,True
P34974,!a*!b*!c+a*!b*c+!a*b*c+!b*d+!a*d,4,9,12,3,27,True,True,True
P34975,a*!b*c+!a*b*c+!b*d+!a*d,4,8,8,2,20,True,True,True
P34976,!c*!d+!b*d+!a,4,5,5,4,18,True,True,True
P34977,a*!c*!d+!b*d+!a*c+!a*b,4,8,8,4,24,True,True,True
P34978,b*!c*!d+!b*d+!a,4,6,6,4,20,True,True,True
P34979,b*!c*!d+!b*d+!a*d+!a*c,4,8,7,4,23,True,True,True
P34980,a*!c*!d+!b*d+!a*d+!b*!c+!a*c,4,9,8,4,25,True,True,True
P34981,a*!c*!d+!b*d+!a*d+!a*c,4,8,7,4,23,True,True,True
P34982,a*b*!c*!d+!b*d+!a*d+!a*c+!a*!b,4,15,9,4,32,True,True,True
P34983,a*b*!c*!d+!b*d+!a*d+!a*c,4,11,8,4,27,True,True,True
P34984,!b*d+!b*!c+!a,4,4,4,3,14,True,True,True
P34985,a*!b*!c+!b*d+!a*c+!a*b,4,8,7,3,21,True,True,True
P34986,!b*d+!a,3,3,3,2,10,True,True,True
P34987,!b*d+!a*c+!a*b,4,5,5,2,14,True,True,True
P34988,!b*d+!a*d+!b*!c+!a*c,4,6,6,3,18,True,True,True
P34989,a*!b*!c+!b*d+!a*d+!a*c,4,7,6,3,19,True,True,True
P34990,!b*d+!a*d+!a*c+!a*!b,4,6,6,2,16,True,True,True
P34991,!b*d+!a*d+!a*c,4,5,5,2,14,True,True,True
P34992,!c*!d+!b*d+!a*b,4,6,7,4,21,True,True,True
P34993,a*!c*!d+!b*d+!a*b,4,7,7,4,22,True,True,True
P34994,b*!c*!d+!b*d+!a*!c+!a*b,4,8,8,4,24,True,True,True
P34995,b*!c*!d+!b*d+!a*b,4,7,6,4,21,True,True,True
P34996,a*!c*!d+!a*b*c+!b*d+!a*d+!b*!c,4,9,13,4,30,True,True,True
P34997,a*!c*!d+!a*b*c+!b*d+!a*d,4,9,12,4,29,True,True,True
P34998,a*b*!c*!d+!a*!b*!c+!a*b*c+!b*d+!a*d,4,15,18,4,41,True,True,True
P34999,a*b*!c*!d+!a*b*c+!b*d+!a*d,4,11,12,4,31,True,True,True
P35000,!b*d+!b*!c+!a*b,4,5,5,3,16,True,True,True
P35001,a*!b*!c+!b*d+!a*b,4,7,6,3,19,True,True,True
P35002,!b*d+!a*!c+!a*b,4,5,5,3,16,True,True,True
P35003,!b*d+!a*b,3,4,4,2,12,True,True,True
P35004,!a*b*c+!b*d+!a*d+!b*!c,4,7,8,3,21,True,True,True
P35005,a*!b*!c+!a*b*c+!b*d+!a*d,4,7,7,3,20,True,True,True
P35006,!a*!b*!c+!a*b*c+!b*d+!a*d,4,8,8,3,22,True,True,True
P35007,!a*b*c+!b*d+!a*d,4,5,5,2,14,True,True,True
P35040,!c*!d+!b*d+!a*d+!a*!b,4,7,10,4,25,True,True,True
P35041,a*!c*!d+!a*b*!c+!a*!b*c+!b*d+!a*d,4,15,12,4,35,True,True,True
P35042,b*!c*!d+!b*d+!a*d+!a*!b,4,10,7,4,25,True,True,True
P35043,b*!c*!d+!a*!b*c+!b*d+!a*d,4,9,9,4,26,True,True,True
P35046,a*b*!c*!d+!b*d+!a*d+!a*!b,4,9,8,4,25,True,True,True
P35047,a*b*!c*!d+!a*!b*c+!b*d+!a*d,4,10,11,4,29,True,True,True
P35048,!b*d+!a*d+!b*!c+!a*!c+!a*!b,4,8,7,3,21,True,True,True
P35049,a*!b*!c+!a*b*!c+!a*!b*c+!b*d+!a*d,4,11,13,3,30,True,True,True
P35050,!b*d+!a*d+!a*!c+!a*!b,4,6,6,3,18,True,True,True
P35051,!a*b*!c+!a*!b*c+!b*d+!a*d,4,8,8,3,22,True,True,True
P35054,!b*d+!a*d+!a*!b,3,8,5,2,17,True,True,True
P35055,!a*!b*c+!b*d+!a*d,4,6,6,2,16,True,True,True
P35056,!c*!d+!b*d+!a*d,4,8,10,4,26,True,True,True
P35057,a*!c*!d+!a*b*!c+!b*d+!a*d,4,9,8,4,25,True,True,True
P35058,b*!c*!d+!b*d+!a*d+!a*!c,4,8,6,4,22,True,True,True
P35059,b*!c*!d+!b*d+!a*d,4,6,6,4,20,True,True,True
P35062,a*b*!c*!d+!a*!b*!c+!b*d+!a*d,4,9,8,4,25,True,True,True
P35063,a*b*!c*!d+!b*d+!a*d,4,7,9,4,24,True,True,True
P35064,!b*d+!a*d+!b*!c+!a*!c,4,4,4,3,14,True,True,True
P35065,a*!b*!c+!a*b*!c+!b*d+!a*d,4,7,8,3,21,True,True,True
P35066,!b*d+!a*d+!a*!c,4,5,5,3,16,True,True,True
P35067,!a*b*!c+!b*d+!a*d,4,5,5,3,16,True,True,True
P35070,!a*!b*!c+!b*d+!a*d,4,6,6,3,18,True,True,True
P35071,!b*d+!a*d,3,4,5,2,13,True,True,True
P35216,!b*c*d+!c*!d+a*!b+!a*b,4,8,9,4,25,True,True,True
P35217,b*!c*!d+!b*c*d+a*!b+!a*b,4,8,9,4,25,True,True,True
P35218,b*!c*!d+!a*!c*!d+!b*c*d+a*!b*d+a*!b*c+!a*b,4,18,16,4,42,True,True,True
P35219,b*!c*!d+!b*c*d+a*!b*d+a*!b*c+!a*b,4,18,14,4,40,True,True,True
P35222,!a*!b*!c*!d+a*b*!c*!d+!b*c*d+a*!b*d+!a*b*d+a*!b*c+!a*b*c,4,,,,,False,False,False
P35223,a*b*!c*!d+!b*c*d+a*!b*d+!a*b*d+a*!b*c+!a*b*c,4,14,17,4,39,True,True,True
P35224,!b*!c*!d+!b*c*d+a*!b+!a*b,4,8,10,4,26,True,True,True
P35225,!b*c*d+a*!b+!a*b,4,8,9,3,23,True,True,True
P35226,!a*!c*!d+!b*c*d+a*!b*d+a*!b*c+!a*b,4,13,9,4,30,True,True,True
P35227,!b*c*d+a*!b*d+a*!b*c+!a*b,4,11,13,4,32,True,True,True
P35230,!a*!b*!c*!d+!b*c*d+a*!b*d+!a*b*d+a*!b*c+!a*b*c,4,20,,,,True,False,False
P35231,!b*c*d+a*!b*d+!a*b*d+a*!b*c+!a*b*c,4,14,15,4,37,True,True,True
P35232,a*!b*d+!c*!d+!a*c+!a*b,4,12,8,4,28,True,True,True
P35233,a*!c*!d+a*!b*d+!a*c+!a*b,4,15,10,4,33,True,True,True
P35234,b*!c*!d+a*!b*d+!a*!d+!a*c+!a*b,4,11,9,4,28,True,True,True
P35235,b*!c*!d+a*!b*d+!a*c+!a*b,4,9,11,4,28,True,True,True
P35236,!b*!c*!d+a*!c*!d+a*!b*d+!a*b*d+!a*c,4,11,10,4,29,True,True,True
P35237,a*!c*!d+a*!b*d+!a*b*d+!a*c,4,10,9,4,27,True,True,True
P35238,a*b*!c*!d+!a*!b*!d+a*!b*d+!a*b*d+!a*c,4,12,11,4,31,True,True,True
P35239,a*b*!c*!d+a*!b*d+!a*b*d+!a*c,4,9,14,4,31,True,True,True
P35240,!b*c*d+a*!b*!c+!a*!d+!a*b,4,9,9,4,26,True,True,True
P35241,!b*c*d+a*!b*!c+!a*c+!a*b,4,10,8,3,24,True,True,True
P35242,a*!b*d+!a*!d+!a*c+!a*b,4,10,9,3,25,True,True,True
P35243,a*!b*d+!a*c+!a*b,4,8,6,2,18,True,True,True
P35244,!b*!c*!d+!b*c*d+!a*b*d+a*!b*!c+!a*c,4,8,10,4,26,True,True,True
P35245,!b*c*d+!a*b*d+a*!b*!c+!a*c,4,9,11,3,26,True,True,True
P35246,!a*!b*!d+a*!b*d+!a*b*d+!a*c,4,8,15,3,29,True,True,True
P35247,a*!b*d+!a*b*d+!a*c,4,6,11,2,21,True,True,True
P35248,!b*c*d+a*!b*d+!c*!d+!a*b,4,11,9,4,28,True,True,True
P35249,a*!c*!d+!b*c*d+a*!b*d+!a*b,4,10,9,4,27,True,True,True
P35250,b*!c*!d+!a*!c*!d+!b*c*d+a*!b*d+!a*b,4,16,11,4,35,True,True,True
P35251,b*!c*!d+!b*c*d+a*!b*d+!a*b,4,10,12,4,30,True,True,True
P35252,!b*!c*!d+a*!c*!d+!b*c*d+a*!b*d+!a*b*d+!a*b*c,4,15,13,4,36,True,True,True
P35253,a*!c*!d+!b*c*d+a*!b*d+!a*b*d+!a*b*c,4,11,10,4,29,True,True,True
P35254,!a*!b*!c*!d+a*b*!c*!d+!b*c*d+a*!b*d+!a*b*d+!a*b*c,4,19,16,4,43,True,True,True
P35255,a*b*!c*!d+!b*c*d+a*!b*d+!a*b*d+!a*b*c,4,12,13,4,33,True,True,True
P35256,!b*!c*!d+!b*c*d+a*!b*!c+!a*b,4,11,10,4,29,True,True,True
P35257,!b*c*d+a*!b*!c+!a*b,4,12,10,3,28,True,True,True
P35258,!a*!c*!d+!b*c*d+a*!b*d+!a*b,4,11,8,4,27,True,True,True
P35259,!b*c*d+a*!b*d+!a*b,4,6,8,2,18,True,True,True
P35260,!b*!c*!d+!b*c*d+a*!b*d+!a*b*d+!a*b*c,4,11,12,4,31,True,True,True
P35261,!b*c*d+!a*b*d+a*!b*!c+!a*b*c,4,11,13,3,30,True,True,True
P35262,!a*!b*!c*!d+!b*c*d+a*!b*d+!a*b*d+!a*b*c,4,14,14,4,36,True,True,True
P35263,!b*c*d+a*!b*d+!a*b*d+!a*b*c,4,9,10,2,23,True,True,True
P35296,a*!b*d+!a*b*d+!a*!b*c+!c*!d,4,11,11,4,30,True,True,True
P35297,a*!c*!d+!a*c*d+a*!b*d+!a*b*!c+!a*!b*c,4,13,17,4,38,True,True,True
P35298,b*!c*!d+!a*!b*!d+!b*c*d+a*!b*d+!a*b*d,4,12,10,4,30,True,True,True
P35299,b*!c*!d+a*!b*d+!a*b*d+!a*!b*c,4,13,10,4,31,True,True,True
P35302,a*b*!c*!d+!a*!b*!d+!b*c*d+a*!b*d+!a*b*d,4,11,11,4,30,True,True,True
P35303,a*b*!c*!d+a*!b*d+!a*b*d+!a*!b*c,4,10,14,4,32,True,True,True
P35304,!a*!b*!d+!b*c*d+!a*c*d+a*!b*!c+!a*b*!c,4,12,13,4,33,True,True,True
P35305,!b*c*d+!a*c*d+a*!b*!c+!a*b*!c+!a*!b*c,4,17,13,3,36,True,True,True
P35306,!a*!c*!d+a*!b*d+!a*b*d+!a*!b*c,4,9,12,4,29,True,True,True
P35307,!a*c*d+a*!b*d+!a*b*!c+!a*!b*c,4,12,9,3,27,True,True,True
P35310,!a*!b*!d+!b*c*d+a*!b*d+!a*b*d,4,9,9,3,24,True,True,True
P35311,a*!b*d+!a*b*d+!a*!b*c,4,7,8,2,19,True,True,True
P35312,!b*c*d+a*!b*d+!a*b*d+!c*!d,4,8,11,4,27,True,True,True
P35313,a*!c*!d+!a*c*d+a*!b*d+!a*b*!c,4,9,9,4,26,True,True,True
P35314,b*!c*!d+!a*!c*!d+!a*c*d+a*!b*d+!a*b*d,4,11,9,4,28,True,True,True
P35315,b*!c*!d+!a*c*d+a*!b*d+!a*b*d,4,8,9,4,25,True,True,True
P35318,!a*!b*!c*!d+a*b*!c*!d+!b*c*d+a*!b*d+!a*b*d,4,13,10,4,31,True,True,True
P35319,a*b*!c*!d+!b*c*d+a*!b*d+!a*b*d,4,10,11,4,29,True,True,True
P35320,!b*!c*!d+!a*c*d+a*!b*d+!a*b*!c,4,9,13,4,30,True,True,True
P35321,!b*c*d+!a*c*d+a*!b*!c+!a*b*!c,4,8,9,3,23,True,True,True
P35322,!a*!c*!d+!b*c*d+a*!b*d+!a*b*d,4,8,9,4,25,True,True,True
P35323,!a*c*d+a*!b*d+!a*b*!c,4,7,8,3,21,True,True,True
P35326,!a*!b*!c*!d+!b*c*d+a*!b*d+!a*b*d,4,9,10,4,27,True,True,True
P35327,!b*c*d+a*!b*d+!a*b*d,4,9,6,2,19,True,True,True
P35488,!b*c*d+!c*!d+!a,4,6,6,4,20,True,True,True
P35489,a*!c*!d+!b*c*d+!a*d+!a*c+!a*b,4,11,9,4,28,True,True,True
P35490,b*!c*!d+!b*c*d+!a,4,7,7,4,22,True,True,True
P35491,b*!c*!d+!b*c*d+!a*d+!a*c,4,9,8,4,25,True,True,True
P35492,a*!c*!d+!b*c*d+!a*d+!a*c+!a*!b,4,14,9,4,31,True,True,True
P35493,a*!c*!d+!b*c*d+!a*d+!a*c,4,12,8,4,28,True,True,True
P35494,a*b*!c*!d+!b*c*d+!a*d+!a*c+!a*!b,4,11,12,4,31,True,True,True
P35495,a*b*!c*!d+!b*c*d+!a*d+!a*c,4,15,12,4,35,True,True,True
P35496,!b*!c*!d+!b*c*d+!a,4,6,6,4,20,True,True,True
P35497,a*!b*!c*!d+!b*c*d+!a*d+!a*c+!a*b,4,16,9,4,33,True,True,True
P35498,!b*c*d+!a,4,4,4,2,12,True,True,True
P35499,!b*c*d+!a*d+!a*c+!a*b,4,7,7,2,18,True,True,True
P35500,!b*!c*!d+!b*c*d+!a*d+!a*c,4,8,8,4,24,True,True,True
P35501,a*!b*!c*!d+!b*c*d+!a*d+!a*c,4,9,8,4,25,True,True,True
P35502,!b*c*d+!a*d+!a*c+!a*!b,4,7,7,2,18,True,True,True
P35503,!b*c*d+!a*d+!a*c,4,6,6,2,16,True,True,True
P35504,!b*c*d+!c*!d+!a*d+!a*b,4,7,7,4,22,True,True,True
P35505,a*!c*!d+!b*c*d+!a*d+!a*b,4,10,8,4,26,True,True,True
P35506,b*!c*!d+!b*c*d+!a*!c+!a*b,4,9,9,4,26,True,True,True
P35507,b*!c*!d+!b*c*d+!a*d+!a*b,4,11,10,4,29,True,True,True
P35508,a*!c*!d+!b*c*d+!a*!b*!c+!a*b*c+!a*d,4,10,13,4,31,True,True,True
P35509,a*!c*!d+!b*c*d+!a*b*c+!a*d,4,9,11,4,28,True,True,True
P35510,a*b*!c*!d+!b*c*d+!a*!b*!c+!a*b*c+!a*d,4,17,12,4,37,True,True,True
P35511,a*b*!c*!d+!b*c*d+!a*b*c+!a*d,4,11,11,4,30,True,True,True
P35512,!b*!c*!d+!b*c*d+!a*d+!a*b,4,7,8,4,23,True,True,True
P35513,a*!b*!c*!d+!b*c*d+!a*d+!a*b,4,8,8,4,24,True,True,True
P35514,!b*c*d+!a*!c+!a*b,4,6,7,3,19,True,True,True
P35515,!b*c*d+!a*d+!a*b,4,5,5,2,14,True,True,True
P35516,!b*!c*!d+!b*c*d+!a*b*c+!a*d,4,7,9,4,24,True,True,True
P35517,a*!b*!c*!d+!b*c*d+!a*b*c+!a*d,4,8,9,4,25,True,True,True
P35518,!b*c*d+!a*!b*!c+!a*b*c+!a*d,4,9,8,3,23,True,True,True
P35519,!b*c*d+!a*b*c+!a*d,4,6,6,2,16,True,True,True
P35520,!c*!d+!a*d+!b*c,4,6,8,4,22,True,True,True
P35521,a*!c*!d+!a*b*!c+!a*d+!b*c,4,9,14,4,31,True,True,True
P35522,b*!c*!d+!a*d+!a*!c+!b*c,4,8,9,4,25,True,True,True
P35523,b*!c*!d+!a*d+!b*c,4,7,16,4,31,True,True,True
P35526,a*b*!c*!d+!a*d+!b*c+!a*!b,4,10,9,4,27,True,True,True
P35527,a*b*!c*!d+!a*d+!b*c,4,12,14,4,34,True,True,True
P35528,!b*!d+!a*d+!a*!c+!b*c,4,6,9,4,23,True,True,True
P35529,a*!b*!d+!a*b*!c+!a*d+!b*c,4,8,10,4,26,True,True,True
P35530,!a*d+!a*!c+!b*c,4,5,5,3,16,True,True,True
P35531,!a*b*!c+!a*d+!b*c,4,6,8,3,20,True,True,True
P35534,!a*d+!b*c+!a*!b,4,5,5,2,14,True,True,True
P35535,!a*d+!b*c,4,4,6,2,14,True,True,True
P35536,a*!b*c+!c*!d+!a*d,4,8,15,4,31,True,True,True
P35537,a*!c*!d+!a*b*!c+a*!b*c+!a*d,4,11,10,4,29,True,True,True
P35538,b*!c*!d+a*!b*c+!a*d+!a*!c,4,13,13,4,34,True,True,True
P35539,b*!c*!d+a*!b*c+!a*d,4,13,12,4,33,True,True,True
P35540,!b*!c*!d+a*!c*!d+a*!b*c+!a*d,4,11,12,4,31,True,True,True
P35541,a*!c*!d+a*!b*c+!a*d,4,8,8,4,24,True,True,True
P35542,a*b*!c*!d+!a*!b*!c+a*!b*c+!a*d,4,13,13,4,34,True,True,True
P35543,a*b*!c*!d+a*!b*c+!a*d,4,12,11,4,31,True,True,True
P35544,a*!b*!d+!b*c*d+!a*d+!a*!c,4,7,8,4,23,True,True,True
P35545,a*!b*!d+!b*c*d+!a*b*!c+!a*d,4,8,11,4,27,True,True,True
P35546,a*!b*c+!a*d+!a*!c,4,8,6,3,20,True,True,True
P35547,!a*b*!c+a*!b*c+!a*d,4,8,8,3,22,True,True,True
P35548,!b*!c*!d+a*!b*!d+!b*c*d+!a*d,4,8,12,4,28,True,True,True
P35549,a*!b*!d+!b*c*d+!a*d,4,7,6,3,19,True,True,True
P35550,!a*!b*!c+a*!b*c+!a*d,4,9,7,3,22,True,True,True
P35551,a*!b*c+!a*d,4,5,5,2,14,True,True,True
P35552,!b*c*d+!c*!d+!a*d+!a*!b,4,9,9,4,26,True,True,True
P35553,a*!c*!d+!b*c*d+!a*b*!c+!a*!b*c+!a*d,4,20,15,4,43,True,True,True
P35554,b*!c*!d+!b*c*d+!a*d+!a*!b,4,9,8,4,25,True,True,True
P35555,b*!c*!d+!b*c*d+!a*!b*c+!a*d,4,13,12,4,33,True,True,True
P35556,a*!c*!d+!b*c*d+!a*d+!a*!b,4,13,12,4,33,True,True,True
P35557,a*!c*!d+!b*c*d+!a*!b*c+!a*d,4,14,12,4,34,True,True,True
P35558,a*b*!c*!d+!b*c*d+!a*d+!a*!b,4,18,15,4,41,True,True,True
P35559,a*b*!c*!d+!b*c*d+!a*!b*c+!a*d,4,11,18,4,37,True,True,True
P35560,!b*!c*!d+!b*c*d+!a*d+!a*!c+!a*!b,4,9,10,4,27,True,True,True
P35561,a*!b*!c*!d+!b*c*d+!a*b*!c+!a*!b*c+!a*d,4,18,14,4,40,True,True,True
P35562,!b*c*d+!a*d+!a*!c+!a*!b,4,7,7,3,20,True,True,True
P35563,!b*c*d+!a*b*!c+!a*!b*c+!a*d,4,9,9,3,24,True,True,True
P35564,!b*!c*!d+!b*c*d+!a*d+!a*!b,4,8,8,4,24,True,True,True
P35565,a*!b*!c*!d+!b*c*d+!a*!b*c+!a*d,4,11,10,4,29,True,True,True
P35566,!b*c*d+!a*d+!a*!b,4,6,6,2,16,True,True,True
P35567,!b*c*d+!a*!b*c+!a*d,4,8,8,2,20,True,True,True
P35568,!b*c*d+!c*!d+!a*d,4,7,8,4,23,True,True,True
P35569,a*!c*!d+!b*c*d+!a*b*!c+!a*d,4,10,12,4,30,True,True,True
P35570,b*!c*!d+!b*c*d+!a*d+!a*!c,4,7,10,4,25,True,True,True
P35571,b*!c*!d+!b*c*d+!a*d,4,8,7,4,23,True,True,True
P35572,!b*!c*!d+a*!c*!d+!b*c*d+!a*d,4,8,8,4,24,True,True,True
P35573,a*!c*!d+!b*c*d+!a*d,4,9,9,4,26,True,True,True
P35574,a*b*!c*!d+!b*c*d+!a*!b*!c+!a*d,4,9,18,4,35,True,True,True
P35575,a*b*!c*!d+!b*c*d+!a*d,4,10,12,4,30,True,True,True
P35576,!b*!c*!d+!b*c*d+!a*d+!a*!c,4,7,6,4,21,True,True,True
P35577,a*!b*!c*!d+!b*c*d+!a*b*!c+!a*d,4,8,8,4,24,True,True,True
P35578,!b*c*d+!a*d+!a*!c,4,5,5,3,16,True,True,True
P35579,!b*c*d+!a*b*!c+!a*d,4,6,6,3,18,True,True,True
P35580,!b*!c*!d+!b*c*d+!a*d,4,6,8,4,22,True,True,True
P35581,a*!b*!c*!d+!b*c*d+!a*d,4,7,9,4,24,True,True,True
P35582,!b*c*d+!a*!b*!c+!a*d,4,6,6,3,18,True,True,True
P35583,!b*c*d+!a*d,4,4,4,2,12,True,True,True
P35760,!b*c*d+!c*!d+!a*b,4,7,8,4,23,True,True,True
P35761,a*!c*!d+!b*c*d+!a*b,4,9,9,4,26,True,True,True
P35762,b*!c*!d+!a*!c*!d+!b*c*d+!a*b,4,10,9,4,27,True,True,True
P35763,b*!c*!d+!b*c*d+!a*b,4,11,9,4,28,True,True,True
P35764,!b*!c*!d+a*!c*!d+!b*c*d+!a*b*d+!a*b*c,4,16,16,4,40,True,True,True
P35765,a*!c*!d+!b*c*d+!a*b*d+!a*b*c,4,13,12,4,33,True,True,True
P35766,!a*!b*!c*!d+a*b*!c*!d+!b*c*d+!a*b*d+!a*b*c,4,,,,,False,False,False
P35767,a*b*!c*!d+!b*c*d+!a*b*d+!a*b*c,4,12,12,4,32,True,True,True
P35768,!b*!c*!d+!b*c*d+!a*b,4,8,7,4,23,True,True,True
P35769,a*!b*!c*!d+!b*c*d+!a*b,4,10,9,4,27,True,True,True
P35770,!a*!c*!d+!b*c*d+!a*b,4,7,7,4,22,True,True,True
P35771,!b*c*d+!a*b,4,5,6,2,15,True,True,True
P35772,!b*!c*!d+!b*c*d+!a*b*d+!a*b*c,4,15,16,4,39,True,True,True
P35773,a*!b*!c*!d+!b*c*d+!a*b*d+!a*b*c,4,12,12,4,32,True,True,True
P35774,!a*!b*!c*!d+!b*c*d+!a*b*d+!a*b*c,4,12,9,4,29,True,True,True
P35775,!b*c*d+!a*b*d+!a*b*c,4,7,10,2,21,True,True,True
P35792,!b*c*d+!a*b*d+a*!b*c+!c*!d,4,11,10,4,29,True,True,True
P35793,a*!c*!d+!a*c*d+!a*b*!c+a*!b*c,4,9,9,4,26,True,True,True
P35794,b*!c*!d+!a*!c*!d+!b*c*d+!a*b*d+a*!b*c,4,12,14,4,34,True,True,True
P35795,b*!c*!d+!b*c*d+!a*b*d+a*!b*c,4,9,9,4,26,True,True,True
P35798,!a*!b*!c*!d+a*b*!c*!d+!b*c*d+!a*b*d+a*!b*c,4,16,13,4,37,True,True,True
P35799,a*b*!c*!d+!b*c*d+!a*b*d+a*!b*c,4,13,13,4,34,True,True,True
P35800,!b*!c*!d+a*!b*!d+!b*c*d+!a*c*d+!a*b*!c,4,10,12,4,30,True,True,True
P35801,a*!b*!d+!b*c*d+!a*c*d+!a*b*!c,4,8,9,4,25,True,True,True
P35802,!a*!c*!d+!b*c*d+!a*b*d+a*!b*c,4,10,9,4,27,True,True,True
P35803,!a*c*d+!a*b*!c+a*!b*c,4,7,7,3,20,True,True,True
P35806,!a*!b*!c*!d+!b*c*d+!a*b*d+a*!b*c,4,11,11,4,30,True,True,True
P35807,!b*c*d+!a*b*d+a*!b*c,4,7,6,2,17,True,True,True
P35808,!a*!b*!d+!b*c*d+!a*b*d+!c*!d,4,14,10,4,32,True,True,True
P35809,a*!c*!d+!b*c*d+!a*c*d+!a*b*!c+!a*!b*c,4,13,12,4,33,True,True,True
P35810,b*!c*!d+!a*!b*!d+!b*c*d+!a*b*d,4,9,9,4,26,True,True,True
P35811,b*!c*!d+!b*c*d+!a*b*d+!a*!b*c,4,13,14,4,35,True,True,True
P35812,a*!c*!d+!a*!b*!d+!b*c*d+!a*b*d,4,9,13,4,30,True,True,True
P35813,a*!c*!d+!b*c*d+!a*b*d+!a*!b*c,4,15,16,4,39,True,True,True
P35814,a*b*!c*!d+!a*!b*!d+!b*c*d+!a*b*d,4,10,16,4,34,True,True,True
P35815,a*b*!c*!d+!b*c*d+!a*b*d+!a*!b*c,4,15,14,4,37,True,True,True
P35816,!b*!c*!d+!a*!b*!d+!b*c*d+!a*c*d+!a*b*!c,4,9,14,4,31,True,True,True
P35817,a*!b*!c*!d+!b*c*d+!a*c*d+!a*b*!c+!a*!b*c,4,,13,,,False,True,False
P35818,!a*!c*!d+!a*!b*!d+!b*c*d+!a*b*d,4,8,9,4,25,True,True,True
P35819,!b*c*d+!a*c*d+!a*b*!c+!a*!b*c,4,13,8,3,27,True,True,True
P35820,!b*!c*!d+!a*!b*!d+!b*c*d+!a*b*d,4,8,11,4,27,True,True,True
P35821,a*!b*!c*!d+!b*c*d+!a*b*d+!a*!b*c,4,10,12,4,30,True,True,True
P35822,!a*!b*!d+!b*c*d+!a*b*d,4,7,8,3,21,True,True,True
P35823,!b*c*d+!a*b*d+!a*!b*c,4,7,11,2,22,True,True,True
P35824,!b*c*d+!a*b*d+!c*!d,4,11,11,4,30,True,True,True
P35825,a*!c*!d+!b*c*d+!a*c*d+!a*b*!c,4,9,12,4,29,True,True,True
P35826,b*!c*!d+!a*!c*!d+!b*c*d+!a*b*d,4,12,20,4,40,True,True,True
P35827,b*!c*!d+!b*c*d+!a*b*d,4,11,12,4,31,True,True,True
P35828,!b*!c*!d+a*!c*!d+!b*c*d+!a*b*d,4,12,10,4,30,True,True,True
P35829,a*!c*!d+!b*c*d+!a*b*d,4,11,10,4,29,True,True,True
P35830,!a*!b*!c*!d+a*b*!c*!d+!b*c*d+!a*b*d,4,10,14,4,32,True,True,True
P35831,a*b*!c*!d+!b*c*d+!a*b*d,4,9,10,4,27,True,True,True
P35832,!b*!c*!d+!b*c*d+!a*c*d+!a*b*!c,4,8,7,4,23,True,True,True
P35833,a*!b*!c*!d+!b*c*d+!a*c*d+!a*b*!c,4,10,12,4,30,True,True,True
P35834,!a*!c*!d+!b*c*d+!a*b*d,4,7,8,4,23,True,True,True
P35835,!b*c*d+!a*c*d+!a*b*!c,4,7,6,3,19,True,True,True
P35836,!b*!c*!d+!b*c*d+!a*b*d,4,9,8,4,25,True,True,True
P35837,a*!b*!c*!d+!b*c*d+!a*b*d,4,9,9,4,26,True,True,True
P35838,!a*!b*!c*!d+!b*c*d+!a*b*d,4,8,9,4,25,True,True,True
P35839,!b*c*d+!a*b*d,4,8,5,2,17,True,True,True
P36576,!b*c*d+!a*c*d+!c*!d+!a*!b,4,16,13,4,37,True,True,True
P36577,b*!c*!d+a*!c*!d+!b*c*d+!a*c*d+!a*!b*d+!a*!b*c,4,,15,,,False,True,False
P36578,b*!c*!d+!b*c*d+!a*c*d+!a*!b,4,10,9,4,27,True,True,True
P36579,b*!c*!d+!b*c*d+!a*c*d+!a*!b*d+!a*!b*c,4,16,,,,True,False,False
P36582,a*b*!c*!d+!b*c*d+!a*c*d+!a*!b,4,14,14,4,36,True,True,True
P36583,a*b*!c*!d+!b*c*d+!a*c*d+!a*!b*d+!a*!b*c,4,20,,,,True,False,False
P36584,!b*!c*!d+!a*!c*!d+!b*c*d+!a*c*d+!a*!b,4,10,12,4,30,True,True,True
P36585,a*!b*!c*!d+!a*b*!c*!d+!b*c*d+!a*c*d+!a*!b*d+!a*!b*c,4,12,19,4,39,True,True,True
P36586,!a*!c*!d+!b*c*d+!a*c*d+!a*!b,4,11,10,4,29,True,True,True
P36587,!a*b*!c*!d+!b*c*d+!a*c*d+!a*!b*d+!a*!b*c,4,16,14,4,38,True,True,True
P36590,!b*c*d+!a*c*d+!a*!b,4,10,7,2,21,True,True,True
P36591,!b*c*d+!a*c*d+!a*!b*d+!a*!b*c,4,11,10,2,25,True,True,True
P36592,!b*c*d+!a*c*d+!a*!b*d+!c*!d,4,13,15,4,36,True,True,True
P36593,b*!c*!d+a*!c*!d+!b*c*d+!a*c*d+!a*!b*d,4,,13,,,False,True,False
P36594,b*!c*!d+!b*c*d+!a*c*d+!a*!b*!c,4,13,12,4,33,True,True,True
P36595,b*!c*!d+!b*c*d+!a*c*d+!a*!b*d,4,12,16,4,36,True,True,True
P36598,a*b*!c*!d+!b*c*d+!a*c*d+!a*!b*!c,4,11,12,4,31,True,True,True
P36599,a*b*!c*!d+!b*c*d+!a*c*d+!a*!b*d,4,12,10,4,30,True,True,True
P36600,!b*!c*!d+!a*!c*!d+!b*c*d+!a*c*d+!a*!b*d,4,13,9,4,30,True,True,True
P36601,a*!b*!c*!d+!a*b*!c*!d+!b*c*d+!a*c*d+!a*!b*d,4,11,14,4,33,True,True,True
P36602,!a*!c*!d+!b*c*d+!a*c*d+!a*!b*d,4,8,10,4,26,True,True,True
P36603,!a*b*!c*!d+!b*c*d+!a*c*d+!a*!b*d,4,9,11,4,28,True,True,True
P36606,!b*c*d+!a*c*d+!a*!b*!c,4,7,7,3,20,True,True,True
P36607,!b*c*d+!a*c*d+!a*!b*d,4,9,6,2,19,True,True,True
P36848,!b*c*d+!a*c*d+!c*!d,4,8,6,4,22,True,True,True
P36849,b*!c*!d+a*!c*!d+!b*c*d+!a*c*d,4,10,8,4,26,True,True,True
P36850,b*!c*!d+!a*!c*!d+!b*c*d+!a*c*d,4,10,7,4,25,True,True,True
P36851,b*!c*!d+!b*c*d+!a*c*d,4,8,9,4,25,True,True,True
P36854,!a*!b*!c*!d+a*b*!c*!d+!b*c*d+!a*c*d,4,10,9,4,27,True,True,True
P36855,a*b*!c*!d+!b*c*d+!a*c*d,4,9,10,4,27,True,True,True
P36856,!b*!c*!d+!a*!c*!d+!b*c*d+!a*c*d,4,7,6,4,21,True,True,True
P36857,a*!b*!c*!d+!a*b*!c*!d+!b*c*d+!a*c*d,4,10,8,4,26,True,True,True
P36858,!a*!c*!d+!b*c*d+!a*c*d,4,7,7,4,22,True,True,True
P36859,!a*b*!c*!d+!b*c*d+!a*c*d,4,8,8,4,24,True,True,True
P36862,!a*!b*!c*!d+!b*c*d+!a*c*d,4,8,8,4,24,True,True,True
P36863,!b*c*d+!a*c*d,4,6,4,2,14,True,True,True
P38504,a*b*c*!d+a*b*!c*d+a*!b*c*d+!a*b*c*d+!b*!c*!d+!a*!c*!d+!a*!b*!d+!a*!b*!c,4,,,,,False,False,False
P38505,a*!b*!c*!d+!a*b*!c*!d+!a*!b*c*!d+a*b*c*!d+!a*!b*!c*d+a*b*!c*d+a*!b*c*d+!a*b*c*d,4,,,,,False,False,False
P38506,a*b*c*!d+a*b*!c*d+a*!b*c*d+!a*b*c*d+!a*!c*!d+!a*!b*!d+!a*!b*!c,4,,,,,False,False,False
P38507,!a*b*!c*!d+!a*!b*c*!d+a*b*c*!d+!a*!b*!c*d+a*b*!c*d+a*!b*c*d+!a*b*c*d,4,,,,,False,False,False
P38510,a*b*c*!d+a*b*!c*d+a*!b*c*d+!a*b*c*d+!a*!b*!d+!a*!b*!c,4,,,,,False,False,False
P38511,!a*!b*c*!d+a*b*c*!d+!a*!b*!c*d+a*b*!c*d+a*!b*c*d+!a*b*c*d,4,14,,,,True,False,False
P38526,a*b*c*!d+a*b*!c*d+a*!b*c*d+!a*b*c*d+!a*!b*!c,4,12,,,,True,False,False
P38527,a*b*c*!d+!a*!b*!c*d+a*b*!c*d+a*!b*c*d+!a*b*c*d,4,12,,,,True,False,False
P38528,!a*!b*!c+a*b*!c+a*!b*c+!a*b*c+!c*!d+!b*!d,4,12,13,4,33,True,True,True
P38529,!a*!b*!c*d+b*!c*!d+a*!c*!d+!b*c*!d+a*b*!c+a*!b*c+!a*b*c,4,,18,,,False,True,False
P38530,!a*!b*!c+a*b*!c+a*!b*c+!a*b*c+!a*!d,4,12,11,4,31,True,True,True
P38531,!a*!b*!c*d+!b*c*!d+!a*b*!d+a*b*!c+a*!b*c+!a*b*c,4,19,,,,True,False,False
P38534,!b*c*!d+!a*!b*!c+a*b*!c+a*!b*c+!a*b*c,4,13,12,4,33,True,True,True
P38535,!a*!b*!c*d+!b*c*!d+a*b*!c+a*!b*c+!a*b*c,4,20,18,4,46,True,True,True
P38536,a*b*!c*d+!a*!b*!c+a*!b*c+!a*b*c+!b*!d+!a*!d,4,,14,,,False,True,False
P38537,!a*!b*!c*d+a*b*!c*d+!b*c*!d+a*!b*!d+!a*b*!d+a*!b*c+!a*b*c,4,,,,,False,False,False
P38538,a*b*!c*d+!a*!b*!c+a*!b*c+!a*b*c+!a*!d,4,12,12,4,32,True,True,True
P38539,!a*!b*!c*d+a*b*!c*d+!b*c*!d+!a*b*!d+a*!b*c+!a*b*c,4,18,16,4,42,True,True,True
P38542,a*b*!c*d+!b*c*!d+!a*!b*!c+a*!b*c+!a*b*c,4,15,14,4,37,True,True,True
P38543,!a*!b*!c*d+a*b*!c*d+!b*c*!d+a*!b*c+!a*b*c,4,15,,,,True,False,False
P38550,!a*!b*!c+a*b*!c+a*!b*c+!a*b*c,3,9,8,3,23,True,True,True
P38551,!a*!b*!c*d+a*b*!c+a*!b*c+!a*b*c,4,16,16,4,40,True,True,True
P38552,a*b*!c*d+!b*!c*!d+!a*!c*!d+!a*!b*!c+a*!b*c+!a*b*c,4,19,,,,True,False,False
P38553,!a*!b*!c*d+a*b*!c*d+a*!b*!d+!a*b*!d+a*!b*c+!a*b*c,4,,,,,False,False,False
P38554,a*b*!c*d+!a*!c*!d+!a*!b*!c+a*!b*c+!a*b*c,4,,17,,,False,True,False
P38555,!a*!b*!c*d+a*b*!c*d+!a*b*!d+a*!b*c+!a*b*c,4,12,14,4,34,True,True,True
P38558,a*b*!c*d+!a*!b*!c+a*!b*c+!a*b*c,4,17,10,3,33,True,True,True
P38559,!a*!b*!c*d+a*b*!c*d+a*!b*c+!a*b*c,4,9,10,3,25,True,True,True
P38568,a*b*!c*d+a*!b*c*d+!b*!c*!d+!a*!b*!c+!a*b*c+!a*!d,4,,,,,False,False,False
P38569,a*!b*!c*!d+!a*!b*!c*d+a*b*!c*d+a*!b*c*d+!a*c*!d+!a*b*!d+!a*b*c,4,16,,,,True,False,False
P38570,a*b*!c*d+a*!b*c*d+!a*!b*!c+!a*b*c+!a*!d,4,20,,,,True,False,False
P38571,!a*!b*!c*d+a*b*!c*d+a*!b*c*d+!a*c*!d+!a*b*!d+!a*b*c,4,,,,,False,False,False
P38572,a*b*!c*d+a*!b*c*d+!b*!c*!d+!a*c*!d+!a*!b*!c+!a*b*c,4,,,,,False,False,False
P38573,a*!b*!c*!d+!a*!b*!c*d+a*b*!c*d+a*!b*c*d+!a*c*!d+!a*b*c,4,19,,,,True,False,False
P38574,a*b*!c*d+a*!b*c*d+!a*c*!d+!a*!b*!c+!a*b*c,4,14,18,4,40,True,True,True
P38575,!a*!b*!c*d+a*b*!c*d+a*!b*c*d+!a*c*!d+!a*b*c,4,,20,,,False,True,False
P38588,a*b*!c*d+a*!b*c*d+!b*!c*!d+!a*!b*!c+!a*b*c,4,19,,,,True,False,False
P38589,a*!b*!c*!d+!a*!b*!c*d+a*b*!c*d+a*!b*c*d+!a*b*c,4,13,,,,True,False,False
P38590,a*b*!c*d+a*!b*c*d+!a*!b*!c+!a*b*c,4,17,9,3,32,True,True,True
P38591,!a*!b*!c*d+a*b*!c*d+a*!b*c*d+!a*b*c,4,11,14,4,33,True,True,True
P38632,a*b*!c*d+a*!b*c*d+!a*b*c*d+!b*!c*!d+!a*!c*!d+!a*!b*!d+!a*!b*!c,4,,,,,False,False,False
P38633,a*!b*!c*!d+!a*b*!c*!d+!a*!b*c*!d+!a*!b*!c*d+a*b*!c*d+a*!b*c*d+!a*b*c*d,4,,,,,False,False,False
P38634,a*b*!c*d+a*!b*c*d+!a*b*c*d+!a*!c*!d+!a*!b*!d+!a*!b*!c,4,13,,,,True,False,False
P38635,!a*b*!c*!d+!a*!b*c*!d+!a*!b*!c*d+a*b*!c*d+a*!b*c*d+!a*b*c*d,4,,,,,False,False,False
P38638,a*b*!c*d+a*!b*c*d+!a*b*c*d+!a*!b*!d+!a*!b*!c,4,17,,,,True,False,False
P38639,!a*!b*c*!d+!a*!b*!c*d+a*b*!c*d+a*!b*c*d+!a*b*c*d,4,17,,,,True,False,False
P38654,a*b*!c*d+a*!b*c*d+!a*b*c*d+!a*!b*!c,4,12,11,3,29,True,True,True
P38655,!a*!b*!c*d+a*b*!c*d+a*!b*c*d+!a*b*c*d,4,,9,,,False,True,False
P38782,!a*!b*!c*!d+a*b*c*!d+a*b*!c*d+a*!b*c*d+!a*b*c*d,4,20,19,4,47,True,True,True
P38783,a*b*c*!d+a*b*!c*d+a*!b*c*d+!a*b*c*d,4,16,,,,True,False,False
P38784,a*b*!c+a*!b*c+!a*b*c+!c*!d+!b*!d,4,14,11,4,33,True,True,True
P38785,b*!c*!d+a*!c*!d+!b*c*!d+a*b*!c+a*!b*c+!a*b*c,4,17,12,4,37,True,True,True
P38786,a*b*!c+a*!b*c+!a*b*c+!a*!d,4,11,10,4,29,True,True,True
P38787,!b*c*!d+!a*b*!d+a*b*!c+a*!b*c+!a*b*c,4,12,12,4,32,True,True,True
P38790,!a*!b*!d+a*b*!c+a*!b*c+!a*b*c,4,13,16,4,37,True,True,True
P38791,!b*c*!d+a*b*!c+a*!b*c+!a*b*c,4,12,12,4,32,True,True,True
P38792,a*b*!c*d+a*!b*c+!a*b*c+!b*!d+!a*!d,4,13,15,4,36,True,True,True
P38793,a*b*!c*d+!b*c*!d+a*!b*!d+!a*b*!d+a*!b*c+!a*b*c,4,15,19,4,42,True,True,True
P38794,a*b*!c*d+a*!b*c+!a*b*c+!a*!d,4,13,15,4,36,True,True,True
P38795,a*b*!c*d+!b*c*!d+!a*b*!d+a*!b*c+!a*b*c,4,12,16,4,36,True,True,True
P38798,a*b*!c*d+!a*!b*!d+a*!b*c+!a*b*c,4,14,17,4,39,True,True,True
P38799,a*b*!c*d+!b*c*!d+a*!b*c+!a*b*c,4,11,12,4,31,True,True,True
P38806,!a*!b*!c*!d+a*b*!c+a*!b*c+!a*b*c,4,15,15,4,38,True,True,True
P38807,a*b*!c+a*!b*c+!a*b*c,3,9,9,3,24,True,True,True
P38808,a*b*!c*d+!b*!c*!d+!a*!c*!d+a*!b*c+!a*b*c,4,19,14,4,41,True,True,True
P38809,a*b*!c*d+a*!b*!d+!a*b*!d+a*!b*c+!a*b*c,4,16,15,4,39,True,True,True
P38810,a*b*!c*d+!a*!c*!d+a*!b*c+!a*b*c,4,11,11,4,30,True,True,True
P38811,a*b*!c*d+!a*b*!d+a*!b*c+!a*b*c,4,13,13,4,34,True,True,True
P38814,!a*!b*!c*!d+a*b*!c*d+a*!b*c+!a*b*c,4,18,19,4,45,True,True,True
P38815,a*b*!c*d+a*!b*c+!a*b*c,4,8,13,3,27,True,True,True
P38824,a*b*!c*d+a*!b*c*d+!b*!c*!d+!a*b*c+!a*!d,4,,20,,,False,True,False
P38825,a*!b*!c*!d+a*b*!c*d+a*!b*c*d+!a*c*!d+!a*b*!d+!a*b*c,4,,,,,False,False,False
P38826,a*b*!c*d+a*!b*c*d+!a*b*c+!a*!d,4,14,15,4,37,True,True,True
P38827,a*b*!c*d+a*!b*c*d+!a*c*!d+!a*b*!d+!a*b*c,4,,12,,,False,True,False
P38828,a*b*!c*d+a*!b*c*d+!b*!c*!d+!a*c*!d+!a*b*c,4,,16,,,False,True,False
P38829,a*!b*!c*!d+a*b*!c*d+a*!b*c*d+!a*c*!d+!a*b*c,4,15,18,4,41,True,True,True
P38830,a*b*!c*d+a*!b*c*d+!a*!b*!d+!a*b*c,4,12,17,4,37,True,True,True
P38831,a*b*!c*d+a*!b*c*d+!a*c*!d+!a*b*c,4,10,10,4,28,True,True,True
P38844,a*b*!c*d+a*!b*c*d+!b*!c*!d+!a*b*c,4,16,17,4,41,True,True,True
P38845,a*!b*!c*!d+a*b*!c*d+a*!b*c*d+!a*b*c,4,12,14,4,34,True,True,True
P38846,!a*!b*!c*!d+a*b*!c*d+a*!b*c*d+!a*b*c,4,14,9,4,31,True,True,True
P38847,a*b*!c*d+a*!b*c*d+!a*b*c,4,11,9,3,26,True,True,True
P38888,a*b*!c*d+a*!b*c*d+!a*b*c*d+!b*!c*!d+!a*!c*!d+!a*!b*!d,4,19,,,,True,False,False
P38889,a*!b*!c*!d+!a*b*!c*!d+!a*!b*c*!d+a*b*!c*d+a*!b*c*d+!a*b*c*d,4,,20,,,False,True,False
P38890,a*b*!c*d+a*!b*c*d+!a*b*c*d+!a*!c*!d+!a*!b*!d,4,11,19,4,38,True,True,True
P38891,!a*b*!c*!d+!a*!b*c*!d+a*b*!c*d+a*!b*c*d+!a*b*c*d,4,20,,,,True,False,False
P38894,a*b*!c*d+a*!b*c*d+!a*b*c*d+!a*!b*!d,4,10,12,4,30,True,True,True
P38895,!a*!b*c*!d+a*b*!c*d+a*!b*c*d+!a*b*c*d,4,11,15,4,34,True,True,True
P38910,!a*!b*!c*!d+a*b*!c*d+a*!b*c*d+!a*b*c*d,4,11,13,4,32,True,True,True
P38911,a*b*!c*d+a*!b*c*d+!a*b*c*d,4,11,9,3,26,True,True,True
P39040,!c*!d+!b*!d+!b*!c+a*!b+!a*b,4,8,8,4,24,True,True,True
P39041,b*!c*!d+!b*c*!d+!b*!c*d+a*!b+!a*b,4,10,10,4,28,True,True,True
P39042,b*!c*!d+!b*!c*d+a*!b*c+!a*!d+!a*b,4,12,15,4,35,True,True,True
P39043,b*!c*!d+!a*c*!d+!b*!c*d+a*!b*c+!a*b,4,12,13,4,33,True,True,True
P39046,a*b*!c*!d+!a*!b*!d+!b*!c*d+!a*!c*d+a*!b*c+!a*b*c,4,19,14,4,41,True,True,True
P39047,a*b*!c*!d+!b*c*!d+!a*!c*d+a*!b*d+!a*b*c,4,13,14,4,35,True,True,True
P39048,!b*!d+!b*!c+a*!b+!a*b,4,6,8,4,22,True,True,True
P39049,!b*c*!d+!b*!c*d+a*!b+!a*b,4,8,10,4,26,True,True,True
P39050,!b*!c*d+a*!b*c+!a*!d+!a*b,4,9,9,4,26,True,True,True
P39051,!b*c*!d+!b*!c*d+a*!b*c+!a*b,4,9,10,4,27,True,True,True
P39054,!a*!b*!d+!b*!c*d+!a*!c*d+a*!b*c+!a*b*c,4,14,19,4,41,True,True,True
P39055,!b*c*!d+!a*!c*d+a*!b*d+!a*b*c,4,12,11,4,31,True,True,True
P39056,!c*!d+!b*!c+a*!b+!a*b,4,7,8,4,23,True,True,True
P39057,b*!c*!d+!b*!c*d+a*!b+!a*b,4,8,8,4,24,True,True,True
P39058,b*!c*!d+!b*!c*d+a*!b*c+!a*!c+!a*b,4,17,13,4,38,True,True,True
P39059,b*!c*!d+!b*!c*d+a*!b*c+!a*b,4,14,13,4,35,True,True,True
P39062,a*b*!c*!d+!b*!c*d+!a*!c*d+!a*!b*!c+a*!b*c+!a*b*c,4,,18,,,False,True,False
P39063,a*b*!c*!d+!b*!c*d+!a*!c*d+a*!b*c+!a*b*c,4,14,18,4,40,True,True,True
P39064,!b*!c+a*!b+!a*b,3,5,5,3,16,True,True,True
P39065,!b*!c*d+a*!b+!a*b,4,7,8,3,21,True,True,True
P39066,!b*!c*d+a*!b*c+!a*!c+!a*b,4,9,9,3,24,True,True,True
P39067,!b*!c*d+a*!b*c+!a*b,4,12,10,4,30,True,True,True
P39070,!b*!c*d+!a*!c*d+!a*!b*!c+a*!b*c+!a*b*c,4,12,13,4,33,True,True,True
P39071,!b*!c*d+!a*!c*d+a*!b*c+!a*b*c,4,8,13,3,27,True,True,True
P39072,a*!b*d+!c*!d+!a*!d+!b*!c+!a*b,4,10,8,4,26,True,True,True
P39073,a*!c*!d+!a*c*!d+!b*!c*d+a*!b*d+!a*b,4,13,9,4,30,True,True,True
P39074,b*!c*!d+a*!b*d+!a*!d+!a*!c+!a*b,4,10,9,4,27,True,True,True
P39075,b*!c*!d+!a*c*!d+!a*!c*d+a*!b*d+!a*b,4,10,10,4,28,True,True,True
P39076,a*!c*!d+!a*!b*!d+!a*!c*d+a*!b*d+!a*b*c,4,11,10,4,29,True,True,True
P39077,a*!c*!d+!a*c*!d+!b*!c*d+a*!b*d+!a*b*d,4,10,9,4,27,True,True,True
P39078,a*b*!c*!d+!a*c*!d+a*!b*d+!a*b*d+!a*!b*!c,4,14,11,4,33,True,True,True
P39079,a*b*!c*!d+!a*c*!d+!a*!c*d+a*!b*d+!a*b*d,4,11,11,4,30,True,True,True
P39080,a*!b*d+!a*!d+!b*!c+!a*b,4,7,8,4,23,True,True,True
P39081,!a*c*!d+!b*!c*d+a*!b*d+a*!b*!c+!a*b,4,17,9,4,34,True,True,True
P39082,a*!b*d+!a*!d+!a*!c+!a*b,4,7,9,4,24,True,True,True
P39083,!a*c*!d+!b*!c*d+a*!b*d+!a*b,4,12,8,4,28,True,True,True
P39084,!a*c*!d+!a*!c*d+a*!b*d+!a*b*c+!b*!c,4,8,10,4,26,True,True,True
P39085,!a*c*!d+!b*!c*d+a*!b*d+!a*b*d+a*!b*!c,4,14,9,4,31,True,True,True
P39086,!a*c*!d+a*!b*d+!a*b*d+!a*!b*!c,4,16,10,4,34,True,True,True
P39087,!a*c*!d+!a*!c*d+a*!b*d+!a*b*d,4,8,9,4,25,True,True,True
P39088,a*!b*d+!c*!d+!b*!c+!a*b,4,8,11,4,27,True,True,True
P39089,a*!c*!d+!b*!c*d+a*!b*d+!a*b,4,10,9,4,27,True,True,True
P39090,b*!c*!d+a*!b*d+!a*!c+!a*b,4,14,12,4,34,True,True,True
P39091,b*!c*!d+!b*!c*d+a*!b*d+!a*b,4,9,9,4,26,True,True,True
P39092,a*!c*!d+!a*!c*d+a*!b*d+!a*b*c+!b*!c,4,12,10,4,30,True,True,True
P39093,a*!c*!d+!a*!c*d+a*!b*d+!a*b*c,4,14,9,4,31,True,True,True
P39094,a*b*!c*!d+!a*!c*d+a*!b*d+!a*!b*!c+!a*b*c,4,14,11,4,33,True,True,True
P39095,a*b*!c*!d+!a*!c*d+a*!b*d+!a*b*c,4,13,10,4,31,True,True,True
P39096,a*!b*d+!b*!c+!a*b,4,6,10,3,22,True,True,True
P39097,!b*!c*d+a*!b*d+a*!b*!c+!a*b,4,10,12,4,30,True,True,True
P39098,a*!b*d+!a*!c+!a*b,4,7,7,3,20,True,True,True
P39099,!b*!c*d+a*!b*d+!a*b,4,6,6,3,18,True,True,True
P39100,!a*!c*d+a*!b*d+!a*b*c+!b*!c,4,12,8,3,26,True,True,True
P39101,!a*!c*d+a*!b*d+a*!b*!c+!a*b*c,4,15,11,4,34,True,True,True
P39102,!a*!c*d+a*!b*d+!a*!b*!c+!a*b*c,4,12,14,4,34,True,True,True
P39103,!a*!c*d+a*!b*d+!a*b*c,4,7,9,3,22,True,True,True
P39136,!a*!b*!d+a*!b*d+!a*b*d+!c*!d+!b*!c,4,12,11,4,31,True,True,True
P39137,!a*!b*c*!d+b*!c*!d+a*!c*!d+!b*!c*d+a*!b*d+!a*b*d,4,18,,,,True,False,False
P39138,b*!c*!d+!a*!b*!d+a*!b*d+!a*b*d+!a*!c,4,10,10,4,28,True,True,True
P39139,!a*!b*c*!d+b*!c*!d+!b*!c*d+a*!b*d+!a*b*d,4,11,14,4,33,True,True,True
P39142,a*b*!c*!d+!a*!b*!d+!b*!c*d+a*!b*d+!a*b*d,4,19,14,4,41,True,True,True
P39143,a*b*!c*!d+!a*!b*c*!d+!b*!c*d+a*!b*d+!a*b*d,4,12,11,4,31,True,True,True
P39144,!a*!b*!d+a*!b*d+!a*b*d+!b*!c+!a*!c,4,9,16,4,33,True,True,True
P39145,!a*!b*c*!d+!b*!c*d+a*!b*d+!a*b*d+a*!b*!c+!a*b*!c,4,20,18,4,46,True,True,True
P39146,!a*!b*!d+a*!b*d+!a*b*d+!a*!c,4,11,13,4,32,True,True,True
P39147,!a*!b*c*!d+!b*!c*d+a*!b*d+!a*b*d+!a*b*!c,4,13,16,4,37,True,True,True
P39150,!a*!b*!d+!b*!c*d+a*!b*d+!a*b*d,4,10,11,4,29,True,True,True
P39151,!a*!b*c*!d+!b*!c*d+a*!b*d+!a*b*d,4,9,17,4,34,True,True,True
P39152,a*!b*d+!a*b*d+!c*!d+!b*!c,4,8,12,4,28,True,True,True
P39153,b*!c*!d+a*!c*!d+!b*!c*d+a*!b*d+!a*b*d,4,15,11,4,34,True,True,True
P39154,b*!c*!d+a*!b*d+!a*b*d+!a*!c,4,7,7,4,22,True,True,True
P39155,b*!c*!d+!b*!c*d+a*!b*d+!a*b*d,4,17,11,4,36,True,True,True
P39158,a*b*!c*!d+a*!b*d+!a*b*d+!a*!b*!c,4,10,10,4,28,True,True,True
P39159,a*b*!c*!d+!b*!c*d+a*!b*d+!a*b*d,4,13,9,4,30,True,True,True
P39160,a*!b*d+!a*b*d+!b*!c+!a*!c,4,7,6,3,19,True,True,True
P39161,!b*!c*d+a*!b*d+!a*b*d+a*!b*!c+!a*b*!c,4,12,12,3,30,True,True,True
P39162,a*!b*d+!a*b*d+!a*!c,4,6,8,3,20,True,True,True
P39163,!b*!c*d+a*!b*d+!a*b*d+!a*b*!c,4,9,8,3,23,True,True,True
P39166,a*!b*d+!a*b*d+!a*!b*!c,4,7,9,3,22,True,True,True
P39167,!b*!c*d+a*!b*d+!a*b*d,4,7,6,3,19,True,True,True
P39312,!c*!d+a*!b+!a*b,4,7,9,4,24,True,True,True
P39313,b*!c*!d+a*!b+!a*b,4,7,9,4,24,True,True,True
P39314,b*!c*!d+!a*!c*!d+a*!b*d+a*!b*c+!a*b,4,13,14,4,35,True,True,True
P39315,b*!c*!d+a*!b*d+a*!b*c+!a*b,4,12,10,4,30,True,True,True
P39318,!a*!b*!c*!d+a*b*!c*!d+a*!b*d+!a*b*d+a*!b*c+!a*b*c,4,,17,,,False,True,False
P39319,a*b*!c*!d+a*!b*d+!a*b*d+a*!b*c+!a*b*c,4,9,15,4,32,True,True,True
P39320,!b*!c*!d+a*!b+!a*b,4,8,9,4,25,True,True,True
P39321,a*!b+!a*b,2,10,11,4,29,True,True,True
P39322,!a*!c*!d+a*!b*d+a*!b*c+!a*b,4,10,9,4,27,True,True,True
P39323,a*!b*d+a*!b*c+!a*b,4,9,7,2,20,True,True,True
P39326,!a*!b*!c*!d+a*!b*d+!a*b*d+a*!b*c+!a*b*c,4,12,12,4,32,True,True,True
P39327,a*!b*d+!a*b*d+a*!b*c+!a*b*c,4,9,6,2,19,True,True,True
P39328,a*!b*d+!c*!d+!a*!d+!a*b,4,10,7,4,25,True,True,True
P39329,a*!c*!d+!a*c*!d+a*!b*d+!a*b,4,8,9,4,25,True,True,True
P39330,b*!c*!d+a*!b*d+!a*!d+!a*b,4,11,8,4,27,True,True,True
P39331,b*!c*!d+!a*c*!d+a*!b*d+!a*b,4,9,10,4,27,True,True,True
P39332,a*!c*!d+!a*!b*!d+a*!b*d+!a*b*d+!a*b*c,4,10,9,4,27,True,True,True
P39333,a*!c*!d+!a*c*!d+a*!b*d+!a*b*d,4,8,8,4,24,True,True,True
P39334,a*b*!c*!d+!a*!b*!d+a*!b*d+!a*b*d+!a*b*c,4,10,10,4,28,True,True,True
P39335,a*b*!c*!d+!a*c*!d+a*!b*d+!a*b*d,4,9,12,4,29,True,True,True
P39336,!b*!c*!d+a*!b*d+!a*!d+!a*b,4,7,8,4,23,True,True,True
P39337,!a*c*!d+a*!b*d+a*!b*!c+!a*b,4,11,10,4,29,True,True,True
P39338,a*!b*d+!a*!d+!a*b,3,7,6,3,19,True,True,True
P39339,!a*c*!d+a*!b*d+!a*b,4,8,7,3,21,True,True,True
P39340,!a*!b*!d+a*!b*d+!a*b*d+a*!b*!c+!a*b*c,4,8,9,4,25,True,True,True
P39341,!a*c*!d+a*!b*d+!a*b*d+a*!b*!c,4,9,8,4,25,True,True,True
P39342,!a*!b*!d+a*!b*d+!a*b*d+!a*b*c,4,9,9,3,24,True,True,True
P39343,!a*c*!d+a*!b*d+!a*b*d,4,7,10,3,23,True,True,True
P39344,a*!b*d+!c*!d+!a*b,4,7,8,4,23,True,True,True
P39345,a*!c*!d+a*!b*d+!a*b,4,8,8,4,24,True,True,True
P39346,b*!c*!d+!a*!c*!d+a*!b*d+!a*b,4,11,12,4,31,True,True,True
P39347,b*!c*!d+a*!b*d+!a*b,4,9,7,4,24,True,True,True
P39348,!b*!c*!d+a*!c*!d+a*!b*d+!a*b*d+!a*b*c,4,18,10,4,36,True,True,True
P39349,a*!c*!d+a*!b*d+!a*b*d+!a*b*c,4,9,10,4,27,True,True,True
P39350,!a*!b*!c*!d+a*b*!c*!d+a*!b*d+!a*b*d+!a*b*c,4,16,12,4,36,True,True,True
P39351,a*b*!c*!d+a*!b*d+!a*b*d+!a*b*c,4,10,10,4,28,True,True,True
P39352,!b*!c*!d+a*!b*d+!a*b,4,8,7,4,23,True,True,True
P39353,a*!b*d+a*!b*!c+!a*b,4,9,6,3,21,True,True,True
P39354,!a*!c*!d+a*!b*d+!a*b,4,8,7,4,23,True,True,True
P39355,a*!b*d+!a*b,3,5,5,2,14,True,True,True
P39356,!b*!c*!d+a*!b*d+!a*b*d+!a*b*c,4,9,8,4,25,True,True,True
P39357,a*!b*d+!a*b*d+a*!b*!c+!a*b*c,4,12,7,3,25,True,True,True
P39358,!a*!b*!c*!d+a*!b*d+!a*b*d+!a*b*c,4,13,10,4,31,True,True,True
P39359,a*!b*d+!a*b*d+!a*b*c,4,8,7,2,19,True,True,True
P39392,!a*!b*!d+a*!b*d+!a*b*d+!c*!d,4,8,10,4,26,True,True,True
P39393,!a*!b*c*!d+b*!c*!d+a*!c*!d+a*!b*d+!a*b*d,4,10,16,4,34,True,True,True
P39394,b*!c*!d+!a*!b*!d+a*!b*d+!a*b*d,4,9,9,4,26,True,True,True
P39395,!a*!b*c*!d+b*!c*!d+a*!b*d+!a*b*d,4,12,14,4,34,True,True,True
P39398,a*b*!c*!d+!a*!b*!d+a*!b*d+!a*b*d,4,9,10,4,27,True,True,True
P39399,a*b*!c*!d+!a*!b*c*!d+a*!b*d+!a*b*d,4,10,16,4,34,True,True,True
P39400,!b*!c*!d+!a*!c*!d+!a*!b*!d+a*!b*d+!a*b*d,4,10,10,4,28,True,True,True
P39401,!a*!b*c*!d+a*!b*d+!a*b*d+a*!b*!c+!a*b*!c,4,16,15,4,39,True,True,True
P39402,!a*!c*!d+!a*!b*!d+a*!b*d+!a*b*d,4,8,11,4,27,True,True,True
P39403,!a*!b*c*!d+a*!b*d+!a*b*d+!a*b*!c,4,12,10,4,30,True,True,True
P39406,!a*!b*!d+a*!b*d+!a*b*d,3,7,8,3,21,True,True,True
P39407,!a*!b*c*!d+a*!b*d+!a*b*d,4,8,10,3,24,True,True,True
P39408,a*!b*d+!a*b*d+!c*!d,4,8,7,4,23,True,True,True
P39409,b*!c*!d+a*!c*!d+a*!b*d+!a*b*d,4,7,7,4,22,True,True,True
P39410,b*!c*!d+!a*!c*!d+a*!b*d+!a*b*d,4,10,8,4,26,True,True,True
P39411,b*!c*!d+a*!b*d+!a*b*d,4,7,8,4,23,True,True,True
P39414,!a*!b*!c*!d+a*b*!c*!d+a*!b*d+!a*b*d,4,10,9,4,27,True,True,True
P39415,a*b*!c*!d+a*!b*d+!a*b*d,4,8,9,4,25,True,True,True
P39416,!b*!c*!d+!a*!c*!d+a*!b*d+!a*b*d,4,8,9,4,25,True,True,True
P39417,a*!b*d+!a*b*d+a*!b*!c+!a*b*!c,4,9,6,3,21,True,True,True
P39418,!a*!c*!d+a*!b*d+!a*b*d,4,7,10,4,25,True,True,True
P39419,a*!b*d+!a*b*d+!a*b*!c,4,7,7,3,20,True,True,True
P39422,!a*!b*!c*!d+a*!b*d+!a*b*d,4,8,9,4,25,True,True,True
P39423,a*!b*d+!a*b*d,3,6,7,2,17,True,True,True
P39584,a*!b*c*d+!c*!d+!a*!d+!a*!c+!a*b,4,10,9,4,27,True,True,True
P39585,a*!b*c*d+a*!c*!d+!a*c*!d+!a*!c*d+!a*b,4,10,10,4,28,True,True,True
P39586,a*!b*c*d+b*!c*!d+!a*!d+!a*!c+!a*b,4,13,12,4,33,True,True,True
P39587,a*!b*c*d+b*!c*!d+!a*c*!d+!a*!c*d+!a*b,4,11,15,4,34,True,True,True
P39588,a*!b*c*d+a*!c*!d+!a*!b*!d+!a*!c*d+!a*b*c,4,12,11,4,31,True,True,True
P39589,a*!b*c*d+a*!c*!d+!a*c*!d+!a*!c*d+!a*b*d,4,10,16,4,34,True,True,True
P39590,a*b*!c*!d+a*!b*c*d+!a*!b*!d+!a*!c*d+!a*b*c,4,20,12,4,40,True,True,True
P39591,a*b*!c*!d+a*!b*c*d+!a*c*!d+!a*!c*d+!a*b*d,4,11,14,4,33,True,True,True
P39592,a*!b*c*d+!b*!c*!d+!a*!d+!a*!c+!a*b,4,10,9,4,27,True,True,True
P39593,a*!b*!c*!d+a*!b*c*d+!a*c*!d+!a*!c*d+!a*b,4,10,10,4,28,True,True,True
P39594,a*!b*c*d+!a*!d+!a*!c+!a*b,4,12,8,4,28,True,True,True
P39595,a*!b*c*d+!a*c*!d+!a*!c*d+!a*b,4,9,10,4,27,True,True,True
P39596,a*!b*c*d+!b*!c*!d+!a*c*!d+!a*!c*d+!a*b*c,4,10,11,4,29,True,True,True
P39597,a*!b*!c*!d+a*!b*c*d+!a*c*!d+!a*!c*d+!a*b*d,4,10,10,4,28,True,True,True
P39598,a*!b*c*d+!a*!b*!d+!a*!c*d+!a*b*c,4,12,15,4,35,True,True,True
P39599,a*!b*c*d+!a*c*!d+!a*!c*d+!a*b*d,4,9,15,4,32,True,True,True
P39600,a*!b*c*d+!c*!d+!a*!c+!a*b,4,11,9,4,28,True,True,True
P39601,a*!b*c*d+a*!c*!d+!a*!c*d+!a*b,4,11,14,4,33,True,True,True
P39602,a*!b*c*d+b*!c*!d+!a*!c+!a*b,4,15,12,4,35,True,True,True
P39603,a*!b*c*d+b*!c*!d+!a*!c*d+!a*b,4,10,11,4,29,True,True,True
P39604,a*!b*c*d+a*!c*!d+!a*!c*d+!a*!b*!c+!a*b*c,4,16,11,4,35,True,True,True
P39605,a*!b*c*d+a*!c*!d+!a*!c*d+!a*b*c,4,16,12,4,36,True,True,True
P39606,a*b*!c*!d+a*!b*c*d+!a*!c*d+!a*!b*!c+!a*b*c,4,16,16,4,40,True,True,True
P39607,a*b*!c*!d+a*!b*c*d+!a*!c*d+!a*b*c,4,11,16,4,35,True,True,True
P39608,a*!b*c*d+!b*!c*!d+!a*!c+!a*b,4,8,9,4,25,True,True,True
P39609,a*!b*!c*!d+a*!b*c*d+!a*!c*d+!a*b,4,9,12,4,29,True,True,True
P39610,a*!b*c*d+!a*!c+!a*b,4,9,9,4,26,True,True,True
P39611,a*!b*c*d+!a*!c*d+!a*b,4,7,8,3,21,True,True,True
P39612,a*!b*c*d+!b*!c*!d+!a*!c*d+!a*b*c,4,12,13,4,33,True,True,True
P39613,a*!b*!c*!d+a*!b*c*d+!a*!c*d+!a*b*c,4,11,12,4,31,True,True,True
P39614,a*!b*c*d+!a*!c*d+!a*!b*!c+!a*b*c,4,10,10,3,26,True,True,True
P39615,a*!b*c*d+!a*!c*d+!a*b*c,4,8,9,3,23,True,True,True
P39616,!a*b*d+a*!b*c+!c*!d+!b*!d+!a*!c,4,10,13,4,31,True,True,True
P39617,b*!c*!d+a*!c*!d+!b*c*!d+!a*!c*d+!a*b*d+a*!b*c,4,19,20,4,47,True,True,True
P39618,b*!c*!d+!a*!b*!d+!a*b*d+a*!b*c+!a*!c,4,10,13,4,31,True,True,True
P39619,b*!c*!d+!b*c*!d+!a*!c*d+!a*b*d+a*!b*c,4,18,11,4,37,True,True,True
P39622,a*b*!c*!d+!a*!b*!d+!a*!c*d+!a*b*d+a*!b*c,4,17,20,4,45,True,True,True
P39623,a*b*!c*!d+!b*c*!d+!a*!c*d+!a*b*d+a*!b*c,4,,12,,,False,True,False
P39624,!a*b*d+a*!b*c+!b*!d+!a*!c,4,11,10,4,29,True,True,True
P39625,!b*c*!d+a*!b*!d+!a*!c*d+!a*b*d+!a*b*!c+a*!b*c,4,16,,,,True,False,False
P39626,!b*c*!d+!a*b*d+a*!b*c+!a*!c,4,11,11,4,30,True,True,True
P39627,!b*c*!d+!a*!c*d+!a*b*d+!a*b*!c+a*!b*c,4,14,14,4,36,True,True,True
P39630,!a*!b*!d+!a*!c*d+!a*b*d+a*!b*c,4,10,9,4,27,True,True,True
P39631,!b*c*!d+!a*!c*d+!a*b*d+a*!b*c,4,9,12,4,29,True,True,True
P39632,!a*b*d+a*!b*c+!c*!d+!a*!c,4,10,15,4,33,True,True,True
P39633,b*!c*!d+a*!c*!d+!a*!c*d+!a*b*d+a*!b*c,4,17,12,4,37,True,True,True
P39634,b*!c*!d+!a*b*d+a*!b*c+!a*!c,4,10,19,4,37,True,True,True
P39635,b*!c*!d+!a*!c*d+!a*b*d+a*!b*c,4,17,15,4,40,True,True,True
P39636,a*!c*!d+!a*b*d+!a*!b*!c+a*!b*c,4,12,13,4,33,True,True,True
P39637,a*!c*!d+!a*!c*d+!a*b*d+a*!b*c,4,10,8,4,26,True,True,True
P39638,a*b*!c*!d+!a*b*d+!a*!b*!c+a*!b*c,4,13,12,4,33,True,True,True
P39639,a*b*!c*!d+!a*!c*d+!a*b*d+a*!b*c,4,17,13,4,38,True,True,True
P39640,!b*!c*!d+!a*b*d+a*!b*c+!a*!c,4,9,9,4,26,True,True,True
P39641,a*!b*!d+!a*!c*d+!a*b*d+!a*b*!c+a*!b*c,4,18,12,4,38,True,True,True
P39642,!a*b*d+a*!b*c+!a*!c,4,12,9,3,27,True,True,True
P39643,!a*!c*d+!a*b*d+!a*b*!c+a*!b*c,4,14,11,4,33,True,True,True
P39644,a*!b*!d+!a*b*d+!a*!b*!c+a*!b*c,4,13,9,4,30,True,True,True
P39645,a*!b*!d+!a*!c*d+!a*b*d+a*!b*c,4,13,8,4,29,True,True,True
P39646,!a*b*d+!a*!b*!c+a*!b*c,4,12,8,3,26,True,True,True
P39647,!a*!c*d+!a*b*d+a*!b*c,4,7,9,3,22,True,True,True
P39648,a*!b*c*d+!a*!b*!d+!a*b*d+!c*!d+!a*!c,4,13,13,4,34,True,True,True
P39649,!a*!b*c*!d+a*!b*c*d+b*!c*!d+a*!c*!d+!a*!c*d+!a*b*d,4,,20,,,False,True,False
P39650,a*!b*c*d+b*!c*!d+!a*!b*!d+!a*b*d+!a*!c,4,11,11,4,30,True,True,True
P39651,!a*!b*c*!d+a*!b*c*d+b*!c*!d+!a*!c*d+!a*b*d,4,12,18,4,38,True,True,True
P39652,a*!b*c*d+a*!c*!d+!a*!b*!d+!a*!c*d+!a*b*d,4,,,,,False,False,False
P39653,!a*!b*c*!d+a*!b*c*d+a*!c*!d+!a*!c*d+!a*b*d,4,11,13,4,32,True,True,True
P39654,a*b*!c*!d+a*!b*c*d+!a*!b*!d+!a*!c*d+!a*b*d,4,11,13,4,32,True,True,True
P39655,a*b*!c*!d+!a*!b*c*!d+a*!b*c*d+!a*!c*d+!a*b*d,4,12,16,4,36,True,True,True
P39656,a*!b*c*d+!b*!c*!d+!a*!b*!d+!a*b*d+!a*!c,4,12,13,4,33,True,True,True
P39657,a*!b*!c*!d+!a*!b*c*!d+a*!b*c*d+!a*!c*d+!a*b*d+!a*b*!c,4,17,18,4,43,True,True,True
P39658,a*!b*c*d+!a*!b*!d+!a*b*d+!a*!c,4,9,11,4,28,True,True,True
P39659,!a*!b*c*!d+a*!b*c*d+!a*!c*d+!a*b*d+!a*b*!c,4,14,,,,True,False,False
P39660,a*!b*c*d+!b*!c*!d+!a*!b*!d+!a*!c*d+!a*b*d,4,13,14,4,35,True,True,True
P39661,a*!b*!c*!d+!a*!b*c*!d+a*!b*c*d+!a*!c*d+!a*b*d,4,11,,,,True,False,False
P39662,a*!b*c*d+!a*!b*!d+!a*!c*d+!a*b*d,4,9,11,4,28,True,True,True
P39663,!a*!b*c*!d+a*!b*c*d+!a*!c*d+!a*b*d,4,10,18,4,36,True,True,True
P39664,a*!b*c*d+!a*b*d+!c*!d+!a*!c,4,9,10,4,27,True,True,True
P39665,a*!b*c*d+b*!c*!d+a*!c*!d+!a*!c*d+!a*b*d,4,15,16,4,39,True,True,True
P39666,a*!b*c*d+b*!c*!d+!a*b*d+!a*!c,4,10,9,4,27,True,True,True
P39667,a*!b*c*d+b*!c*!d+!a*!c*d+!a*b*d,4,12,13,4,33,True,True,True
P39668,a*!b*c*d+a*!c*!d+!a*b*d+!a*!b*!c,4,13,12,4,33,True,True,True
P39669,a*!b*c*d+a*!c*!d+!a*!c*d+!a*b*d,4,10,13,4,31,True,True,True
P39670,a*b*!c*!d+a*!b*c*d+!a*b*d+!a*!b*!c,4,11,14,4,33,True,True,True
P39671,a*b*!c*!d+a*!b*c*d+!a*!c*d+!a*b*d,4,10,11,4,29,True,True,True
P39672,a*!b*c*d+!b*!c*!d+!a*b*d+!a*!c,4,11,10,4,29,True,True,True
P39673,a*!b*!c*!d+a*!b*c*d+!a*!c*d+!a*b*d+!a*b*!c,4,11,15,4,34,True,True,True
P39674,a*!b*c*d+!a*b*d+!a*!c,4,7,7,3,20,True,True,True
P39675,a*!b*c*d+!a*!c*d+!a*b*d+!a*b*!c,4,9,9,3,24,True,True,True
P39676,a*!b*c*d+!b*!c*!d+!a*!c*d+!a*b*d,4,11,10,4,29,True,True,True
P39677,a*!b*!c*!d+a*!b*c*d+!a*!c*d+!a*b*d,4,13,10,4,31,True,True,True
P39678,a*!b*c*d+!a*b*d+!a*!b*!c,4,9,9,3,24,True,True,True
P39679,a*!b*c*d+!a*!c*d+!a*b*d,4,12,7,3,25,True,True,True
P39856,a*!b*c*d+!c*!d+!a*b,4,15,11,4,34,True,True,True
P39857,a*!b*c*d+a*!c*!d+!a*b,4,11,8,4,27,True,True,True
P39858,a*!b*c*d+b*!c*!d+!a*!c*!d+!a*b,4,13,14,4,35,True,True,True
P39859,a*!b*c*d+b*!c*!d+!a*b,4,12,11,4,31,True,True,True
P39860,a*!b*c*d+!b*!c*!d+a*!c*!d+!a*b*d+!a*b*c,4,18,15,4,41,True,True,True
P39861,a*!b*c*d+a*!c*!d+!a*b*d+!a*b*c,4,14,13,4,35,True,True,True
P39862,!a*!b*!c*!d+a*b*!c*!d+a*!b*c*d+!a*b*d+!a*b*c,4,18,18,4,44,True,True,True
P39863,a*b*!c*!d+a*!b*c*d+!a*b*d+!a*b*c,4,10,9,4,27,True,True,True
P39864,a*!b*c*d+!b*!c*!d+!a*b,4,10,9,4,27,True,True,True
P39865,a*!b*!c*!d+a*!b*c*d+!a*b,4,9,8,4,25,True,True,True
P39866,a*!b*c*d+!a*!c*!d+!a*b,4,9,11,4,28,True,True,True
P39867,a*!b*c*d+!a*b,4,8,6,2,18,True,True,True
P39868,a*!b*c*d+!b*!c*!d+!a*b*d+!a*b*c,4,11,16,4,35,True,True,True
P39869,a*!b*!c*!d+a*!b*c*d+!a*b*d+!a*b*c,4,10,9,4,27,True,True,True
P39870,!a*!b*!c*!d+a*!b*c*d+!a*b*d+!a*b*c,4,11,14,4,33,True,True,True
P39871,a*!b*c*d+!a*b*d+!a*b*c,4,8,9,2,21,True,True,True
P39888,!a*b*d+a*!b*c+!c*!d,4,10,9,4,27,True,True,True
P39889,b*!c*!d+a*!c*!d+!a*b*d+a*!b*c,4,9,8,4,25,True,True,True
P39890,b*!c*!d+!a*!c*!d+!a*b*d+a*!b*c,4,14,11,4,33,True,True,True
P39891,b*!c*!d+!a*b*d+a*!b*c,4,12,11,4,31,True,True,True
P39894,!a*!b*!c*!d+a*b*!c*!d+!a*b*d+a*!b*c,4,,19,,,False,True,False
P39895,a*b*!c*!d+!a*b*d+a*!b*c,4,14,9,4,31,True,True,True
P39896,!b*!c*!d+!a*!c*!d+!a*b*d+a*!b*c,4,9,10,4,27,True,True,True
P39897,a*!b*!d+!a*b*d+!a*b*!c+a*!b*c,4,14,8,4,30,True,True,True
P39898,!a*!c*!d+!a*b*d+a*!b*c,4,8,12,4,28,True,True,True
P39899,!a*b*d+!a*b*!c+a*!b*c,4,10,7,3,23,True,True,True
P39902,!a*!b*!c*!d+!a*b*d+a*!b*c,4,9,9,4,26,True,True,True
P39903,!a*b*d+a*!b*c,4,6,7,2,17,True,True,True
P39904,a*!b*c*d+!a*!b*!d+!a*b*d+!c*!d,4,14,13,4,35,True,True,True
P39905,!a*!b*c*!d+a*!b*c*d+b*!c*!d+a*!c*!d+!a*b*d,4,14,17,4,39,True,True,True
P39906,a*!b*c*d+b*!c*!d+!a*!b*!d+!a*b*d,4,10,12,4,30,True,True,True
P39907,!a*!b*c*!d+a*!b*c*d+b*!c*!d+!a*b*d,4,11,10,4,29,True,True,True
P39908,a*!b*c*d+a*!c*!d+!a*!b*!d+!a*b*d,4,9,10,4,27,True,True,True
P39909,!a*!b*c*!d+a*!b*c*d+a*!c*!d+!a*b*d,4,10,12,4,30,True,True,True
P39910,a*b*!c*!d+a*!b*c*d+!a*!b*!d+!a*b*d,4,10,11,4,29,True,True,True
P39911,a*b*!c*!d+!a*!b*c*!d+a*!b*c*d+!a*b*d,4,11,12,4,31,True,True,True
P39912,a*!b*c*d+!b*!c*!d+!a*!c*!d+!a*!b*!d+!a*b*d,4,16,12,4,36,True,True,True
P39913,a*!b*!c*!d+!a*!b*c*!d+a*!b*c*d+!a*b*d+!a*b*!c,4,19,15,4,42,True,True,True
P39914,a*!b*c*d+!a*!c*!d+!a*!b*!d+!a*b*d,4,9,12,4,29,True,True,True
P39915,!a*!b*c*!d+a*!b*c*d+!a*b*d+!a*b*!c,4,15,12,4,35,True,True,True
P39916,a*!b*c*d+!b*!c*!d+!a*!b*!d+!a*b*d,4,9,11,4,28,True,True,True
P39917,a*!b*!c*!d+!a*!b*c*!d+a*!b*c*d+!a*b*d,4,10,14,4,32,True,True,True
P39918,a*!b*c*d+!a*!b*!d+!a*b*d,4,8,9,3,23,True,True,True
P39919,!a*!b*c*!d+a*!b*c*d+!a*b*d,4,9,15,3,30,True,True,True
P39920,a*!b*c*d+!a*b*d+!c*!d,4,10,13,4,31,True,True,True
P39921,a*!b*c*d+b*!c*!d+a*!c*!d+!a*b*d,4,8,10,4,26,True,True,True
P39922,a*!b*c*d+b*!c*!d+!a*!c*!d+!a*b*d,4,11,13,4,32,True,True,True
P39923,a*!b*c*d+b*!c*!d+!a*b*d,4,8,12,4,28,True,True,True
P39924,a*!b*c*d+!b*!c*!d+a*!c*!d+!a*b*d,4,10,9,4,27,True,True,True
P39925,a*!b*c*d+a*!c*!d+!a*b*d,4,8,13,4,29,True,True,True
P39926,!a*!b*!c*!d+a*b*!c*!d+a*!b*c*d+!a*b*d,4,11,12,4,31,True,True,True
P39927,a*b*!c*!d+a*!b*c*d+!a*b*d,4,9,11,4,28,True,True,True
P39928,a*!b*c*d+!b*!c*!d+!a*!c*!d+!a*b*d,4,9,12,4,29,True,True,True
P39929,a*!b*!c*!d+a*!b*c*d+!a*b*d+!a*b*!c,4,10,9,4,27,True,True,True
P39930,a*!b*c*d+!a*!c*!d+!a*b*d,4,8,11,4,27,True,True,True
P39931,a*!b*c*d+!a*b*d+!a*b*!c,4,9,9,3,24,True,True,True
P39932,a*!b*c*d+!b*!c*!d+!a*b*d,4,8,11,4,27,True,True,True
P39933,a*!b*!c*!d+a*!b*c*d+!a*b*d,4,8,9,4,25,True,True,True
P39934,!a*!b*!c*!d+a*!b*c*d+!a*b*d,4,9,10,4,27,True,True,True
P39935,a*!b*c*d+!a*b*d,4,7,6,2,17,True,True,True
P40672,a*!b*c*d+!a*b*c*d+!a*!b*!d+!a*!b*!c+!c*!d,4,,,,,False,False,False
P40673,!a*!b*c*!d+!a*!b*!c*d+a*!b*c*d+!a*b*c*d+b*!c*!d+a*!c*!d,4,20,,,,True,False,False
P40674,a*!b*c*d+!a*b*c*d+b*!c*!d+!a*!b*!d+!a*!b*!c,4,,16,,,False,True,False
P40675,!a*!b*c*!d+!a*!b*!c*d+a*!b*c*d+!a*b*c*d+b*!c*!d,4,,20,,,False,True,False
P40678,a*b*!c*!d+a*!b*c*d+!a*b*c*d+!a*!b*!d+!a*!b*!c,4,,,,,False,False,False
P40679,a*b*!c*!d+!a*!b*c*!d+!a*!b*!c*d+a*!b*c*d+!a*b*c*d,4,12,,,,True,False,False
P40680,a*!b*c*d+!a*b*c*d+!b*!c*!d+!a*!c*!d+!a*!b*!d+!a*!b*!c,4,,14,,,False,True,False
P40681,a*!b*!c*!d+!a*b*!c*!d+!a*!b*c*!d+!a*!b*!c*d+a*!b*c*d+!a*b*c*d,4,,,,,False,False,False
P40682,a*!b*c*d+!a*b*c*d+!a*!c*!d+!a*!b*!d+!a*!b*!c,4,12,16,4,36,True,True,True
P40683,!a*b*!c*!d+!a*!b*c*!d+!a*!b*!c*d+a*!b*c*d+!a*b*c*d,4,12,13,4,33,True,True,True
P40686,a*!b*c*d+!a*b*c*d+!a*!b*!d+!a*!b*!c,4,12,16,4,36,True,True,True
P40687,!a*!b*c*!d+!a*!b*!c*d+a*!b*c*d+!a*b*c*d,4,15,,,,True,False,False
P40688,a*!b*c*d+!a*b*c*d+!a*!b*!c+!c*!d,4,18,14,4,40,True,True,True
P40689,!a*!b*!c*d+a*!b*c*d+!a*b*c*d+b*!c*!d+a*!c*!d,4,19,16,4,43,True,True,True
P40690,a*!b*c*d+!a*b*c*d+b*!c*!d+!a*!b*!c,4,12,16,4,36,True,True,True
P40691,!a*!b*!c*d+a*!b*c*d+!a*b*c*d+b*!c*!d,4,19,17,4,44,True,True,True
P40694,a*b*!c*!d+a*!b*c*d+!a*b*c*d+!a*!b*!c,4,13,15,4,36,True,True,True
P40695,a*b*!c*!d+!a*!b*!c*d+a*!b*c*d+!a*b*c*d,4,11,16,4,35,True,True,True
P40696,a*!b*c*d+!a*b*c*d+!b*!c*!d+!a*!c*!d+!a*!b*!c,4,15,20,4,43,True,True,True
P40697,a*!b*!c*!d+!a*b*!c*!d+!a*!b*!c*d+a*!b*c*d+!a*b*c*d,4,15,,,,True,False,False
P40698,a*!b*c*d+!a*b*c*d+!a*!c*!d+!a*!b*!c,4,9,12,4,29,True,True,True
P40699,!a*b*!c*!d+!a*!b*!c*d+a*!b*c*d+!a*b*c*d,4,11,18,4,37,True,True,True
P40702,a*!b*c*d+!a*b*c*d+!a*!b*!c,4,11,11,3,28,True,True,True
P40703,!a*!b*!c*d+a*!b*c*d+!a*b*c*d,4,11,9,3,26,True,True,True
P40944,a*!b*c*d+!a*b*c*d+!c*!d,4,9,12,4,29,True,True,True
P40945,a*!b*c*d+!a*b*c*d+b*!c*!d+a*!c*!d,4,17,12,4,37,True,True,True
P40946,a*!b*c*d+!a*b*c*d+b*!c*!d+!a*!c*!d,4,10,10,4,28,True,True,True
P40947,a*!b*c*d+!a*b*c*d+b*!c*!d,4,11,10,4,29,True,True,True
P40950,!a*!b*!c*!d+a*b*!c*!d+a*!b*c*d+!a*b*c*d,4,11,11,4,30,True,True,True
P40951,a*b*!c*!d+a*!b*c*d+!a*b*c*d,4,9,12,4,29,True,True,True
P40952,a*!b*c*d+!a*b*c*d+!b*!c*!d+!a*!c*!d,4,9,8,4,25,True,True,True
P40953,a*!b*!c*!d+!a*b*!c*!d+a*!b*c*d+!a*b*c*d,4,10,8,4,26,True,True,True
P40954,a*!b*c*d+!a*b*c*d+!a*!c*!d,4,8,9,4,25,True,True,True
P40955,!a*b*!c*!d+a*!b*c*d+!a*b*c*d,4,9,9,4,26,True,True,True
P40958,!a*!b*!c*!d+a*!b*c*d+!a*b*c*d,4,11,13,4,32,True,True,True
P40959,a*!b*c*d+!a*b*c*d,4,7,6,2,17,True,True,True
P43136,!c*!d+!b*!d+!b*!c+!a,4,6,6,4,20,True,True,True
P43137,a*!c*!d+!b*c*!d+!b*!c*d+!a*d+!a*b,4,9,10,4,27,True,True,True
P43138,b*!c*!d+!b*c*!d+!b*!c*d+!a,4,8,9,4,25,True,True,True
P43139,b*!c*!d+!b*c*!d+!b*!c*d+!a*d+!a*b,4,9,9,4,26,True,True,True
P43140,a*!c*!d+!b*!d+!a*d+!b*!c+!a*c,4,9,10,4,27,True,True,True
P43141,a*!c*!d+!b*c*!d+!b*!c*d+!a*d+!a*c,4,9,11,4,28,True,True,True
P43142,a*b*!c*!d+!b*c*!d+!b*!c*d+!a*d+!a*c+!a*!b,4,12,20,4,40,True,True,True
P43143,a*b*!c*!d+!b*c*!d+!b*!c*d+!a*d+!a*c,4,10,16,4,34,True,True,True
P43144,!b*!d+!b*!c+!a,4,4,4,4,16,True,True,True
P43145,a*!b*!d+!b*!c*d+!a*c+!a*b,4,9,9,4,26,True,True,True
P43146,!b*c*!d+!b*!c*d+!a,4,6,6,4,20,True,True,True
P43147,!b*c*!d+!b*!c*d+!a*d+!a*b,4,7,8,4,23,True,True,True
P43148,!b*!d+!a*d+!b*!c+!a*c,4,6,9,4,23,True,True,True
P43149,a*!b*!d+!b*!c*d+!a*d+!a*c,4,7,12,4,27,True,True,True
P43150,!b*c*!d+!b*!c*d+!a*d+!a*c+!a*!b,4,9,11,4,28,True,True,True
P43151,!b*c*!d+!b*!c*d+!a*d+!a*c,4,7,6,4,21,True,True,True
P43156,a*!c*!d+a*!b*!d+!a*b*c+!a*d+!b*!c,4,18,16,4,42,True,True,True
P43157,a*!c*!d+a*!b*!d+!b*!c*d+!a*b*c+!a*d,4,12,15,4,35,True,True,True
P43158,a*b*!c*!d+a*!b*c*!d+!b*!c*d+!a*!b*!c+!a*b*c+!a*d,4,,17,,,False,True,False
P43159,a*b*!c*!d+a*!b*c*!d+!b*!c*d+!a*b*c+!a*d,4,,15,,,False,True,False
P43160,a*!b*!d+!a*d+!b*!c+!a*b,4,7,9,4,24,True,True,True
P43161,a*!b*!d+!b*!c*d+!a*d+!a*b,4,7,8,4,23,True,True,True
P43162,a*!b*c*!d+!b*!c*d+!a*d+!a*!c+!a*b,4,10,9,4,27,True,True,True
P43163,a*!b*c*!d+!b*!c*d+!a*d+!a*b,4,8,8,4,24,True,True,True
P43164,a*!b*!d+!a*b*c+!a*d+!b*!c,4,9,11,4,28,True,True,True
P43165,a*!b*!d+!b*!c*d+!a*b*c+!a*d,4,8,13,4,29,True,True,True
P43166,a*!b*c*!d+!b*!c*d+!a*!b*!c+!a*b*c+!a*d,4,14,13,4,35,True,True,True
P43167,a*!b*c*!d+!b*!c*d+!a*b*c+!a*d,4,9,8,4,25,True,True,True
P43176,!b*!c+!a,3,3,3,3,12,True,True,True
P43177,a*!b*!c+!a*d+!a*c+!a*b,4,7,9,3,22,True,True,True
P43178,!b*!c*d+!a,4,5,4,3,15,True,True,True
P43179,!b*!c*d+!a*c+!a*b,4,6,7,3,19,True,True,True
P43180,!a*d+!b*!c+!a*c,4,5,5,3,16,True,True,True
P43181,a*!b*!c+!a*d+!a*c,4,6,6,3,18,True,True,True
P43182,!b*!c*d+!a*d+!a*c+!a*!b,4,7,7,3,20,True,True,True
P43183,!b*!c*d+!a*d+!a*c,4,5,5,3,16,True,True,True
P43196,!a*b*c+!a*d+!b*!c,4,6,8,3,20,True,True,True
P43197,a*!b*!c+!a*b*c+!a*d,4,8,8,3,22,True,True,True
P43198,!b*!c*d+!a*!b*!c+!a*b*c+!a*d,4,10,9,3,25,True,True,True
P43199,!b*!c*d+!a*b*c+!a*d,4,6,6,3,18,True,True,True
P43200,!c*!d+!b*!d+!a*d+!b*!c,4,7,7,4,22,True,True,True
P43201,b*!c*!d+a*!c*!d+!b*c*!d+!b*!c*d+!a*d,4,10,12,4,30,True,True,True
P43202,b*!c*!d+!b*c*!d+!b*!c*d+!a*d+!a*!c,4,10,12,4,30,True,True,True
P43203,b*!c*!d+!b*c*!d+!b*!c*d+!a*d,4,8,13,4,29,True,True,True
P43204,a*!c*!d+!b*!d+!a*d+!b*!c,4,8,11,4,27,True,True,True
P43205,a*!c*!d+!b*c*!d+!b*!c*d+!a*d,4,8,10,4,26,True,True,True
P43206,a*b*!c*!d+!b*c*!d+!b*!c*d+!a*d+!a*!b,4,11,10,4,29,True,True,True
P43207,a*b*!c*!d+!b*c*!d+!b*!c*d+!a*d,4,9,16,4,33,True,True,True
P43208,!b*!d+!a*d+!b*!c+!a*!c,4,6,8,4,22,True,True,True
P43209,!b*c*!d+a*!b*!d+!b*!c*d+!a*b*!c+!a*d,4,10,13,4,31,True,True,True
P43210,!b*c*!d+!b*!c*d+!a*d+!a*!c,4,8,8,4,24,True,True,True
P43211,!b*c*!d+!b*!c*d+!a*b*!c+!a*d,4,9,11,4,28,True,True,True
P43212,!b*!d+!a*d+!b*!c,4,5,6,4,19,True,True,True
P43213,!b*c*!d+a*!b*!d+!b*!c*d+!a*d,4,8,9,4,25,True,True,True
P43214,!b*c*!d+!b*!c*d+!a*d+!a*!b,4,9,8,4,25,True,True,True
P43215,!b*c*!d+!b*!c*d+!a*d,4,6,9,4,23,True,True,True
P43220,a*!c*!d+a*!b*!d+!a*d+!b*!c,4,14,12,4,34,True,True,True
P43221,a*!c*!d+a*!b*!d+!b*!c*d+!a*d,4,8,8,4,24,True,True,True
P43222,a*b*!c*!d+a*!b*c*!d+!b*!c*d+!a*!b*!c+!a*d,4,16,,,,True,False,False
P43223,a*b*!c*!d+a*!b*c*!d+!b*!c*d+!a*d,4,15,18,4,41,True,True,True
P43224,a*!b*!d+!a*d+!b*!c+!a*!c,4,7,9,4,24,True,True,True
P43225,a*!b*!d+!b*!c*d+!a*b*!c+!a*d,4,8,9,4,25,True,True,True
P43226,a*!b*c*!d+!b*!c*d+!a*d+!a*!c,4,9,8,4,25,True,True,True
P43227,a*!b*c*!d+!b*!c*d+!a*b*!c+!a*d,4,8,10,4,26,True,True,True
P43228,a*!b*!d+!a*d+!b*!c,4,6,9,4,23,True,True,True
P43229,a*!b*!d+!b*!c*d+!a*d,4,10,8,4,26,True,True,True
P43230,a*!b*c*!d+!b*!c*d+!a*!b*!c+!a*d,4,10,10,4,28,True,True,True
P43231,a*!b*c*!d+!b*!c*d+!a*d,4,7,11,4,26,True,True,True
P43240,!a*d+!b*!c+!a*!c+!a*!b,4,6,6,3,18,True,True,True
P43241,a*!b*!c+!a*b*!c+!a*!b*c+!a*d,4,12,14,3,32,True,True,True
P43242,!b*!c*d+!a*d+!a*!c+!a*!b,4,5,5,3,16,True,True,True
P43243,!b*!c*d+!a*b*!c+!a*!b*c+!a*d,4,7,8,3,21,True,True,True
P43244,!a*d+!b*!c+!a*!b,4,5,5,3,16,True,True,True
P43245,a*!b*!c+!a*!b*c+!a*d,4,9,7,3,22,True,True,True
P43246,!b*!c*d+!a*d+!a*!b,4,6,6,3,18,True,True,True
P43247,!b*!c*d+!a*!b*c+!a*d,4,6,6,3,18,True,True,True
P43260,!a*d+!b*!c,4,4,5,3,15,True,True,True
P43261,a*!b*!c+!a*d,4,5,5,3,16,True,True,True
P43262,!b*!c*d+!a*!b*!c+!a*d,4,8,8,3,22,True,True,True
P43263,!b*!c*d+!a*d,4,4,4,3,14,True,True,True
P43412,!b*!c*!d+a*!c*!d+a*!b*!d+!a*c*d+!a*b*d+a*!b*!c+!a*b*c,4,,18,,,False,True,False
P43413,a*!c*!d+a*!b*!d+!a*c*d+!a*b*d+a*!b*!c+!a*b*c,4,16,,,,True,False,False
P43414,!a*!b*!c*!d+a*b*!c*!d+a*!b*c*!d+a*!b*!c*d+!a*c*d+!a*b*d+!a*b*c,4,,,,,False,False,False
P43415,a*b*!c*!d+a*!b*c*!d+a*!b*!c*d+!a*c*d+!a*b*d+!a*b*c,4,,,,,False,False,False
P43416,!b*!c*!d+a*!b*!d+!a*c*d+a*!b*!c+!a*b,4,13,10,4,31,True,True,True
P43417,a*!b*!d+!a*c*d+a*!b*!c+!a*b,4,9,8,4,25,True,True,True
P43418,a*!b*c*!d+a*!b*!c*d+!a*!c*!d+!a*c*d+!a*b,4,10,10,4,28,True,True,True
P43419,a*!b*c*!d+a*!b*!c*d+!a*c*d+!a*b,4,11,12,4,31,True,True,True
P43420,!b*!c*!d+a*!b*!d+!a*c*d+!a*b*d+a*!b*!c+!a*b*c,4,20,16,4,44,True,True,True
P43421,a*!b*!d+!a*c*d+!a*b*d+a*!b*!c+!a*b*c,4,11,14,4,33,True,True,True
P43422,!a*!b*!c*!d+a*!b*c*!d+a*!b*!c*d+!a*c*d+!a*b*d+!a*b*c,4,,13,,,False,True,False
P43423,a*!b*c*!d+a*!b*!c*d+!a*c*d+!a*b*d+!a*b*c,4,12,12,4,32,True,True,True
P43432,a*!b*!c+!a*!d+!a*c+!a*b,4,7,9,4,24,True,True,True
P43433,a*!b*!c+!a*c+!a*b,3,6,7,3,19,True,True,True
P43434,a*!b*!c*d+!a*!d+!a*c+!a*b,4,10,9,4,27,True,True,True
P43435,a*!b*!c*d+!a*c+!a*b,4,9,7,3,22,True,True,True
P43436,!b*!c*!d+!a*b*d+a*!b*!c+!a*c,4,11,10,4,29,True,True,True
P43437,!a*b*d+a*!b*!c+!a*c,4,9,12,4,29,True,True,True
P43438,a*!b*!c*d+!a*!b*!d+!a*b*d+!a*c,4,9,20,4,37,True,True,True
P43439,a*!b*!c*d+!a*b*d+!a*c,4,7,8,3,21,True,True,True
P43452,!b*!c*!d+!a*c*d+!a*b*d+a*!b*!c+!a*b*c,4,12,12,4,32,True,True,True
P43453,!a*c*d+!a*b*d+a*!b*!c+!a*b*c,4,12,11,4,31,True,True,True
P43454,!a*!b*!c*!d+a*!b*!c*d+!a*c*d+!a*b*d+!a*b*c,4,12,,,,True,False,False
P43455,a*!b*!c*d+!a*c*d+!a*b*d+!a*b*c,4,10,9,3,25,True,True,True
P43456,!a*c*d+!a*b*d+a*!b*!c+!c*!d+!b*!d,4,14,15,4,37,True,True,True
P43457,b*!c*!d+!b*c*!d+!a*c*d+!a*b*d+a*!b*!c,4,14,13,4,35,True,True,True
P43458,a*!b*!c*d+b*!c*!d+!a*!c*!d+!b*c*!d+!a*c*d+!a*b*d,4,,12,,,False,True,False
P43459,a*!b*!c*d+b*!c*!d+!b*c*!d+!a*c*d+!a*b*d,4,20,18,4,46,True,True,True
P43460,a*!c*!d+!a*c*d+!a*b*d+a*!b*!c+!b*!d,4,11,15,4,34,True,True,True
P43461,a*!c*!d+!b*c*!d+!a*c*d+!a*b*d+a*!b*!c,4,18,18,4,44,True,True,True
P43462,a*b*!c*!d+a*!b*!c*d+!b*c*!d+!a*!b*!d+!a*c*d+!a*b*d,4,16,13,4,37,True,True,True
P43463,a*b*!c*!d+a*!b*!c*d+!b*c*!d+!a*c*d+!a*b*d,4,20,,,,True,False,False
P43464,!a*!c*!d+!a*c*d+!a*b*d+a*!b*!c+!b*!d,4,9,10,4,27,True,True,True
P43465,!b*c*!d+!a*c*d+a*!b*!c+!a*b*!c,4,13,10,4,31,True,True,True
P43466,a*!b*!c*d+!a*!c*!d+!b*c*!d+!a*c*d+!a*b*!c,4,11,11,4,30,True,True,True
P43467,a*!b*!c*d+!b*c*!d+!a*c*d+!a*b*!c,4,11,13,4,32,True,True,True
P43468,!a*c*d+!a*b*d+a*!b*!c+!b*!d,4,11,9,4,28,True,True,True
P43469,a*!b*!d+!a*b*d+a*!b*!c+!a*!b*c,4,14,10,4,32,True,True,True
P43470,a*!b*!c*d+!b*c*!d+!a*!b*!d+!a*c*d+!a*b*d,4,12,11,4,31,True,True,True
P43471,a*!b*!c*d+!b*c*!d+!a*c*d+!a*b*d,4,13,11,4,32,True,True,True
P43476,!b*!c*!d+a*!c*!d+a*!b*!d+!a*c*d+!a*b*d+a*!b*!c,4,,13,,,False,True,False
P43477,a*!c*!d+a*!b*!d+!a*c*d+!a*b*d+a*!b*!c,4,17,14,4,39,True,True,True
P43478,!a*!b*!c*!d+a*b*!c*!d+a*!b*c*!d+a*!b*!c*d+!a*c*d+!a*b*d,4,,,,,False,False,False
P43479,a*b*!c*!d+a*!b*c*!d+a*!b*!c*d+!a*c*d+!a*b*d,4,17,15,4,40,True,True,True
P43480,!a*!c*!d+a*!b*!d+!a*c*d+!a*b*d+a*!b*!c,4,13,9,4,30,True,True,True
P43481,a*!b*!d+!a*c*d+a*!b*!c+!a*b*!c,4,13,10,4,31,True,True,True
P43482,a*!b*c*!d+a*!b*!c*d+!a*!c*!d+!a*c*d+!a*b*d,4,11,10,4,29,True,True,True
P43483,a*!b*c*!d+a*!b*!c*d+!a*c*d+!a*b*!c,4,10,10,4,28,True,True,True
P43484,!b*!c*!d+a*!b*!d+!a*c*d+!a*b*d+a*!b*!c,4,15,,,,True,False,False
P43485,a*!b*!d+!a*c*d+!a*b*d+a*!b*!c,4,13,9,4,30,True,True,True
P43486,!a*!b*!c*!d+a*!b*c*!d+a*!b*!c*d+!a*c*d+!a*b*d,4,12,12,4,32,True,True,True
P43487,a*!b*c*!d+a*!b*!c*d+!a*c*d+!a*b*d,4,9,11,4,28,True,True,True
P43496,!a*!c*!d+!a*b*d+a*!b*!c+!a*!b*c,4,12,12,4,32,True,True,True
P43497,!a*c*d+a*!b*!c+!a*b*!c+!a*!b*c,4,15,9,3,30,True,True,True
P43498,a*!b*!c*d+!a*!c*!d+!a*b*d+!a*!b*c,4,14,13,4,35,True,True,True
P43499,a*!b*!c*d+!a*c*d+!a*b*!c+!a*!b*c,4,10,11,3,27,True,True,True
P43500,!a*!b*!d+!a*c*d+!a*b*d+a*!b*!c,4,11,11,4,30,True,True,True
P43501,!a*b*d+a*!b*!c+!a*!b*c,4,10,8,3,24,True,True,True
P43502,a*!b*!c*d+!a*!b*!d+!a*c*d+!a*b*d,4,9,13,4,30,True,True,True
P43503,a*!b*!c*d+!a*b*d+!a*!b*c,4,9,9,3,24,True,True,True
P43516,!b*!c*!d+!a*c*d+!a*b*d+a*!b*!c,4,12,10,4,30,True,True,True
P43517,!a*c*d+!a*b*d+a*!b*!c,4,10,7,3,23,True,True,True
P43518,!a*!b*!c*!d+a*!b*!c*d+!a*c*d+!a*b*d,4,10,19,4,37,True,True,True
P43519,a*!b*!c*d+!a*c*d+!a*b*d,4,9,7,3,22,True,True,True
P43688,!b*!c*!d+!a,4,4,4,4,16,True,True,True
P43689,a*!b*!c*!d+!a*d+!a*c+!a*b,4,8,8,4,24,True,True,True
P43690,!a,1,11,15,3,32,True,True,True
P43691,!a*d+!a*c+!a*b,4,4,4,1,10,True,True,True
P43692,!b*!c*!d+!a*d+!a*c,4,6,6,4,20,True,True,True
P43693,a*!b*!c*!d+!a*d+!a*c,4,10,9,4,27,True,True,True
P43694,!a*d+!a*c+!a*!b,4,4,4,2,12,True,True,True
P43695,!a*d+!a*c,3,3,3,1,8,True,True,True
P43708,!b*!c*!d+!a*b*c+!a*d,4,8,8,4,24,True,True,True
P43709,a*!b*!c*!d+!a*b*c+!a*d,4,8,11,4,27,True,True,True
P43710,!a*!b*!c+!a*b*c+!a*d,4,6,6,3,18,True,True,True
P43711,!a*b*c+!a*d,4,4,4,1,10,True,True,True
P43712,!c*!d+!b*!d+!a*d,4,5,5,4,18,True,True,True
P43713,b*!c*!d+a*!c*!d+!b*c*!d+!a*d,4,9,8,4,25,True,True,True
P43714,b*!c*!d+!b*c*!d+!a*d+!a*!c,4,8,8,4,24,True,True,True
P43715,b*!c*!d+!b*c*!d+!a*d,4,8,7,4,23,True,True,True
P43716,a*!c*!d+!b*!d+!a*d,4,6,8,4,22,True,True,True
P43717,a*!c*!d+!b*c*!d+!a*d,4,7,7,4,22,True,True,True
P43718,a*b*!c*!d+!b*c*!d+!a*d+!a*!b,4,9,11,4,28,True,True,True
P43719,a*b*!c*!d+!b*c*!d+!a*d,4,8,9,4,25,True,True,True
P43720,!b*!d+!a*d+!a*!c,4,5,5,4,18,True,True,True
P43721,!b*c*!d+a*!b*!d+!a*b*!c+!a*d,4,9,9,4,26,True,True,True
P43722,!b*c*!d+!a*d+!a*!c,4,6,6,4,20,True,True,True
P43723,!b*c*!d+!a*b*!c+!a*d,4,7,8,4,23,True,True,True
P43724,!b*!d+!a*d,3,4,4,3,14,True,True,True
P43725,!b*c*!d+a*!b*!d+!a*d,4,6,6,3,18,True,True,True
P43726,!b*c*!d+!a*d+!a*!b,4,5,5,3,16,True,True,True
P43727,!b*c*!d+!a*d,4,5,7,3,18,True,True,True
P43732,!b*!c*!d+a*!c*!d+a*!b*!d+!a*d,4,15,10,4,33,True,True,True
P43733,a*!c*!d+a*!b*!d+!a*d,4,11,6,4,25,True,True,True
P43734,a*b*!c*!d+a*!b*c*!d+!a*!b*!c+!a*d,4,16,10,4,34,True,True,True
P43735,a*b*!c*!d+a*!b*c*!d+!a*d,4,16,8,4,32,True,True,True
P43736,a*!b*!d+!a*d+!a*!c,4,6,8,4,22,True,True,True
P43737,a*!b*!d+!a*b*!c+!a*d,4,8,11,4,27,True,True,True
P43738,a*!b*c*!d+!a*d+!a*!c,4,11,9,4,28,True,True,True
P43739,a*!b*c*!d+!a*b*!c+!a*d,4,8,11,4,27,True,True,True
P43740,!b*!c*!d+a*!b*!d+!a*d,4,9,6,4,23,True,True,True
P43741,a*!b*!d+!a*d,3,5,7,3,18,True,True,True
P43742,a*!b*c*!d+!a*!b*!c+!a*d,4,10,9,4,27,True,True,True
P43743,a*!b*c*!d+!a*d,4,6,6,3,18,True,True,True
P43752,!b*!c*!d+!a*d+!a*!c+!a*!b,4,7,7,4,22,True,True,True
P43753,a*!b*!c*!d+!a*b*!c+!a*!b*c+!a*d,4,9,10,4,27,True,True,True
P43754,!a*d+!a*!c+!a*!b,4,4,4,3,14,True,True,True
P43755,!a*b*!c+!a*!b*c+!a*d,4,6,6,3,18,True,True,True
P43756,!b*!c*!d+!a*d+!a*!b,4,5,5,4,18,True,True,True
P43757,a*!b*!c*!d+!a*!b*c+!a*d,4,8,7,4,23,True,True,True
P43758,!a*d+!a*!b,3,3,3,2,10,True,True,True
P43759,!a*!b*c+!a*d,4,4,4,2,12,True,True,True
P43772,!b*!c*!d+!a*d,4,5,6,4,19,True,True,True
P43773,a*!b*!c*!d+!a*d,4,6,6,4,20,True,True,True
P43774,!a*!b*!c+!a*d,4,4,4,3,14,True,True,True
P43775,!a*d,2,5,8,2,17,True,True,True
P43964,!b*!c*!d+!a*c*d+!a*b*d+!a*b*c,4,13,9,4,30,True,True,True
P43965,a*!b*!c*!d+!a*c*d+!a*b*d+!a*b*c,4,10,13,4,31,True,True,True
P43966,!a*!b*!c*!d+!a*c*d+!a*b*d+!a*b*c,4,9,8,4,25,True,True,True
P43967,!a*c*d+!a*b*d+!a*b*c,4,6,6,1,14,True,True,True
P43968,!a*c*d+!a*b*d+!c*!d+!b*!d,4,10,9,4,27,True,True,True
P43969,b*!c*!d+a*!c*!d+!b*c*!d+!a*c*d+!a*b*d,4,15,11,4,34,True,True,True
P43970,b*!c*!d+!a*!c*!d+!b*c*!d+!a*c*d+!a*b*d,4,11,10,4,29,True,True,True
P43971,b*!c*!d+!b*c*!d+!a*c*d+!a*b*d,4,15,9,4,32,True,True,True
P43972,a*!c*!d+!a*c*d+!a*b*d+!b*!d,4,14,9,4,31,True,True,True
P43973,a*!c*!d+!b*c*!d+!a*c*d+!a*b*d,4,12,13,4,33,True,True,True
P43974,a*b*!c*!d+!b*c*!d+!a*!b*!d+!a*c*d+!a*b*d,4,,13,,,False,True,False
P43975,a*b*!c*!d+!b*c*!d+!a*c*d+!a*b*d,4,15,11,4,34,True,True,True
P43976,!a*!c*!d+!a*c*d+!a*b*d+!b*!d,4,11,9,4,28,True,True,True
P43977,!b*c*!d+a*!b*!d+!a*c*d+!a*b*!c,4,12,10,4,30,True,True,True
P43978,!a*!c*!d+!b*c*!d+!a*c*d+!a*b*!c,4,8,10,4,26,True,True,True
P43979,!b*c*!d+!a*c*d+!a*b*!c,4,11,8,4,27,True,True,True
P43980,!a*c*d+!a*b*d+!b*!d,4,7,9,3,22,True,True,True
P43981,a*!b*!d+!a*b*d+!a*!b*c,4,10,8,3,24,True,True,True
P43982,!b*c*!d+!a*!b*!d+!a*c*d+!a*b*d,4,9,8,3,23,True,True,True
P43983,!b*c*!d+!a*c*d+!a*b*d,4,8,7,3,21,True,True,True
P43988,!b*!c*!d+a*!c*!d+a*!b*!d+!a*c*d+!a*b*d,4,14,17,4,39,True,True,True
P43989,a*!c*!d+a*!b*!d+!a*c*d+!a*b*d,4,14,12,4,34,True,True,True
P43990,!a*!b*!c*!d+a*b*!c*!d+a*!b*c*!d+!a*c*d+!a*b*d,4,19,19,4,46,True,True,True
P43991,a*b*!c*!d+a*!b*c*!d+!a*c*d+!a*b*d,4,12,9,4,29,True,True,True
P43992,!a*!c*!d+a*!b*!d+!a*c*d+!a*b*d,4,8,10,4,26,True,True,True
P43993,a*!b*!d+!a*c*d+!a*b*!c,4,9,10,4,27,True,True,True
P43994,a*!b*c*!d+!a*!c*!d+!a*c*d+!a*b*d,4,9,11,4,28,True,True,True
P43995,a*!b*c*!d+!a*c*d+!a*b*!c,4,9,10,4,27,True,True,True
P43996,!b*!c*!d+a*!b*!d+!a*c*d+!a*b*d,4,9,8,4,25,True,True,True
P43997,a*!b*!d+!a*c*d+!a*b*d,4,12,7,3,25,True,True,True
P43998,!a*!b*!c*!d+a*!b*c*!d+!a*c*d+!a*b*d,4,10,12,4,30,True,True,True
P43999,a*!b*c*!d+!a*c*d+!a*b*d,4,9,9,3,24,True,True,True
P44008,!b*!c*!d+!a*!c*!d+!a*b*d+!a*!b*c,4,9,9,4,26,True,True,True
P44009,a*!b*!c*!d+!a*c*d+!a*b*!c+!a*!b*c,4,12,12,4,32,True,True,True
P44010,!a*!c*!d+!a*b*d+!a*!b*c,4,7,7,4,22,True,True,True
P44011,!a*c*d+!a*b*!c+!a*!b*c,4,8,6,3,20,True,True,True
P44012,!b*!c*!d+!a*b*d+!a*!b*c,4,8,8,4,24,True,True,True
P44013,a*!b*!c*!d+!a*b*d+!a*!b*c,4,10,10,4,28,True,True,True
P44014,!a*!b*!d+!a*c*d+!a*b*d,4,6,6,3,18,True,True,True
P44015,!a*b*d+!a*!b*c,4,5,5,2,14,True,True,True
P44028,!b*!c*!d+!a*c*d+!a*b*d,4,9,9,4,26,True,True,True
P44029,a*!b*!c*!d+!a*c*d+!a*b*d,4,11,10,4,29,True,True,True
P44030,!a*!b*!c*!d+!a*c*d+!a*b*d,4,7,7,4,22,True,True,True
P44031,!a*c*d+!a*b*d,4,4,4,1,10,True,True,True
P44224,!a*c*d+!c*!d+!b*!d+!b*!c,4,9,7,4,24,True,True,True
P44225,b*!c*!d+!b*c*!d+a*!b*!d+!b*!c*d+!a*c*d,4,11,10,4,29,True,True,True
P44226,b*!c*!d+!b*c*!d+!b*!c*d+!a*c*d+!a*!b,4,10,9,4,27,True,True,True
P44227,b*!c*!d+!b*c*!d+!b*!c*d+!a*c*d,4,9,10,4,27,True,True,True
P44228,a*!c*!d+!a*c*d+!b*!d+!b*!c,4,10,8,4,26,True,True,True
P44229,a*!c*!d+!b*c*!d+!b*!c*d+!a*c*d,4,9,9,4,26,True,True,True
P44230,a*b*!c*!d+!b*c*!d+!b*!c*d+!a*c*d+!a*!b,4,12,11,4,31,True,True,True
P44231,a*b*!c*!d+!b*c*!d+!b*!c*d+!a*c*d,4,10,11,4,29,True,True,True
P44232,!a*!c*!d+!a*c*d+!b*!d+!b*!c,4,8,8,4,24,True,True,True
P44233,!a*b*!c*!d+!b*c*!d+a*!b*!d+!b*!c*d+!a*c*d,4,11,11,4,30,True,True,True
P44234,!a*!c*!d+!b*c*!d+!b*!c*d+!a*c*d,4,9,9,4,26,True,True,True
P44235,!a*b*!c*!d+!b*c*!d+!b*!c*d+!a*c*d,4,9,10,4,27,True,True,True
P44236,!a*c*d+!b*!d+!b*!c,4,7,7,4,22,True,True,True
P44237,!b*c*!d+a*!b*!d+!b*!c*d+!a*c*d,4,8,10,4,26,True,True,True
P44238,!b*c*!d+!b*!c*d+!a*c*d+!a*!b,4,8,8,4,24,True,True,True
P44239,!b*c*!d+!b*!c*d+!a*c*d,4,7,12,4,27,True,True,True
P44240,a*!b*!d+!a*c*d+!c*!d+!b*!c,4,9,10,4,27,True,True,True
P44241,b*!c*!d+a*!b*!d+!b*!c*d+!a*c*d,4,11,9,4,28,True,True,True
P44242,a*!b*c*!d+b*!c*!d+!a*!c*!d+!b*!c*d+!a*c*d,4,11,16,4,35,True,True,True
P44243,a*!b*c*!d+b*!c*!d+!b*!c*d+!a*c*d,4,10,17,4,35,True,True,True
P44244,a*!c*!d+a*!b*!d+!a*c*d+!b*!c,4,12,11,4,31,True,True,True
P44245,a*!c*!d+a*!b*!d+!b*!c*d+!a*c*d,4,19,8,4,35,True,True,True
P44246,a*b*!c*!d+a*!b*c*!d+!b*!c*d+!a*c*d+!a*!b*!c,4,,17,,,False,True,False
P44247,a*b*!c*!d+a*!b*c*!d+!b*!c*d+!a*c*d,4,12,14,4,34,True,True,True
P44248,!a*!c*!d+a*!b*!d+!a*c*d+!b*!c,4,8,11,4,27,True,True,True
P44249,!a*b*!c*!d+a*!b*!d+!b*!c*d+!a*c*d,4,9,10,4,27,True,True,True
P44250,a*!b*c*!d+!a*!c*!d+!b*!c*d+!a*c*d,4,10,10,4,28,True,True,True
P44251,!a*b*!c*!d+a*!b*c*!d+!b*!c*d+!a*c*d,4,11,15,4,34,True,True,True
P44252,a*!b*!d+!a*c*d+!b*!c,4,8,11,4,27,True,True,True
P44253,a*!b*!d+!b*!c*d+!a*c*d,4,7,8,4,23,True,True,True
P44254,a*!b*c*!d+!b*!c*d+!a*c*d+!a*!b*!c,4,10,10,4,28,True,True,True
P44255,a*!b*c*!d+!b*!c*d+!a*c*d,4,8,10,4,26,True,True,True
P44256,!a*c*d+!c*!d+!b*!c+!a*!b,4,7,7,4,22,True,True,True
P44257,b*!c*!d+a*!c*!d+!b*!c*d+!a*c*d+!a*!b*c,4,13,16,4,37,True,True,True
P44258,b*!c*!d+!b*!c*d+!a*c*d+!a*!b,4,11,8,4,27,True,True,True
P44259,b*!c*!d+!b*!c*d+!a*c*d+!a*!b*c,4,11,16,4,35,True,True,True
P44260,a*!c*!d+!a*c*d+!b*!c+!a*!b,4,7,8,4,23,True,True,True
P44261,a*!c*!d+!b*!c*d+!a*c*d+!a*!b*c,4,11,10,4,29,True,True,True
P44262,a*b*!c*!d+!b*!c*d+!a*c*d+!a*!b,4,10,8,4,26,True,True,True
P44263,a*b*!c*!d+!b*!c*d+!a*c*d+!a*!b*c,4,11,11,4,30,True,True,True
P44264,!a*!c*!d+!a*c*d+!b*!c+!a*!b,4,8,8,4,24,True,True,True
P44265,!a*b*!c*!d+!b*!c*d+!a*c*d+a*!b*!c+!a*!b*c,4,17,12,4,37,True,True,True
P44266,!a*!c*!d+!b*!c*d+!a*c*d+!a*!b,4,8,8,4,24,True,True,True
P44267,!a*b*!c*!d+!b*!c*d+!a*c*d+!a*!b*c,4,12,11,4,31,True,True,True
P44268,!a*c*d+!b*!c+!a*!b,4,6,5,3,17,True,True,True
P44269,!b*!c*d+!a*c*d+a*!b*!c+!a*!b*c,4,10,10,3,26,True,True,True
P44270,!b*!c*d+!a*c*d+!a*!b,4,6,6,3,18,True,True,True
P44271,!b*!c*d+!a*c*d+!a*!b*c,4,7,8,3,21,True,True,True
P44272,!a*c*d+!c*!d+!b*!c,4,7,7,4,22,True,True,True
P44273,b*!c*!d+a*!c*!d+!b*!c*d+!a*c*d,4,11,11,4,30,True,True,True
P44274,b*!c*!d+!a*!c*!d+!b*!c*d+!a*c*d,4,11,9,4,28,True,True,True
P44275,b*!c*!d+!b*!c*d+!a*c*d,4,9,8,4,25,True,True,True
P44276,a*!c*!d+!a*c*d+!b*!c,4,10,9,4,27,True,True,True
P44277,a*!c*!d+!b*!c*d+!a*c*d,4,10,7,4,25,True,True,True
P44278,a*b*!c*!d+!b*!c*d+!a*c*d+!a*!b*!c,4,11,14,4,33,True,True,True
P44279,a*b*!c*!d+!b*!c*d+!a*c*d,4,10,9,4,27,True,True,True
P44280,!a*!c*!d+!a*c*d+!b*!c,4,6,8,4,22,True,True,True
P44281,!a*b*!c*!d+!b*!c*d+!a*c*d+a*!b*!c,4,12,9,4,29,True,True,True
P44282,!a*!c*!d+!b*!c*d+!a*c*d,4,7,9,4,24,True,True,True
P44283,!a*b*!c*!d+!b*!c*d+!a*c*d,4,8,9,4,25,True,True,True
P44284,!a*c*d+!b*!c,4,6,6,3,18,True,True,True
P44285,!b*!c*d+!a*c*d+a*!b*!c,4,10,6,3,22,True,True,True
P44286,!b*!c*d+!a*c*d+!a*!b*!c,4,7,7,3,20,True,True,True
P44287,!b*!c*d+!a*c*d,4,5,5,3,16,True,True,True
P44496,a*!b*!d+!a*c*d+a*!b*!c+!c*!d,4,13,11,4,32,True,True,True
P44497,b*!c*!d+a*!b*!d+!a*c*d+a*!b*!c,4,15,13,4,36,True,True,True
P44498,a*!b*c*!d+a*!b*!c*d+b*!c*!d+!a*!c*!d+!a*c*d,4,17,,,,True,False,False
P44499,a*!b*c*!d+a*!b*!c*d+b*!c*!d+!a*c*d,4,18,17,4,43,True,True,True
P44500,!b*!c*!d+a*!c*!d+a*!b*!d+!a*c*d+a*!b*!c,4,15,17,4,40,True,True,True
P44501,a*!c*!d+a*!b*!d+!a*c*d+a*!b*!c,4,11,9,4,28,True,True,True
P44502,!a*!b*!c*!d+a*b*!c*!d+a*!b*c*!d+a*!b*!c*d+!a*c*d,4,20,20,4,48,True,True,True
P44503,a*b*!c*!d+a*!b*c*!d+a*!b*!c*d+!a*c*d,4,10,12,4,30,True,True,True
P44504,!a*!c*!d+a*!b*!d+!a*c*d+a*!b*!c,4,11,12,4,31,True,True,True
P44505,!a*b*!c*!d+a*!b*!d+!a*c*d+a*!b*!c,4,20,14,4,42,True,True,True
P44506,a*!b*c*!d+a*!b*!c*d+!a*!c*!d+!a*c*d,4,9,12,4,29,True,True,True
P44507,!a*b*!c*!d+a*!b*c*!d+a*!b*!c*d+!a*c*d,4,10,14,4,32,True,True,True
P44508,!b*!c*!d+a*!b*!d+!a*c*d+a*!b*!c,4,15,9,4,32,True,True,True
P44509,a*!b*!d+!a*c*d+a*!b*!c,4,8,10,4,26,True,True,True
P44510,!a*!b*!c*!d+a*!b*c*!d+a*!b*!c*d+!a*c*d,4,11,11,4,30,True,True,True
P44511,a*!b*c*!d+a*!b*!c*d+!a*c*d,4,9,9,4,26,True,True,True
P44512,!a*!b*!d+!a*c*d+a*!b*!c+!c*!d,4,7,9,4,24,True,True,True
P44513,b*!c*!d+!a*c*d+a*!b*!c+!a*!b*c,4,14,15,4,37,True,True,True
P44514,a*!b*!c*d+b*!c*!d+!a*!b*!d+!a*c*d,4,10,10,4,28,True,True,True
P44515,a*!b*!c*d+b*!c*!d+!a*c*d+!a*!b*c,4,13,11,4,32,True,True,True
P44516,a*!c*!d+!a*!b*!d+!a*c*d+a*!b*!c,4,10,15,4,33,True,True,True
P44517,a*!c*!d+!a*c*d+a*!b*!c+!a*!b*c,4,10,9,4,27,True,True,True
P44518,a*b*!c*!d+a*!b*!c*d+!a*!b*!d+!a*c*d,4,11,14,4,33,True,True,True
P44519,a*b*!c*!d+a*!b*!c*d+!a*c*d+!a*!b*c,4,11,11,4,30,True,True,True
P44520,!a*!c*!d+!a*!b*!d+!a*c*d+a*!b*!c,4,11,10,4,29,True,True,True
P44521,!a*b*!c*!d+!a*c*d+a*!b*!c+!a*!b*c,4,13,15,4,36,True,True,True
P44522,a*!b*!c*d+!a*!c*!d+!a*!b*!d+!a*c*d,4,9,11,4,28,True,True,True
P44523,!a*b*!c*!d+a*!b*!c*d+!a*c*d+!a*!b*c,4,11,11,4,30,True,True,True
P44524,!a*!b*!d+!a*c*d+a*!b*!c,4,9,8,4,25,True,True,True
P44525,!a*c*d+a*!b*!c+!a*!b*c,4,9,7,3,22,True,True,True
P44526,a*!b*!c*d+!a*!b*!d+!a*c*d,4,8,9,4,25,True,True,True
P44527,a*!b*!c*d+!a*c*d+!a*!b*c,4,8,8,3,22,True,True,True
P44528,!a*c*d+a*!b*!c+!c*!d,4,7,8,4,23,True,True,True
P44529,b*!c*!d+!a*c*d+a*!b*!c,4,9,10,4,27,True,True,True
P44530,a*!b*!c*d+b*!c*!d+!a*!c*!d+!a*c*d,4,10,11,4,29,True,True,True
P44531,a*!b*!c*d+b*!c*!d+!a*c*d,4,14,11,4,33,True,True,True
P44532,!b*!c*!d+a*!c*!d+!a*c*d+a*!b*!c,4,10,12,4,30,True,True,True
P44533,a*!c*!d+!a*c*d+a*!b*!c,4,8,8,4,24,True,True,True
P44534,!a*!b*!c*!d+a*b*!c*!d+a*!b*!c*d+!a*c*d,4,10,12,4,30,True,True,True
P44535,a*b*!c*!d+a*!b*!c*d+!a*c*d,4,9,10,4,27,True,True,True
P44536,!a*!c*!d+!a*c*d+a*!b*!c,4,7,12,4,27,True,True,True
P44537,!a*b*!c*!d+!a*c*d+a*!b*!c,4,11,9,4,28,True,True,True
P44538,a*!b*!c*d+!a*!c*!d+!a*c*d,4,8,14,4,30,True,True,True
P44539,!a*b*!c*!d+a*!b*!c*d+!a*c*d,4,9,11,4,28,True,True,True
P44540,!b*!c*!d+!a*c*d+a*!b*!c,4,8,9,4,25,True,True,True
P44541,!a*c*d+a*!b*!c,4,8,7,3,21,True,True,True
P44542,!a*!b*!c*!d+a*!b*!c*d+!a*c*d,4,9,10,4,27,True,True,True
P44543,a*!b*!c*d+!a*c*d,4,11,6,3,23,True,True,True
P44768,!a*c*d+!c*!d+!a*!b,4,6,7,4,21,True,True,True
P44769,b*!c*!d+a*!c*!d+!a*c*d+!a*!b*d+!a*!b*c,4,17,10,4,35,True,True,True
P44770,b*!c*!d+!a*c*d+!a*!b,4,8,7,4,23,True,True,True
P44771,b*!c*!d+!a*c*d+!a*!b*d+!a*!b*c,4,10,9,4,27,True,True,True
P44772,a*!c*!d+!a*c*d+!a*!b,4,10,7,4,25,True,True,True
P44773,a*!c*!d+!a*c*d+!a*!b*d+!a*!b*c,4,14,9,4,31,True,True,True
P44774,a*b*!c*!d+!a*c*d+!a*!b,4,9,9,4,26,True,True,True
P44775,a*b*!c*!d+!a*c*d+!a*!b*d+!a*!b*c,4,10,11,4,29,True,True,True
P44776,!b*!c*!d+!a*!c*!d+!a*c*d+!a*!b,4,11,9,4,28,True,True,True
P44777,a*!b*!c*!d+!a*b*!c*!d+!a*c*d+!a*!b*d+!a*!b*c,4,12,12,4,32,True,True,True
P44778,!a*!c*!d+!a*c*d+!a*!b,4,6,6,4,20,True,True,True
P44779,!a*b*!c*!d+!a*c*d+!a*!b*d+!a*!b*c,4,9,8,4,25,True,True,True
P44780,!b*!c*!d+!a*c*d+!a*!b,4,7,6,4,21,True,True,True
P44781,a*!b*!c*!d+!a*c*d+!a*!b*d+!a*!b*c,4,10,15,4,33,True,True,True
P44782,!a*c*d+!a*!b,4,4,4,2,12,True,True,True
P44783,!a*c*d+!a*!b*d+!a*!b*c,4,6,6,2,16,True,True,True
P44784,!a*c*d+!a*!b*d+!c*!d,4,8,6,4,22,True,True,True
P44785,b*!c*!d+a*!c*!d+!a*c*d+!a*!b*d,4,9,8,4,25,True,True,True
P44786,b*!c*!d+!a*c*d+!a*!b*!c,4,7,7,4,22,True,True,True
P44787,b*!c*!d+!a*c*d+!a*!b*d,4,9,11,4,28,True,True,True
P44788,a*!c*!d+!a*c*d+!a*!b*!c,4,7,7,4,22,True,True,True
P44789,a*!c*!d+!a*c*d+!a*!b*d,4,8,7,4,23,True,True,True
P44790,a*b*!c*!d+!a*c*d+!a*!b*!c,4,9,10,4,27,True,True,True
P44791,a*b*!c*!d+!a*c*d+!a*!b*d,4,12,10,4,30,True,True,True
P44792,!b*!c*!d+!a*!c*!d+!a*c*d+!a*!b*d,4,9,10,4,27,True,True,True
P44793,a*!b*!c*!d+!a*b*!c*!d+!a*c*d+!a*!b*d,4,9,14,4,31,True,True,True
P44794,!a*!c*!d+!a*c*d+!a*!b*d,4,6,6,4,20,True,True,True
P44795,!a*b*!c*!d+!a*c*d+!a*!b*d,4,7,7,4,22,True,True,True
P44796,!b*!c*!d+!a*c*d+!a*!b*d,4,9,6,4,23,True,True,True
P44797,a*!b*!c*!d+!a*c*d+!a*!b*d,4,8,7,4,23,True,True,True
P44798,!a*c*d+!a*!b*!c,4,5,5,3,16,True,True,True
P44799,!a*c*d+!a*!b*d,4,4,4,2,12,True,True,True
P45040,!a*c*d+!c*!d,3,5,5,3,16,True,True,True
P45041,b*!c*!d+a*!c*!d+!a*c*d,4,11,10,4,29,True,True,True
P45042,b*!c*!d+!a*!c*!d+!a*c*d,4,7,7,3,20,True,True,True
P45043,b*!c*!d+!a*c*d,4,8,9,3,23,True,True,True
P45044,!b*!c*!d+a*!c*!d+!a*c*d,4,10,7,4,25,True,True,True
P45045,a*!c*!d+!a*c*d,3,6,10,3,22,True,True,True
P45046,!a*!b*!c*!d+a*b*!c*!d+!a*c*d,4,8,9,4,25,True,True,True
P45047,a*b*!c*!d+!a*c*d,4,15,7,3,28,True,True,True
P45048,!b*!c*!d+!a*!c*!d+!a*c*d,4,7,7,4,22,True,True,True
P45049,a*!b*!c*!d+!a*b*!c*!d+!a*c*d,4,8,9,4,25,True,True,True
P45050,!a*!c*!d+!a*c*d,3,5,13,3,24,True,True,True
P45051,!a*b*!c*!d+!a*c*d,4,6,6,3,18,True,True,True
P45052,!b*!c*!d+!a*c*d,4,7,6,4,21,True,True,True
P45053,a*!b*!c*!d+!a*c*d,4,9,7,4,24,True,True,True
P45054,!a*!b*!c*!d+!a*c*d,4,6,6,4,20,True,True,True
P45055,!a*c*d,3,3,5,1,10,True,True,True
P48320,!a*b*c*d+!c*!d+!b*!d+!b*!c,4,15,9,4,32,True,True,True
P48321,!a*b*c*d+b*!c*!d+a*!c*!d+!b*c*!d+!b*!c*d,4,,18,,,False,True,False
P48322,!a*b*c*d+b*!c*!d+!b*c*!d+!a*!b*!d+!b*!c*d,4,17,18,4,43,True,True,True
P48323,!a*b*c*d+b*!c*!d+!b*c*!d+!b*!c*d,4,14,17,4,39,True,True,True
P48324,!a*b*c*d+a*!c*!d+!b*!d+!b*!c,4,12,12,4,32,True,True,True
P48325,!a*b*c*d+a*!c*!d+!b*c*!d+!b*!c*d,4,10,12,4,30,True,True,True
P48326,a*b*!c*!d+!a*b*c*d+!b*c*!d+!a*!b*!d+!b*!c*d,4,12,17,4,37,True,True,True
P48327,a*b*!c*!d+!a*b*c*d+!b*c*!d+!b*!c*d,4,18,15,4,41,True,True,True
P48328,!a*b*c*d+!a*!c*!d+!b*!d+!b*!c,4,9,8,4,25,True,True,True
P48329,!a*b*!c*!d+!a*b*c*d+!b*c*!d+a*!b*!d+!b*!c*d,4,16,10,4,34,True,True,True
P48330,!a*b*c*d+!a*!c*!d+!b*c*!d+!b*!c*d,4,9,10,4,27,True,True,True
P48331,!a*b*!c*!d+!a*b*c*d+!b*c*!d+!b*!c*d,4,9,10,4,27,True,True,True
P48332,!a*b*c*d+!b*!d+!b*!c,4,10,7,4,25,True,True,True
P48333,!a*b*c*d+!b*c*!d+a*!b*!d+!b*!c*d,4,9,12,4,29,True,True,True
P48334,!a*b*c*d+!b*c*!d+!a*!b*!d+!b*!c*d,4,9,15,4,32,True,True,True
P48335,!a*b*c*d+!b*c*!d+!b*!c*d,4,8,9,4,25,True,True,True
P48340,!a*b*c*d+a*!c*!d+a*!b*!d+!b*!c,4,11,17,4,36,True,True,True
P48341,!a*b*c*d+a*!c*!d+a*!b*!d+!b*!c*d,4,11,10,4,29,True,True,True
P48342,a*b*!c*!d+a*!b*c*!d+!a*b*c*d+!b*!c*d+!a*!b*!c,4,17,,,,True,False,False
P48343,a*b*!c*!d+a*!b*c*!d+!a*b*c*d+!b*!c*d,4,13,11,4,32,True,True,True
P48344,!a*b*c*d+!a*!c*!d+a*!b*!d+!b*!c,4,10,13,4,31,True,True,True
P48345,!a*b*!c*!d+!a*b*c*d+a*!b*!d+!b*!c*d,4,9,10,4,27,True,True,True
P48346,a*!b*c*!d+!a*b*c*d+!a*!c*!d+!b*!c*d,4,17,15,4,40,True,True,True
P48347,!a*b*!c*!d+a*!b*c*!d+!a*b*c*d+!b*!c*d,4,14,12,4,34,True,True,True
P48348,!a*b*c*d+a*!b*!d+!b*!c,4,9,13,4,30,True,True,True
P48349,!a*b*c*d+a*!b*!d+!b*!c*d,4,15,10,4,33,True,True,True
P48350,a*!b*c*!d+!a*b*c*d+!b*!c*d+!a*!b*!c,4,,12,,,False,True,False
P48351,a*!b*c*!d+!a*b*c*d+!b*!c*d,4,9,11,4,28,True,True,True
P48360,!a*b*c*d+!a*!c*!d+!a*!b*!d+!b*!c,4,10,10,4,28,True,True,True
P48361,!a*b*!c*!d+!a*!b*c*!d+!a*b*c*d+!b*!c*d+a*!b*!c,4,13,16,4,37,True,True,True
P48362,!a*b*c*d+!a*!c*!d+!a*!b*!d+!b*!c*d,4,9,10,4,27,True,True,True
P48363,!a*b*!c*!d+!a*!b*c*!d+!a*b*c*d+!b*!c*d,4,12,11,4,31,True,True,True
P48364,!a*b*c*d+!a*!b*!d+!b*!c,4,9,7,4,24,True,True,True
P48365,!a*!b*c*!d+!a*b*c*d+!b*!c*d+a*!b*!c,4,11,13,4,32,True,True,True
P48366,!a*b*c*d+!a*!b*!d+!b*!c*d,4,8,9,4,25,True,True,True
P48367,!a*!b*c*!d+!a*b*c*d+!b*!c*d,4,9,12,4,29,True,True,True
P48380,!a*b*c*d+!b*!c,4,8,8,4,24,True,True,True
P48381,!a*b*c*d+!b*!c*d+a*!b*!c,4,10,7,3,23,True,True,True
P48382,!a*b*c*d+!b*!c*d+!a*!b*!c,4,9,8,3,23,True,True,True
P48383,!a*b*c*d+!b*!c*d,4,6,6,3,18,True,True,True
P48596,!a*b*c*d+!b*!c*!d+a*!c*!d+a*!b*!d+a*!b*!c,4,16,14,4,38,True,True,True
P48597,!a*b*c*d+a*!c*!d+a*!b*!d+a*!b*!c,4,10,10,4,28,True,True,True
P48598,!a*!b*!c*!d+a*b*!c*!d+a*!b*c*!d+a*!b*!c*d+!a*b*c*d,4,12,17,4,37,True,True,True
P48599,a*b*!c*!d+a*!b*c*!d+a*!b*!c*d+!a*b*c*d,4,11,19,4,38,True,True,True
P48600,!a*b*c*d+!a*!c*!d+a*!b*!d+a*!b*!c,4,11,11,4,30,True,True,True
P48601,!a*b*!c*!d+!a*b*c*d+a*!b*!d+a*!b*!c,4,10,11,4,29,True,True,True
P48602,a*!b*c*!d+a*!b*!c*d+!a*b*c*d+!a*!c*!d,4,10,14,4,32,True,True,True
P48603,!a*b*!c*!d+a*!b*c*!d+a*!b*!c*d+!a*b*c*d,4,10,10,4,28,True,True,True
P48604,!a*b*c*d+!b*!c*!d+a*!b*!d+a*!b*!c,4,11,14,4,33,True,True,True
P48605,!a*b*c*d+a*!b*!d+a*!b*!c,4,9,10,4,27,True,True,True
P48606,!a*!b*!c*!d+a*!b*c*!d+a*!b*!c*d+!a*b*c*d,4,11,11,4,30,True,True,True
P48607,a*!b*c*!d+a*!b*!c*d+!a*b*c*d,4,9,10,4,27,True,True,True
P48616,!a*b*c*d+!a*!c*!d+!a*!b*!d+a*!b*!c,4,11,14,4,33,True,True,True
P48617,!a*b*!c*!d+!a*!b*c*!d+!a*b*c*d+a*!b*!c,4,11,,,,True,False,False
P48618,a*!b*!c*d+!a*b*c*d+!a*!c*!d+!a*!b*!d,4,10,10,4,28,True,True,True
P48619,!a*b*!c*!d+!a*!b*c*!d+a*!b*!c*d+!a*b*c*d,4,11,16,4,35,True,True,True
P48620,!a*b*c*d+!a*!b*!d+a*!b*!c,4,9,11,4,28,True,True,True
P48621,!a*!b*c*!d+!a*b*c*d+a*!b*!c,4,12,9,4,29,True,True,True
P48622,a*!b*!c*d+!a*b*c*d+!a*!b*!d,4,9,9,4,26,True,True,True
P48623,!a*!b*c*!d+a*!b*!c*d+!a*b*c*d,4,10,13,4,31,True,True,True
P48636,!a*b*c*d+!b*!c*!d+a*!b*!c,4,12,10,4,30,True,True,True
P48637,!a*b*c*d+a*!b*!c,4,7,8,3,21,True,True,True
P48638,!a*!b*!c*!d+a*!b*!c*d+!a*b*c*d,4,10,11,4,29,True,True,True
P48639,a*!b*!c*d+!a*b*c*d,4,7,7,3,20,True,True,True
P48872,!a*b*c*d+!b*!c*!d+!a*!c*!d+!a*!b*!d+!a*!b*!c,4,17,11,4,36,True,True,True
P48873,a*!b*!c*!d+!a*b*!c*!d+!a*!b*c*!d+!a*!b*!c*d+!a*b*c*d,4,20,,,,True,False,False
P48874,!a*b*c*d+!a*!c*!d+!a*!b*!d+!a*!b*!c,4,9,8,4,25,True,True,True
P48875,!a*b*!c*!d+!a*!b*c*!d+!a*!b*!c*d+!a*b*c*d,4,9,9,4,26,True,True,True
P48876,!a*b*c*d+!b*!c*!d+!a*!b*!d+!a*!b*!c,4,13,9,4,30,True,True,True
P48877,a*!b*!c*!d+!a*!b*c*!d+!a*!b*!c*d+!a*b*c*d,4,11,16,4,35,True,True,True
P48878,!a*b*c*d+!a*!b*!d+!a*!b*!c,4,7,7,4,22,True,True,True
P48879,!a*!b*c*!d+!a*!b*!c*d+!a*b*c*d,4,8,12,4,28,True,True,True
P48892,!a*b*c*d+!b*!c*!d+!a*!b*!c,4,9,9,4,26,True,True,True
P48893,a*!b*!c*!d+!a*!b*!c*d+!a*b*c*d,4,11,9,4,28,True,True,True
P48894,!a*b*c*d+!a*!b*!c,4,7,6,3,19,True,True,True
P48895,!a*!b*!c*d+!a*b*c*d,4,6,6,3,18,True,True,True
P49148,!a*b*c*d+!b*!c*!d,4,9,9,4,26,True,True,True
P49149,a*!b*!c*!d+!a*b*c*d,4,18,8,4,34,True,True,True
P49150,!a*!b*!c*!d+!a*b*c*d,4,7,7,4,22,True,True,True
P49151,!a*b*c*d,4,4,4,1,10,True,True,True
P59520,!c*!d+!b*!d+!a*!d+!b*!c+!a*!c+!a*!b,4,10,9,4,27,True,True,True
P59521,a*!c*!d+!b*c*!d+!a*b*!d+!b*!c*d+!a*!c*d+!a*!b*d,4,12,,,,True,False,False
P59522,b*!c*!d+!b*c*!d+!b*!c*d+!a*!d+!a*!c+!a*!b,4,11,14,4,33,True,True,True
P59523,b*!c*!d+!b*c*!d+!a*c*!d+!b*!c*d+!a*!c*d+!a*!b*d,4,,18,,,False,True,False
P59526,a*b*!c*!d+!b*c*!d+!a*c*!d+!b*!c*d+!a*!c*d+!a*!b,4,,17,,,False,True,False
P59527,a*b*!c*!d+!b*c*!d+!a*c*!d+!b*!c*d+!a*!c*d+!a*!b*d,4,,18,,,False,True,False
P59528,!b*!d+!a*!d+!b*!c+!a*!c+!a*!b,4,8,7,4,23,True,True,True
P59529,a*!b*!d+!a*b*!d+!b*!c*d+!a*!c*d+!a*!b*c,4,15,16,4,39,True,True,True
P59530,!b*c*!d+!b*!c*d+!a*!d+!a*!c+!a*!b,4,9,9,4,26,True,True,True
P59531,!b*c*!d+!a*b*!d+!b*!c*d+!a*!c*d+!a*!b*d,4,9,13,4,30,True,True,True
P59534,!b*c*!d+!a*c*!d+!b*!c*d+!a*!c*d+!a*!b,4,12,12,4,32,True,True,True
P59535,!b*c*!d+!a*c*!d+!b*!c*d+!a*!c*d+!a*!b*d,4,12,11,4,31,True,True,True
P59542,a*b*!c*!d+a*!b*c*!d+!a*b*c*!d+!b*!c*d+!a*!c*d+!a*!b*d+!a*!b*!c,4,,,,,False,False,False
P59543,a*b*!c*!d+a*!b*c*!d+!a*b*c*!d+!b*!c*d+!a*!c*d+!a*!b*d,4,19,,,,True,False,False
P59544,a*!b*!d+!a*b*!d+!a*!b*d+!b*!c+!a*!c,4,9,11,4,28,True,True,True
P59545,a*!b*!d+!a*b*!d+!b*!c*d+!a*!c*d+!a*!b*d,4,10,11,4,29,True,True,True
P59546,a*!b*c*!d+!a*b*!d+!b*!c*d+!a*!b*d+!a*!c,4,14,13,4,35,True,True,True
P59547,a*!b*c*!d+!a*b*!d+!b*!c*d+!a*!c*d+!a*!b*d,4,12,13,4,33,True,True,True
P59550,a*!b*c*!d+!a*b*c*!d+!b*!c*d+!a*!c*d+!a*!b*d+!a*!b*!c,4,,,,,False,False,False
P59551,a*!b*c*!d+!a*b*c*!d+!b*!c*d+!a*!c*d+!a*!b*d,4,13,18,4,39,True,True,True
P59560,!a*!d+!b*!c+!a*!c+!a*!b,4,6,6,4,20,True,True,True
P59561,!a*b*!d+!a*!c*d+a*!b*!c+!a*!b*c,4,9,15,4,32,True,True,True
P59562,!b*!c*d+!a*!d+!a*!c+!a*!b,4,7,7,4,22,True,True,True
P59563,!a*b*!d+!b*!c*d+!a*!c*d+!a*!b*c,4,9,9,4,26,True,True,True
P59564,!a*c*!d+!a*!c*d+!b*!c+!a*!b,4,8,8,4,24,True,True,True
P59565,!a*c*!d+!a*!c*d+!a*!b*d+a*!b*!c,4,10,11,4,29,True,True,True
P59566,!a*c*!d+!b*!c*d+!a*!c*d+!a*!b,4,11,9,4,28,True,True,True
P59567,!a*c*!d+!b*!c*d+!a*!c*d+!a*!b*d,4,8,10,4,26,True,True,True
P59580,!a*b*c*!d+!a*!c*d+!a*!b*d+!b*!c,4,9,11,4,28,True,True,True
P59581,!a*b*c*!d+!a*!c*d+!a*!b*d+a*!b*!c,4,11,13,4,32,True,True,True
P59582,!a*b*c*!d+!b*!c*d+!a*!c*d+!a*!b*d+!a*!b*!c,4,12,12,4,32,True,True,True
P59583,!a*b*c*!d+!b*!c*d+!a*!c*d+!a*!b*d,4,10,13,4,31,True,True,True
P59624,!b*!c+!a*!c+!a*!b,3,5,5,3,16,True,True,True
P59625,!b*!c*d+a*!b*!c+!a*b*!c+!a*!b*c,4,9,9,3,24,True,True,True
P59626,!b*!c*d+!a*!c+!a*!b,4,6,6,3,18,True,True,True
P59627,!b*!c*d+!a*b*!c+!a*!b*c,4,7,8,3,21,True,True,True
P59630,!b*!c*d+!a*!c*d+!a*!b,4,7,7,3,20,True,True,True
P59631,!b*!c*d+!a*!c*d+!a*!b*c,4,7,7,3,20,True,True,True
P59646,!b*!c*d+!a*!c*d+!a*!b*d+!a*!b*!c,4,11,9,3,26,True,True,True
P59647,!b*!c*d+!a*!c*d+!a*!b*d,4,8,6,3,20,True,True,True
P59798,!a*!b*!c*!d+a*b*!c*!d+a*!b*c*!d+!a*b*c*!d+a*!b*!c*d+!a*b*!c*d+!a*!b*c*d,4,,,,,False,False,False
P59799,a*b*!c*!d+a*!b*c*!d+!a*b*c*!d+a*!b*!c*d+!a*b*!c*d+!a*!b*c*d,4,,19,,,False,True,False
P59800,!a*!b*c*d+!b*!c*!d+a*!b*!d+!a*b*!d+a*!b*!c+!a*b*!c,4,,,,,False,False,False
P59801,!a*!b*c*d+a*!b*!d+!a*b*!d+a*!b*!c+!a*b*!c,4,17,15,4,40,True,True,True
P59802,a*!b*c*!d+a*!b*!c*d+!a*!b*c*d+!a*!c*!d+!a*b*!d+!a*b*!c,4,14,,,,True,False,False
P59803,a*!b*c*!d+a*!b*!c*d+!a*!b*c*d+!a*b*!d+!a*b*!c,4,14,18,4,40,True,True,True
P59806,!a*!b*!c*!d+a*!b*c*!d+!a*b*c*!d+a*!b*!c*d+!a*b*!c*d+!a*!b*c*d,4,,,,,False,False,False
P59807,a*!b*c*!d+!a*b*c*!d+a*!b*!c*d+!a*b*!c*d+!a*!b*c*d,4,16,18,4,42,True,True,True
P59816,a*!b*!c+!a*b*!c+!a*!b*c+!a*!d,4,8,9,4,25,True,True,True
P59817,!a*b*!d+a*!b*!c+!a*b*!c+!a*!b*c,4,8,11,4,27,True,True,True
P59818,a*!b*!c*d+!a*b*!c+!a*!b*c+!a*!d,4,9,10,4,27,True,True,True
P59819,a*!b*!c*d+!a*c*!d+!a*b*!c+!a*!b*c,4,9,12,4,29,True,True,True
P59820,!a*b*!c*d+!b*!c*!d+!a*c*!d+a*!b*!c+!a*!b*c,4,17,11,4,36,True,True,True
P59821,!a*b*!c*d+!a*c*!d+a*!b*!c+!a*!b*c,4,13,13,4,34,True,True,True
P59822,a*!b*!c*d+!a*b*!c*d+!a*c*!d+!a*!b*!d+!a*!b*c,4,17,16,4,41,True,True,True
P59823,a*!b*!c*d+!a*b*!c*d+!a*c*!d+!a*!b*c,4,9,15,4,32,True,True,True
P59836,!a*b*c*!d+!a*b*!c*d+!a*!b*c*d+!b*!c*!d+a*!b*!c,4,14,13,4,35,True,True,True
P59837,!a*b*c*!d+!a*b*!c*d+!a*!b*c*d+a*!b*!c,4,11,20,4,39,True,True,True
P59838,!a*!b*!c*!d+!a*b*c*!d+a*!b*!c*d+!a*b*!c*d+!a*!b*c*d,4,12,13,4,33,True,True,True
P59839,!a*b*c*!d+a*!b*!c*d+!a*b*!c*d+!a*!b*c*d,4,11,16,4,35,True,True,True
P59880,!b*!c*!d+a*!b*!c+!a*b*!c+!a*!b*c,4,9,9,4,26,True,True,True
P59881,a*!b*!c+!a*b*!c+!a*!b*c,3,7,9,3,22,True,True,True
P59882,a*!b*!c*d+!a*!c*!d+!a*b*!c+!a*!b*c,4,13,10,4,31,True,True,True
P59883,a*!b*!c*d+!a*b*!c+!a*!b*c,4,8,9,3,23,True,True,True
P59886,a*!b*!c*d+!a*b*!c*d+!a*!b*!d+!a*!b*c,4,13,17,4,38,True,True,True
P59887,a*!b*!c*d+!a*b*!c*d+!a*!b*c,4,11,10,3,27,True,True,True
P59902,!a*!b*!c*!d+a*!b*!c*d+!a*b*!c*d+!a*!b*c*d,4,11,17,4,36,True,True,True
P59903,a*!b*!c*d+!a*b*!c*d+!a*!b*c*d,4,8,9,3,23,True,True,True
P60072,!b*!c*!d+!a*!d+!a*!c+!a*!b,4,5,7,4,20,True,True,True
P60073,a*!b*!c*!d+!a*b*!d+!a*!c*d+!a*!b*c,4,10,11,4,29,True,True,True
P60074,!a*!d+!a*!c+!a*!b,4,4,4,4,16,True,True,True
P60075,!a*b*!d+!a*!c*d+!a*!b*c,4,7,7,4,22,True,True,True
P60076,!b*!c*!d+!a*c*!d+!a*!c*d+!a*!b,4,8,8,4,24,True,True,True
P60077,a*!b*!c*!d+!a*c*!d+!a*!c*d+!a*!b*d,4,9,10,4,27,True,True,True
P60078,!a*c*!d+!a*!c*d+!a*!b,4,6,6,4,20,True,True,True
P60079,!a*c*!d+!a*!c*d+!a*!b*d,4,6,9,4,23,True,True,True
P60092,!a*b*c*!d+!b*!c*!d+!a*!c*d+!a*!b*d,4,10,10,4,28,True,True,True
P60093,a*!b*!c*!d+!a*b*c*!d+!a*!c*d+!a*!b*d,4,10,10,4,28,True,True,True
P60094,!a*b*c*!d+!a*!c*d+!a*!b*d+!a*!b*!c,4,13,8,4,29,True,True,True
P60095,!a*b*c*!d+!a*!c*d+!a*!b*d,4,7,7,4,22,True,True,True
P60096,!c*!d+!b*!d+!a*!c+!a*!b,4,4,4,4,16,True,True,True
P60097,a*!c*!d+!b*c*!d+!a*!b*d+!a*b*!c,4,11,12,4,31,True,True,True
P60098,b*!c*!d+!b*c*!d+!a*!c+!a*!b,4,8,6,4,22,True,True,True
P60099,b*!c*!d+!b*c*!d+!a*!c*d+!a*!b*d,4,12,9,4,29,True,True,True
P60102,a*b*!c*!d+!b*c*!d+!a*!c*d+!a*!b,4,12,9,4,29,True,True,True
P60103,a*b*!c*!d+!b*c*!d+!a*!c*d+!a*!b*d,4,19,11,4,38,True,True,True
P60104,!b*!d+!a*!c+!a*!b,4,5,5,4,18,True,True,True
P60105,a*!b*!d+!a*!c*d+!a*b*!c+!a*!b*c,4,11,12,4,31,True,True,True
P60106,!b*c*!d+!a*!c+!a*!b,4,5,5,4,18,True,True,True
P60107,!b*c*!d+!a*!b*d+!a*b*!c,4,9,8,4,25,True,True,True
P60110,!b*c*!d+!a*!c*d+!a*!b,4,8,6,4,22,True,True,True
P60111,!b*c*!d+!a*!c*d+!a*!b*d,4,8,9,4,25,True,True,True
P60116,!b*!c*!d+a*!c*!d+a*!b*!d+!a*!c*d+!a*!b*d,4,17,10,4,35,True,True,True
P60117,a*!c*!d+a*!b*!d+!a*!c*d+!a*!b*d,4,14,6,4,28,True,True,True
P60118,a*b*!c*!d+a*!b*c*!d+!a*!c*d+!a*!b*d+!a*!b*!c,4,16,14,4,38,True,True,True
P60119,a*b*!c*!d+a*!b*c*!d+!a*!c*d+!a*!b*d,4,16,8,4,32,True,True,True
P60120,a*!b*!d+!a*!b*d+!a*!c,4,9,11,4,28,True,True,True
P60121,a*!b*!d+!a*!b*d+!a*b*!c,4,10,9,4,27,True,True,True
P60122,a*!b*c*!d+!a*!b*d+!a*!c,4,8,7,4,23,True,True,True
P60123,a*!b*c*!d+!a*!b*d+!a*b*!c,4,10,12,4,30,True,True,True
P60124,!b*!c*!d+a*!b*!d+!a*!c*d+!a*!b*d,4,11,10,4,29,True,True,True
P60125,a*!b*!d+!a*!c*d+!a*!b*d,4,9,7,4,24,True,True,True
P60126,a*!b*c*!d+!a*!c*d+!a*!b*d+!a*!b*!c,4,10,9,4,27,True,True,True
P60127,a*!b*c*!d+!a*!c*d+!a*!b*d,4,11,7,4,26,True,True,True
P60136,!b*!c*!d+!a*!c+!a*!b,4,6,6,4,20,True,True,True
P60137,a*!b*!c*!d+!a*!c*d+!a*b*!c+!a*!b*c,4,13,13,4,34,True,True,True
P60138,!a*!c+!a*!b,3,3,3,3,12,True,True,True
P60139,!a*!c*d+!a*b*!c+!a*!b*c,4,9,6,3,21,True,True,True
P60140,!b*!c*!d+!a*!c*d+!a*!b,4,5,6,4,19,True,True,True
P60141,a*!b*!c*!d+!a*!c*d+!a*!b*c,4,9,9,4,26,True,True,True
P60142,!a*!c*d+!a*!b,4,4,4,3,14,True,True,True
P60143,!a*!c*d+!a*!b*c,4,5,5,3,16,True,True,True
P60156,!b*!c*!d+!a*!c*d+!a*!b*d,4,10,7,4,25,True,True,True
P60157,a*!b*!c*!d+!a*!c*d+!a*!b*d,4,9,8,4,25,True,True,True
P60158,!a*!c*d+!a*!b*d+!a*!b*!c,4,6,6,3,18,True,True,True
P60159,!a*!c*d+!a*!b*d,4,4,4,3,14,True,True,True
P60348,!a*b*c*!d+!a*b*!c*d+!a*!b*c*d+!b*!c*!d,4,12,11,4,31,True,True,True
P60349,a*!b*!c*!d+!a*b*c*!d+!a*b*!c*d+!a*!b*c*d,4,11,13,4,32,True,True,True
P60350,!a*!b*!c*!d+!a*b*c*!d+!a*b*!c*d+!a*!b*c*d,4,9,9,4,26,True,True,True
P60351,!a*b*c*!d+!a*b*!c*d+!a*!b*c*d,4,8,9,4,25,True,True,True
P60374,!a*!b*!c*!d+a*b*!c*!d+a*!b*c*!d+!a*b*!c*d+!a*!b*c*d,4,17,20,4,45,True,True,True
P60375,a*b*!c*!d+a*!b*c*!d+!a*b*!c*d+!a*!b*c*d,4,14,8,4,30,True,True,True
P60376,!a*!b*c*d+!b*!c*!d+a*!b*!d+!a*b*!c,4,11,11,4,30,True,True,True
P60377,!a*!b*c*d+a*!b*!d+!a*b*!c,4,18,11,4,37,True,True,True
P60378,a*!b*c*!d+!a*!b*c*d+!a*!c*!d+!a*b*!c,4,11,10,4,29,True,True,True
P60379,a*!b*c*!d+!a*!b*c*d+!a*b*!c,4,10,12,4,30,True,True,True
P60382,!a*!b*!c*!d+a*!b*c*!d+!a*b*!c*d+!a*!b*c*d,4,11,13,4,32,True,True,True
P60383,a*!b*c*!d+!a*b*!c*d+!a*!b*c*d,4,11,9,4,28,True,True,True
P60392,!b*!c*!d+!a*b*!c+!a*!b*c,4,10,8,4,26,True,True,True
P60393,a*!b*!c*!d+!a*b*!c+!a*!b*c,4,13,9,4,30,True,True,True
P60394,!a*!c*!d+!a*b*!c+!a*!b*c,4,6,6,4,20,True,True,True
P60395,!a*b*!c+!a*!b*c,3,5,5,3,16,True,True,True
P60396,!a*b*!c*d+!b*!c*!d+!a*!b*c,4,10,8,4,26,True,True,True
P60397,a*!b*!c*!d+!a*b*!c*d+!a*!b*c,4,11,9,4,28,True,True,True
P60398,!a*b*!c*d+!a*!b*!d+!a*!b*c,4,9,7,4,24,True,True,True
P60399,!a*b*!c*d+!a*!b*c,4,6,6,3,18,True,True,True
P60412,!a*b*!c*d+!a*!b*c*d+!b*!c*!d,4,10,9,4,27,True,True,True
P60413,a*!b*!c*!d+!a*b*!c*d+!a*!b*c*d,4,10,10,4,28,True,True,True
P60414,!a*!b*!c*!d+!a*b*!c*d+!a*!b*c*d,4,8,9,4,25,True,True,True
P60415,!a*b*!c*d+!a*!b*c*d,4,6,6,3,18,True,True,True
P61152,!c*!d+!a*!b,4,4,4,4,16,True,True,True
P61153,b*!c*!d+a*!c*!d+!a*!b*d+!a*!b*c,4,13,13,4,34,True,True,True
P61154,b*!c*!d+!a*!b,4,5,5,4,18,True,True,True
P61155,b*!c*!d+!a*!b*d+!a*!b*c,4,9,10,4,27,True,True,True
P61158,a*b*!c*!d+!a*!b,4,8,6,4,22,True,True,True
P61159,a*b*!c*!d+!a*!b*d+!a*!b*c,4,9,10,4,27,True,True,True
P61160,!b*!c*!d+!a*!c*!d+!a*!b,4,7,7,4,22,True,True,True
P61161,a*!b*!c*!d+!a*b*!c*!d+!a*!b*d+!a*!b*c,4,14,13,4,35,True,True,True
P61162,!a*!c*!d+!a*!b,4,4,4,4,16,True,True,True
P61163,!a*b*!c*!d+!a*!b*d+!a*!b*c,4,7,7,4,22,True,True,True
P61166,!a*!b,2,2,2,2,8,True,True,True
P61167,!a*!b*d+!a*!b*c,4,6,6,3,18,True,True,True
P61170,b*!c*!d+!a*!c*!d+!a*!b*d,4,7,6,4,21,True,True,True
P61171,b*!c*!d+!a*!b*d,4,7,6,4,21,True,True,True
P61174,a*b*!c*!d+!a*!b*d+!a*!b*!c,4,12,9,4,29,True,True,True
P61175,a*b*!c*!d+!a*!b*d,4,11,7,4,26,True,True,True
P61176,!b*!c*!d+!a*!c*!d+!a*!b*d,4,8,7,4,23,True,True,True
P61177,a*!b*!c*!d+!a*b*!c*!d+!a*!b*d,4,8,9,4,25,True,True,True
P61178,!a*!c*!d+!a*!b*d,4,5,5,4,18,True,True,True
P61179,!a*b*!c*!d+!a*!b*d,4,6,6,4,20,True,True,True
P61182,!a*!b*d+!a*!b*!c,4,6,4,3,16,True,True,True
P61183,!a*!b*d,3,3,9,2,16,True,True,True
P61430,!a*!b*!c*!d+a*b*!c*!d+!a*!b*c*d,4,9,11,4,28,True,True,True
P61431,a*b*!c*!d+!a*!b*c*d,4,9,8,4,25,True,True,True
P61432,!a*!b*c*d+!b*!c*!d+!a*!c*!d,4,9,8,4,25,True,True,True
P61433,a*!b*!c*!d+!a*b*!c*!d+!a*!b*c*d,4,10,11,4,29,True,True,True
P61434,!a*!b*c*d+!a*!c*!d,4,6,6,4,20,True,True,True
P61435,!a*b*!c*!d+!a*!b*c*d,4,7,7,4,22,True,True,True
P61438,!a*!b*!c*!d+!a*!b*c*d,4,7,7,4,22,True,True,True
P61439,!a*!b*c*d,4,4,4,2,12,True,True,True
P65256,!b*!c*!d+!a*!c*!d+!a*!b*!d+!a*!b*!c,4,9,9,4,26,True,True,True
P65257,a*!b*!c*!d+!a*b*!c*!d+!a*!b*c*!d+!a*!b*!c*d,4,10,,,,True,False,False
P65258,!a*!c*!d+!a*!b*!d+!a*!b*!c,4,6,6,4,20,True,True,True
P65259,!a*b*!c*!d+!a*!b*c*!d+!a*!b*!c*d,4,8,9,4,25,True,True,True
P65262,!a*!b*!d+!a*!b*!c,4,6,4,4,18,True,True,True
P65263,!a*!b*c*!d+!a*!b*!c*d,4,6,6,4,20,True,True,True
P65278,!a*!b*!c,3,3,3,3,12,True,True,True
P65279,!a*!b*!c*d,4,4,4,3,14,True,True,True
P65534,!a*!b*!c*!d,4,4,4,4,16,True,True,True
